timestamp,open,high,low,close,volume
2025-07-24 09:15:00,344.45,344.9,342.15,343.35,109722
2025-07-24 09:20:00,343.3,344.1,343.3,343.75,53527
2025-07-24 09:25:00,343.75,343.9,343.45,343.8,25410
2025-07-24 09:30:00,343.8,344.0,343.3,343.7,21287
2025-07-24 09:35:00,343.7,344.25,343.5,344.2,22469
2025-07-24 09:40:00,344.2,344.2,343.1,343.15,26300
2025-07-24 09:45:00,343.15,343.25,342.55,342.6,39099
2025-07-24 09:50:00,342.75,342.75,342.55,342.65,12593
2025-07-24 09:55:00,342.55,343.3,342.15,343.15,37935
2025-07-24 10:00:00,343.0,343.15,342.8,342.95,10585
2025-07-24 10:05:00,342.95,343.1,342.35,342.5,59246
2025-07-24 10:10:00,342.45,342.55,342.0,342.15,16608
2025-07-24 10:15:00,342.15,342.6,342.15,342.55,19622
2025-07-24 10:20:00,342.55,343.5,342.55,343.4,24162
2025-07-24 10:25:00,343.35,343.95,343.15,343.9,36326
2025-07-24 10:30:00,343.75,344.4,343.75,344.35,38016
2025-07-24 10:35:00,344.3,344.35,343.6,343.7,40948
2025-07-24 10:40:00,343.7,344.0,343.2,343.35,77515
2025-07-24 10:45:00,343.35,343.5,343.15,343.35,15296
2025-07-24 10:50:00,343.2,343.8,343.15,343.5,22159
2025-07-24 10:55:00,343.5,343.55,343.05,343.3,25861
2025-07-24 11:00:00,343.25,343.3,343.0,343.3,19178
2025-07-24 11:05:00,343.1,343.45,343.1,343.3,15617
2025-07-24 11:10:00,343.3,343.4,343.1,343.25,9462
2025-07-24 11:15:00,343.1,343.25,342.0,342.25,77604
2025-07-24 11:20:00,342.25,342.4,340.45,341.0,221338
2025-07-24 11:25:00,341.0,341.15,340.6,341.0,45690
2025-07-24 11:30:00,341.05,341.1,340.35,340.5,29947
2025-07-24 11:35:00,340.3,341.15,340.25,341.1,55881
2025-07-24 11:40:00,341.1,341.2,340.9,341.2,16530
2025-07-24 11:45:00,341.2,341.75,341.0,341.5,32329
2025-07-24 11:50:00,341.35,341.65,341.3,341.3,20807
2025-07-24 11:55:00,341.45,341.55,340.9,341.0,16591
2025-07-24 12:00:00,340.95,340.95,339.95,340.15,63962
2025-07-24 12:05:00,340.1,340.6,339.7,340.45,29614
2025-07-24 12:10:00,340.45,341.25,340.25,340.9,101791
2025-07-24 12:15:00,340.9,341.25,340.45,340.65,28379
2025-07-24 12:20:00,340.6,340.75,340.45,340.5,9846
2025-07-24 12:25:00,340.6,340.85,340.5,340.7,13859
2025-07-24 12:30:00,340.6,341.3,340.55,341.0,46146
2025-07-24 12:35:00,341.05,341.1,340.75,340.75,13286
2025-07-24 12:40:00,340.8,340.85,340.65,340.8,11283
2025-07-24 12:45:00,340.8,340.8,340.05,340.1,19486
2025-07-24 12:50:00,340.2,340.55,340.1,340.35,23487
2025-07-24 12:55:00,340.5,340.5,340.0,340.0,16809
2025-07-24 13:00:00,340.1,340.55,340.0,340.45,19363
2025-07-24 13:05:00,340.35,340.8,340.3,340.55,14934
2025-07-24 13:10:00,340.55,341.05,340.4,341.0,24308
2025-07-24 13:15:00,341.05,341.15,340.6,340.75,17701
2025-07-24 13:20:00,340.8,341.0,340.65,340.85,10814
2025-07-24 13:25:00,340.95,340.95,340.75,340.75,11137
2025-07-24 13:30:00,340.85,341.2,340.75,341.1,31913
2025-07-24 13:35:00,341.2,341.25,341.0,341.0,12657
2025-07-24 13:40:00,341.1,341.15,340.7,341.05,28479
2025-07-24 13:45:00,341.1,341.6,340.75,341.45,39411
2025-07-24 13:50:00,341.55,341.8,341.45,341.55,16616
2025-07-24 13:55:00,341.5,341.65,341.35,341.5,25169
2025-07-24 14:00:00,341.6,341.9,341.5,341.8,21285
2025-07-24 14:05:00,341.9,342.0,341.75,341.75,14393
2025-07-24 14:10:00,341.8,341.8,341.6,341.8,23973
2025-07-24 14:15:00,341.8,341.9,341.75,341.8,8590
2025-07-24 14:20:00,341.75,341.9,341.5,341.5,17427
2025-07-24 14:25:00,341.6,341.75,341.5,341.55,23522
2025-07-24 14:30:00,341.55,341.8,341.5,341.65,16585
2025-07-24 14:35:00,341.8,341.95,341.65,341.9,19757
2025-07-24 14:40:00,341.95,342.0,341.65,341.75,12881
2025-07-24 14:45:00,341.75,341.8,341.55,341.6,22630
2025-07-24 14:50:00,341.7,341.7,340.0,340.4,442959
2025-07-24 14:55:00,340.4,340.45,339.8,339.85,185816
2025-07-24 15:00:00,339.95,341.45,339.9,341.45,144394
2025-07-24 15:05:00,341.4,341.7,341.3,341.65,64004
2025-07-24 15:10:00,341.6,341.65,341.2,341.5,76767
2025-07-24 15:15:00,341.5,341.8,341.4,341.8,80450
2025-07-24 15:20:00,341.75,342.2,341.75,341.95,104282
2025-07-24 15:25:00,341.9,341.95,341.55,341.8,64463
2025-07-25 09:15:00,341.0,341.0,339.95,340.25,84640
2025-07-25 09:20:00,340.05,340.4,339.3,339.3,69690
2025-07-25 09:25:00,339.35,340.1,339.05,340.05,36335
2025-07-25 09:30:00,340.1,340.1,338.1,338.3,74537
2025-07-25 09:35:00,338.2,338.45,337.8,338.35,47976
2025-07-25 09:40:00,338.35,338.35,337.5,337.5,37726
2025-07-25 09:45:00,337.5,337.65,337.15,337.55,34041
2025-07-25 09:50:00,337.6,338.15,337.5,337.5,38232
2025-07-25 09:55:00,337.4,337.65,337.35,337.65,15127
2025-07-25 10:00:00,337.65,337.65,337.05,337.3,30005
2025-07-25 10:05:00,337.3,337.35,336.7,336.7,79818
2025-07-25 10:10:00,336.7,336.8,336.3,336.4,31877
2025-07-25 10:15:00,336.25,336.25,335.5,335.85,56714
2025-07-25 10:20:00,335.85,335.85,335.3,335.85,55311
2025-07-25 10:25:00,335.85,335.85,335.25,335.5,24276
2025-07-25 10:30:00,335.5,335.5,335.0,335.3,31564
2025-07-25 10:35:00,335.3,335.8,335.15,335.4,53002
2025-07-25 10:40:00,335.25,335.9,335.15,335.9,27203
2025-07-25 10:45:00,335.9,336.05,335.8,336.05,23350
2025-07-25 10:50:00,336.05,336.15,335.9,335.95,19750
2025-07-25 10:55:00,335.95,336.25,335.9,336.15,11839
2025-07-25 11:00:00,336.2,336.25,335.5,335.5,30137
2025-07-25 11:05:00,335.5,335.65,335.25,335.4,33149
2025-07-25 11:10:00,335.4,335.8,334.55,335.8,73842
2025-07-25 11:15:00,335.75,336.6,335.6,336.6,37600
2025-07-25 11:20:00,336.6,336.6,336.25,336.45,21403
2025-07-25 11:25:00,336.4,336.5,336.1,336.35,25918
2025-07-25 11:30:00,336.35,336.85,336.3,336.45,21376
2025-07-25 11:35:00,336.45,336.45,336.15,336.25,16948
2025-07-25 11:40:00,336.25,336.3,336.05,336.15,12856
2025-07-25 11:45:00,336.1,336.1,335.25,335.4,80189
2025-07-25 11:50:00,335.4,336.05,335.25,336.0,25769
2025-07-25 11:55:00,335.95,336.5,335.95,336.5,17577
2025-07-25 12:00:00,336.5,336.5,336.2,336.45,27322
2025-07-25 12:05:00,336.45,336.6,336.0,336.0,19835
2025-07-25 12:10:00,336.0,336.1,335.65,335.75,27039
2025-07-25 12:15:00,335.65,335.8,335.6,335.8,15610
2025-07-25 12:20:00,335.8,335.8,335.15,335.25,26335
2025-07-25 12:25:00,335.25,335.35,335.05,335.35,18128
2025-07-25 12:30:00,335.35,335.85,335.3,335.4,23537
2025-07-25 12:35:00,335.4,335.75,335.35,335.75,13763
2025-07-25 12:40:00,335.75,335.95,335.6,335.6,18369
2025-07-25 12:45:00,335.6,335.95,335.6,335.9,10966
2025-07-25 12:50:00,335.9,336.0,335.7,335.85,16872
2025-07-25 12:55:00,335.8,335.85,335.35,335.6,13611
2025-07-25 13:00:00,335.55,335.55,335.0,335.05,29308
2025-07-25 13:05:00,335.1,335.1,335.0,335.1,9924
2025-07-25 13:10:00,335.1,335.1,335.0,335.1,12329
2025-07-25 13:15:00,335.1,335.15,334.35,334.95,39901
2025-07-25 13:20:00,334.8,335.3,334.8,335.3,18796
2025-07-25 13:25:00,335.3,335.3,334.7,334.7,12096
2025-07-25 13:30:00,334.7,334.8,334.1,334.3,17025
2025-07-25 13:35:00,334.15,334.6,334.15,334.6,13336
2025-07-25 13:40:00,334.6,334.95,334.6,334.9,5849
2025-07-25 13:45:00,334.95,335.1,334.75,335.05,9907
2025-07-25 13:50:00,335.05,335.1,334.75,335.0,18820
2025-07-25 13:55:00,335.0,335.0,334.8,334.8,9622
2025-07-25 14:00:00,334.8,334.9,334.3,334.4,14953
2025-07-25 14:05:00,334.4,334.4,334.05,334.35,16709
2025-07-25 14:10:00,334.35,334.75,334.2,334.3,33503
2025-07-25 14:15:00,334.25,334.5,334.0,334.0,20876
2025-07-25 14:20:00,334.05,334.05,333.65,333.75,34405
2025-07-25 14:25:00,333.75,334.1,333.7,333.85,17696
2025-07-25 14:30:00,334.05,334.05,333.6,333.75,15929
2025-07-25 14:35:00,333.7,334.5,333.6,334.45,21226
2025-07-25 14:40:00,334.5,335.15,334.0,334.2,52131
2025-07-25 14:45:00,334.2,334.3,333.65,333.8,36971
2025-07-25 14:50:00,333.8,334.0,333.55,333.9,29695
2025-07-25 14:55:00,333.9,334.25,332.7,334.1,125616
2025-07-25 15:00:00,334.15,334.15,332.45,332.65,156087
2025-07-25 15:05:00,332.65,333.9,332.45,333.85,182193
2025-07-25 15:10:00,333.85,334.25,333.1,333.3,316760
2025-07-25 15:15:00,333.4,333.5,332.0,332.25,236546
2025-07-25 15:20:00,332.25,333.1,332.15,333.05,212457
2025-07-25 15:25:00,333.05,333.6,331.05,333.6,274406
2025-07-28 09:15:00,332.35,333.5,331.0,333.3,108576
2025-07-28 09:20:00,333.45,334.05,332.4,333.25,53108
2025-07-28 09:25:00,333.15,334.15,333.15,333.7,71728
2025-07-28 09:30:00,333.65,335.95,333.55,335.5,61688
2025-07-28 09:35:00,335.25,335.5,334.95,335.0,88654
2025-07-28 09:40:00,334.8,335.15,334.45,334.45,45983
2025-07-28 09:45:00,334.45,334.9,334.0,334.75,34264
2025-07-28 09:50:00,334.75,335.35,334.5,335.0,31893
2025-07-28 09:55:00,335.0,335.05,333.6,334.65,68813
2025-07-28 10:00:00,334.65,334.95,334.25,334.75,15107
2025-07-28 10:05:00,334.75,334.75,334.4,334.7,18150
2025-07-28 10:10:00,335.15,335.2,334.45,335.1,39690
2025-07-28 10:15:00,335.05,335.45,335.0,335.05,24837
2025-07-28 10:20:00,335.05,336.2,335.05,335.55,54246
2025-07-28 10:25:00,335.75,337.85,335.35,337.55,124353
2025-07-28 10:30:00,337.55,338.35,337.5,337.85,68978
2025-07-28 10:35:00,337.85,337.85,336.75,336.85,40107
2025-07-28 10:40:00,336.9,336.95,336.15,336.3,25693
2025-07-28 10:45:00,336.3,336.3,335.6,335.65,34036
2025-07-28 10:50:00,335.65,336.8,335.5,336.5,23858
2025-07-28 10:55:00,336.5,337.0,336.5,336.6,26960
2025-07-28 11:00:00,336.6,337.0,336.45,336.45,27347
2025-07-28 11:05:00,336.4,336.5,335.65,335.9,32974
2025-07-28 11:10:00,335.9,336.25,335.65,335.95,19615
2025-07-28 11:15:00,336.05,336.55,335.65,336.4,255669
2025-07-28 11:20:00,336.4,337.2,336.35,336.75,81211
2025-07-28 11:25:00,336.75,336.75,335.0,335.55,194829
2025-07-28 11:30:00,335.45,335.45,335.0,335.05,52107
2025-07-28 11:35:00,335.05,336.2,335.05,335.8,167828
2025-07-28 11:40:00,335.85,336.0,334.85,335.4,222551
2025-07-28 11:45:00,335.25,335.55,335.05,335.55,26046
2025-07-28 11:50:00,335.55,335.65,334.9,335.0,108478
2025-07-28 11:55:00,335.0,335.45,334.95,335.05,541647
2025-07-28 12:00:00,335.1,335.1,334.4,334.4,33487
2025-07-28 12:05:00,334.4,334.6,334.05,334.2,39908
2025-07-28 12:10:00,334.2,334.35,334.0,334.1,36859
2025-07-28 12:15:00,334.2,334.3,334.0,334.0,49764
2025-07-28 12:20:00,334.05,334.15,333.9,333.95,29968
2025-07-28 12:25:00,333.95,334.4,333.95,334.05,58533
2025-07-28 12:30:00,334.2,334.95,333.75,334.05,175293
2025-07-28 12:35:00,334.0,334.35,333.3,333.5,93554
2025-07-28 12:40:00,333.5,333.8,333.3,333.65,29683
2025-07-28 12:45:00,333.65,333.7,333.1,333.1,30538
2025-07-28 12:50:00,333.1,333.25,332.8,333.1,36851
2025-07-28 12:55:00,333.1,333.15,332.7,332.75,17816
2025-07-28 13:00:00,332.75,332.85,332.4,332.4,27830
2025-07-28 13:05:00,332.5,333.1,332.4,332.75,29629
2025-07-28 13:10:00,332.75,333.3,332.55,333.15,92535
2025-07-28 13:15:00,333.2,333.35,333.0,333.3,17681
2025-07-28 13:20:00,333.35,333.75,332.65,333.55,83742
2025-07-28 13:25:00,333.6,333.9,333.55,333.8,35861
2025-07-28 13:30:00,333.85,333.9,333.25,333.4,39280
2025-07-28 13:35:00,333.4,333.6,333.15,333.2,40764
2025-07-28 13:40:00,333.35,333.8,333.3,333.4,31700
2025-07-28 13:45:00,333.45,333.85,332.85,333.6,47485
2025-07-28 13:50:00,333.6,333.9,333.2,333.9,30202
2025-07-28 13:55:00,333.9,334.0,333.45,333.65,42672
2025-07-28 14:00:00,333.65,333.65,333.3,333.45,31770
2025-07-28 14:05:00,333.35,334.0,333.35,333.95,31321
2025-07-28 14:10:00,334.0,334.05,333.6,333.95,46816
2025-07-28 14:15:00,333.95,334.0,333.65,333.9,35625
2025-07-28 14:20:00,333.8,334.85,333.6,334.8,72492
2025-07-28 14:25:00,334.85,335.1,334.1,334.4,158354
2025-07-28 14:30:00,334.4,334.9,334.25,334.75,49935
2025-07-28 14:35:00,334.75,335.1,334.45,335.1,60691
2025-07-28 14:40:00,335.1,335.4,334.6,334.7,143536
2025-07-28 14:45:00,334.6,335.5,334.4,334.4,180278
2025-07-28 14:50:00,334.6,334.6,333.8,333.8,71497
2025-07-28 14:55:00,334.0,334.3,333.85,334.1,91976
2025-07-28 15:00:00,334.1,334.1,333.05,333.7,121673
2025-07-28 15:05:00,333.75,334.0,333.45,333.65,96128
2025-07-28 15:10:00,333.65,333.65,333.1,333.6,104837
2025-07-28 15:15:00,333.55,333.55,333.05,333.4,117055
2025-07-28 15:20:00,333.4,333.55,333.1,333.2,166344
2025-07-28 15:25:00,333.2,333.65,332.9,333.65,105387
2025-07-29 09:15:00,335.7,335.8,333.25,334.7,251930
2025-07-29 09:20:00,334.7,335.35,334.5,334.8,80994
2025-07-29 09:25:00,334.8,336.5,334.8,335.9,97019
2025-07-29 09:30:00,336.0,336.35,335.9,336.1,130468
2025-07-29 09:35:00,335.95,336.35,335.0,335.5,133115
2025-07-29 09:40:00,335.65,336.4,335.6,336.4,53032
2025-07-29 09:45:00,336.1,336.5,335.9,336.0,98405
2025-07-29 09:50:00,336.15,336.35,335.85,336.0,66149
2025-07-29 09:55:00,336.0,336.5,335.3,335.55,148072
2025-07-29 10:00:00,335.5,335.85,335.2,335.25,52014
2025-07-29 10:05:00,335.25,335.45,335.0,335.4,44295
2025-07-29 10:10:00,335.25,335.3,334.25,334.55,93949
2025-07-29 10:15:00,334.45,335.2,334.2,335.0,148108
2025-07-29 10:20:00,335.0,335.2,334.85,335.05,81787
2025-07-29 10:25:00,335.1,335.4,334.5,335.15,214393
2025-07-29 10:30:00,335.15,335.8,335.15,335.6,39375
2025-07-29 10:35:00,335.5,335.8,335.15,335.35,28122
2025-07-29 10:40:00,335.35,335.6,335.25,335.35,28544
2025-07-29 10:45:00,335.35,335.35,335.0,335.0,146449
2025-07-29 10:50:00,335.0,335.35,335.0,335.35,27056
2025-07-29 10:55:00,335.35,336.25,335.25,336.25,28338
2025-07-29 11:00:00,336.2,336.4,335.45,335.7,32062
2025-07-29 11:05:00,335.8,335.85,335.15,335.5,27924
2025-07-29 11:10:00,335.5,335.75,335.35,335.7,22331
2025-07-29 11:15:00,335.7,336.75,335.7,336.25,67547
2025-07-29 11:20:00,336.2,336.4,336.1,336.35,38435
2025-07-29 11:25:00,336.35,336.35,336.1,336.25,28003
2025-07-29 11:30:00,336.3,336.55,336.1,336.5,43545
2025-07-29 11:35:00,336.5,336.7,335.8,335.85,52079
2025-07-29 11:40:00,335.9,335.9,335.05,335.1,31189
2025-07-29 11:45:00,335.1,335.25,334.75,334.95,119587
2025-07-29 11:50:00,335.0,335.05,334.85,334.9,71572
2025-07-29 11:55:00,334.9,335.0,334.45,334.55,165771
2025-07-29 12:00:00,334.65,334.75,334.3,334.65,55278
2025-07-29 12:05:00,334.65,334.8,334.5,334.75,34093
2025-07-29 12:10:00,334.8,335.0,334.6,334.75,45114
2025-07-29 12:15:00,334.75,335.0,334.6,334.8,52544
2025-07-29 12:20:00,334.8,335.0,334.5,334.5,64555
2025-07-29 12:25:00,334.5,334.8,334.25,334.75,40736
2025-07-29 12:30:00,334.75,335.1,334.6,334.95,65957
2025-07-29 12:35:00,334.95,335.05,334.65,334.95,30333
2025-07-29 12:40:00,335.0,335.15,334.8,334.8,40328
2025-07-29 12:45:00,334.9,335.15,334.8,334.8,37606
2025-07-29 12:50:00,334.85,335.15,334.8,334.95,39852
2025-07-29 12:55:00,335.0,335.1,334.8,334.9,35799
2025-07-29 13:00:00,334.95,335.05,334.75,334.8,39775
2025-07-29 13:05:00,334.8,335.05,334.8,334.9,39273
2025-07-29 13:10:00,334.85,335.05,334.75,334.95,49338
2025-07-29 13:15:00,334.8,335.2,334.75,334.9,95725
2025-07-29 13:20:00,335.0,335.9,334.8,335.45,261509
2025-07-29 13:25:00,335.55,336.3,335.55,335.95,54735
2025-07-29 13:30:00,335.7,336.5,335.55,336.3,40580
2025-07-29 13:35:00,336.35,336.65,336.0,336.5,44509
2025-07-29 13:40:00,336.5,336.9,336.45,336.7,76875
2025-07-29 13:45:00,336.75,336.95,336.6,336.85,28990
2025-07-29 13:50:00,336.85,337.3,336.7,336.9,83513
2025-07-29 13:55:00,336.9,337.0,335.5,335.65,170223
2025-07-29 14:00:00,335.65,335.75,334.85,335.1,89352
2025-07-29 14:05:00,335.1,335.25,334.9,335.2,104146
2025-07-29 14:10:00,335.2,335.4,334.8,335.1,148508
2025-07-29 14:15:00,335.1,335.25,334.75,334.8,159313
2025-07-29 14:20:00,334.75,336.2,334.7,335.0,266160
2025-07-29 14:25:00,334.95,335.0,334.7,334.95,70568
2025-07-29 14:30:00,334.95,335.55,334.9,335.1,297581
2025-07-29 14:35:00,335.25,335.3,334.7,334.95,79655
2025-07-29 14:40:00,334.95,335.0,334.8,334.95,44694
2025-07-29 14:45:00,334.95,335.0,334.9,334.95,51671
2025-07-29 14:50:00,334.95,335.15,334.9,335.0,245122
2025-07-29 14:55:00,335.0,335.1,334.9,335.0,264031
2025-07-29 15:00:00,335.0,335.3,334.3,335.0,399239
2025-07-29 15:05:00,335.0,335.0,334.95,335.0,140396
2025-07-29 15:10:00,335.0,335.0,334.7,335.0,193538
2025-07-29 15:15:00,334.95,335.0,334.95,335.0,265209
2025-07-29 15:20:00,335.0,335.25,334.7,334.9,299220
2025-07-29 15:25:00,334.95,335.05,334.15,335.05,390736
2025-07-30 09:15:00,334.0,335.55,333.0,335.55,215820
2025-07-30 09:20:00,335.55,335.75,332.95,333.3,103132
2025-07-30 09:25:00,333.3,333.3,331.6,332.35,123613
2025-07-30 09:30:00,332.35,332.6,331.25,331.6,58076
2025-07-30 09:35:00,331.6,333.9,331.25,333.7,69948
2025-07-30 09:40:00,333.55,333.9,333.0,333.25,21009
2025-07-30 09:45:00,333.1,333.15,331.2,331.3,60147
2025-07-30 09:50:00,331.3,331.35,330.45,330.65,73303
2025-07-30 09:55:00,330.5,331.55,330.25,331.55,25444
2025-07-30 10:00:00,331.35,332.1,331.35,331.55,18270
2025-07-30 10:05:00,331.6,331.6,330.65,330.7,27356
2025-07-30 10:10:00,330.7,331.25,330.6,330.85,12924
2025-07-30 10:15:00,331.0,331.55,330.85,331.4,12797
2025-07-30 10:20:00,331.4,331.7,331.3,331.5,20414
2025-07-30 10:25:00,331.6,331.65,330.9,331.1,15666
2025-07-30 10:30:00,331.05,333.0,331.05,332.5,48885
2025-07-30 10:35:00,332.45,332.45,331.9,332.05,11757
2025-07-30 10:40:00,332.1,332.15,331.3,331.3,11164
2025-07-30 10:45:00,331.25,331.65,330.05,330.25,43940
2025-07-30 10:50:00,330.2,330.75,330.0,330.7,53954
2025-07-30 10:55:00,330.6,331.1,330.55,331.05,36060
2025-07-30 11:00:00,331.05,331.2,330.35,330.6,52905
2025-07-30 11:05:00,330.7,334.2,330.65,333.75,141571
2025-07-30 11:10:00,333.75,337.15,333.6,336.25,208029
2025-07-30 11:15:00,336.3,337.6,335.0,335.7,99916
2025-07-30 11:20:00,335.55,339.25,335.5,339.0,136537
2025-07-30 11:25:00,338.85,341.95,338.8,340.65,326243
2025-07-30 11:30:00,340.5,341.8,339.9,341.3,361045
2025-07-30 11:35:00,341.3,342.65,341.0,341.25,363288
2025-07-30 11:40:00,341.3,341.9,340.9,341.0,191321
2025-07-30 11:45:00,341.25,342.15,341.0,341.05,132406
2025-07-30 11:50:00,341.05,342.4,341.05,342.0,254407
2025-07-30 11:55:00,342.0,342.4,341.1,341.8,68628
2025-07-30 12:00:00,341.8,342.0,341.15,341.3,35940
2025-07-30 12:05:00,341.25,342.35,341.0,341.05,96203
2025-07-30 12:10:00,341.2,341.2,338.65,338.9,174500
2025-07-30 12:15:00,338.9,341.0,338.85,340.7,257251
2025-07-30 12:20:00,340.65,341.9,340.15,340.6,198053
2025-07-30 12:25:00,340.65,340.9,338.05,338.35,171759
2025-07-30 12:30:00,338.35,339.5,337.25,338.1,322747
2025-07-30 12:35:00,338.1,339.35,337.4,339.0,439998
2025-07-30 12:40:00,339.0,339.65,338.45,338.75,107751
2025-07-30 12:45:00,338.75,341.2,338.4,340.3,391592
2025-07-30 12:50:00,340.3,342.85,340.2,342.35,346668
2025-07-30 12:55:00,342.45,343.55,342.15,342.35,189332
2025-07-30 13:00:00,342.35,343.45,342.15,342.5,103128
2025-07-30 13:05:00,342.4,342.7,341.3,341.35,63183
2025-07-30 13:10:00,341.5,341.75,340.7,340.75,78577
2025-07-30 13:15:00,340.75,340.8,340.1,340.1,63295
2025-07-30 13:20:00,340.1,340.25,339.35,339.7,56765
2025-07-30 13:25:00,339.7,339.9,339.0,339.05,109022
2025-07-30 13:30:00,339.05,339.7,338.75,339.55,42447
2025-07-30 13:35:00,339.55,339.7,339.05,339.15,16794
2025-07-30 13:40:00,339.15,339.5,338.95,339.5,36049
2025-07-30 13:45:00,339.65,339.7,338.95,339.25,21888
2025-07-30 13:50:00,339.25,340.35,339.2,340.15,85243
2025-07-30 13:55:00,340.15,341.35,340.15,341.15,112887
2025-07-30 14:00:00,341.2,341.2,339.6,340.95,373475
2025-07-30 14:05:00,340.95,341.15,339.25,339.25,225325
2025-07-30 14:10:00,339.3,340.5,339.15,339.4,167841
2025-07-30 14:15:00,339.4,339.55,337.7,337.75,269896
2025-07-30 14:20:00,337.95,337.95,336.85,337.05,245784
2025-07-30 14:25:00,337.05,337.55,336.65,337.25,267202
2025-07-30 14:30:00,337.4,337.75,336.7,337.25,305976
2025-07-30 14:35:00,337.4,337.45,335.9,336.0,253197
2025-07-30 14:40:00,336.0,336.55,335.9,335.95,179592
2025-07-30 14:45:00,336.0,336.55,335.8,335.9,121679
2025-07-30 14:50:00,336.2,336.5,335.9,336.25,109525
2025-07-30 14:55:00,336.25,336.85,336.15,336.35,113158
2025-07-30 15:00:00,336.6,336.9,336.2,336.5,160818
2025-07-30 15:05:00,336.7,337.15,336.45,337.0,178914
2025-07-30 15:10:00,337.0,338.15,336.5,337.4,331234
2025-07-30 15:15:00,337.4,337.95,337.1,337.6,576365
2025-07-30 15:20:00,337.5,337.75,336.6,336.9,344514
2025-07-30 15:25:00,337.0,337.0,336.5,336.55,218249
2025-07-31 09:15:00,330.0,330.0,325.85,326.5,631818
2025-07-31 09:20:00,326.5,326.65,324.3,325.3,415593
2025-07-31 09:25:00,325.35,325.7,323.55,324.25,241287
2025-07-31 09:30:00,324.25,324.5,323.1,324.0,235854
2025-07-31 09:35:00,323.8,324.95,323.35,324.15,150807
2025-07-31 09:40:00,324.15,326.25,323.9,326.1,204017
2025-07-31 09:45:00,326.2,327.0,325.8,326.3,131438
2025-07-31 09:50:00,326.35,326.45,325.8,326.25,73196
2025-07-31 09:55:00,326.35,326.9,325.95,326.7,73477
2025-07-31 10:00:00,326.6,327.0,326.0,326.75,121249
2025-07-31 10:05:00,326.75,327.2,326.6,326.85,134782
2025-07-31 10:10:00,327.0,327.1,326.55,326.9,328791
2025-07-31 10:15:00,326.65,327.85,326.65,327.6,167433
2025-07-31 10:20:00,327.6,328.6,327.3,328.6,75593
2025-07-31 10:25:00,328.5,329.35,328.3,329.0,90623
2025-07-31 10:30:00,329.0,329.55,328.65,328.8,78746
2025-07-31 10:35:00,328.9,329.55,328.65,329.4,44845
2025-07-31 10:40:00,329.5,329.95,329.35,329.9,40569
2025-07-31 10:45:00,329.9,330.0,328.5,329.05,80559
2025-07-31 10:50:00,329.0,329.7,329.0,329.7,31264
2025-07-31 10:55:00,329.6,329.75,329.05,329.45,25953
2025-07-31 11:00:00,329.35,329.6,329.1,329.4,28678
2025-07-31 11:05:00,329.4,329.85,329.2,329.35,55050
2025-07-31 11:10:00,329.35,329.8,329.25,329.75,17657
2025-07-31 11:15:00,329.65,330.3,329.55,330.25,71227
2025-07-31 11:20:00,330.1,330.8,330.0,330.3,48659
2025-07-31 11:25:00,330.3,330.85,330.15,330.8,38667
2025-07-31 11:30:00,330.85,331.25,330.6,331.0,73504
2025-07-31 11:35:00,331.05,331.25,330.4,330.45,80374
2025-07-31 11:40:00,330.4,330.6,329.9,330.0,46917
2025-07-31 11:45:00,330.1,330.3,329.8,330.15,18330
2025-07-31 11:50:00,330.25,330.25,329.95,330.15,13156
2025-07-31 11:55:00,330.15,330.15,330.0,330.05,11169
2025-07-31 12:00:00,330.0,330.05,329.65,329.7,24420
2025-07-31 12:05:00,329.75,330.0,329.35,329.35,30356
2025-07-31 12:10:00,329.45,330.4,328.8,330.3,71102
2025-07-31 12:15:00,330.2,330.45,329.75,330.05,23667
2025-07-31 12:20:00,329.95,330.3,329.75,330.25,14289
2025-07-31 12:25:00,330.25,330.3,329.95,330.05,13204
2025-07-31 12:30:00,330.0,331.25,330.0,331.1,56528
2025-07-31 12:35:00,331.2,331.2,330.75,330.8,23980
2025-07-31 12:40:00,330.9,330.9,329.75,329.9,143009
2025-07-31 12:45:00,329.9,330.3,329.65,330.3,62562
2025-07-31 12:50:00,330.3,330.4,330.0,330.15,14759
2025-07-31 12:55:00,330.15,330.4,330.15,330.3,11422
2025-07-31 13:00:00,330.2,330.8,330.05,330.6,31261
2025-07-31 13:05:00,330.7,330.7,330.3,330.4,14143
2025-07-31 13:10:00,330.5,330.6,330.0,330.1,28617
2025-07-31 13:15:00,330.05,330.15,329.7,329.85,90184
2025-07-31 13:20:00,329.8,330.15,329.7,330.0,84911
2025-07-31 13:25:00,330.0,330.1,329.7,330.05,45319
2025-07-31 13:30:00,330.05,330.1,329.7,330.0,78170
2025-07-31 13:35:00,330.1,330.1,329.7,329.85,132446
2025-07-31 13:40:00,329.85,330.1,329.75,329.75,58237
2025-07-31 13:45:00,329.75,330.7,329.75,330.3,34339
2025-07-31 13:50:00,330.3,330.45,330.05,330.15,20387
2025-07-31 13:55:00,330.2,330.2,330.0,330.0,27584
2025-07-31 14:00:00,330.05,330.1,329.8,329.85,14789
2025-07-31 14:05:00,329.8,330.3,329.8,330.3,16761
2025-07-31 14:10:00,330.15,330.4,330.0,330.05,19581
2025-07-31 14:15:00,330.0,330.15,329.7,329.7,28665
2025-07-31 14:20:00,329.65,330.0,329.55,329.75,46626
2025-07-31 14:25:00,329.75,329.85,329.7,329.7,19721
2025-07-31 14:30:00,329.75,330.15,329.65,329.75,43810
2025-07-31 14:35:00,329.75,330.15,329.7,329.95,34994
2025-07-31 14:40:00,329.9,330.1,329.8,330.0,45683
2025-07-31 14:45:00,329.95,330.2,329.85,330.15,34504
2025-07-31 14:50:00,330.25,330.45,329.85,329.9,38411
2025-07-31 14:55:00,329.9,330.45,329.85,330.35,83569
2025-07-31 15:00:00,330.4,330.4,330.05,330.35,207472
2025-07-31 15:05:00,330.3,330.3,329.9,330.05,178289
2025-07-31 15:10:00,329.95,329.95,329.35,329.55,252130
2025-07-31 15:15:00,329.55,329.75,328.2,328.6,350556
2025-07-31 15:20:00,328.6,329.1,328.6,328.85,215393
2025-07-31 15:25:00,328.9,328.95,326.55,327.15,217439
2025-08-01 09:15:00,329.0,329.3,325.4,327.0,139040
2025-08-01 09:20:00,327.0,327.0,325.9,326.35,49419
2025-08-01 09:25:00,326.3,326.55,325.25,325.25,28744
2025-08-01 09:30:00,325.15,325.6,324.4,324.8,117293
2025-08-01 09:35:00,324.8,324.9,323.75,323.85,84909
2025-08-01 09:40:00,323.9,324.7,323.15,324.45,103021
2025-08-01 09:45:00,324.3,325.35,323.9,324.7,113938
2025-08-01 09:50:00,324.65,325.0,323.85,323.85,40762
2025-08-01 09:55:00,323.85,324.0,322.65,323.15,65819
2025-08-01 10:00:00,323.2,324.35,322.35,324.2,45671
2025-08-01 10:05:00,324.2,324.2,323.15,323.55,18769
2025-08-01 10:10:00,323.55,323.85,323.1,323.75,21249
2025-08-01 10:15:00,323.8,323.85,323.25,323.4,18917
2025-08-01 10:20:00,323.55,323.85,323.2,323.45,16574
2025-08-01 10:25:00,323.45,323.55,323.05,323.3,30211
2025-08-01 10:30:00,323.3,323.8,323.0,323.3,44304
2025-08-01 10:35:00,323.05,323.4,322.6,322.75,79209
2025-08-01 10:40:00,322.6,322.75,322.25,322.65,30866
2025-08-01 10:45:00,322.75,323.3,322.1,322.45,57618
2025-08-01 10:50:00,322.25,322.5,321.45,322.5,59788
2025-08-01 10:55:00,322.45,323.0,322.35,322.65,29741
2025-08-01 11:00:00,322.65,322.85,322.45,322.75,19442
2025-08-01 11:05:00,322.65,322.75,322.0,322.05,19791
2025-08-01 11:10:00,322.05,322.55,321.65,321.9,35243
2025-08-01 11:15:00,321.9,322.3,321.55,322.0,37263
2025-08-01 11:20:00,322.0,322.05,321.75,321.75,14638
2025-08-01 11:25:00,321.75,322.0,321.55,321.75,25929
2025-08-01 11:30:00,321.7,321.8,321.3,321.4,14702
2025-08-01 11:35:00,321.45,321.65,321.0,321.1,86351
2025-08-01 11:40:00,321.1,321.3,320.65,320.8,37012
2025-08-01 11:45:00,320.85,321.05,320.65,321.0,20699
2025-08-01 11:50:00,320.95,320.95,320.65,320.85,23546
2025-08-01 11:55:00,320.85,321.1,320.0,320.5,63415
2025-08-01 12:00:00,320.5,320.75,320.35,320.4,23398
2025-08-01 12:05:00,320.4,322.6,320.3,321.45,102250
2025-08-01 12:10:00,321.35,321.75,321.15,321.3,21047
2025-08-01 12:15:00,321.3,321.55,320.8,320.9,34049
2025-08-01 12:20:00,320.9,321.1,320.55,320.95,131117
2025-08-01 12:25:00,320.95,320.95,320.0,320.1,30034
2025-08-01 12:30:00,320.15,320.35,319.5,320.05,71697
2025-08-01 12:35:00,319.9,320.05,319.05,319.8,101078
2025-08-01 12:40:00,319.8,320.2,319.7,320.05,69121
2025-08-01 12:45:00,320.05,320.1,319.45,319.55,15582
2025-08-01 12:50:00,319.5,319.7,319.3,319.6,13268
2025-08-01 12:55:00,319.6,319.9,319.3,319.3,28421
2025-08-01 13:00:00,319.4,319.4,319.1,319.25,16739
2025-08-01 13:05:00,319.15,320.6,319.1,319.7,112778
2025-08-01 13:10:00,319.7,319.95,319.55,319.65,13086
2025-08-01 13:15:00,319.65,319.85,319.4,319.85,21835
2025-08-01 13:20:00,319.8,320.0,319.6,320.0,14621
2025-08-01 13:25:00,319.95,320.2,319.55,319.75,115852
2025-08-01 13:30:00,319.75,320.0,319.65,319.75,16329
2025-08-01 13:35:00,319.75,320.0,319.4,319.85,71187
2025-08-01 13:40:00,319.85,320.0,319.55,320.0,21522
2025-08-01 13:45:00,319.95,320.0,319.5,319.9,24285
2025-08-01 13:50:00,319.75,320.0,319.2,319.75,51494
2025-08-01 13:55:00,319.8,320.0,319.55,319.8,19843
2025-08-01 14:00:00,319.75,320.25,319.45,320.25,39676
2025-08-01 14:05:00,320.25,320.3,319.8,320.1,92497
2025-08-01 14:10:00,320.2,320.95,320.0,320.25,86591
2025-08-01 14:15:00,320.25,320.3,319.5,319.5,134938
2025-08-01 14:20:00,319.7,319.7,318.75,318.9,53385
2025-08-01 14:25:00,318.85,319.75,318.65,319.7,50556
2025-08-01 14:30:00,319.7,319.95,319.5,319.7,22926
2025-08-01 14:35:00,319.7,320.0,319.25,319.6,13952
2025-08-01 14:40:00,319.55,319.9,317.95,319.25,95808
2025-08-01 14:45:00,319.3,319.5,318.8,319.35,26158
2025-08-01 14:50:00,319.4,319.4,318.85,318.85,22298
2025-08-01 14:55:00,318.85,318.95,318.65,318.65,18359
2025-08-01 15:00:00,318.6,319.3,318.55,318.55,104318
2025-08-01 15:05:00,318.6,318.7,318.15,318.3,86844
2025-08-01 15:10:00,318.3,318.3,317.8,318.05,109643
2025-08-01 15:15:00,318.05,318.1,317.0,317.45,141651
2025-08-01 15:20:00,317.4,317.6,317.1,317.45,165822
2025-08-01 15:25:00,317.55,317.95,316.55,317.2,104044
2025-08-04 09:15:00,320.15,320.75,317.05,318.9,224977
2025-08-04 09:20:00,318.9,318.9,317.1,317.65,81346
2025-08-04 09:25:00,317.65,318.35,317.3,317.95,53865
2025-08-04 09:30:00,317.7,318.1,316.65,316.9,41872
2025-08-04 09:35:00,316.9,316.9,316.25,316.5,39250
2025-08-04 09:40:00,316.4,317.05,314.9,315.25,113200
2025-08-04 09:45:00,315.35,316.45,315.0,316.45,80005
2025-08-04 09:50:00,316.4,316.85,315.85,316.05,36450
2025-08-04 09:55:00,315.9,316.65,315.65,316.0,88058
2025-08-04 10:00:00,315.95,316.95,315.8,316.65,27237
2025-08-04 10:05:00,316.65,317.0,316.35,316.7,38577
2025-08-04 10:10:00,316.55,316.55,315.6,316.15,31406
2025-08-04 10:15:00,316.2,317.25,316.1,316.6,33513
2025-08-04 10:20:00,316.6,317.2,316.55,317.05,26377
2025-08-04 10:25:00,317.05,317.2,316.5,316.5,13503
2025-08-04 10:30:00,316.6,316.9,316.0,316.0,19905
2025-08-04 10:35:00,316.05,316.05,315.3,315.3,28863
2025-08-04 10:40:00,315.35,315.9,315.2,315.3,24032
2025-08-04 10:45:00,315.3,315.45,315.0,315.3,35989
2025-08-04 10:50:00,315.2,315.9,315.0,315.9,17664
2025-08-04 10:55:00,315.75,315.95,315.3,315.7,26207
2025-08-04 11:00:00,315.6,316.0,315.5,315.95,20247
2025-08-04 11:05:00,315.85,316.25,315.5,315.9,32841
2025-08-04 11:10:00,316.0,316.05,315.45,315.8,25913
2025-08-04 11:15:00,315.7,316.4,315.7,316.1,28126
2025-08-04 11:20:00,316.0,316.3,315.9,316.0,10100
2025-08-04 11:25:00,316.1,316.25,316.0,316.0,11297
2025-08-04 11:30:00,316.0,316.3,315.8,316.0,15624
2025-08-04 11:35:00,315.9,316.05,315.45,315.55,20917
2025-08-04 11:40:00,315.45,316.2,315.45,316.2,18077
2025-08-04 11:45:00,316.3,316.35,315.9,316.0,13720
2025-08-04 11:50:00,315.8,316.15,315.75,315.95,10450
2025-08-04 11:55:00,315.95,316.0,315.1,315.15,37511
2025-08-04 12:00:00,315.15,315.5,315.15,315.35,34689
2025-08-04 12:05:00,315.45,315.85,315.3,315.4,53390
2025-08-04 12:10:00,315.45,315.95,315.45,315.95,58345
2025-08-04 12:15:00,315.9,316.25,315.65,316.1,55991
2025-08-04 12:20:00,316.15,316.2,315.7,315.7,39367
2025-08-04 12:25:00,315.7,316.85,315.7,316.45,63310
2025-08-04 12:30:00,316.6,317.3,316.2,316.3,64878
2025-08-04 12:35:00,316.35,317.0,316.3,316.6,63736
2025-08-04 12:40:00,316.65,317.2,316.2,316.25,50431
2025-08-04 12:45:00,316.25,316.65,316.2,316.35,34699
2025-08-04 12:50:00,316.45,316.5,316.15,316.15,33706
2025-08-04 12:55:00,316.15,317.1,316.15,317.05,33196
2025-08-04 13:00:00,317.1,317.2,316.25,316.35,27617
2025-08-04 13:05:00,316.25,316.35,315.8,316.0,50287
2025-08-04 13:10:00,315.9,316.0,315.9,316.0,20440
2025-08-04 13:15:00,315.95,316.1,315.6,315.65,25868
2025-08-04 13:20:00,315.65,316.4,315.65,316.1,43459
2025-08-04 13:25:00,316.1,316.9,316.1,316.25,86425
2025-08-04 13:30:00,316.25,316.25,315.1,315.75,76185
2025-08-04 13:35:00,315.65,315.75,315.45,315.55,25310
2025-08-04 13:40:00,315.55,315.95,315.35,315.4,35209
2025-08-04 13:45:00,315.55,316.25,315.45,316.05,22393
2025-08-04 13:50:00,316.05,316.95,316.0,316.65,69459
2025-08-04 13:55:00,316.65,317.0,316.35,316.5,32449
2025-08-04 14:00:00,316.55,316.9,316.3,316.6,32929
2025-08-04 14:05:00,316.6,316.75,316.5,316.6,24398
2025-08-04 14:10:00,316.6,316.75,316.25,316.7,38513
2025-08-04 14:15:00,316.75,317.0,316.35,316.6,52640
2025-08-04 14:20:00,316.55,316.65,316.4,316.5,32542
2025-08-04 14:25:00,316.5,316.55,316.3,316.35,24464
2025-08-04 14:30:00,316.35,316.9,316.35,316.85,33787
2025-08-04 14:35:00,316.85,317.1,316.45,317.0,80323
2025-08-04 14:40:00,317.0,317.1,316.75,317.0,25709
2025-08-04 14:45:00,317.0,317.4,316.9,317.35,35398
2025-08-04 14:50:00,317.3,317.8,317.3,317.6,58914
2025-08-04 14:55:00,317.55,317.85,317.3,317.85,52362
2025-08-04 15:00:00,317.85,318.15,317.1,318.05,143129
2025-08-04 15:05:00,318.1,318.15,317.55,317.85,85125
2025-08-04 15:10:00,317.85,317.85,317.6,317.75,69016
2025-08-04 15:15:00,317.75,318.0,317.75,317.95,92571
2025-08-04 15:20:00,318.0,318.0,317.85,317.95,106128
2025-08-04 15:25:00,318.0,318.1,317.6,318.05,119810
2025-08-05 09:15:00,317.0,318.0,315.9,316.25,159579
2025-08-05 09:20:00,316.25,317.0,315.15,315.2,131537
2025-08-05 09:25:00,315.35,316.7,313.15,313.7,417740
2025-08-05 09:30:00,313.6,314.3,312.7,314.3,159440
2025-08-05 09:35:00,314.2,314.65,313.2,313.2,62786
2025-08-05 09:40:00,313.2,313.8,312.0,313.35,144431
2025-08-05 09:45:00,313.3,313.45,312.45,312.65,76133
2025-08-05 09:50:00,312.65,312.75,311.05,311.15,153128
2025-08-05 09:55:00,311.25,311.5,310.55,310.8,104773
2025-08-05 10:00:00,310.8,310.8,309.75,310.15,198300
2025-08-05 10:05:00,310.1,311.1,309.55,311.0,116676
2025-08-05 10:10:00,311.0,311.4,310.6,311.4,68272
2025-08-05 10:15:00,311.35,311.75,310.75,311.45,88041
2025-08-05 10:20:00,311.4,311.8,311.15,311.4,42335
2025-08-05 10:25:00,311.35,311.7,311.0,311.65,56190
2025-08-05 10:30:00,311.65,312.0,311.5,311.85,40916
2025-08-05 10:35:00,311.8,313.7,311.7,313.3,174461
2025-08-05 10:40:00,313.35,314.25,313.2,313.85,156439
2025-08-05 10:45:00,313.75,315.4,313.75,314.1,699090
2025-08-05 10:50:00,314.05,314.55,313.9,314.25,42485
2025-08-05 10:55:00,314.25,314.75,313.6,314.65,56578
2025-08-05 11:00:00,315.05,315.1,314.0,314.15,53686
2025-08-05 11:05:00,314.2,314.75,313.6,314.7,42806
2025-08-05 11:10:00,314.7,315.95,314.65,315.6,154042
2025-08-05 11:15:00,315.65,315.65,315.0,315.5,44025
2025-08-05 11:20:00,315.45,315.9,315.1,315.75,39775
2025-08-05 11:25:00,315.7,316.5,315.7,315.75,83563
2025-08-05 11:30:00,315.8,315.9,315.35,315.65,55597
2025-08-05 11:35:00,315.65,315.8,315.45,315.55,34826
2025-08-05 11:40:00,315.5,315.65,315.3,315.4,46500
2025-08-05 11:45:00,315.4,316.35,315.4,316.3,52662
2025-08-05 11:50:00,316.3,316.5,316.1,316.5,49444
2025-08-05 11:55:00,316.4,316.85,316.05,316.1,37352
2025-08-05 12:00:00,316.15,316.75,316.0,316.75,24604
2025-08-05 12:05:00,316.7,316.75,316.3,316.35,22661
2025-08-05 12:10:00,316.35,316.8,316.25,316.55,51097
2025-08-05 12:15:00,316.55,317.35,316.3,316.4,94576
2025-08-05 12:20:00,316.4,316.4,314.85,315.0,104887
2025-08-05 12:25:00,314.95,315.35,314.5,314.65,230943
2025-08-05 12:30:00,314.7,314.9,314.0,314.5,327214
2025-08-05 12:35:00,314.5,314.65,313.65,313.85,116061
2025-08-05 12:40:00,313.8,314.0,313.6,313.8,26749
2025-08-05 12:45:00,313.75,314.05,313.2,313.75,240516
2025-08-05 12:50:00,313.8,313.85,313.45,313.7,76159
2025-08-05 12:55:00,313.7,314.3,313.6,313.85,55641
2025-08-05 13:00:00,313.85,313.9,313.55,313.9,74062
2025-08-05 13:05:00,313.85,313.85,313.3,313.5,64522
2025-08-05 13:10:00,313.45,314.05,313.4,314.05,80807
2025-08-05 13:15:00,314.0,314.9,313.7,314.9,88794
2025-08-05 13:20:00,314.85,314.9,314.2,314.45,21053
2025-08-05 13:25:00,314.45,314.55,314.1,314.25,12217
2025-08-05 13:30:00,314.2,314.35,313.8,314.2,11867
2025-08-05 13:35:00,314.2,314.4,314.1,314.3,10893
2025-08-05 13:40:00,314.3,314.7,314.1,314.7,11748
2025-08-05 13:45:00,314.75,314.75,314.3,314.7,18039
2025-08-05 13:50:00,314.65,314.8,314.35,314.6,13179
2025-08-05 13:55:00,314.65,314.65,314.4,314.5,7452
2025-08-05 14:00:00,314.5,314.6,314.2,314.35,5904
2025-08-05 14:05:00,314.3,314.4,314.0,314.2,14510
2025-08-05 14:10:00,314.25,314.85,314.2,314.65,20441
2025-08-05 14:15:00,314.7,314.8,314.35,314.65,10627
2025-08-05 14:20:00,314.7,314.7,314.35,314.55,14034
2025-08-05 14:25:00,314.55,314.8,314.35,314.75,24535
2025-08-05 14:30:00,314.55,314.85,314.4,314.6,16711
2025-08-05 14:35:00,314.6,314.95,314.5,314.8,13312
2025-08-05 14:40:00,314.8,315.25,314.55,315.25,34869
2025-08-05 14:45:00,315.2,315.4,314.8,314.95,36187
2025-08-05 14:50:00,314.95,315.05,314.7,314.9,22381
2025-08-05 14:55:00,314.9,315.15,314.8,314.85,42852
2025-08-05 15:00:00,314.85,315.35,314.35,315.3,132284
2025-08-05 15:05:00,315.25,315.4,315.15,315.3,113253
2025-08-05 15:10:00,315.1,315.25,314.75,315.0,179141
2025-08-05 15:15:00,314.95,315.35,314.95,315.35,162787
2025-08-05 15:20:00,315.25,315.45,314.85,314.95,160554
2025-08-05 15:25:00,314.95,315.1,314.65,314.9,96353
2025-08-06 09:15:00,315.5,317.5,314.4,316.75,154148
2025-08-06 09:20:00,316.75,317.25,316.3,316.75,79898
2025-08-06 09:25:00,316.7,317.85,316.5,316.75,40676
2025-08-06 09:30:00,316.95,317.45,316.2,317.3,117823
2025-08-06 09:35:00,317.3,317.3,316.65,316.7,56444
2025-08-06 09:40:00,316.75,317.4,316.55,316.8,56923
2025-08-06 09:45:00,316.85,317.15,316.65,316.85,36692
2025-08-06 09:50:00,316.85,317.25,316.6,317.0,41626
2025-08-06 09:55:00,317.1,317.25,316.8,317.0,28030
2025-08-06 10:00:00,317.0,317.0,316.65,316.75,35915
2025-08-06 10:05:00,316.75,316.75,315.75,316.2,74167
2025-08-06 10:10:00,316.2,316.4,315.8,316.25,32384
2025-08-06 10:15:00,316.2,317.7,316.0,317.7,50026
2025-08-06 10:20:00,317.7,317.85,317.5,317.7,30392
2025-08-06 10:25:00,317.6,317.7,316.85,317.3,26904
2025-08-06 10:30:00,317.3,317.5,317.05,317.2,26601
2025-08-06 10:35:00,317.2,317.55,316.9,317.35,74465
2025-08-06 10:40:00,317.35,318.15,316.9,317.05,203570
2025-08-06 10:45:00,317.05,317.3,316.65,316.9,63188
2025-08-06 10:50:00,316.65,317.55,316.65,317.45,48365
2025-08-06 10:55:00,317.5,317.55,317.15,317.45,24652
2025-08-06 11:00:00,317.45,317.8,317.2,317.35,72753
2025-08-06 11:05:00,317.35,317.4,316.85,317.0,54812
2025-08-06 11:10:00,317.0,317.1,316.35,317.1,149738
2025-08-06 11:15:00,317.05,317.1,316.4,316.4,29333
2025-08-06 11:20:00,316.5,316.85,316.3,316.7,41361
2025-08-06 11:25:00,316.65,316.65,316.05,316.35,42734
2025-08-06 11:30:00,316.35,316.45,315.65,315.8,50437
2025-08-06 11:35:00,315.7,316.15,315.7,316.0,22818
2025-08-06 11:40:00,316.1,316.15,315.15,315.3,45525
2025-08-06 11:45:00,315.4,315.45,315.1,315.15,20622
2025-08-06 11:50:00,315.2,315.6,315.0,315.45,30315
2025-08-06 11:55:00,315.45,316.0,315.45,315.85,43284
2025-08-06 12:00:00,315.9,316.0,315.55,315.8,16701
2025-08-06 12:05:00,315.8,315.9,315.55,315.65,19267
2025-08-06 12:10:00,315.65,315.75,315.45,315.6,15053
2025-08-06 12:15:00,315.6,315.85,315.35,315.75,17089
2025-08-06 12:20:00,315.75,316.5,315.75,316.15,53182
2025-08-06 12:25:00,316.15,316.25,315.9,316.1,22610
2025-08-06 12:30:00,316.25,316.5,316.2,316.4,20445
2025-08-06 12:35:00,316.5,316.5,316.0,316.0,16695
2025-08-06 12:40:00,316.0,316.35,316.0,316.3,19325
2025-08-06 12:45:00,316.3,316.6,316.3,316.3,39872
2025-08-06 12:50:00,316.25,316.3,315.45,315.45,114537
2025-08-06 12:55:00,315.55,316.05,315.4,315.95,21920
2025-08-06 13:00:00,315.9,316.4,315.8,316.3,14428
2025-08-06 13:05:00,316.3,316.3,316.0,316.05,13065
2025-08-06 13:10:00,316.05,316.15,315.9,316.0,15383
2025-08-06 13:15:00,316.05,316.5,316.0,316.3,23749
2025-08-06 13:20:00,316.3,316.35,315.9,315.9,16437
2025-08-06 13:25:00,315.9,316.15,315.9,316.05,12699
2025-08-06 13:30:00,316.0,316.3,315.9,315.9,25288
2025-08-06 13:35:00,315.9,316.0,315.75,315.9,14131
2025-08-06 13:40:00,315.9,316.1,315.4,316.0,28693
2025-08-06 13:45:00,316.0,316.1,315.85,315.85,16820
2025-08-06 13:50:00,315.9,315.9,315.45,315.65,15259
2025-08-06 13:55:00,315.7,316.1,315.6,315.95,26216
2025-08-06 14:00:00,315.95,316.05,315.65,315.8,12719
2025-08-06 14:05:00,315.7,315.9,315.65,315.75,12584
2025-08-06 14:10:00,315.75,315.8,315.4,315.45,29054
2025-08-06 14:15:00,315.6,315.65,315.3,315.55,21680
2025-08-06 14:20:00,315.65,315.65,315.45,315.45,13498
2025-08-06 14:25:00,315.45,315.45,315.0,315.0,29044
2025-08-06 14:30:00,315.05,315.05,314.8,314.9,51259
2025-08-06 14:35:00,314.95,315.0,314.55,314.9,44007
2025-08-06 14:40:00,314.9,315.1,314.9,314.95,21997
2025-08-06 14:45:00,314.95,315.6,314.9,315.55,86082
2025-08-06 14:50:00,315.45,316.05,315.45,316.0,50497
2025-08-06 14:55:00,315.95,316.1,315.6,315.9,50203
2025-08-06 15:00:00,316.0,316.1,315.25,315.7,104548
2025-08-06 15:05:00,315.75,315.95,315.5,315.55,94722
2025-08-06 15:10:00,315.6,315.85,315.5,315.65,119917
2025-08-06 15:15:00,315.65,315.8,315.35,315.8,107239
2025-08-06 15:20:00,315.8,316.1,315.65,315.85,145798
2025-08-06 15:25:00,315.85,316.0,315.45,316.0,99595
2025-08-07 09:15:00,313.3,314.05,312.05,313.25,106568
2025-08-07 09:20:00,313.25,313.25,312.4,313.0,36438
2025-08-07 09:25:00,313.0,313.4,312.95,313.0,22567
2025-08-07 09:30:00,313.05,313.5,312.8,313.45,29400
2025-08-07 09:35:00,313.45,313.8,313.0,313.55,12173
2025-08-07 09:40:00,313.55,313.75,313.3,313.35,10086
2025-08-07 09:45:00,313.4,313.6,313.3,313.6,9685
2025-08-07 09:50:00,313.6,313.6,312.6,312.65,31684
2025-08-07 09:55:00,312.7,313.15,312.5,312.55,30836
2025-08-07 10:00:00,312.6,312.9,312.5,312.85,14039
2025-08-07 10:05:00,312.85,312.85,311.9,312.1,60240
2025-08-07 10:10:00,312.05,312.05,311.55,311.75,37368
2025-08-07 10:15:00,311.75,311.95,311.3,311.8,19741
2025-08-07 10:20:00,311.8,311.8,311.55,311.8,10336
2025-08-07 10:25:00,311.75,312.8,311.6,311.8,248975
2025-08-07 10:30:00,311.8,311.8,310.9,311.3,48364
2025-08-07 10:35:00,311.25,311.3,310.8,311.2,26245
2025-08-07 10:40:00,311.2,312.0,311.0,311.85,45729
2025-08-07 10:45:00,311.9,311.9,311.2,311.4,22964
2025-08-07 10:50:00,311.4,311.6,311.2,311.2,11895
2025-08-07 10:55:00,311.2,311.8,311.2,311.8,35955
2025-08-07 11:00:00,311.8,311.8,311.0,311.3,42086
2025-08-07 11:05:00,311.35,311.4,310.95,311.25,20896
2025-08-07 11:10:00,311.2,311.5,311.05,311.25,38842
2025-08-07 11:15:00,311.3,311.6,310.65,311.6,114486
2025-08-07 11:20:00,311.6,311.8,311.25,311.8,28232
2025-08-07 11:25:00,311.75,311.8,311.6,311.7,12680
2025-08-07 11:30:00,311.75,311.75,310.9,311.35,58135
2025-08-07 11:35:00,311.3,311.55,311.15,311.3,12585
2025-08-07 11:40:00,311.3,311.7,310.0,310.45,119702
2025-08-07 11:45:00,310.45,310.45,310.0,310.15,27383
2025-08-07 11:50:00,310.15,310.2,309.6,309.7,62034
2025-08-07 11:55:00,309.8,309.85,309.5,309.65,14344
2025-08-07 12:00:00,309.65,309.8,309.5,309.6,15981
2025-08-07 12:05:00,309.65,310.05,309.3,309.5,39367
2025-08-07 12:10:00,309.6,310.15,309.6,310.05,7377
2025-08-07 12:15:00,310.05,310.2,309.9,309.9,13637
2025-08-07 12:20:00,310.0,310.0,309.6,309.6,15083
2025-08-07 12:25:00,309.7,309.75,309.4,309.65,18408
2025-08-07 12:30:00,309.7,309.8,309.4,309.75,31044
2025-08-07 12:35:00,309.75,309.85,309.5,309.75,13458
2025-08-07 12:40:00,309.75,309.9,309.4,309.7,20290
2025-08-07 12:45:00,309.7,309.9,309.25,309.55,26432
2025-08-07 12:50:00,309.4,309.55,308.85,309.1,43195
2025-08-07 12:55:00,309.0,309.35,308.9,309.2,22320
2025-08-07 13:00:00,309.2,309.2,308.85,308.9,14376
2025-08-07 13:05:00,309.05,309.05,308.9,309.05,46972
2025-08-07 13:10:00,309.05,309.05,307.35,308.1,150135
2025-08-07 13:15:00,308.1,308.55,307.8,308.4,64247
2025-08-07 13:20:00,308.5,308.6,307.9,308.25,50258
2025-08-07 13:25:00,308.1,308.4,307.8,307.95,60723
2025-08-07 13:30:00,307.95,308.7,307.95,308.3,92628
2025-08-07 13:35:00,308.4,308.6,308.1,308.45,42255
2025-08-07 13:40:00,308.45,309.0,307.15,307.6,791393
2025-08-07 13:45:00,307.6,308.0,307.4,308.0,63919
2025-08-07 13:50:00,307.9,308.15,307.75,307.8,56969
2025-08-07 13:55:00,307.75,307.85,307.5,307.75,14099
2025-08-07 14:00:00,307.75,308.0,307.5,307.95,42444
2025-08-07 14:05:00,308.0,309.5,307.95,309.2,69822
2025-08-07 14:10:00,309.2,309.9,309.1,309.15,64046
2025-08-07 14:15:00,309.2,309.65,309.15,309.5,12357
2025-08-07 14:20:00,309.55,310.2,309.2,309.2,110550
2025-08-07 14:25:00,309.2,309.5,309.0,309.3,15216
2025-08-07 14:30:00,309.35,309.9,309.35,309.4,26578
2025-08-07 14:35:00,309.45,309.95,309.2,309.75,18513
2025-08-07 14:40:00,309.8,310.0,309.75,309.95,17376
2025-08-07 14:45:00,309.95,310.15,309.55,309.9,32586
2025-08-07 14:50:00,309.95,310.8,309.9,310.6,83417
2025-08-07 14:55:00,310.65,310.65,309.9,310.0,80314
2025-08-07 15:00:00,310.0,310.45,309.95,310.25,119902
2025-08-07 15:05:00,310.2,310.5,310.1,310.25,267384
2025-08-07 15:10:00,310.2,310.5,310.0,310.35,521581
2025-08-07 15:15:00,310.25,311.0,310.1,311.0,201317
2025-08-07 15:20:00,311.0,311.0,310.65,310.7,107005
2025-08-07 15:25:00,310.75,310.9,310.1,310.15,90117
2025-08-08 09:15:00,310.5,312.75,308.6,312.1,246617
2025-08-08 09:20:00,312.1,314.95,311.95,314.5,172850
2025-08-08 09:25:00,314.5,316.0,313.85,315.05,342674
2025-08-08 09:30:00,315.05,316.25,314.5,315.35,222144
2025-08-08 09:35:00,315.3,317.6,315.15,316.6,388182
2025-08-08 09:40:00,316.65,317.0,315.5,316.05,220148
2025-08-08 09:45:00,316.05,316.2,315.05,315.15,149702
2025-08-08 09:50:00,315.2,316.35,315.1,316.2,137638
2025-08-08 09:55:00,316.35,316.9,315.0,315.35,137770
2025-08-08 10:00:00,315.7,316.45,315.1,316.1,131459
2025-08-08 10:05:00,316.15,316.2,315.3,316.05,95936
2025-08-08 10:10:00,316.0,317.2,316.0,316.8,213405
2025-08-08 10:15:00,316.8,317.4,316.5,317.05,161635
2025-08-08 10:20:00,317.1,317.25,316.25,316.8,84978
2025-08-08 10:25:00,316.7,316.95,316.05,316.1,73181
2025-08-08 10:30:00,316.15,316.6,315.5,315.55,92346
2025-08-08 10:35:00,315.6,316.45,315.4,316.2,63220
2025-08-08 10:40:00,316.2,316.7,315.9,316.35,105937
2025-08-08 10:45:00,316.4,316.5,315.9,316.3,57391
2025-08-08 10:50:00,316.35,316.8,316.0,316.65,57215
2025-08-08 10:55:00,316.6,316.95,316.55,316.85,48485
2025-08-08 11:00:00,316.8,317.4,316.7,317.05,107521
2025-08-08 11:05:00,317.0,317.45,316.75,317.35,80711
2025-08-08 11:10:00,317.4,318.0,317.3,317.9,211553
2025-08-08 11:15:00,318.0,319.7,317.9,319.35,389219
2025-08-08 11:20:00,319.4,320.35,319.25,320.1,428722
2025-08-08 11:25:00,320.1,320.9,319.75,319.9,342713
2025-08-08 11:30:00,320.0,320.0,318.75,319.2,242126
2025-08-08 11:35:00,319.25,319.35,318.1,318.35,182082
2025-08-08 11:40:00,318.2,319.05,318.0,318.9,123941
2025-08-08 11:45:00,318.9,319.0,318.35,318.7,41233
2025-08-08 11:50:00,318.7,318.85,317.7,318.85,150380
2025-08-08 11:55:00,318.85,319.55,318.85,319.1,129692
2025-08-08 12:00:00,319.1,319.2,318.55,318.6,50913
2025-08-08 12:05:00,318.5,319.0,317.85,318.0,104269
2025-08-08 12:10:00,318.15,318.45,317.95,318.4,72838
2025-08-08 12:15:00,318.45,318.5,318.25,318.4,33636
2025-08-08 12:20:00,318.5,318.5,318.25,318.45,26879
2025-08-08 12:25:00,318.4,319.0,318.25,318.7,256112
2025-08-08 12:30:00,318.85,319.0,318.45,318.6,45837
2025-08-08 12:35:00,318.6,318.75,318.35,318.6,44621
2025-08-08 12:40:00,318.6,318.6,318.15,318.35,19715
2025-08-08 12:45:00,318.3,318.75,318.2,318.7,27848
2025-08-08 12:50:00,318.7,319.35,318.6,319.25,63096
2025-08-08 12:55:00,319.3,320.3,319.25,319.5,114169
2025-08-08 13:00:00,319.5,319.5,319.15,319.3,26671
2025-08-08 13:05:00,319.3,319.5,318.9,319.05,28055
2025-08-08 13:10:00,319.0,319.5,319.0,319.45,21013
2025-08-08 13:15:00,319.5,320.6,319.5,320.45,148561
2025-08-08 13:20:00,320.5,321.25,320.45,320.95,191505
2025-08-08 13:25:00,320.95,320.95,319.7,320.0,115004
2025-08-08 13:30:00,320.0,321.0,319.95,320.8,67852
2025-08-08 13:35:00,320.8,321.1,320.55,320.7,77911
2025-08-08 13:40:00,320.65,320.75,320.25,320.55,81506
2025-08-08 13:45:00,320.55,320.55,320.1,320.25,27416
2025-08-08 13:50:00,320.25,320.4,320.1,320.15,18670
2025-08-08 13:55:00,320.15,320.4,320.05,320.35,48375
2025-08-08 14:00:00,320.4,320.8,319.7,319.9,111167
2025-08-08 14:05:00,319.9,319.95,319.3,319.8,74969
2025-08-08 14:10:00,319.75,320.05,319.45,319.95,93761
2025-08-08 14:15:00,320.0,320.8,319.6,320.75,78945
2025-08-08 14:20:00,320.75,320.75,320.2,320.4,68643
2025-08-08 14:25:00,320.4,320.4,319.85,320.1,66366
2025-08-08 14:30:00,320.05,320.35,319.85,320.35,101881
2025-08-08 14:35:00,320.35,320.7,320.25,320.55,70237
2025-08-08 14:40:00,320.6,320.9,320.35,320.45,92079
2025-08-08 14:45:00,320.45,320.85,320.25,320.85,95877
2025-08-08 14:50:00,320.8,321.0,320.55,320.8,127344
2025-08-08 14:55:00,320.8,321.0,320.7,320.9,102292
2025-08-08 15:00:00,320.9,320.9,320.15,320.35,143363
2025-08-08 15:05:00,320.35,320.4,319.65,319.75,248950
2025-08-08 15:10:00,319.7,319.85,319.0,319.1,370558
2025-08-08 15:15:00,319.15,319.35,318.85,319.1,465057
2025-08-08 15:20:00,319.1,319.2,318.8,318.95,241253
2025-08-08 15:25:00,318.9,319.9,318.75,319.85,129069
2025-08-11 09:15:00,322.25,330.0,321.4,322.65,1217873
2025-08-11 09:20:00,322.5,323.3,321.0,321.45,449454
2025-08-11 09:25:00,321.55,321.7,320.8,321.15,114739
2025-08-11 09:30:00,321.25,322.05,320.45,321.3,168387
2025-08-11 09:35:00,321.05,321.55,320.6,320.65,103073
2025-08-11 09:40:00,320.55,321.0,320.05,320.8,112277
2025-08-11 09:45:00,320.85,320.85,319.45,319.55,117581
2025-08-11 09:50:00,319.5,320.35,318.7,320.1,188437
2025-08-11 09:55:00,320.05,320.1,318.85,319.7,100813
2025-08-11 10:00:00,319.5,320.6,319.4,319.55,74803
2025-08-11 10:05:00,319.6,319.7,318.05,318.45,110031
2025-08-11 10:10:00,318.45,318.9,317.85,318.9,104822
2025-08-11 10:15:00,318.75,319.85,318.75,319.85,90605
2025-08-11 10:20:00,319.8,320.05,319.4,319.95,70162
2025-08-11 10:25:00,320.0,320.0,319.65,319.8,51822
2025-08-11 10:30:00,319.8,320.15,319.55,320.0,108974
2025-08-11 10:35:00,319.95,320.0,319.6,319.9,34931
2025-08-11 10:40:00,319.9,319.95,319.65,319.85,42175
2025-08-11 10:45:00,319.85,319.9,319.55,319.8,27627
2025-08-11 10:50:00,319.8,320.45,319.7,320.4,138270
2025-08-11 10:55:00,320.4,321.15,320.2,321.0,266763
2025-08-11 11:00:00,321.0,321.15,320.8,320.95,54349
2025-08-11 11:05:00,320.95,320.95,320.2,320.3,33108
2025-08-11 11:10:00,320.25,320.3,319.25,319.55,138351
2025-08-11 11:15:00,319.65,320.0,319.1,319.75,133557
2025-08-11 11:20:00,319.75,320.1,319.35,320.0,109529
2025-08-11 11:25:00,319.95,320.0,319.65,320.0,29837
2025-08-11 11:30:00,320.0,320.2,319.8,320.0,99721
2025-08-11 11:35:00,319.95,319.95,319.0,319.0,46959
2025-08-11 11:40:00,319.0,319.05,318.4,318.55,71886
2025-08-11 11:45:00,318.55,319.05,318.15,318.15,107725
2025-08-11 11:50:00,318.3,318.45,317.2,318.35,66086
2025-08-11 11:55:00,318.3,319.0,318.2,318.95,33979
2025-08-11 12:00:00,319.0,319.85,318.9,319.5,140140
2025-08-11 12:05:00,319.45,320.0,319.3,319.3,208989
2025-08-11 12:10:00,319.5,320.6,319.45,320.35,225406
2025-08-11 12:15:00,320.35,320.4,319.3,319.55,116194
2025-08-11 12:20:00,319.6,319.95,319.45,319.9,21449
2025-08-11 12:25:00,319.8,320.0,319.65,319.9,33442
2025-08-11 12:30:00,319.8,319.9,319.5,319.8,18070
2025-08-11 12:35:00,319.75,320.15,319.7,320.0,142265
2025-08-11 12:40:00,319.95,320.0,319.95,320.0,12637
2025-08-11 12:45:00,320.0,320.0,319.8,320.0,60672
2025-08-11 12:50:00,319.95,320.0,319.95,320.0,101301
2025-08-11 12:55:00,319.95,320.0,319.95,320.0,29472
2025-08-11 13:00:00,320.0,320.0,319.85,319.95,35326
2025-08-11 13:05:00,319.9,319.95,319.55,319.95,32898
2025-08-11 13:10:00,319.95,320.0,319.9,320.0,228935
2025-08-11 13:15:00,320.0,320.35,319.95,320.05,157083
2025-08-11 13:20:00,320.1,320.2,319.7,319.85,28728
2025-08-11 13:25:00,319.9,320.8,319.7,320.5,68602
2025-08-11 13:30:00,320.5,320.85,320.5,320.6,32947
2025-08-11 13:35:00,320.6,320.95,320.55,320.9,14466
2025-08-11 13:40:00,320.85,321.15,320.8,320.95,63235
2025-08-11 13:45:00,320.9,320.95,320.35,320.35,27291
2025-08-11 13:50:00,320.5,320.95,320.35,320.9,75011
2025-08-11 13:55:00,320.85,320.95,320.55,320.9,17526
2025-08-11 14:00:00,320.95,321.05,319.7,319.85,174177
2025-08-11 14:05:00,319.95,320.4,319.8,320.2,35192
2025-08-11 14:10:00,320.25,320.5,319.8,320.0,21007
2025-08-11 14:15:00,320.0,320.25,320.0,320.05,15667
2025-08-11 14:20:00,320.15,320.2,319.9,319.9,27876
2025-08-11 14:25:00,320.05,320.15,319.7,319.9,24143
2025-08-11 14:30:00,319.9,320.3,319.85,320.15,30752
2025-08-11 14:35:00,320.25,320.25,319.8,320.0,27907
2025-08-11 14:40:00,320.1,320.1,319.45,320.0,56826
2025-08-11 14:45:00,320.0,320.35,319.9,320.1,17972
2025-08-11 14:50:00,320.1,320.15,319.9,320.15,42030
2025-08-11 14:55:00,320.15,320.5,319.95,320.35,183150
2025-08-11 15:00:00,320.35,321.1,320.3,320.9,101532
2025-08-11 15:05:00,320.95,321.45,320.95,321.4,87146
2025-08-11 15:10:00,321.25,321.5,321.0,321.1,143621
2025-08-11 15:15:00,321.15,321.15,320.55,320.85,133202
2025-08-11 15:20:00,320.85,321.2,320.4,321.0,227422
2025-08-11 15:25:00,320.95,321.0,320.05,320.2,97308
2025-08-12 09:15:00,321.0,322.3,320.8,321.1,139185
2025-08-12 09:20:00,321.1,321.5,320.7,321.5,45631
2025-08-12 09:25:00,321.5,322.1,321.4,322.1,29915
2025-08-12 09:30:00,322.1,322.9,322.1,322.85,50322
2025-08-12 09:35:00,323.1,323.8,322.9,323.45,70355
2025-08-12 09:40:00,323.45,324.2,323.45,324.0,91143
2025-08-12 09:45:00,323.95,324.55,323.95,324.35,50619
2025-08-12 09:50:00,324.3,324.9,324.3,324.7,97914
2025-08-12 09:55:00,324.8,324.85,324.5,324.85,46156
2025-08-12 10:00:00,324.8,325.25,324.7,324.75,66202
2025-08-12 10:05:00,324.75,325.1,324.6,325.0,44707
2025-08-12 10:10:00,324.9,325.05,324.55,324.95,42950
2025-08-12 10:15:00,325.0,325.4,324.85,325.0,41300
2025-08-12 10:20:00,325.0,325.2,324.9,324.95,70425
2025-08-12 10:25:00,325.1,325.2,324.7,325.1,259991
2025-08-12 10:30:00,325.1,325.25,324.5,325.1,50576
2025-08-12 10:35:00,325.0,325.8,325.0,325.55,57168
2025-08-12 10:40:00,325.65,326.0,325.4,325.55,74369
2025-08-12 10:45:00,325.85,325.85,325.5,325.6,29697
2025-08-12 10:50:00,325.6,325.85,325.2,325.4,46485
2025-08-12 10:55:00,325.4,326.0,325.4,325.85,26495
2025-08-12 11:00:00,325.8,326.5,325.7,325.75,63782
2025-08-12 11:05:00,325.85,326.15,325.45,325.55,20907
2025-08-12 11:10:00,325.55,325.65,324.95,325.25,40222
2025-08-12 11:15:00,325.25,326.0,325.15,325.95,27100
2025-08-12 11:20:00,325.85,326.0,325.55,325.8,16743
2025-08-12 11:25:00,325.7,325.85,325.4,325.85,18471
2025-08-12 11:30:00,325.8,326.25,325.8,326.0,21850
2025-08-12 11:35:00,326.1,326.3,325.75,326.0,28259
2025-08-12 11:40:00,326.05,326.2,325.95,326.2,15761
2025-08-12 11:45:00,326.2,326.25,326.0,326.0,9195
2025-08-12 11:50:00,326.05,326.05,325.65,326.0,17730
2025-08-12 11:55:00,326.0,326.05,326.0,326.0,15570
2025-08-12 12:00:00,326.05,326.05,325.4,325.4,14849
2025-08-12 12:05:00,325.4,325.5,325.0,325.4,34297
2025-08-12 12:10:00,325.4,325.45,325.0,325.2,22411
2025-08-12 12:15:00,325.1,325.45,325.0,325.45,10845
2025-08-12 12:20:00,325.45,325.65,325.15,325.25,20820
2025-08-12 12:25:00,325.25,325.3,324.8,325.0,33765
2025-08-12 12:30:00,325.15,325.3,325.0,325.05,11436
2025-08-12 12:35:00,325.05,325.25,325.0,325.2,5880
2025-08-12 12:40:00,325.2,325.25,324.95,325.0,24970
2025-08-12 12:45:00,325.05,325.1,324.9,325.0,15739
2025-08-12 12:50:00,325.0,325.25,324.9,325.05,10231
2025-08-12 12:55:00,325.1,325.15,324.2,324.95,352479
2025-08-12 13:00:00,324.95,325.05,324.4,324.45,50319
2025-08-12 13:05:00,324.45,324.65,324.4,324.5,11284
2025-08-12 13:10:00,324.55,324.6,324.05,324.15,45711
2025-08-12 13:15:00,324.15,324.15,323.85,324.1,35493
2025-08-12 13:20:00,324.1,324.25,324.05,324.05,18217
2025-08-12 13:25:00,324.1,324.15,324.05,324.1,9563
2025-08-12 13:30:00,324.15,324.15,324.0,324.05,12717
2025-08-12 13:35:00,324.05,324.15,323.95,324.0,29230
2025-08-12 13:40:00,324.0,324.15,323.85,324.0,24589
2025-08-12 13:45:00,324.0,324.0,323.7,323.9,12544
2025-08-12 13:50:00,323.9,324.15,323.7,323.7,15379
2025-08-12 13:55:00,323.7,323.9,323.7,323.75,7075
2025-08-12 14:00:00,323.85,323.85,323.05,323.35,24052
2025-08-12 14:05:00,323.35,323.6,323.3,323.5,37468
2025-08-12 14:10:00,323.5,323.85,323.45,323.85,17809
2025-08-12 14:15:00,323.85,323.85,322.8,322.95,51304
2025-08-12 14:20:00,322.85,323.6,322.8,323.3,65447
2025-08-12 14:25:00,323.3,323.85,322.9,323.75,124168
2025-08-12 14:30:00,323.7,323.85,322.7,322.8,145081
2025-08-12 14:35:00,322.8,323.6,322.7,323.5,204810
2025-08-12 14:40:00,323.5,323.5,323.2,323.35,18672
2025-08-12 14:45:00,323.25,323.4,323.15,323.15,7935
2025-08-12 14:50:00,323.15,323.45,323.05,323.35,74105
2025-08-12 14:55:00,323.35,323.8,323.35,323.7,46213
2025-08-12 15:00:00,323.8,324.0,323.75,323.95,79032
2025-08-12 15:05:00,323.95,324.0,322.95,323.25,113480
2025-08-12 15:10:00,323.2,323.65,323.05,323.55,181625
2025-08-12 15:15:00,323.45,324.0,323.35,323.8,274884
2025-08-12 15:20:00,323.75,324.15,323.4,323.9,275812
2025-08-12 15:25:00,323.9,324.35,323.5,323.5,93601
2025-08-13 09:15:00,325.0,326.3,323.8,324.0,159522
2025-08-13 09:20:00,324.0,324.5,322.7,323.1,52498
2025-08-13 09:25:00,323.05,323.55,322.45,322.55,44092
2025-08-13 09:30:00,322.5,323.0,322.3,322.8,48777
2025-08-13 09:35:00,322.95,322.95,322.65,322.85,12747
2025-08-13 09:40:00,322.75,322.85,322.2,322.35,24118
2025-08-13 09:45:00,322.35,324.2,322.3,324.15,69204
2025-08-13 09:50:00,324.2,324.35,323.9,324.15,43497
2025-08-13 09:55:00,324.0,324.35,324.0,324.2,14936
2025-08-13 10:00:00,324.2,324.35,324.1,324.25,24388
2025-08-13 10:05:00,324.3,324.5,324.25,324.5,14549
2025-08-13 10:10:00,324.45,324.8,324.05,324.8,78467
2025-08-13 10:15:00,324.75,325.1,323.5,323.7,165466
2025-08-13 10:20:00,323.7,324.05,323.3,323.6,22484
2025-08-13 10:25:00,323.6,323.8,323.3,323.6,17969
2025-08-13 10:30:00,323.7,323.7,322.8,322.95,29392
2025-08-13 10:35:00,322.95,323.0,322.6,322.65,19673
2025-08-13 10:40:00,322.5,322.55,322.1,322.4,24181
2025-08-13 10:45:00,322.3,322.3,321.75,322.15,36799
2025-08-13 10:50:00,322.05,322.4,322.05,322.2,19159
2025-08-13 10:55:00,322.2,322.9,321.65,322.8,78602
2025-08-13 11:00:00,322.8,322.85,322.3,322.5,17397
2025-08-13 11:05:00,322.5,323.55,322.5,323.0,109952
2025-08-13 11:10:00,323.1,323.1,322.5,322.65,13808
2025-08-13 11:15:00,322.6,323.3,322.55,323.3,16857
2025-08-13 11:20:00,323.25,323.35,322.75,322.8,29333
2025-08-13 11:25:00,322.8,322.8,322.15,322.15,27755
2025-08-13 11:30:00,322.15,322.5,322.15,322.35,6963
2025-08-13 11:35:00,322.4,322.65,322.3,322.55,6835
2025-08-13 11:40:00,322.55,322.55,322.0,322.25,35712
2025-08-13 11:45:00,322.35,322.5,321.85,322.4,28144
2025-08-13 11:50:00,322.4,322.4,321.95,322.1,22372
2025-08-13 11:55:00,322.1,322.1,321.35,321.45,51611
2025-08-13 12:00:00,321.4,321.5,321.25,321.45,23701
2025-08-13 12:05:00,321.45,322.1,321.45,321.8,18323
2025-08-13 12:10:00,321.8,322.0,321.6,321.85,8576
2025-08-13 12:15:00,321.85,322.1,321.6,322.05,23441
2025-08-13 12:20:00,322.1,322.6,321.7,321.7,53883
2025-08-13 12:25:00,321.8,321.85,321.5,321.65,6869
2025-08-13 12:30:00,321.65,321.75,321.6,321.6,11627
2025-08-13 12:35:00,321.65,321.7,321.25,321.45,21633
2025-08-13 12:40:00,321.4,321.5,321.05,321.1,20261
2025-08-13 12:45:00,321.2,321.45,321.1,321.45,12945
2025-08-13 12:50:00,321.45,322.05,321.45,321.95,31624
2025-08-13 12:55:00,321.95,321.95,321.55,321.75,6211
2025-08-13 13:00:00,321.75,322.35,321.75,322.35,32335
2025-08-13 13:05:00,322.5,322.5,322.15,322.15,7193
2025-08-13 13:10:00,322.15,322.25,321.9,322.15,10116
2025-08-13 13:15:00,322.25,322.75,322.2,322.55,19026
2025-08-13 13:20:00,322.6,323.25,322.2,322.6,50151
2025-08-13 13:25:00,322.7,322.9,322.55,322.7,9904
2025-08-13 13:30:00,322.8,323.1,322.4,322.7,21709
2025-08-13 13:35:00,322.7,323.0,322.35,322.6,38239
2025-08-13 13:40:00,322.6,322.7,322.5,322.7,7056
2025-08-13 13:45:00,322.65,322.7,322.35,322.4,16611
2025-08-13 13:50:00,322.4,322.8,322.05,322.55,33856
2025-08-13 13:55:00,322.55,322.7,322.35,322.7,9625
2025-08-13 14:00:00,322.65,322.7,322.05,322.2,14161
2025-08-13 14:05:00,322.2,322.55,322.05,322.5,17313
2025-08-13 14:10:00,322.55,322.65,322.4,322.5,19050
2025-08-13 14:15:00,322.55,322.55,322.05,322.25,13372
2025-08-13 14:20:00,322.25,322.25,321.9,321.95,16248
2025-08-13 14:25:00,321.9,322.9,321.9,322.4,39885
2025-08-13 14:30:00,322.4,322.65,322.2,322.65,12320
2025-08-13 14:35:00,322.6,322.85,322.1,322.5,48948
2025-08-13 14:40:00,322.6,322.7,322.1,322.3,57980
2025-08-13 14:45:00,322.35,322.8,322.3,322.8,14961
2025-08-13 14:50:00,322.8,323.0,322.6,322.95,16864
2025-08-13 14:55:00,322.95,323.2,322.25,323.0,95029
2025-08-13 15:00:00,322.9,323.1,322.3,322.5,61678
2025-08-13 15:05:00,322.5,322.65,322.4,322.5,49191
2025-08-13 15:10:00,322.5,322.65,322.2,322.3,51623
2025-08-13 15:15:00,322.3,322.3,322.05,322.1,101867
2025-08-13 15:20:00,322.15,323.1,321.6,322.9,142965
2025-08-13 15:25:00,322.9,323.7,322.8,323.7,72285
2025-08-14 09:15:00,327.0,331.4,324.2,324.9,1945446
2025-08-14 09:20:00,324.9,324.95,323.0,323.85,618525
2025-08-14 09:25:00,323.85,323.85,321.35,321.7,421885
2025-08-14 09:30:00,321.65,323.65,321.3,323.45,317950
2025-08-14 09:35:00,323.5,324.25,322.8,323.75,261895
2025-08-14 09:40:00,323.7,323.75,321.3,321.45,326710
2025-08-14 09:45:00,321.4,321.6,320.65,321.35,252069
2025-08-14 09:50:00,321.35,321.65,319.65,320.5,245974
2025-08-14 09:55:00,320.4,320.9,319.85,320.3,250698
2025-08-14 10:00:00,320.3,320.6,319.4,320.05,128520
2025-08-14 10:05:00,320.05,321.1,319.75,320.7,93326
2025-08-14 10:10:00,320.7,320.7,320.05,320.25,64171
2025-08-14 10:15:00,320.35,320.35,319.3,319.5,94847
2025-08-14 10:20:00,319.5,321.15,319.0,321.05,219840
2025-08-14 10:25:00,321.05,322.1,320.75,321.1,123731
2025-08-14 10:30:00,321.1,321.15,320.3,320.45,47547
2025-08-14 10:35:00,320.45,320.55,319.7,320.15,60496
2025-08-14 10:40:00,320.15,320.15,319.75,320.0,44588
2025-08-14 10:45:00,320.0,320.0,319.8,319.8,49914
2025-08-14 10:50:00,319.8,319.9,319.5,319.5,84849
2025-08-14 10:55:00,319.5,320.2,319.3,319.9,60793
2025-08-14 11:00:00,319.9,320.05,319.6,319.8,34094
2025-08-14 11:05:00,319.7,319.7,319.3,319.4,43514
2025-08-14 11:10:00,319.4,319.55,319.2,319.35,52618
2025-08-14 11:15:00,319.3,319.6,319.3,319.45,51636
2025-08-14 11:20:00,319.45,319.45,319.2,319.3,68020
2025-08-14 11:25:00,319.35,320.35,319.2,320.35,60647
2025-08-14 11:30:00,320.2,320.25,319.65,320.05,38813
2025-08-14 11:35:00,320.0,320.0,319.5,319.5,16010
2025-08-14 11:40:00,319.5,319.55,319.25,319.3,62500
2025-08-14 11:45:00,319.3,319.45,319.25,319.3,55440
2025-08-14 11:50:00,319.4,320.0,319.35,319.8,28322
2025-08-14 11:55:00,319.8,320.95,319.75,320.7,126344
2025-08-14 12:00:00,320.7,321.0,320.25,321.0,61121
2025-08-14 12:05:00,321.0,321.0,319.95,319.95,81847
2025-08-14 12:10:00,320.0,320.0,318.8,319.3,137540
2025-08-14 12:15:00,319.25,320.05,319.25,320.0,41131
2025-08-14 12:20:00,319.95,320.0,319.65,319.65,22178
2025-08-14 12:25:00,319.65,319.8,319.5,319.7,55882
2025-08-14 12:30:00,319.8,319.95,319.65,319.75,28297
2025-08-14 12:35:00,319.75,319.75,319.6,319.6,17705
2025-08-14 12:40:00,319.65,319.75,319.4,319.6,46643
2025-08-14 12:45:00,319.6,319.65,319.5,319.6,28010
2025-08-14 12:50:00,319.6,319.75,319.6,319.7,9960
2025-08-14 12:55:00,319.7,319.7,319.6,319.6,9324
2025-08-14 13:00:00,319.6,319.7,319.35,319.7,57171
2025-08-14 13:05:00,319.7,319.75,319.3,319.45,23635
2025-08-14 13:10:00,319.45,319.45,319.05,319.1,51994
2025-08-14 13:15:00,319.1,319.25,318.4,318.7,115933
2025-08-14 13:20:00,318.7,318.7,318.05,318.4,76793
2025-08-14 13:25:00,318.3,318.4,317.6,317.8,95775
2025-08-14 13:30:00,317.8,317.8,317.15,317.25,71129
2025-08-14 13:35:00,317.3,318.0,317.2,317.85,78718
2025-08-14 13:40:00,317.75,318.25,317.6,318.2,36201
2025-08-14 13:45:00,318.2,318.5,317.7,317.7,57126
2025-08-14 13:50:00,317.7,318.9,317.7,318.8,61090
2025-08-14 13:55:00,318.85,318.85,318.0,318.3,36218
2025-08-14 14:00:00,318.3,318.65,318.1,318.4,23928
2025-08-14 14:05:00,318.35,318.55,318.0,318.4,41844
2025-08-14 14:10:00,318.4,318.6,317.8,318.2,84926
2025-08-14 14:15:00,318.15,318.2,317.65,317.8,209979
2025-08-14 14:20:00,317.8,318.25,317.6,317.9,65626
2025-08-14 14:25:00,317.9,318.1,317.7,318.1,50287
2025-08-14 14:30:00,318.1,318.4,317.6,318.25,58776
2025-08-14 14:35:00,318.25,318.6,317.95,318.3,75158
2025-08-14 14:40:00,318.15,318.35,317.7,318.05,54930
2025-08-14 14:45:00,318.05,318.2,317.9,318.0,66384
2025-08-14 14:50:00,318.0,318.3,317.8,318.2,72966
2025-08-14 14:55:00,318.2,318.4,317.95,318.0,112840
2025-08-14 15:00:00,318.05,318.3,317.4,317.5,256887
2025-08-14 15:05:00,317.55,318.2,317.55,318.05,268755
2025-08-14 15:10:00,318.05,318.6,317.95,317.95,411296
2025-08-14 15:15:00,318.0,318.2,317.6,317.95,410620
2025-08-14 15:20:00,318.0,318.4,317.7,318.0,427277
2025-08-14 15:25:00,317.85,318.6,317.8,318.0,201088
2025-08-18 09:15:00,321.0,321.05,315.1,315.5,791075
2025-08-18 09:20:00,315.6,316.7,314.7,315.15,286340
2025-08-18 09:25:00,315.0,315.5,313.55,314.15,217841
2025-08-18 09:30:00,314.3,314.5,313.35,314.0,187177
2025-08-18 09:35:00,313.95,314.6,313.85,314.1,118661
2025-08-18 09:40:00,314.25,314.3,313.65,313.75,85133
2025-08-18 09:45:00,313.8,314.45,313.65,314.45,90354
2025-08-18 09:50:00,314.4,315.3,314.0,314.6,241705
2025-08-18 09:55:00,314.5,314.5,313.8,314.0,66117
2025-08-18 10:00:00,313.85,314.2,313.85,314.1,52499
2025-08-18 10:05:00,314.05,314.8,314.05,314.5,82792
2025-08-18 10:10:00,314.6,315.1,314.4,315.1,116747
2025-08-18 10:15:00,315.0,315.15,314.7,314.9,115480
2025-08-18 10:20:00,314.85,315.5,314.75,315.3,112448
2025-08-18 10:25:00,315.35,315.5,315.3,315.3,88924
2025-08-18 10:30:00,315.3,315.5,315.05,315.05,67584
2025-08-18 10:35:00,315.05,315.3,315.05,315.05,73548
2025-08-18 10:40:00,315.05,315.25,315.05,315.15,63048
2025-08-18 10:45:00,315.0,315.25,315.0,315.15,129049
2025-08-18 10:50:00,315.1,315.1,314.0,314.2,95668
2025-08-18 10:55:00,314.1,314.45,314.1,314.2,42070
2025-08-18 11:00:00,314.2,314.55,314.15,314.3,42023
2025-08-18 11:05:00,314.25,315.2,313.95,315.15,137392
2025-08-18 11:10:00,315.0,315.2,314.7,314.85,42073
2025-08-18 11:15:00,314.85,315.15,314.7,315.0,68336
2025-08-18 11:20:00,314.95,315.25,314.9,315.0,48936
2025-08-18 11:25:00,315.0,315.05,314.7,314.7,43107
2025-08-18 11:30:00,314.75,314.9,314.25,314.35,40987
2025-08-18 11:35:00,314.35,314.4,313.5,314.0,178515
2025-08-18 11:40:00,314.0,314.65,313.8,314.35,43193
2025-08-18 11:45:00,314.3,314.35,313.85,314.2,32301
2025-08-18 11:50:00,314.2,314.4,314.2,314.2,15584
2025-08-18 11:55:00,314.2,314.35,314.0,314.15,29807
2025-08-18 12:00:00,314.15,314.55,314.15,314.5,40310
2025-08-18 12:05:00,314.45,314.55,314.25,314.35,22503
2025-08-18 12:10:00,314.25,314.35,313.4,313.4,68788
2025-08-18 12:15:00,313.45,313.5,313.15,313.25,66567
2025-08-18 12:20:00,313.3,313.35,313.1,313.2,21761
2025-08-18 12:25:00,313.2,313.3,313.0,313.25,81748
2025-08-18 12:30:00,313.3,313.3,313.0,313.0,19621
2025-08-18 12:35:00,313.05,313.1,312.45,312.8,56596
2025-08-18 12:40:00,312.85,313.0,312.8,312.95,31134
2025-08-18 12:45:00,313.0,313.35,313.0,313.25,73101
2025-08-18 12:50:00,313.35,313.45,313.25,313.45,30066
2025-08-18 12:55:00,313.4,313.8,313.35,313.75,36177
2025-08-18 13:00:00,313.8,313.85,313.45,313.65,93065
2025-08-18 13:05:00,313.65,314.3,313.55,314.3,237805
2025-08-18 13:10:00,314.3,314.3,313.8,314.05,134392
2025-08-18 13:15:00,314.1,314.3,314.05,314.3,65708
2025-08-18 13:20:00,314.25,314.4,313.75,313.95,223703
2025-08-18 13:25:00,313.8,313.95,313.1,313.2,44887
2025-08-18 13:30:00,313.15,314.0,313.1,313.4,80195
2025-08-18 13:35:00,313.4,313.5,313.1,313.3,22907
2025-08-18 13:40:00,313.3,313.6,313.25,313.4,20780
2025-08-18 13:45:00,313.45,313.5,313.25,313.4,10351
2025-08-18 13:50:00,313.4,313.55,313.35,313.45,13949
2025-08-18 13:55:00,313.45,313.95,313.45,313.95,72712
2025-08-18 14:00:00,313.95,314.25,313.9,314.0,43244
2025-08-18 14:05:00,314.0,314.2,313.8,314.05,126554
2025-08-18 14:10:00,314.15,314.2,313.9,314.0,98778
2025-08-18 14:15:00,314.0,314.1,313.9,314.05,98570
2025-08-18 14:20:00,314.05,314.05,313.95,313.95,48342
2025-08-18 14:25:00,314.0,314.0,313.55,313.75,41441
2025-08-18 14:30:00,313.85,314.0,313.8,313.9,60880
2025-08-18 14:35:00,313.9,313.9,313.5,313.7,32132
2025-08-18 14:40:00,313.7,314.0,313.3,313.35,118522
2025-08-18 14:45:00,313.3,313.5,313.15,313.35,83399
2025-08-18 14:50:00,313.4,313.55,312.95,313.2,233330
2025-08-18 14:55:00,313.1,313.85,313.1,313.75,149350
2025-08-18 15:00:00,313.8,313.95,313.5,313.6,371769
2025-08-18 15:05:00,313.5,313.85,313.4,313.75,196667
2025-08-18 15:10:00,313.7,313.85,313.55,313.7,182413
2025-08-18 15:15:00,313.65,314.3,313.65,314.15,350091
2025-08-18 15:20:00,314.15,314.8,314.1,314.4,268128
2025-08-18 15:25:00,314.4,315.1,314.1,314.1,171673
2025-08-19 09:15:00,315.2,317.1,314.5,315.65,192103
2025-08-19 09:20:00,315.8,315.8,314.9,314.95,88248
2025-08-19 09:25:00,314.9,315.1,313.05,313.6,139054
2025-08-19 09:30:00,313.5,314.9,313.5,314.75,86559
2025-08-19 09:35:00,314.75,314.75,314.1,314.55,37217
2025-08-19 09:40:00,314.55,314.8,312.7,314.45,543081
2025-08-19 09:45:00,314.45,315.6,314.45,315.5,95081
2025-08-19 09:50:00,315.5,316.3,315.5,316.1,91634
2025-08-19 09:55:00,316.1,316.25,315.75,315.75,33760
2025-08-19 10:00:00,315.9,316.15,315.8,315.9,37899
2025-08-19 10:05:00,316.1,316.15,315.9,316.1,57213
2025-08-19 10:10:00,316.1,317.4,315.95,317.1,95518
2025-08-19 10:15:00,317.15,318.3,317.0,318.0,86751
2025-08-19 10:20:00,317.85,318.5,317.8,318.2,48947
2025-08-19 10:25:00,318.1,318.25,317.6,317.7,39911
2025-08-19 10:30:00,317.65,318.0,317.5,317.9,39621
2025-08-19 10:35:00,317.85,318.0,316.6,317.4,131857
2025-08-19 10:40:00,317.35,317.4,316.65,316.7,26955
2025-08-19 10:45:00,316.8,317.1,316.7,316.9,29607
2025-08-19 10:50:00,317.1,317.6,317.0,317.15,64467
2025-08-19 10:55:00,317.05,317.45,317.0,317.4,30820
2025-08-19 11:00:00,317.35,318.25,317.35,317.85,54063
2025-08-19 11:05:00,317.85,318.3,317.15,317.95,132102
2025-08-19 11:10:00,317.95,317.95,317.5,317.55,31586
2025-08-19 11:15:00,317.55,317.7,317.4,317.6,21236
2025-08-19 11:20:00,317.6,317.7,317.15,317.6,33205
2025-08-19 11:25:00,317.6,317.7,317.25,317.4,21242
2025-08-19 11:30:00,317.45,317.7,317.4,317.55,16330
2025-08-19 11:35:00,317.55,317.7,317.5,317.7,21783
2025-08-19 11:40:00,317.65,317.95,317.65,317.9,31446
2025-08-19 11:45:00,317.85,317.9,317.6,317.85,28811
2025-08-19 11:50:00,317.85,318.0,317.75,317.95,20367
2025-08-19 11:55:00,317.95,318.15,317.8,318.05,83476
2025-08-19 12:00:00,318.1,318.1,317.7,317.85,22931
2025-08-19 12:05:00,317.95,318.05,317.85,317.9,16898
2025-08-19 12:10:00,317.85,318.1,317.8,317.95,25247
2025-08-19 12:15:00,317.95,318.15,317.8,317.9,28275
2025-08-19 12:20:00,317.9,317.9,317.5,317.6,18420
2025-08-19 12:25:00,317.55,318.0,317.55,317.9,21734
2025-08-19 12:30:00,318.0,318.05,317.9,318.05,19728
2025-08-19 12:35:00,318.0,318.05,317.7,317.85,21505
2025-08-19 12:40:00,317.85,317.85,317.55,317.6,32361
2025-08-19 12:45:00,317.75,317.8,317.0,317.15,97885
2025-08-19 12:50:00,317.3,317.35,317.1,317.2,22228
2025-08-19 12:55:00,317.35,317.45,317.0,317.05,23505
2025-08-19 13:00:00,317.2,318.05,317.2,317.95,43427
2025-08-19 13:05:00,317.95,318.05,317.2,317.5,25861
2025-08-19 13:10:00,317.35,317.8,317.3,317.8,8203
2025-08-19 13:15:00,317.85,317.9,317.7,317.9,14184
2025-08-19 13:20:00,317.9,318.3,317.85,318.2,42445
2025-08-19 13:25:00,318.3,318.5,318.25,318.45,42562
2025-08-19 13:30:00,318.5,318.95,318.45,318.7,30770
2025-08-19 13:35:00,318.8,319.05,318.7,318.8,34994
2025-08-19 13:40:00,318.9,319.1,318.75,318.95,23661
2025-08-19 13:45:00,319.1,319.15,318.95,319.0,18534
2025-08-19 13:50:00,319.1,319.15,318.5,318.7,49830
2025-08-19 13:55:00,318.75,318.8,318.6,318.75,10454
2025-08-19 14:00:00,318.75,319.0,318.75,318.9,16136
2025-08-19 14:05:00,318.9,319.0,318.85,318.9,15249
2025-08-19 14:10:00,318.95,319.15,318.8,318.8,26583
2025-08-19 14:15:00,318.95,320.15,318.8,320.0,88410
2025-08-19 14:20:00,320.0,320.75,319.95,320.45,49513
2025-08-19 14:25:00,320.35,320.8,320.2,320.75,32893
2025-08-19 14:30:00,320.75,321.0,320.75,320.75,44814
2025-08-19 14:35:00,320.75,320.95,320.7,320.9,58546
2025-08-19 14:40:00,320.95,321.2,320.7,320.7,35140
2025-08-19 14:45:00,320.85,321.0,320.6,320.95,23683
2025-08-19 14:50:00,320.95,321.0,320.25,320.4,42466
2025-08-19 14:55:00,320.5,320.9,320.45,320.9,21776
2025-08-19 15:00:00,320.85,321.4,320.8,321.3,91023
2025-08-19 15:05:00,321.25,321.3,320.9,321.05,78349
2025-08-19 15:10:00,320.8,320.95,320.75,320.95,70348
2025-08-19 15:15:00,320.9,321.95,320.9,321.95,186794
2025-08-19 15:20:00,321.85,322.2,321.7,321.75,168830
2025-08-19 15:25:00,321.75,322.0,321.45,321.9,92399
2025-08-20 09:15:00,320.0,322.4,319.95,319.95,141518
2025-08-20 09:20:00,320.2,320.35,319.75,319.9,68548
2025-08-20 09:25:00,319.9,319.95,319.2,319.3,41251
2025-08-20 09:30:00,319.4,320.15,319.3,320.15,42538
2025-08-20 09:35:00,320.0,320.3,319.25,319.25,36683
2025-08-20 09:40:00,319.35,319.8,319.15,319.6,40812
2025-08-20 09:45:00,319.55,320.5,319.5,320.3,36860
2025-08-20 09:50:00,320.3,320.45,319.8,319.8,15965
2025-08-20 09:55:00,319.8,320.0,319.75,319.9,16901
2025-08-20 10:00:00,319.9,320.1,319.8,319.95,24800
2025-08-20 10:05:00,320.0,320.35,319.9,320.1,21753
2025-08-20 10:10:00,320.05,320.3,319.9,320.05,19637
2025-08-20 10:15:00,320.1,320.45,320.05,320.35,16305
2025-08-20 10:20:00,320.4,320.5,320.3,320.35,17169
2025-08-20 10:25:00,320.3,320.4,319.95,320.0,12814
2025-08-20 10:30:00,319.95,320.05,319.9,319.95,7863
2025-08-20 10:35:00,319.95,320.05,319.8,319.9,15015
2025-08-20 10:40:00,319.9,320.25,319.9,319.9,20399
2025-08-20 10:45:00,319.9,320.05,319.9,320.05,10655
2025-08-20 10:50:00,320.05,320.1,319.9,319.95,23810
2025-08-20 10:55:00,319.95,320.25,319.9,320.05,14635
2025-08-20 11:00:00,320.05,320.4,319.9,320.35,42815
2025-08-20 11:05:00,320.35,320.45,320.25,320.3,12611
2025-08-20 11:10:00,320.3,320.35,319.6,319.65,19131
2025-08-20 11:15:00,319.65,319.7,319.5,319.55,12735
2025-08-20 11:20:00,319.5,319.65,319.05,319.05,27445
2025-08-20 11:25:00,319.05,319.3,319.0,319.3,30584
2025-08-20 11:30:00,319.25,319.5,319.2,319.35,26538
2025-08-20 11:35:00,319.35,319.5,319.1,319.1,23829
2025-08-20 11:40:00,319.1,319.6,319.05,319.5,30001
2025-08-20 11:45:00,319.55,320.0,319.5,319.95,14898
2025-08-20 11:50:00,320.0,320.9,319.9,320.4,40727
2025-08-20 11:55:00,320.4,320.6,320.25,320.3,18740
2025-08-20 12:00:00,320.35,320.4,320.05,320.2,19305
2025-08-20 12:05:00,320.2,320.25,320.05,320.15,16567
2025-08-20 12:10:00,320.15,320.35,320.15,320.3,16696
2025-08-20 12:15:00,320.35,321.25,320.3,321.15,80189
2025-08-20 12:20:00,321.15,321.9,321.05,321.75,50679
2025-08-20 12:25:00,321.7,322.15,321.6,321.95,89253
2025-08-20 12:30:00,321.95,322.45,321.7,322.25,160826
2025-08-20 12:35:00,322.25,322.5,322.1,322.15,100043
2025-08-20 12:40:00,322.1,322.3,321.65,321.7,136114
2025-08-20 12:45:00,321.75,322.05,321.7,321.95,59356
2025-08-20 12:50:00,321.95,322.15,321.9,322.0,39159
2025-08-20 12:55:00,322.0,322.0,321.8,321.9,42871
2025-08-20 13:00:00,321.85,322.0,321.7,322.0,32393
2025-08-20 13:05:00,322.0,322.0,321.65,321.8,59510
2025-08-20 13:10:00,321.9,322.15,321.7,322.15,52091
2025-08-20 13:15:00,322.1,322.1,321.85,322.0,51933
2025-08-20 13:20:00,321.95,322.0,321.5,321.6,35900
2025-08-20 13:25:00,321.5,321.65,320.85,320.85,49198
2025-08-20 13:30:00,320.9,321.0,320.85,321.0,15604
2025-08-20 13:35:00,321.0,321.45,320.9,321.45,93089
2025-08-20 13:40:00,321.65,321.85,321.5,321.85,28288
2025-08-20 13:45:00,321.85,321.85,321.35,321.6,22784
2025-08-20 13:50:00,321.5,321.65,321.4,321.6,27305
2025-08-20 13:55:00,321.6,321.6,321.15,321.2,27682
2025-08-20 14:00:00,321.2,321.3,320.95,320.95,48487
2025-08-20 14:05:00,321.0,321.0,320.95,321.0,21986
2025-08-20 14:10:00,320.95,321.05,320.85,321.0,47774
2025-08-20 14:15:00,321.0,321.0,320.85,321.0,10260
2025-08-20 14:20:00,321.0,321.05,320.55,320.95,75824
2025-08-20 14:25:00,321.0,321.0,320.95,320.95,19834
2025-08-20 14:30:00,321.0,321.0,320.55,320.75,69023
2025-08-20 14:35:00,320.75,321.2,320.6,320.8,148878
2025-08-20 14:40:00,320.95,321.0,320.6,320.75,73627
2025-08-20 14:45:00,320.75,320.8,320.35,320.4,36766
2025-08-20 14:50:00,320.5,320.65,320.3,320.5,82361
2025-08-20 14:55:00,320.45,320.55,320.2,320.5,52796
2025-08-20 15:00:00,320.5,320.5,320.15,320.3,78326
2025-08-20 15:05:00,320.35,320.45,320.2,320.25,71691
2025-08-20 15:10:00,320.15,320.2,319.8,320.0,316314
2025-08-20 15:15:00,320.1,320.1,319.75,319.9,107759
2025-08-20 15:20:00,319.9,319.95,319.6,319.65,85877
2025-08-20 15:25:00,319.65,320.0,319.25,319.8,68491
2025-08-21 09:15:00,321.05,322.0,320.4,321.95,88697
2025-08-21 09:20:00,321.95,323.0,321.85,322.55,82838
2025-08-21 09:25:00,322.45,322.5,321.6,321.9,57710
2025-08-21 09:30:00,322.0,322.35,321.65,321.95,45025
2025-08-21 09:35:00,321.95,322.0,321.6,321.75,17189
2025-08-21 09:40:00,321.85,322.0,321.65,321.75,31423
2025-08-21 09:45:00,321.85,322.0,321.7,322.0,11567
2025-08-21 09:50:00,322.0,322.0,321.7,321.85,17194
2025-08-21 09:55:00,321.95,322.2,321.8,322.15,23146
2025-08-21 10:00:00,322.15,322.35,322.1,322.1,16332
2025-08-21 10:05:00,322.0,322.1,321.8,321.9,20750
2025-08-21 10:10:00,321.8,322.0,321.55,321.85,22577
2025-08-21 10:15:00,322.0,322.0,321.85,321.85,14157
2025-08-21 10:20:00,321.8,321.8,321.4,321.45,15767
2025-08-21 10:25:00,321.45,321.55,321.05,321.5,83829
2025-08-21 10:30:00,321.45,323.5,321.45,323.35,293500
2025-08-21 10:35:00,323.55,323.8,323.15,323.3,108460
2025-08-21 10:40:00,323.2,323.35,323.1,323.2,52961
2025-08-21 10:45:00,323.2,323.4,323.1,323.3,60878
2025-08-21 10:50:00,323.4,323.55,322.8,323.25,67979
2025-08-21 10:55:00,323.25,323.4,323.0,323.25,47355
2025-08-21 11:00:00,323.2,323.5,322.35,322.6,173613
2025-08-21 11:05:00,322.6,322.9,322.45,322.9,55855
2025-08-21 11:10:00,322.8,323.0,322.7,322.95,43719
2025-08-21 11:15:00,322.9,323.0,322.75,322.95,42357
2025-08-21 11:20:00,322.95,323.0,322.75,322.9,45509
2025-08-21 11:25:00,322.9,323.0,322.25,322.3,59415
2025-08-21 11:30:00,322.15,322.3,321.6,321.9,42628
2025-08-21 11:35:00,321.9,321.95,321.5,321.7,16024
2025-08-21 11:40:00,321.65,321.85,321.55,321.8,11721
2025-08-21 11:45:00,321.8,322.0,321.65,322.0,26334
2025-08-21 11:50:00,321.95,321.95,321.75,321.95,8462
2025-08-21 11:55:00,321.95,321.95,321.7,321.85,4866
2025-08-21 12:00:00,321.85,321.85,321.3,321.35,40328
2025-08-21 12:05:00,321.35,321.4,321.05,321.1,17968
2025-08-21 12:10:00,321.1,321.15,320.8,320.85,39976
2025-08-21 12:15:00,320.9,320.9,320.75,320.8,10725
2025-08-21 12:20:00,320.9,320.9,320.75,320.75,26023
2025-08-21 12:25:00,320.75,320.9,320.4,320.6,16635
2025-08-21 12:30:00,320.6,320.6,319.85,320.6,131042
2025-08-21 12:35:00,320.6,320.6,319.95,320.0,401045
2025-08-21 12:40:00,319.9,320.05,319.4,319.7,30332
2025-08-21 12:45:00,319.7,320.0,319.55,319.8,16678
2025-08-21 12:50:00,319.7,319.95,319.7,319.8,6343
2025-08-21 12:55:00,319.8,319.9,319.4,319.6,15751
2025-08-21 13:00:00,319.6,320.0,319.5,319.75,27714
2025-08-21 13:05:00,319.75,319.9,319.7,319.85,6819
2025-08-21 13:10:00,319.85,319.85,319.6,319.6,7031
2025-08-21 13:15:00,319.6,319.8,319.6,319.65,9590
2025-08-21 13:20:00,319.65,319.8,319.6,319.75,6452
2025-08-21 13:25:00,319.75,319.8,319.6,319.75,6269
2025-08-21 13:30:00,319.7,319.8,319.6,319.75,4442
2025-08-21 13:35:00,319.75,319.75,319.5,319.6,7147
2025-08-21 13:40:00,319.55,319.6,318.75,319.15,30906
2025-08-21 13:45:00,319.2,319.65,319.15,319.6,11692
2025-08-21 13:50:00,319.4,320.8,319.4,320.35,115587
2025-08-21 13:55:00,320.45,320.55,320.3,320.55,14908
2025-08-21 14:00:00,320.55,320.55,320.05,320.1,23264
2025-08-21 14:05:00,320.1,320.4,320.1,320.25,19029
2025-08-21 14:10:00,320.2,320.25,320.05,320.15,4180
2025-08-21 14:15:00,320.15,320.15,319.9,319.95,10609
2025-08-21 14:20:00,319.95,320.1,319.6,319.85,17478
2025-08-21 14:25:00,319.8,320.05,319.75,319.9,8698
2025-08-21 14:30:00,319.75,320.35,319.75,320.1,35147
2025-08-21 14:35:00,320.1,320.1,319.75,319.9,7459
2025-08-21 14:40:00,319.95,320.3,319.8,320.0,42899
2025-08-21 14:45:00,320.1,320.1,319.7,320.0,16882
2025-08-21 14:50:00,320.0,320.15,319.85,319.9,15284
2025-08-21 14:55:00,319.9,320.15,319.9,320.15,19804
2025-08-21 15:00:00,320.15,320.15,319.75,319.8,30436
2025-08-21 15:05:00,319.8,320.05,319.75,320.0,57136
2025-08-21 15:10:00,320.05,320.25,320.0,320.15,59482
2025-08-21 15:15:00,320.15,320.15,319.45,319.45,416531
2025-08-21 15:20:00,319.6,320.25,319.55,320.05,187188
2025-08-21 15:25:00,320.05,320.25,319.85,320.05,107341
2025-08-22 09:15:00,320.2,320.35,319.2,319.4,74314
2025-08-22 09:20:00,319.45,319.45,318.15,318.3,43488
2025-08-22 09:25:00,318.3,318.5,317.45,317.7,68612
2025-08-22 09:30:00,317.6,317.7,316.9,317.25,53113
2025-08-22 09:35:00,317.25,317.45,316.85,317.3,42666
2025-08-22 09:40:00,317.15,317.2,316.75,317.0,30325
2025-08-22 09:45:00,317.0,317.25,316.25,316.45,48421
2025-08-22 09:50:00,316.45,317.3,316.45,317.25,14014
2025-08-22 09:55:00,317.3,317.8,316.75,317.7,31113
2025-08-22 10:00:00,317.7,318.4,317.7,318.4,57928
2025-08-22 10:05:00,318.4,318.65,318.3,318.35,21030
2025-08-22 10:10:00,318.5,318.5,317.95,318.3,33162
2025-08-22 10:15:00,318.3,318.3,317.8,318.0,28591
2025-08-22 10:20:00,318.0,318.1,317.65,318.1,20017
2025-08-22 10:25:00,318.1,318.15,317.85,317.85,16505
2025-08-22 10:30:00,318.0,318.0,317.55,317.75,25007
2025-08-22 10:35:00,317.7,317.95,317.55,317.75,35986
2025-08-22 10:40:00,317.75,317.75,317.35,317.65,33076
2025-08-22 10:45:00,317.6,317.6,317.15,317.4,18809
2025-08-22 10:50:00,317.4,317.5,317.2,317.4,8254
2025-08-22 10:55:00,317.4,317.5,317.2,317.35,16030
2025-08-22 11:00:00,317.35,317.6,317.15,317.35,9826
2025-08-22 11:05:00,317.35,317.65,317.35,317.6,32678
2025-08-22 11:10:00,317.5,317.65,317.25,317.4,40969
2025-08-22 11:15:00,317.4,317.55,317.2,317.4,15043
2025-08-22 11:20:00,317.45,318.4,317.4,318.1,76832
2025-08-22 11:25:00,318.0,318.35,317.95,318.15,15801
2025-08-22 11:30:00,318.15,318.3,318.05,318.25,12078
2025-08-22 11:35:00,318.2,318.25,317.9,318.15,15571
2025-08-22 11:40:00,318.15,318.2,317.9,318.05,11659
2025-08-22 11:45:00,318.05,318.2,317.9,318.15,18323
2025-08-22 11:50:00,318.15,318.3,317.9,318.25,16595
2025-08-22 11:55:00,318.25,318.35,318.0,318.2,8688
2025-08-22 12:00:00,318.3,318.35,317.45,317.75,43222
2025-08-22 12:05:00,317.6,317.95,317.5,317.75,17333
2025-08-22 12:10:00,317.75,317.9,317.45,317.7,20608
2025-08-22 12:15:00,317.7,317.7,317.3,317.5,17660
2025-08-22 12:20:00,317.5,317.65,317.3,317.65,11082
2025-08-22 12:25:00,317.65,317.8,317.5,317.75,22598
2025-08-22 12:30:00,317.75,317.85,317.55,317.75,12411
2025-08-22 12:35:00,317.75,317.85,317.55,317.7,12137
2025-08-22 12:40:00,317.7,317.7,317.35,317.45,3866
2025-08-22 12:45:00,317.45,317.55,317.3,317.5,25268
2025-08-22 12:50:00,317.5,317.5,317.25,317.45,8301
2025-08-22 12:55:00,317.45,317.45,317.05,317.25,18014
2025-08-22 13:00:00,317.25,317.5,317.1,317.35,22962
2025-08-22 13:05:00,317.35,317.35,317.05,317.3,16684
2025-08-22 13:10:00,317.25,317.35,316.55,316.65,26371
2025-08-22 13:15:00,316.65,316.8,316.55,316.65,10799
2025-08-22 13:20:00,316.65,316.75,315.75,315.95,76528
2025-08-22 13:25:00,315.95,316.3,315.95,316.2,6313
2025-08-22 13:30:00,316.3,316.35,316.1,316.1,6213
2025-08-22 13:35:00,316.1,316.25,316.05,316.05,6123
2025-08-22 13:40:00,316.05,316.25,316.0,316.0,18277
2025-08-22 13:45:00,316.1,316.15,315.8,315.85,24547
2025-08-22 13:50:00,315.85,316.0,315.8,315.85,11142
2025-08-22 13:55:00,315.9,316.05,315.8,315.8,19009
2025-08-22 14:00:00,315.8,315.9,315.25,315.25,36203
2025-08-22 14:05:00,315.25,315.35,315.1,315.2,33487
2025-08-22 14:10:00,315.2,315.35,315.0,315.05,33353
2025-08-22 14:15:00,315.05,315.15,314.85,315.0,48685
2025-08-22 14:20:00,315.0,315.2,314.9,315.0,25578
2025-08-22 14:25:00,315.0,315.1,314.7,314.75,35637
2025-08-22 14:30:00,314.75,315.3,314.75,315.15,116052
2025-08-22 14:35:00,315.15,315.3,315.1,315.15,72638
2025-08-22 14:40:00,315.15,315.65,315.15,315.5,41730
2025-08-22 14:45:00,315.5,315.9,315.4,315.8,52348
2025-08-22 14:50:00,315.8,316.55,315.8,316.5,120734
2025-08-22 14:55:00,316.5,316.6,316.2,316.2,78812
2025-08-22 15:00:00,316.2,316.3,315.85,316.0,193790
2025-08-22 15:05:00,316.05,316.65,316.0,316.6,103443
2025-08-22 15:10:00,316.7,316.85,316.25,316.4,119195
2025-08-22 15:15:00,316.5,316.55,316.35,316.35,89535
2025-08-22 15:20:00,316.35,316.85,316.3,316.55,228646
2025-08-22 15:25:00,316.5,317.0,316.5,317.0,123549
2025-08-25 09:15:00,318.95,318.95,315.75,316.3,136947
2025-08-25 09:20:00,316.05,316.35,315.15,315.45,50922
2025-08-25 09:25:00,315.35,315.6,315.0,315.25,46442
2025-08-25 09:30:00,315.3,315.5,314.6,314.8,36298
2025-08-25 09:35:00,314.8,315.4,314.75,315.2,28178
2025-08-25 09:40:00,315.2,315.3,315.0,315.05,21692
2025-08-25 09:45:00,315.05,315.85,315.0,315.7,31489
2025-08-25 09:50:00,315.8,316.0,315.4,315.55,27005
2025-08-25 09:55:00,315.55,315.7,315.2,315.2,13709
2025-08-25 10:00:00,315.25,315.8,315.25,315.6,34429
2025-08-25 10:05:00,315.6,315.65,315.25,315.55,11367
2025-08-25 10:10:00,315.55,315.65,315.35,315.45,13704
2025-08-25 10:15:00,315.45,315.55,314.9,315.4,39465
2025-08-25 10:20:00,315.4,315.5,315.2,315.35,11803
2025-08-25 10:25:00,315.35,315.5,315.15,315.15,15855
2025-08-25 10:30:00,315.15,315.3,314.75,314.8,22680
2025-08-25 10:35:00,314.8,315.0,314.75,314.95,9791
2025-08-25 10:40:00,314.8,315.0,314.75,314.85,17377
2025-08-25 10:45:00,314.9,315.0,314.75,314.95,5405
2025-08-25 10:50:00,314.95,315.0,314.85,314.85,9026
2025-08-25 10:55:00,314.85,315.05,314.85,315.0,6720
2025-08-25 11:00:00,315.0,315.1,314.9,315.05,10841
2025-08-25 11:05:00,315.05,315.05,314.5,314.9,30953
2025-08-25 11:10:00,314.8,314.9,314.75,314.85,12653
2025-08-25 11:15:00,314.9,314.9,314.7,314.75,14169
2025-08-25 11:20:00,314.8,314.9,314.7,314.8,10671
2025-08-25 11:25:00,314.7,315.0,314.7,315.0,31902
2025-08-25 11:30:00,315.0,315.65,314.9,315.65,83344
2025-08-25 11:35:00,315.65,315.65,315.2,315.4,84374
2025-08-25 11:40:00,315.4,315.45,315.35,315.45,11022
2025-08-25 11:45:00,315.45,315.45,315.05,315.15,12014
2025-08-25 11:50:00,315.15,315.25,315.05,315.05,5217
2025-08-25 11:55:00,315.2,315.3,315.05,315.3,5846
2025-08-25 12:00:00,315.3,315.3,315.05,315.1,10801
2025-08-25 12:05:00,315.1,315.3,315.05,315.2,20011
2025-08-25 12:10:00,315.2,315.25,315.05,315.1,10870
2025-08-25 12:15:00,315.1,315.25,315.05,315.1,12358
2025-08-25 12:20:00,315.05,315.2,315.05,315.15,15742
2025-08-25 12:25:00,315.05,315.2,314.9,315.05,17923
2025-08-25 12:30:00,314.95,315.55,314.9,315.4,28000
2025-08-25 12:35:00,315.4,316.55,315.35,316.15,104686
2025-08-25 12:40:00,316.2,316.5,316.0,316.3,66906
2025-08-25 12:45:00,316.3,316.65,316.1,316.5,38030
2025-08-25 12:50:00,316.55,316.6,316.1,316.2,30802
2025-08-25 12:55:00,316.3,316.4,316.1,316.2,24500
2025-08-25 13:00:00,316.35,316.4,316.1,316.35,27928
2025-08-25 13:05:00,316.4,316.55,316.2,316.45,24717
2025-08-25 13:10:00,316.4,316.55,316.3,316.45,28911
2025-08-25 13:15:00,316.45,316.65,316.3,316.5,28733
2025-08-25 13:20:00,316.6,316.85,316.5,316.7,25222
2025-08-25 13:25:00,316.75,316.85,316.55,316.7,27131
2025-08-25 13:30:00,316.65,316.8,316.55,316.6,31835
2025-08-25 13:35:00,316.8,316.8,316.55,316.75,29113
2025-08-25 13:40:00,316.75,316.75,316.3,316.65,44972
2025-08-25 13:45:00,316.65,316.8,316.45,316.55,38762
2025-08-25 13:50:00,316.7,317.0,316.55,316.85,30022
2025-08-25 13:55:00,316.95,317.45,316.75,317.2,44021
2025-08-25 14:00:00,317.2,317.4,316.85,316.9,26758
2025-08-25 14:05:00,316.85,317.15,316.5,316.55,45383
2025-08-25 14:10:00,316.55,316.75,316.45,316.55,34769
2025-08-25 14:15:00,316.65,316.75,316.5,316.65,44175
2025-08-25 14:20:00,316.8,317.05,316.5,316.55,53924
2025-08-25 14:25:00,316.55,316.95,316.5,316.7,44611
2025-08-25 14:30:00,316.9,317.0,316.4,316.4,35954
2025-08-25 14:35:00,316.5,316.7,316.4,316.6,35990
2025-08-25 14:40:00,316.55,316.7,316.45,316.55,44173
2025-08-25 14:45:00,316.55,316.75,316.45,316.55,38193
2025-08-25 14:50:00,316.55,317.0,316.5,316.85,69739
2025-08-25 14:55:00,316.85,317.0,316.35,316.5,166048
2025-08-25 15:00:00,316.5,316.5,315.9,315.9,110726
2025-08-25 15:05:00,316.0,316.0,315.7,315.85,43154
2025-08-25 15:10:00,315.85,315.9,315.5,315.65,143609
2025-08-25 15:15:00,315.5,315.9,315.45,315.8,68052
2025-08-25 15:20:00,315.85,315.9,315.55,315.65,85419
2025-08-25 15:25:00,315.55,316.0,315.5,316.0,82204
2025-08-26 09:15:00,317.3,318.3,316.45,316.55,201984
2025-08-26 09:20:00,316.35,316.45,315.6,315.95,99610
2025-08-26 09:25:00,315.9,316.35,315.55,315.6,53902
2025-08-26 09:30:00,315.8,316.7,315.5,315.6,63035
2025-08-26 09:35:00,315.7,315.85,314.75,314.95,73842
2025-08-26 09:40:00,314.95,315.4,314.4,314.8,80992
2025-08-26 09:45:00,314.9,315.0,314.5,315.0,21166
2025-08-26 09:50:00,315.0,315.4,314.7,315.15,30650
2025-08-26 09:55:00,315.15,315.25,314.85,314.9,22766
2025-08-26 10:00:00,315.0,315.0,314.0,314.65,77566
2025-08-26 10:05:00,314.65,315.0,314.35,315.0,26081
2025-08-26 10:10:00,315.0,315.0,314.1,314.55,37963
2025-08-26 10:15:00,314.55,314.55,313.75,314.0,62540
2025-08-26 10:20:00,314.0,314.0,313.45,313.7,67880
2025-08-26 10:25:00,313.6,314.0,313.2,313.6,66119
2025-08-26 10:30:00,313.6,313.8,313.35,313.45,21425
2025-08-26 10:35:00,313.5,313.55,312.7,313.0,98800
2025-08-26 10:40:00,313.0,313.25,312.75,312.8,47665
2025-08-26 10:45:00,312.9,312.95,312.6,312.6,51953
2025-08-26 10:50:00,312.65,313.0,312.5,312.8,47426
2025-08-26 10:55:00,312.8,313.15,312.6,313.0,69113
2025-08-26 11:00:00,313.2,313.3,313.0,313.2,36045
2025-08-26 11:05:00,313.2,313.4,312.95,313.0,39205
2025-08-26 11:10:00,313.0,313.5,312.95,313.45,42828
2025-08-26 11:15:00,313.4,313.65,313.25,313.5,51447
2025-08-26 11:20:00,313.5,313.85,313.45,313.8,30477
2025-08-26 11:25:00,313.7,314.0,313.65,313.8,58580
2025-08-26 11:30:00,313.75,314.35,313.45,314.1,325591
2025-08-26 11:35:00,314.1,314.25,313.9,314.15,53903
2025-08-26 11:40:00,314.1,314.45,313.95,314.05,115454
2025-08-26 11:45:00,314.1,314.25,314.0,314.2,48700
2025-08-26 11:50:00,314.15,314.3,313.95,314.05,33942
2025-08-26 11:55:00,314.2,314.65,314.05,314.4,74169
2025-08-26 12:00:00,314.45,314.55,314.15,314.2,53478
2025-08-26 12:05:00,314.3,314.3,314.1,314.1,38089
2025-08-26 12:10:00,314.1,314.4,314.05,314.3,85343
2025-08-26 12:15:00,314.4,315.65,314.25,314.5,390779
2025-08-26 12:20:00,314.5,314.95,313.6,313.65,799206
2025-08-26 12:25:00,313.65,313.8,313.05,313.35,251587
2025-08-26 12:30:00,313.35,314.2,313.1,314.15,120952
2025-08-26 12:35:00,314.2,314.2,313.7,313.75,137925
2025-08-26 12:40:00,313.8,314.0,313.35,313.75,56238
2025-08-26 12:45:00,313.6,313.85,313.4,313.45,51107
2025-08-26 12:50:00,313.6,313.8,313.35,313.5,93665
2025-08-26 12:55:00,313.35,313.8,313.3,313.8,38935
2025-08-26 13:00:00,313.7,313.8,313.35,313.45,57991
2025-08-26 13:05:00,313.45,313.75,313.4,313.7,42426
2025-08-26 13:10:00,313.55,313.75,313.35,313.45,50898
2025-08-26 13:15:00,313.45,313.75,313.4,313.55,30573
2025-08-26 13:20:00,313.5,313.65,313.35,313.4,46081
2025-08-26 13:25:00,313.6,313.9,313.4,313.8,67815
2025-08-26 13:30:00,313.8,314.4,313.65,314.2,57287
2025-08-26 13:35:00,314.35,314.4,313.5,313.7,74465
2025-08-26 13:40:00,313.7,314.2,313.5,314.1,88364
2025-08-26 13:45:00,314.1,314.25,313.8,314.1,137692
2025-08-26 13:50:00,314.05,314.2,313.9,314.15,63384
2025-08-26 13:55:00,314.15,314.25,313.95,314.0,68262
2025-08-26 14:00:00,314.05,314.3,314.0,314.2,62023
2025-08-26 14:05:00,314.2,314.3,313.8,313.85,72824
2025-08-26 14:10:00,313.85,314.15,313.55,313.7,82432
2025-08-26 14:15:00,313.75,313.9,313.6,313.65,65791
2025-08-26 14:20:00,313.65,313.95,313.65,313.75,80788
2025-08-26 14:25:00,313.75,314.25,313.55,314.25,64460
2025-08-26 14:30:00,314.25,314.25,313.75,313.75,88464
2025-08-26 14:35:00,313.85,314.0,313.7,313.8,77208
2025-08-26 14:40:00,313.95,314.1,313.8,313.95,79628
2025-08-26 14:45:00,313.95,314.1,313.8,313.95,159624
2025-08-26 14:50:00,313.9,314.15,313.55,313.8,296999
2025-08-26 14:55:00,313.7,314.05,313.65,314.0,94362
2025-08-26 15:00:00,313.7,313.8,312.4,312.45,828265
2025-08-26 15:05:00,312.65,312.75,312.0,312.0,537215
2025-08-26 15:10:00,312.05,312.05,311.3,312.05,816581
2025-08-26 15:15:00,312.0,312.05,311.1,311.15,769934
2025-08-26 15:20:00,311.2,312.0,311.05,311.5,928079
2025-08-26 15:25:00,311.5,313.0,311.35,312.9,579573
2025-08-28 09:15:00,315.6,315.6,313.55,313.6,229857
2025-08-28 09:20:00,313.6,313.6,311.5,311.55,127299
2025-08-28 09:25:00,311.4,311.85,311.1,311.2,86580
2025-08-28 09:30:00,311.2,311.45,310.7,310.85,142288
2025-08-28 09:35:00,310.8,310.95,310.45,310.65,116007
2025-08-28 09:40:00,310.6,311.6,310.55,311.3,179891
2025-08-28 09:45:00,311.4,311.7,311.25,311.45,104171
2025-08-28 09:50:00,311.4,311.75,311.3,311.5,94111
2025-08-28 09:55:00,311.45,311.7,311.0,311.65,122560
2025-08-28 10:00:00,311.75,312.55,311.4,312.25,123758
2025-08-28 10:05:00,312.25,312.25,311.5,311.85,136636
2025-08-28 10:10:00,311.85,312.0,311.7,311.8,57216
2025-08-28 10:15:00,311.75,312.05,311.55,311.55,58018
2025-08-28 10:20:00,311.55,311.75,311.4,311.55,71062
2025-08-28 10:25:00,311.55,312.0,311.5,311.9,73292
2025-08-28 10:30:00,311.95,312.4,311.65,312.1,169008
2025-08-28 10:35:00,312.2,312.4,311.9,311.9,169513
2025-08-28 10:40:00,311.95,312.0,311.55,311.65,74441
2025-08-28 10:45:00,311.6,311.95,311.55,311.8,111841
2025-08-28 10:50:00,311.8,312.0,311.55,311.75,93678
2025-08-28 10:55:00,311.75,312.1,311.65,312.0,41810
2025-08-28 11:00:00,312.0,312.1,311.5,311.65,127355
2025-08-28 11:05:00,311.65,311.75,311.25,311.6,75750
2025-08-28 11:10:00,311.55,311.85,311.5,311.7,243916
2025-08-28 11:15:00,311.65,312.2,311.65,312.1,238766
2025-08-28 11:20:00,312.1,312.4,312.1,312.25,131705
2025-08-28 11:25:00,312.25,312.7,312.1,312.6,164180
2025-08-28 11:30:00,312.55,313.35,312.45,312.95,116723
2025-08-28 11:35:00,312.95,313.1,312.35,312.85,89116
2025-08-28 11:40:00,312.9,313.0,312.55,312.6,69678
2025-08-28 11:45:00,312.55,312.75,312.45,312.65,79022
2025-08-28 11:50:00,312.6,312.7,312.5,312.55,66974
2025-08-28 11:55:00,312.6,312.6,312.3,312.45,83711
2025-08-28 12:00:00,312.55,312.9,312.4,312.8,70283
2025-08-28 12:05:00,312.8,313.2,312.75,313.0,93969
2025-08-28 12:10:00,313.0,313.2,312.8,312.8,73481
2025-08-28 12:15:00,312.85,312.9,312.35,312.4,68659
2025-08-28 12:20:00,312.5,312.55,312.3,312.35,91742
2025-08-28 12:25:00,312.35,312.55,312.25,312.45,67904
2025-08-28 12:30:00,312.35,312.45,311.95,312.25,116474
2025-08-28 12:35:00,312.2,312.35,311.85,311.95,72757
2025-08-28 12:40:00,311.9,312.25,311.85,312.05,84424
2025-08-28 12:45:00,312.05,312.45,311.95,312.3,76224
2025-08-28 12:50:00,312.35,312.5,312.25,312.35,70591
2025-08-28 12:55:00,312.4,312.4,312.25,312.3,64637
2025-08-28 13:00:00,312.25,312.25,311.1,311.35,136301
2025-08-28 13:05:00,311.35,311.95,311.3,311.7,86686
2025-08-28 13:10:00,311.8,312.1,311.55,312.0,89208
2025-08-28 13:15:00,311.95,312.1,311.55,311.65,104278
2025-08-28 13:20:00,311.65,311.8,311.5,311.6,80887
2025-08-28 13:25:00,311.6,311.8,311.5,311.7,82561
2025-08-28 13:30:00,311.7,311.95,311.35,311.55,92832
2025-08-28 13:35:00,311.55,311.7,311.15,311.35,75738
2025-08-28 13:40:00,311.35,311.5,310.4,310.6,120761
2025-08-28 13:45:00,310.6,310.7,310.35,310.4,96174
2025-08-28 13:50:00,310.4,310.65,310.3,310.3,82325
2025-08-28 13:55:00,310.35,310.75,310.0,310.55,265881
2025-08-28 14:00:00,310.65,310.95,310.45,310.6,88050
2025-08-28 14:05:00,310.65,310.9,310.5,310.7,75145
2025-08-28 14:10:00,310.7,311.7,310.7,311.35,104600
2025-08-28 14:15:00,311.3,311.9,311.25,311.6,92625
2025-08-28 14:20:00,311.6,311.95,311.55,311.65,85933
2025-08-28 14:25:00,311.65,311.85,311.4,311.6,96058
2025-08-28 14:30:00,311.6,311.75,310.65,310.8,95300
2025-08-28 14:35:00,310.8,311.3,310.75,311.25,103604
2025-08-28 14:40:00,311.25,311.45,310.75,310.85,81038
2025-08-28 14:45:00,310.85,311.05,310.6,310.8,84624
2025-08-28 14:50:00,310.8,310.9,310.6,310.75,73894
2025-08-28 14:55:00,310.75,310.9,310.4,310.85,94628
2025-08-28 15:00:00,310.85,311.2,310.7,311.0,175477
2025-08-28 15:05:00,311.05,311.3,310.55,310.6,315488
2025-08-28 15:10:00,310.6,310.85,310.45,310.55,395861
2025-08-28 15:15:00,310.55,310.75,310.05,310.5,441080
2025-08-28 15:20:00,310.55,311.1,310.5,311.0,187187
2025-08-28 15:25:00,311.05,311.7,310.95,311.65,162872
2025-08-29 09:15:00,310.7,312.3,310.0,310.1,152022
2025-08-29 09:20:00,310.1,310.85,310.1,310.7,43717
2025-08-29 09:25:00,310.75,310.75,309.6,309.6,57763
2025-08-29 09:30:00,309.6,309.85,309.05,309.1,63662
2025-08-29 09:35:00,309.05,309.45,308.1,309.45,71652
2025-08-29 09:40:00,309.45,309.9,309.35,309.35,27921
2025-08-29 09:45:00,309.35,309.4,308.65,308.65,21249
2025-08-29 09:50:00,308.65,308.7,307.45,308.05,223423
2025-08-29 09:55:00,308.05,308.55,307.95,308.5,29064
2025-08-29 10:00:00,308.4,308.6,308.1,308.4,19286
2025-08-29 10:05:00,308.4,308.5,308.05,308.25,23344
2025-08-29 10:10:00,308.2,308.7,308.05,308.45,30381
2025-08-29 10:15:00,308.5,309.0,308.35,308.85,26730
2025-08-29 10:20:00,308.85,309.4,308.65,309.4,21364
2025-08-29 10:25:00,309.4,309.7,309.2,309.3,41023
2025-08-29 10:30:00,309.3,309.9,309.3,309.7,21373
2025-08-29 10:35:00,309.65,310.2,309.5,310.1,31123
2025-08-29 10:40:00,310.05,310.75,310.05,310.55,38913
2025-08-29 10:45:00,310.55,310.65,310.05,310.05,25975
2025-08-29 10:50:00,310.0,310.15,309.75,310.15,47969
2025-08-29 10:55:00,310.15,310.15,309.9,310.1,12800
2025-08-29 11:00:00,310.05,310.7,310.0,310.45,21289
2025-08-29 11:05:00,310.45,310.5,310.05,310.4,17411
2025-08-29 11:10:00,310.4,310.7,310.25,310.3,21153
2025-08-29 11:15:00,310.3,310.65,310.25,310.35,27867
2025-08-29 11:20:00,310.3,310.4,309.5,309.8,38120
2025-08-29 11:25:00,309.9,310.55,309.8,310.4,21762
2025-08-29 11:30:00,310.4,310.85,310.3,310.6,44241
2025-08-29 11:35:00,310.6,310.6,310.05,310.1,16341
2025-08-29 11:40:00,310.1,310.45,310.1,310.3,23660
2025-08-29 11:45:00,310.45,310.45,309.9,309.9,11917
2025-08-29 11:50:00,309.9,310.2,309.9,310.0,10490
2025-08-29 11:55:00,310.0,310.1,309.6,309.8,21469
2025-08-29 12:00:00,309.8,309.8,309.4,309.5,15682
2025-08-29 12:05:00,309.4,310.0,309.4,309.65,17373
2025-08-29 12:10:00,309.65,309.85,309.65,309.8,7906
2025-08-29 12:15:00,309.8,310.15,309.7,310.0,21899
2025-08-29 12:20:00,310.15,310.15,309.9,310.0,9032
2025-08-29 12:25:00,309.9,310.0,309.6,309.6,10252
2025-08-29 12:30:00,309.55,309.55,309.1,309.15,14127
2025-08-29 12:35:00,309.1,309.5,309.0,309.05,18494
2025-08-29 12:40:00,309.15,309.5,308.95,309.0,19916
2025-08-29 12:45:00,308.95,309.35,308.55,308.7,28312
2025-08-29 12:50:00,308.6,308.8,308.45,308.5,49458
2025-08-29 12:55:00,308.45,308.6,308.15,308.15,13269
2025-08-29 13:00:00,308.15,308.3,307.6,307.8,57897
2025-08-29 13:05:00,307.8,308.1,307.55,307.55,32898
2025-08-29 13:10:00,307.6,307.85,307.55,307.8,19201
2025-08-29 13:15:00,307.8,308.3,307.7,307.8,50987
2025-08-29 13:20:00,307.8,308.0,307.7,307.9,20422
2025-08-29 13:25:00,307.9,308.7,307.7,308.65,55236
2025-08-29 13:30:00,308.7,308.9,308.45,308.65,43712
2025-08-29 13:35:00,308.6,308.7,308.45,308.45,36885
2025-08-29 13:40:00,308.55,308.6,308.35,308.4,13571
2025-08-29 13:45:00,308.4,308.45,308.0,308.15,36747
2025-08-29 13:50:00,308.15,308.4,308.15,308.25,23699
2025-08-29 13:55:00,308.35,308.35,307.8,307.85,25846
2025-08-29 14:00:00,307.85,307.95,307.6,307.65,28424
2025-08-29 14:05:00,307.65,308.05,307.5,308.0,23227
2025-08-29 14:10:00,308.0,308.45,307.9,308.4,27105
2025-08-29 14:15:00,308.4,308.5,308.1,308.3,21931
2025-08-29 14:20:00,308.3,309.0,308.05,308.2,51841
2025-08-29 14:25:00,308.2,308.2,307.0,307.1,67902
2025-08-29 14:30:00,307.05,307.85,307.05,307.65,44802
2025-08-29 14:35:00,307.65,307.75,307.25,307.25,41834
2025-08-29 14:40:00,307.25,307.6,307.25,307.3,28597
2025-08-29 14:45:00,307.3,307.85,307.3,307.7,30823
2025-08-29 14:50:00,307.75,307.75,307.5,307.5,33476
2025-08-29 14:55:00,307.6,308.0,307.5,307.9,41985
2025-08-29 15:00:00,307.95,308.4,307.7,308.2,330542
2025-08-29 15:05:00,308.2,308.4,308.0,308.3,209791
2025-08-29 15:10:00,308.25,308.4,307.65,308.05,397430
2025-08-29 15:15:00,308.0,308.4,307.95,307.95,346155
2025-08-29 15:20:00,308.05,308.85,308.05,308.8,385422
2025-08-29 15:25:00,308.85,308.9,307.8,308.55,273542
2025-09-01 09:15:00,308.5,309.0,306.8,307.55,185496
2025-09-01 09:20:00,307.55,308.7,307.25,308.4,128229
2025-09-01 09:25:00,308.4,308.8,308.15,308.65,68931
2025-09-01 09:30:00,308.45,308.6,307.9,308.45,81123
2025-09-01 09:35:00,308.35,308.9,308.3,308.7,57042
2025-09-01 09:40:00,308.5,309.35,308.5,309.3,66295
2025-09-01 09:45:00,309.35,309.9,309.25,309.5,56902
2025-09-01 09:50:00,309.7,310.4,309.4,310.3,66810
2025-09-01 09:55:00,310.45,310.6,309.55,309.7,59027
2025-09-01 10:00:00,309.85,310.05,309.2,309.5,60177
2025-09-01 10:05:00,309.55,309.55,308.9,308.95,49652
2025-09-01 10:10:00,309.05,309.5,308.75,309.3,36789
2025-09-01 10:15:00,309.4,309.4,308.7,309.1,31173
2025-09-01 10:20:00,309.15,309.9,308.8,309.8,46914
2025-09-01 10:25:00,309.9,310.45,309.8,310.3,46688
2025-09-01 10:30:00,310.3,310.4,309.9,310.35,39668
2025-09-01 10:35:00,310.35,310.65,310.15,310.15,43784
2025-09-01 10:40:00,310.15,310.5,310.15,310.5,19954
2025-09-01 10:45:00,310.5,311.0,310.4,310.85,29537
2025-09-01 10:50:00,310.75,311.25,310.75,310.85,30605
2025-09-01 10:55:00,310.95,311.5,310.9,311.4,33214
2025-09-01 11:00:00,311.4,312.0,311.35,311.65,48723
2025-09-01 11:05:00,311.7,311.9,311.15,311.7,82560
2025-09-01 11:10:00,311.7,312.0,311.35,311.5,34834
2025-09-01 11:15:00,311.55,312.2,311.55,311.95,36870
2025-09-01 11:20:00,311.95,312.65,311.95,312.65,29194
2025-09-01 11:25:00,312.65,312.95,312.55,312.95,39278
2025-09-01 11:30:00,312.9,313.35,312.8,313.1,41279
2025-09-01 11:35:00,313.25,313.95,313.1,313.55,51264
2025-09-01 11:40:00,313.55,314.0,313.5,313.75,34394
2025-09-01 11:45:00,313.85,314.15,313.05,313.25,72521
2025-09-01 11:50:00,313.4,313.5,313.05,313.2,29129
2025-09-01 11:55:00,313.15,313.5,313.1,313.35,33028
2025-09-01 12:00:00,313.3,313.9,313.2,313.8,24331
2025-09-01 12:05:00,313.6,313.95,313.55,313.9,31458
2025-09-01 12:10:00,313.9,314.0,313.7,313.9,21755
2025-09-01 12:15:00,313.9,314.0,313.75,313.9,17339
2025-09-01 12:20:00,313.9,314.05,313.75,313.95,18570
2025-09-01 12:25:00,314.05,314.45,313.95,314.2,20789
2025-09-01 12:30:00,314.25,314.4,313.95,314.0,14701
2025-09-01 12:35:00,314.1,314.2,313.95,314.2,17723
2025-09-01 12:40:00,314.1,314.25,313.9,313.95,21241
2025-09-01 12:45:00,313.9,313.9,313.5,313.7,10340
2025-09-01 12:50:00,313.6,313.7,313.45,313.45,6461
2025-09-01 12:55:00,313.5,313.6,313.15,313.35,14319
2025-09-01 13:00:00,313.35,313.5,313.2,313.4,13838
2025-09-01 13:05:00,313.4,313.5,313.3,313.5,5088
2025-09-01 13:10:00,313.4,313.55,313.3,313.5,12390
2025-09-01 13:15:00,313.5,313.8,313.4,313.5,18099
2025-09-01 13:20:00,313.6,313.7,313.4,313.45,9704
2025-09-01 13:25:00,313.45,313.5,313.25,313.5,31398
2025-09-01 13:30:00,313.5,313.8,313.4,313.6,18163
2025-09-01 13:35:00,313.6,314.0,313.5,313.9,34825
2025-09-01 13:40:00,313.95,314.15,313.55,314.15,17900
2025-09-01 13:45:00,314.25,314.35,314.0,314.05,33918
2025-09-01 13:50:00,314.05,314.25,314.0,314.0,10621
2025-09-01 13:55:00,314.0,314.2,313.95,313.95,9891
2025-09-01 14:00:00,313.95,314.35,313.95,314.1,19349
2025-09-01 14:05:00,314.1,314.15,313.5,313.6,46113
2025-09-01 14:10:00,313.65,313.7,312.8,313.2,101866
2025-09-01 14:15:00,313.3,313.8,313.3,313.65,22222
2025-09-01 14:20:00,313.7,313.8,313.55,313.75,12109
2025-09-01 14:25:00,313.8,313.85,313.65,313.75,12751
2025-09-01 14:30:00,313.7,314.05,313.7,313.95,21417
2025-09-01 14:35:00,313.95,314.0,313.8,313.85,21069
2025-09-01 14:40:00,313.85,314.0,313.85,314.0,15062
2025-09-01 14:45:00,313.95,314.1,313.9,314.0,36206
2025-09-01 14:50:00,314.0,314.15,313.9,314.1,28328
2025-09-01 14:55:00,314.15,314.2,313.75,313.8,85828
2025-09-01 15:00:00,313.95,314.75,313.7,314.55,140246
2025-09-01 15:05:00,314.55,314.7,314.45,314.55,103702
2025-09-01 15:10:00,314.5,314.75,314.35,314.65,137987
2025-09-01 15:15:00,314.65,315.25,314.65,315.1,181235
2025-09-01 15:20:00,315.15,315.55,314.8,314.8,268241
2025-09-01 15:25:00,314.8,315.0,313.2,314.2,211518
2025-09-02 09:15:00,315.9,316.25,313.7,313.8,93335
2025-09-02 09:20:00,313.8,314.0,313.15,313.3,44858
2025-09-02 09:25:00,313.5,313.6,312.75,313.0,50326
2025-09-02 09:30:00,313.0,314.0,312.9,313.9,32858
2025-09-02 09:35:00,314.0,314.85,313.9,314.55,31597
2025-09-02 09:40:00,314.5,315.0,314.5,314.9,53558
2025-09-02 09:45:00,315.0,315.9,315.0,315.7,33518
2025-09-02 09:50:00,315.7,315.95,315.55,315.7,20264
2025-09-02 09:55:00,315.75,315.9,315.35,315.9,54477
2025-09-02 10:00:00,315.9,316.95,315.85,316.9,42060
2025-09-02 10:05:00,316.9,316.9,316.4,316.55,25917
2025-09-02 10:10:00,316.55,316.65,316.15,316.4,19596
2025-09-02 10:15:00,316.35,316.65,316.25,316.25,26146
2025-09-02 10:20:00,316.25,316.8,316.0,316.8,30919
2025-09-02 10:25:00,316.8,317.3,316.65,317.15,71073
2025-09-02 10:30:00,317.2,317.3,316.75,316.95,19405
2025-09-02 10:35:00,316.8,317.0,316.5,316.95,27302
2025-09-02 10:40:00,316.95,317.05,316.8,316.95,11902
2025-09-02 10:45:00,316.95,316.95,316.55,316.55,10767
2025-09-02 10:50:00,316.55,316.75,316.5,316.5,7479
2025-09-02 10:55:00,316.5,317.0,316.5,316.95,9125
2025-09-02 11:00:00,316.95,317.15,316.65,316.75,21305
2025-09-02 11:05:00,316.85,316.85,316.55,316.65,9683
2025-09-02 11:10:00,316.65,316.7,316.5,316.6,7511
2025-09-02 11:15:00,316.6,316.7,316.3,316.45,11690
2025-09-02 11:20:00,316.4,316.75,316.35,316.6,20406
2025-09-02 11:25:00,316.55,316.65,316.4,316.55,16025
2025-09-02 11:30:00,316.5,317.2,315.9,316.85,73678
2025-09-02 11:35:00,316.85,316.85,316.4,316.45,16204
2025-09-02 11:40:00,316.45,316.6,316.3,316.4,17026
2025-09-02 11:45:00,316.4,317.0,315.9,316.7,55589
2025-09-02 11:50:00,316.7,316.7,316.35,316.45,11288
2025-09-02 11:55:00,316.45,317.15,316.45,316.75,31164
2025-09-02 12:00:00,316.75,317.0,316.75,317.0,11221
2025-09-02 12:05:00,316.95,317.0,316.95,317.0,12466
2025-09-02 12:10:00,317.0,317.0,316.75,316.9,10534
2025-09-02 12:15:00,316.9,316.9,316.55,316.8,12128
2025-09-02 12:20:00,316.8,316.85,316.6,316.75,9418
2025-09-02 12:25:00,316.75,317.0,316.7,316.95,40994
2025-09-02 12:30:00,316.95,317.0,316.6,316.95,17224
2025-09-02 12:35:00,316.95,316.95,316.8,316.9,6533
2025-09-02 12:40:00,316.95,316.95,316.7,316.7,9488
2025-09-02 12:45:00,316.65,316.8,316.5,316.7,41814
2025-09-02 12:50:00,316.65,316.7,316.5,316.7,7879
2025-09-02 12:55:00,316.7,316.7,315.5,315.8,284709
2025-09-02 13:00:00,315.8,316.05,315.4,315.65,35309
2025-09-02 13:05:00,315.5,316.0,315.5,315.7,37194
2025-09-02 13:10:00,315.7,315.8,315.25,315.35,24838
2025-09-02 13:15:00,315.35,315.4,314.8,315.15,94775
2025-09-02 13:20:00,315.1,315.3,314.6,314.8,62925
2025-09-02 13:25:00,314.9,315.2,314.65,314.95,45468
2025-09-02 13:30:00,314.95,315.45,314.8,314.95,18184
2025-09-02 13:35:00,315.1,315.3,314.15,315.2,225278
2025-09-02 13:40:00,315.3,315.3,314.65,314.7,41620
2025-09-02 13:45:00,314.85,315.0,314.55,314.95,27902
2025-09-02 13:50:00,315.0,315.0,314.55,314.6,34607
2025-09-02 13:55:00,314.7,314.7,314.25,314.35,53227
2025-09-02 14:00:00,314.4,314.5,313.75,314.3,99004
2025-09-02 14:05:00,314.3,314.95,314.15,314.9,33812
2025-09-02 14:10:00,314.85,314.85,314.35,314.4,22336
2025-09-02 14:15:00,314.45,314.9,314.35,314.9,34681
2025-09-02 14:20:00,314.9,315.0,314.35,314.35,47527
2025-09-02 14:25:00,314.45,314.45,313.85,313.95,112484
2025-09-02 14:30:00,314.0,314.15,313.75,313.9,39402
2025-09-02 14:35:00,314.0,314.5,313.9,314.4,48731
2025-09-02 14:40:00,314.45,314.45,313.9,313.95,23169
2025-09-02 14:45:00,314.0,314.3,313.9,314.2,91081
2025-09-02 14:50:00,314.25,314.5,314.15,314.25,29742
2025-09-02 14:55:00,314.25,314.9,314.15,314.65,71948
2025-09-02 15:00:00,314.65,314.9,314.1,314.6,94716
2025-09-02 15:05:00,314.6,315.1,314.4,315.0,78659
2025-09-02 15:10:00,314.95,315.2,314.9,314.9,84157
2025-09-02 15:15:00,314.9,315.2,314.85,314.95,95760
2025-09-02 15:20:00,315.0,315.2,314.95,315.0,125436
2025-09-02 15:25:00,315.0,315.25,314.5,315.0,98490
2025-09-03 09:15:00,314.95,319.85,314.8,318.25,426795
2025-09-03 09:20:00,318.15,320.1,317.95,319.95,154848
2025-09-03 09:25:00,319.75,320.45,319.35,320.25,138192
2025-09-03 09:30:00,320.4,320.5,319.05,319.8,113689
2025-09-03 09:35:00,319.75,319.8,318.35,318.6,125300
2025-09-03 09:40:00,318.65,318.75,317.7,318.0,90778
2025-09-03 09:45:00,317.95,318.8,317.8,318.55,44621
2025-09-03 09:50:00,318.45,318.8,318.2,318.55,40569
2025-09-03 09:55:00,318.55,318.95,318.2,318.7,57867
2025-09-03 10:00:00,318.65,318.8,318.3,318.6,28832
2025-09-03 10:05:00,318.65,318.75,317.8,318.0,39416
2025-09-03 10:10:00,317.95,318.1,317.7,317.8,40321
2025-09-03 10:15:00,317.9,317.95,317.25,317.6,56619
2025-09-03 10:20:00,317.65,317.95,317.4,317.4,38114
2025-09-03 10:25:00,317.25,317.75,317.2,317.75,42697
2025-09-03 10:30:00,317.65,317.8,317.35,317.65,31199
2025-09-03 10:35:00,317.65,317.9,317.1,317.1,38369
2025-09-03 10:40:00,317.25,317.55,317.05,317.05,39630
2025-09-03 10:45:00,317.15,317.2,317.0,317.1,24293
2025-09-03 10:50:00,317.2,317.45,316.8,317.15,25422
2025-09-03 10:55:00,317.15,317.8,317.0,317.5,26872
2025-09-03 11:00:00,317.4,317.75,317.4,317.4,18714
2025-09-03 11:05:00,317.45,317.65,317.0,317.45,21742
2025-09-03 11:10:00,317.45,317.85,317.45,317.65,23764
2025-09-03 11:15:00,317.7,318.6,317.55,318.5,69992
2025-09-03 11:20:00,318.5,318.95,318.4,318.7,49164
2025-09-03 11:25:00,318.75,318.8,318.45,318.7,19243
2025-09-03 11:30:00,318.7,318.75,318.5,318.6,10947
2025-09-03 11:35:00,318.55,318.9,318.5,318.7,22440
2025-09-03 11:40:00,318.7,318.75,318.5,318.6,16594
2025-09-03 11:45:00,318.6,318.65,318.2,318.65,20585
2025-09-03 11:50:00,318.65,318.75,318.25,318.35,26605
2025-09-03 11:55:00,318.4,318.65,318.3,318.5,17333
2025-09-03 12:00:00,318.5,318.5,318.0,318.35,26947
2025-09-03 12:05:00,318.45,318.75,318.4,318.75,21113
2025-09-03 12:10:00,318.75,319.3,318.7,319.3,53757
2025-09-03 12:15:00,319.3,319.5,319.1,319.1,48074
2025-09-03 12:20:00,319.2,319.6,319.15,319.25,35685
2025-09-03 12:25:00,319.2,319.35,318.85,318.85,24469
2025-09-03 12:30:00,318.85,319.2,318.85,319.1,19632
2025-09-03 12:35:00,319.15,319.2,318.85,318.95,14078
2025-09-03 12:40:00,318.95,319.05,318.15,318.2,43169
2025-09-03 12:45:00,318.2,318.35,317.6,317.65,55688
2025-09-03 12:50:00,317.75,318.15,317.7,317.9,37527
2025-09-03 12:55:00,317.95,318.15,316.9,317.0,93456
2025-09-03 13:00:00,317.15,317.2,316.45,316.45,76130
2025-09-03 13:05:00,316.5,317.0,316.05,316.05,70531
2025-09-03 13:10:00,316.05,316.15,315.9,316.0,61890
2025-09-03 13:15:00,316.0,316.05,315.85,316.0,32810
2025-09-03 13:20:00,315.95,316.1,315.9,315.95,40259
2025-09-03 13:25:00,315.95,316.05,315.85,316.0,33044
2025-09-03 13:30:00,316.0,316.0,315.85,315.95,30025
2025-09-03 13:35:00,315.95,316.2,315.7,316.0,71803
2025-09-03 13:40:00,316.0,316.55,315.9,316.4,41460
2025-09-03 13:45:00,316.55,317.15,316.45,316.8,28594
2025-09-03 13:50:00,316.9,317.25,316.75,317.25,17006
2025-09-03 13:55:00,317.15,317.5,317.1,317.45,22377
2025-09-03 14:00:00,317.4,317.5,317.25,317.4,15036
2025-09-03 14:05:00,316.0,316.5,315.8,316.4,354628
2025-09-03 14:10:00,316.4,316.6,315.6,315.85,46490
2025-09-03 14:15:00,315.8,315.9,315.65,315.7,36424
2025-09-03 14:20:00,315.85,315.95,314.55,315.95,134888
2025-09-03 14:25:00,315.9,316.0,315.55,315.9,32437
2025-09-03 14:30:00,316.0,316.1,315.7,315.9,205537
2025-09-03 14:35:00,315.85,316.0,315.8,315.85,35152
2025-09-03 14:40:00,315.9,316.0,315.7,315.8,39420
2025-09-03 14:45:00,315.85,316.0,315.85,315.95,30191
2025-09-03 14:50:00,315.95,316.0,315.25,315.5,65980
2025-09-03 14:55:00,315.6,315.8,315.45,315.7,65153
2025-09-03 15:00:00,315.6,315.8,315.55,315.65,105912
2025-09-03 15:05:00,315.7,315.7,314.9,315.15,1093954
2025-09-03 15:10:00,315.2,315.2,314.4,314.95,536016
2025-09-03 15:15:00,314.95,314.95,314.55,314.8,185202
2025-09-03 15:20:00,314.7,315.0,314.05,314.9,578667
2025-09-03 15:25:00,315.0,315.0,314.85,315.0,113745
2025-09-04 09:15:00,319.85,319.85,315.25,315.4,218565
2025-09-04 09:20:00,315.4,315.75,315.1,315.35,121511
2025-09-04 09:25:00,315.25,315.45,314.95,315.25,80206
2025-09-04 09:30:00,315.25,316.5,315.25,316.5,72752
2025-09-04 09:35:00,316.5,316.95,316.35,316.75,53298
2025-09-04 09:40:00,316.75,317.25,316.6,316.9,62366
2025-09-04 09:45:00,316.9,317.4,316.55,317.35,52110
2025-09-04 09:50:00,317.35,317.75,317.25,317.55,64884
2025-09-04 09:55:00,317.6,317.65,316.65,316.75,38823
2025-09-04 10:00:00,316.8,316.85,316.35,316.55,24740
2025-09-04 10:05:00,316.6,316.65,316.4,316.45,21522
2025-09-04 10:10:00,316.35,316.65,316.3,316.4,17553
2025-09-04 10:15:00,316.4,316.6,316.25,316.6,19313
2025-09-04 10:20:00,316.7,316.75,316.25,316.55,31686
2025-09-04 10:25:00,316.55,316.65,316.5,316.55,11606
2025-09-04 10:30:00,316.55,316.95,316.55,316.9,17182
2025-09-04 10:35:00,316.9,317.0,316.5,316.55,15677
2025-09-04 10:40:00,316.55,316.65,316.1,316.25,23969
2025-09-04 10:45:00,316.15,316.6,316.15,316.5,24206
2025-09-04 10:50:00,316.75,317.05,316.65,316.65,32360
2025-09-04 10:55:00,316.75,317.0,316.7,316.9,6572
2025-09-04 11:00:00,316.8,317.5,316.7,316.7,32370
2025-09-04 11:05:00,316.65,316.8,316.45,316.5,23579
2025-09-04 11:10:00,316.5,316.8,316.45,316.5,16114
2025-09-04 11:15:00,316.5,316.65,316.35,316.55,20272
2025-09-04 11:20:00,316.5,316.5,315.55,315.6,40724
2025-09-04 11:25:00,315.6,315.75,315.55,315.6,11588
2025-09-04 11:30:00,315.6,315.8,315.6,315.7,12344
2025-09-04 11:35:00,315.7,315.95,315.7,315.7,55593
2025-09-04 11:40:00,315.6,316.0,315.55,315.85,23210
2025-09-04 11:45:00,315.95,316.0,315.8,315.8,18003
2025-09-04 11:50:00,315.8,315.9,315.35,315.6,112909
2025-09-04 11:55:00,315.6,316.2,315.45,316.1,135561
2025-09-04 12:00:00,316.2,316.2,315.8,315.9,52063
2025-09-04 12:05:00,316.0,316.05,315.6,315.8,101110
2025-09-04 12:10:00,315.8,316.0,315.7,315.85,24251
2025-09-04 12:15:00,315.85,316.0,315.8,315.85,19765
2025-09-04 12:20:00,315.85,316.0,315.45,315.55,71469
2025-09-04 12:25:00,315.55,316.0,315.5,315.85,40935
2025-09-04 12:30:00,315.85,316.0,315.8,315.95,15459
2025-09-04 12:35:00,315.95,316.0,315.75,315.75,31693
2025-09-04 12:40:00,315.75,315.8,315.6,315.8,41713
2025-09-04 12:45:00,315.7,315.95,315.7,315.8,23027
2025-09-04 12:50:00,315.9,316.05,315.85,316.05,24380
2025-09-04 12:55:00,316.05,316.45,315.65,316.3,308355
2025-09-04 13:00:00,316.3,316.3,314.9,314.9,167440
2025-09-04 13:05:00,314.95,315.0,314.9,314.95,19021
2025-09-04 13:10:00,315.0,315.0,314.85,314.9,41031
2025-09-04 13:15:00,314.9,315.2,314.9,315.0,35332
2025-09-04 13:20:00,315.0,315.0,314.9,315.0,27982
2025-09-04 13:25:00,314.95,315.0,314.9,314.9,24471
2025-09-04 13:30:00,314.95,315.05,314.85,315.0,77394
2025-09-04 13:35:00,314.95,315.0,314.85,314.95,24717
2025-09-04 13:40:00,314.9,315.0,314.9,315.0,19874
2025-09-04 13:45:00,314.95,315.0,314.9,314.9,19122
2025-09-04 13:50:00,314.9,315.05,313.75,314.2,759810
2025-09-04 13:55:00,314.2,314.3,313.9,314.0,53833
2025-09-04 14:00:00,314.0,314.0,313.9,314.0,53356
2025-09-04 14:05:00,314.0,314.0,313.9,314.0,47425
2025-09-04 14:10:00,313.95,314.25,313.9,314.25,30654
2025-09-04 14:15:00,314.25,314.35,313.7,313.8,54600
2025-09-04 14:20:00,313.75,314.0,313.65,313.75,34329
2025-09-04 14:25:00,313.6,313.8,312.85,312.95,302292
2025-09-04 14:30:00,312.85,313.9,312.75,313.7,276729
2025-09-04 14:35:00,313.7,314.0,313.55,313.6,61302
2025-09-04 14:40:00,313.6,313.8,313.0,313.15,117888
2025-09-04 14:45:00,313.1,313.8,313.1,313.7,36864
2025-09-04 14:50:00,313.65,313.9,313.25,313.4,45404
2025-09-04 14:55:00,313.3,313.7,313.25,313.45,40229
2025-09-04 15:00:00,313.45,313.45,313.1,313.1,63817
2025-09-04 15:05:00,313.15,313.15,312.75,312.8,63631
2025-09-04 15:10:00,312.95,312.95,312.65,312.7,71962
2025-09-04 15:15:00,312.75,313.0,312.6,313.0,123514
2025-09-04 15:20:00,313.0,313.0,312.95,313.0,113163
2025-09-04 15:25:00,313.0,313.0,312.5,312.8,149702
2025-09-05 09:15:00,313.0,315.3,312.6,314.8,119113
2025-09-05 09:20:00,315.0,315.0,313.8,313.8,71274
2025-09-05 09:25:00,313.75,314.25,313.75,313.95,49636
2025-09-05 09:30:00,313.95,314.0,312.9,313.0,54601
2025-09-05 09:35:00,313.0,313.1,312.7,312.7,36043
2025-09-05 09:40:00,312.85,312.85,312.4,312.65,29821
2025-09-05 09:45:00,312.6,313.0,312.45,312.95,37392
2025-09-05 09:50:00,313.0,313.0,312.95,313.0,41291
2025-09-05 09:55:00,313.0,313.0,312.7,312.95,28672
2025-09-05 10:00:00,313.0,313.0,312.9,313.0,22103
2025-09-05 10:05:00,313.0,313.0,312.85,312.85,82414
2025-09-05 10:10:00,312.8,312.8,311.8,312.0,41522
2025-09-05 10:15:00,312.0,312.1,311.6,311.9,23364
2025-09-05 10:20:00,311.95,312.55,311.5,312.55,45083
2025-09-05 10:25:00,312.65,313.0,312.45,312.75,45675
2025-09-05 10:30:00,312.7,312.85,312.4,312.7,21700
2025-09-05 10:35:00,312.7,313.0,312.5,313.0,25025
2025-09-05 10:40:00,313.0,313.0,312.8,313.0,15868
2025-09-05 10:45:00,312.9,313.0,312.55,312.7,20346
2025-09-05 10:50:00,312.7,312.95,312.55,312.85,18481
2025-09-05 10:55:00,312.75,312.75,312.3,312.5,81337
2025-09-05 11:00:00,312.55,312.9,312.5,312.9,16692
2025-09-05 11:05:00,312.9,313.0,312.8,312.9,19293
2025-09-05 11:10:00,312.9,313.0,312.85,312.95,14799
2025-09-05 11:15:00,312.95,313.0,312.3,312.9,37695
2025-09-05 11:20:00,312.95,313.0,312.6,312.8,14085
2025-09-05 11:25:00,312.8,313.0,312.7,313.0,17007
2025-09-05 11:30:00,313.0,313.5,312.75,312.75,79849
2025-09-05 11:35:00,312.9,313.0,312.85,312.95,26934
2025-09-05 11:40:00,312.9,313.0,312.6,312.65,25659
2025-09-05 11:45:00,312.65,312.65,312.2,312.4,28453
2025-09-05 11:50:00,312.35,312.55,312.25,312.3,18807
2025-09-05 11:55:00,312.3,312.75,312.3,312.65,23776
2025-09-05 12:00:00,312.75,313.0,312.35,312.9,36640
2025-09-05 12:05:00,312.9,313.0,312.8,313.0,27219
2025-09-05 12:10:00,313.0,313.0,312.75,312.85,33337
2025-09-05 12:15:00,312.85,312.85,312.6,312.7,27530
2025-09-05 12:20:00,312.7,312.95,312.65,312.7,28107
2025-09-05 12:25:00,312.7,312.8,312.5,312.8,29539
2025-09-05 12:30:00,312.8,312.95,312.6,312.8,36693
2025-09-05 12:35:00,312.75,312.75,312.45,312.6,35025
2025-09-05 12:40:00,312.65,312.85,312.1,312.6,41475
2025-09-05 12:45:00,312.6,312.6,312.2,312.3,27994
2025-09-05 12:50:00,312.3,312.3,312.15,312.15,17437
2025-09-05 12:55:00,312.15,312.6,312.15,312.45,42648
2025-09-05 13:00:00,312.5,312.8,312.15,312.15,90772
2025-09-05 13:05:00,312.15,312.25,312.15,312.2,20595
2025-09-05 13:10:00,312.25,312.65,312.2,312.45,63661
2025-09-05 13:15:00,312.55,312.95,312.55,312.9,92055
2025-09-05 13:20:00,312.95,313.0,312.9,312.95,31088
2025-09-05 13:25:00,313.0,313.0,312.95,312.95,86478
2025-09-05 13:30:00,313.0,313.0,312.9,313.0,259938
2025-09-05 13:35:00,313.0,313.95,312.9,313.85,553821
2025-09-05 13:40:00,313.8,314.5,313.7,314.2,44674
2025-09-05 13:45:00,314.3,315.5,314.3,315.1,59574
2025-09-05 13:50:00,315.3,315.4,314.85,315.4,45647
2025-09-05 13:55:00,315.35,316.0,315.2,315.95,29275
2025-09-05 14:00:00,315.95,316.45,315.1,315.2,95475
2025-09-05 14:05:00,315.25,315.3,314.7,314.95,48787
2025-09-05 14:10:00,315.0,315.1,314.9,314.95,21478
2025-09-05 14:15:00,314.85,315.05,314.65,314.7,30161
2025-09-05 14:20:00,314.45,314.65,314.3,314.5,230970
2025-09-05 14:25:00,314.55,314.65,313.85,313.95,59405
2025-09-05 14:30:00,314.0,314.5,313.85,313.85,166734
2025-09-05 14:35:00,313.95,314.0,313.25,313.25,74935
2025-09-05 14:40:00,313.35,313.5,312.85,312.9,256605
2025-09-05 14:45:00,312.95,313.0,312.65,312.7,61925
2025-09-05 14:50:00,312.75,313.1,312.5,313.0,167612
2025-09-05 14:55:00,313.0,313.3,311.85,312.0,927778
2025-09-05 15:00:00,312.0,312.6,311.85,312.15,382663
2025-09-05 15:05:00,312.25,312.75,312.15,312.65,116166
2025-09-05 15:10:00,312.65,312.95,312.45,312.65,129773
2025-09-05 15:15:00,312.7,312.85,312.7,312.85,88416
2025-09-05 15:20:00,312.85,312.85,312.6,312.65,146638
2025-09-05 15:25:00,312.65,313.75,312.5,313.2,153683
2025-09-08 09:15:00,313.9,316.25,313.55,315.5,134085
2025-09-08 09:20:00,315.5,317.25,315.3,315.7,67677
2025-09-08 09:25:00,315.7,316.1,315.4,315.6,77881
2025-09-08 09:30:00,315.6,316.9,315.45,316.55,28441
2025-09-08 09:35:00,316.6,316.6,316.2,316.35,12834
2025-09-08 09:40:00,316.45,316.5,316.1,316.5,20800
2025-09-08 09:45:00,316.5,316.8,316.1,316.6,20831
2025-09-08 09:50:00,316.55,316.8,316.15,316.3,19010
2025-09-08 09:55:00,316.3,316.35,315.8,315.95,15913
2025-09-08 10:00:00,316.0,316.3,315.85,315.95,9305
2025-09-08 10:05:00,316.1,316.7,316.0,316.6,9275
2025-09-08 10:10:00,316.6,316.85,316.4,316.4,13011
2025-09-08 10:15:00,316.55,316.55,316.2,316.4,10098
2025-09-08 10:20:00,316.5,316.5,316.0,316.0,10780
2025-09-08 10:25:00,316.15,316.4,316.0,316.15,9269
2025-09-08 10:30:00,316.15,316.2,315.65,315.85,9067
2025-09-08 10:35:00,315.85,316.0,315.6,315.7,13106
2025-09-08 10:40:00,315.7,315.9,315.45,315.6,31099
2025-09-08 10:45:00,315.55,315.75,315.1,315.1,14627
2025-09-08 10:50:00,315.25,315.25,314.8,314.95,30392
2025-09-08 10:55:00,314.8,314.85,314.4,314.4,26016
2025-09-08 11:00:00,314.4,314.65,314.3,314.5,23996
2025-09-08 11:05:00,314.6,315.15,314.5,315.0,18204
2025-09-08 11:10:00,315.0,315.1,314.65,314.8,14862
2025-09-08 11:15:00,314.85,315.35,314.8,315.1,14181
2025-09-08 11:20:00,315.1,315.3,314.75,314.8,8578
2025-09-08 11:25:00,314.8,314.95,314.6,314.8,28659
2025-09-08 11:30:00,314.6,314.85,314.6,314.7,11979
2025-09-08 11:35:00,314.75,314.9,314.65,314.65,5312
2025-09-08 11:40:00,314.8,314.9,314.6,314.65,7094
2025-09-08 11:45:00,314.8,314.85,314.55,314.6,6314
2025-09-08 11:50:00,314.7,314.75,314.35,314.4,12334
2025-09-08 11:55:00,314.4,314.55,314.2,314.2,15117
2025-09-08 12:00:00,314.3,314.9,314.2,314.75,15936
2025-09-08 12:05:00,314.95,315.0,314.65,315.0,12314
2025-09-08 12:10:00,315.0,316.15,314.95,315.9,35654
2025-09-08 12:15:00,316.05,316.1,315.7,315.7,19853
2025-09-08 12:20:00,315.85,316.25,315.7,316.05,28678
2025-09-08 12:25:00,316.15,316.4,316.1,316.4,22753
2025-09-08 12:30:00,316.35,316.4,316.1,316.15,20468
2025-09-08 12:35:00,316.15,317.0,316.15,316.95,57589
2025-09-08 12:40:00,317.0,317.9,316.9,317.65,180252
2025-09-08 12:45:00,317.65,318.0,317.55,317.7,36287
2025-09-08 12:50:00,317.8,317.85,317.55,317.85,29505
2025-09-08 12:55:00,317.85,318.0,317.55,317.8,26880
2025-09-08 13:00:00,317.7,317.9,317.55,317.65,22458
2025-09-08 13:05:00,317.7,317.9,317.55,317.8,23886
2025-09-08 13:10:00,317.8,317.9,317.75,317.8,22857
2025-09-08 13:15:00,317.9,318.15,317.75,318.05,24814
2025-09-08 13:20:00,318.0,318.1,317.7,317.9,21908
2025-09-08 13:25:00,318.0,318.15,317.85,317.9,26488
2025-09-08 13:30:00,318.15,318.15,317.9,318.05,33481
2025-09-08 13:35:00,318.05,318.15,317.8,317.95,26033
2025-09-08 13:40:00,317.95,318.0,317.7,317.9,25291
2025-09-08 13:45:00,318.0,318.05,317.6,317.65,23498
2025-09-08 13:50:00,317.75,317.8,317.3,317.35,29559
2025-09-08 13:55:00,317.5,317.8,317.35,317.55,21552
2025-09-08 14:00:00,317.65,317.65,316.1,316.5,68173
2025-09-08 14:05:00,316.65,316.7,316.35,316.55,13249
2025-09-08 14:10:00,316.7,316.7,316.5,316.6,7724
2025-09-08 14:15:00,316.6,317.1,316.6,317.1,5388
2025-09-08 14:20:00,317.05,317.15,316.8,316.95,6392
2025-09-08 14:25:00,316.95,317.2,316.8,316.85,10098
2025-09-08 14:30:00,316.9,317.25,316.85,317.2,5312
2025-09-08 14:35:00,317.25,317.5,317.0,317.1,7281
2025-09-08 14:40:00,317.1,317.25,316.9,317.0,7581
2025-09-08 14:45:00,317.05,317.05,316.05,316.1,18641
2025-09-08 14:50:00,316.1,316.35,315.95,316.1,18082
2025-09-08 14:55:00,316.1,316.45,316.1,316.35,12334
2025-09-08 15:00:00,316.35,316.75,316.15,316.65,34404
2025-09-08 15:05:00,316.65,316.85,316.3,316.5,35697
2025-09-08 15:10:00,316.6,316.7,316.3,316.45,45298
2025-09-08 15:15:00,316.3,316.55,316.25,316.45,50339
2025-09-08 15:20:00,316.45,316.45,316.25,316.3,55828
2025-09-08 15:25:00,316.25,316.6,316.1,316.6,62334
2025-09-09 09:15:00,317.8,317.8,315.6,315.9,109452
2025-09-09 09:20:00,315.95,317.4,315.85,316.75,77203
2025-09-09 09:25:00,316.65,316.8,315.9,316.5,63105
2025-09-09 09:30:00,316.45,316.65,316.0,316.45,82160
2025-09-09 09:35:00,316.45,316.7,316.3,316.6,36327
2025-09-09 09:40:00,316.6,317.5,316.55,317.5,71159
2025-09-09 09:45:00,317.5,317.9,317.3,317.7,30720
2025-09-09 09:50:00,317.7,319.55,317.6,319.35,144145
2025-09-09 09:55:00,319.45,319.6,319.05,319.45,86967
2025-09-09 10:00:00,319.45,319.6,319.0,319.5,43283
2025-09-09 10:05:00,319.5,320.15,319.35,319.75,129647
2025-09-09 10:10:00,319.9,319.95,318.85,318.85,62063
2025-09-09 10:15:00,318.95,318.95,318.05,318.1,50619
2025-09-09 10:20:00,318.2,318.55,317.9,318.4,23694
2025-09-09 10:25:00,318.5,318.5,318.15,318.35,34393
2025-09-09 10:30:00,318.45,318.45,318.15,318.4,13428
2025-09-09 10:35:00,318.25,318.45,318.0,318.2,216108
2025-09-09 10:40:00,318.3,318.45,318.1,318.4,13352
2025-09-09 10:45:00,318.4,318.4,318.0,318.1,15419
2025-09-09 10:50:00,318.2,318.6,318.15,318.3,19593
2025-09-09 10:55:00,318.3,318.4,318.2,318.4,8599
2025-09-09 11:00:00,318.3,318.7,317.35,317.85,73383
2025-09-09 11:05:00,317.9,317.9,317.55,317.55,25988
2025-09-09 11:10:00,317.7,318.0,317.25,317.75,43432
2025-09-09 11:15:00,317.75,317.8,317.5,317.8,10452
2025-09-09 11:20:00,317.8,318.0,317.7,317.7,23753
2025-09-09 11:25:00,317.85,317.85,317.0,317.1,25366
2025-09-09 11:30:00,317.15,317.6,317.1,317.35,13817
2025-09-09 11:35:00,317.45,317.8,316.55,316.75,112581
2025-09-09 11:40:00,316.8,317.6,316.7,317.25,188308
2025-09-09 11:45:00,317.3,317.35,317.0,317.0,12510
2025-09-09 11:50:00,317.05,317.2,316.95,317.0,9991
2025-09-09 11:55:00,317.1,317.15,316.75,317.05,84702
2025-09-09 12:00:00,317.15,317.15,316.5,316.6,30614
2025-09-09 12:05:00,316.65,316.95,316.55,316.7,25373
2025-09-09 12:10:00,316.7,317.0,316.55,317.0,14908
2025-09-09 12:15:00,317.0,317.15,316.75,317.05,10656
2025-09-09 12:20:00,317.0,317.15,316.95,317.15,7993
2025-09-09 12:25:00,317.15,317.2,317.0,317.15,6712
2025-09-09 12:30:00,317.05,317.15,317.05,317.05,7478
2025-09-09 12:35:00,317.15,317.15,317.05,317.15,4204
2025-09-09 12:40:00,317.15,317.15,316.95,317.0,14286
2025-09-09 12:45:00,317.0,317.5,316.9,317.0,314044
2025-09-09 12:50:00,317.0,317.0,316.3,316.35,12494
2025-09-09 12:55:00,316.35,316.5,316.15,316.25,17127
2025-09-09 13:00:00,316.35,316.45,314.75,315.55,372817
2025-09-09 13:05:00,315.6,315.7,314.7,314.8,323751
2025-09-09 13:10:00,314.85,315.3,314.5,315.3,81992
2025-09-09 13:15:00,315.3,315.35,315.05,315.15,39046
2025-09-09 13:20:00,315.15,315.2,314.65,314.75,15682
2025-09-09 13:25:00,314.75,315.0,314.7,314.9,17507
2025-09-09 13:30:00,314.8,315.15,314.8,315.1,17892
2025-09-09 13:35:00,315.1,315.15,313.75,314.35,338270
2025-09-09 13:40:00,314.3,314.35,314.05,314.25,45451
2025-09-09 13:45:00,314.25,314.35,314.05,314.35,20009
2025-09-09 13:50:00,314.35,314.5,314.25,314.4,17683
2025-09-09 13:55:00,314.4,314.5,314.3,314.45,21653
2025-09-09 14:00:00,314.45,315.0,314.3,314.95,45717
2025-09-09 14:05:00,315.0,315.0,314.8,315.0,55201
2025-09-09 14:10:00,314.9,315.0,314.9,314.95,88243
2025-09-09 14:15:00,314.95,315.0,314.75,314.75,38819
2025-09-09 14:20:00,314.75,314.95,314.75,314.95,40405
2025-09-09 14:25:00,314.95,315.4,314.8,315.15,240194
2025-09-09 14:30:00,315.15,315.25,314.9,315.0,48665
2025-09-09 14:35:00,315.0,315.0,314.85,315.0,50084
2025-09-09 14:40:00,315.0,315.0,314.85,314.95,47922
2025-09-09 14:45:00,314.9,315.05,314.7,314.95,157259
2025-09-09 14:50:00,315.0,315.0,314.6,314.75,50888
2025-09-09 14:55:00,314.85,314.95,314.55,314.7,47324
2025-09-09 15:00:00,314.65,315.0,313.75,313.95,474986
2025-09-09 15:05:00,314.0,314.0,313.55,313.75,160628
2025-09-09 15:10:00,313.65,313.85,313.55,313.8,225033
2025-09-09 15:15:00,313.85,313.95,313.75,313.95,268156
2025-09-09 15:20:00,313.95,314.2,313.85,314.1,387813
2025-09-09 15:25:00,313.95,314.95,313.7,314.95,314382
2025-09-10 09:15:00,315.5,316.75,315.05,316.4,152555
2025-09-10 09:20:00,316.4,316.5,316.25,316.5,74392
2025-09-10 09:25:00,316.5,316.5,316.1,316.2,92869
2025-09-10 09:30:00,316.2,316.3,316.1,316.2,44468
2025-09-10 09:35:00,316.2,316.25,316.1,316.15,40287
2025-09-10 09:40:00,316.15,317.55,316.15,317.55,71700
2025-09-10 09:45:00,317.55,317.95,317.4,317.9,58763
2025-09-10 09:50:00,317.95,318.0,316.85,316.9,78612
2025-09-10 09:55:00,316.95,317.1,316.8,316.95,24242
2025-09-10 10:00:00,316.95,317.05,316.7,317.05,22529
2025-09-10 10:05:00,317.05,317.25,316.85,317.0,30652
2025-09-10 10:10:00,317.0,317.65,316.95,317.55,44889
2025-09-10 10:15:00,317.5,317.85,317.5,317.65,45106
2025-09-10 10:20:00,317.7,317.75,317.5,317.5,25009
2025-09-10 10:25:00,317.6,317.8,317.5,317.8,19272
2025-09-10 10:30:00,317.8,317.8,316.55,316.85,94124
2025-09-10 10:35:00,316.85,316.9,316.4,316.45,45097
2025-09-10 10:40:00,316.45,316.45,315.95,316.05,100567
2025-09-10 10:45:00,316.05,316.1,315.35,315.55,194802
2025-09-10 10:50:00,315.6,315.85,314.75,314.95,428976
2025-09-10 10:55:00,315.0,315.05,314.85,315.0,93618
2025-09-10 11:00:00,315.0,315.7,314.95,315.7,64750
2025-09-10 11:05:00,315.7,316.3,315.65,315.75,61367
2025-09-10 11:10:00,315.75,315.8,315.25,315.7,65937
2025-09-10 11:15:00,315.45,315.65,315.25,315.3,77390
2025-09-10 11:20:00,315.3,315.4,314.85,315.4,153710
2025-09-10 11:25:00,315.45,315.8,315.3,315.75,25547
2025-09-10 11:30:00,315.75,316.1,315.6,315.7,30207
2025-09-10 11:35:00,315.7,315.7,315.05,315.15,43123
2025-09-10 11:40:00,315.1,315.65,315.1,315.6,24951
2025-09-10 11:45:00,315.65,315.9,315.4,315.75,19048
2025-09-10 11:50:00,315.75,316.0,315.55,316.0,20029
2025-09-10 11:55:00,316.0,316.2,315.95,316.1,19734
2025-09-10 12:00:00,316.2,316.2,315.75,315.8,22829
2025-09-10 12:05:00,315.85,316.35,315.85,316.0,52077
2025-09-10 12:10:00,316.0,316.25,315.9,316.0,120939
2025-09-10 12:15:00,316.0,316.0,315.9,316.0,15251
2025-09-10 12:20:00,316.0,316.0,315.8,315.8,26373
2025-09-10 12:25:00,315.8,316.2,315.7,316.2,113715
2025-09-10 12:30:00,316.2,316.45,316.1,316.2,28555
2025-09-10 12:35:00,316.1,316.3,315.85,315.85,25947
2025-09-10 12:40:00,315.85,315.95,315.65,315.8,17327
2025-09-10 12:45:00,315.7,315.85,315.05,315.05,140789
2025-09-10 12:50:00,315.05,315.3,315.05,315.15,52531
2025-09-10 12:55:00,315.15,315.25,315.1,315.1,54950
2025-09-10 13:00:00,315.15,315.45,315.0,315.45,67884
2025-09-10 13:05:00,315.45,315.7,315.4,315.5,16579
2025-09-10 13:10:00,315.65,315.85,315.45,315.55,29271
2025-09-10 13:15:00,315.6,315.6,315.15,315.35,29957
2025-09-10 13:20:00,315.3,315.75,315.0,315.75,220666
2025-09-10 13:25:00,315.75,316.2,315.6,316.15,105062
2025-09-10 13:30:00,316.15,316.25,316.1,316.25,98158
2025-09-10 13:35:00,316.25,316.6,316.2,316.5,33582
2025-09-10 13:40:00,316.45,316.6,316.4,316.6,25455
2025-09-10 13:45:00,316.55,316.7,316.35,316.55,54323
2025-09-10 13:50:00,316.5,316.65,316.4,316.65,15643
2025-09-10 13:55:00,316.55,316.65,316.5,316.6,22680
2025-09-10 14:00:00,316.6,316.65,316.4,316.45,25490
2025-09-10 14:05:00,316.45,316.75,316.45,316.75,42517
2025-09-10 14:10:00,316.75,317.1,316.7,317.05,91844
2025-09-10 14:15:00,317.05,317.15,316.55,317.05,92877
2025-09-10 14:20:00,317.05,317.5,317.0,317.4,37036
2025-09-10 14:25:00,317.45,317.6,317.4,317.55,44493
2025-09-10 14:30:00,317.5,317.55,317.5,317.55,24239
2025-09-10 14:35:00,317.55,317.9,317.5,317.85,49873
2025-09-10 14:40:00,317.85,318.15,317.5,317.55,160264
2025-09-10 14:45:00,317.6,317.6,317.5,317.6,11423
2025-09-10 14:50:00,317.55,318.1,317.5,318.0,46825
2025-09-10 14:55:00,317.9,317.95,317.45,317.6,126513
2025-09-10 15:00:00,317.7,318.05,317.65,317.65,100165
2025-09-10 15:05:00,317.7,317.75,317.6,317.65,76316
2025-09-10 15:10:00,317.7,317.95,317.6,317.95,89978
2025-09-10 15:15:00,317.95,318.15,317.9,318.15,134109
2025-09-10 15:20:00,318.15,318.25,318.05,318.1,156268
2025-09-10 15:25:00,318.05,318.25,317.5,317.7,124681
2025-09-11 09:15:00,318.2,321.0,317.5,320.75,230015
2025-09-11 09:20:00,320.75,321.25,320.35,321.25,195019
2025-09-11 09:25:00,321.25,322.0,321.15,321.95,128921
2025-09-11 09:30:00,321.95,322.2,320.7,321.2,101093
2025-09-11 09:35:00,321.1,321.7,320.7,321.6,48566
2025-09-11 09:40:00,321.7,323.0,321.5,322.95,175938
2025-09-11 09:45:00,322.95,323.2,322.1,322.65,191022
2025-09-11 09:50:00,322.65,322.95,322.5,322.5,75751
2025-09-11 09:55:00,322.6,322.6,321.85,322.5,85983
2025-09-11 10:00:00,322.55,322.75,322.05,322.6,129753
2025-09-11 10:05:00,322.6,322.9,322.5,322.5,50188
2025-09-11 10:10:00,322.6,322.9,322.4,322.85,135245
2025-09-11 10:15:00,322.9,323.7,322.9,323.45,160898
2025-09-11 10:20:00,323.4,323.8,323.4,323.45,119498
2025-09-11 10:25:00,323.45,323.5,323.4,323.4,31484
2025-09-11 10:30:00,323.45,324.25,323.35,323.9,184922
2025-09-11 10:35:00,323.9,325.05,323.85,324.9,236341
2025-09-11 10:40:00,325.0,325.1,324.45,324.45,65447
2025-09-11 10:45:00,324.5,326.3,324.45,326.25,232913
2025-09-11 10:50:00,326.25,326.6,325.55,325.55,161456
2025-09-11 10:55:00,325.6,325.9,325.35,325.7,61767
2025-09-11 11:00:00,325.85,326.0,325.05,325.2,91766
2025-09-11 11:05:00,325.15,325.55,325.0,325.1,70504
2025-09-11 11:10:00,325.1,325.1,324.5,324.6,59627
2025-09-11 11:15:00,324.65,324.8,324.4,324.5,29430
2025-09-11 11:20:00,324.45,324.7,324.3,324.35,34919
2025-09-11 11:25:00,324.4,325.2,324.35,324.8,50095
2025-09-11 11:30:00,324.95,325.05,324.5,324.7,25889
2025-09-11 11:35:00,324.7,324.7,324.0,324.35,54791
2025-09-11 11:40:00,324.35,324.35,322.25,322.3,563542
2025-09-11 11:45:00,322.45,322.85,322.3,322.75,45673
2025-09-11 11:50:00,322.8,322.95,322.45,322.65,44192
2025-09-11 11:55:00,322.65,323.0,322.55,322.9,23012
2025-09-11 12:00:00,322.9,323.0,322.85,322.95,22836
2025-09-11 12:05:00,322.95,323.0,322.85,322.95,19280
2025-09-11 12:10:00,322.95,323.0,322.5,322.6,22582
2025-09-11 12:15:00,322.6,322.9,322.55,322.8,17015
2025-09-11 12:20:00,322.8,322.9,321.9,322.3,238105
2025-09-11 12:25:00,322.35,322.55,322.3,322.4,21163
2025-09-11 12:30:00,322.5,322.5,322.35,322.35,14056
2025-09-11 12:35:00,322.4,322.4,321.9,322.2,37822
2025-09-11 12:40:00,322.2,322.25,321.9,321.9,16069
2025-09-11 12:45:00,322.0,322.05,321.6,321.9,20246
2025-09-11 12:50:00,321.9,322.2,321.8,322.1,16433
2025-09-11 12:55:00,322.2,322.2,321.9,321.9,46957
2025-09-11 13:00:00,322.0,322.0,321.9,321.95,19786
2025-09-11 13:05:00,322.0,322.2,321.85,322.1,184471
2025-09-11 13:10:00,322.15,322.15,321.9,322.15,51301
2025-09-11 13:15:00,322.2,322.2,322.05,322.15,56166
2025-09-11 13:20:00,322.15,322.55,322.0,322.0,122039
2025-09-11 13:25:00,322.1,322.1,321.55,321.65,63103
2025-09-11 13:30:00,321.7,321.8,321.25,321.5,59569
2025-09-11 13:35:00,321.5,321.5,321.15,321.35,26722
2025-09-11 13:40:00,321.35,321.35,321.2,321.2,19176
2025-09-11 13:45:00,321.2,321.3,321.05,321.1,24763
2025-09-11 13:50:00,321.15,321.3,320.75,320.8,35953
2025-09-11 13:55:00,320.9,320.9,320.5,320.65,50007
2025-09-11 14:00:00,320.7,320.7,319.0,320.1,596024
2025-09-11 14:05:00,320.1,320.25,319.65,319.7,179399
2025-09-11 14:10:00,319.65,319.65,319.25,319.65,34046
2025-09-11 14:15:00,319.6,319.8,319.3,319.5,66636
2025-09-11 14:20:00,319.55,319.95,319.55,319.9,26265
2025-09-11 14:25:00,319.95,320.0,319.8,319.9,20474
2025-09-11 14:30:00,319.95,319.95,319.5,319.65,21741
2025-09-11 14:35:00,319.85,320.4,319.65,320.3,129690
2025-09-11 14:40:00,320.45,320.5,320.2,320.4,34752
2025-09-11 14:45:00,320.4,320.65,320.15,320.3,122639
2025-09-11 14:50:00,320.4,320.5,320.2,320.2,56062
2025-09-11 14:55:00,320.3,320.3,320.15,320.2,14296
2025-09-11 15:00:00,320.2,320.25,320.0,320.15,85035
2025-09-11 15:05:00,320.15,320.15,319.95,320.05,86888
2025-09-11 15:10:00,320.05,320.75,320.0,320.7,103805
2025-09-11 15:15:00,320.7,320.7,319.85,320.05,286960
2025-09-11 15:20:00,320.05,320.05,319.7,319.8,314656
2025-09-11 15:25:00,319.75,320.7,319.65,320.0,248543
2025-09-12 09:15:00,321.05,323.2,320.45,321.4,166961
2025-09-12 09:20:00,321.45,321.6,320.6,320.65,73081
2025-09-12 09:25:00,320.55,320.65,320.1,320.3,69182
2025-09-12 09:30:00,320.1,320.3,319.9,320.2,33839
2025-09-12 09:35:00,320.2,320.6,320.05,320.55,19175
2025-09-12 09:40:00,320.6,321.0,320.35,321.0,27941
2025-09-12 09:45:00,320.95,321.5,320.95,321.3,36407
2025-09-12 09:50:00,321.35,321.35,321.0,321.1,11577
2025-09-12 09:55:00,321.1,321.2,320.4,320.4,25146
2025-09-12 10:00:00,320.5,321.0,320.4,320.95,8719
2025-09-12 10:05:00,320.95,321.0,320.8,321.0,9653
2025-09-12 10:10:00,321.0,321.0,320.45,320.65,10279
2025-09-12 10:15:00,320.65,320.8,320.05,320.4,17814
2025-09-12 10:20:00,320.25,320.6,320.25,320.55,10157
2025-09-12 10:25:00,320.55,320.55,320.3,320.4,8403
2025-09-12 10:30:00,320.4,320.4,320.1,320.2,16402
2025-09-12 10:35:00,320.2,320.25,320.0,320.25,9767
2025-09-12 10:40:00,320.15,320.35,320.15,320.3,16394
2025-09-12 10:45:00,320.3,321.75,320.0,321.35,53279
2025-09-12 10:50:00,321.45,321.85,321.05,321.8,81867
2025-09-12 10:55:00,321.8,321.8,321.45,321.5,12378
2025-09-12 11:00:00,321.45,321.5,321.1,321.3,12517
2025-09-12 11:05:00,321.25,321.8,321.15,321.7,30057
2025-09-12 11:10:00,321.7,321.7,321.35,321.6,14153
2025-09-12 11:15:00,321.6,321.65,321.3,321.55,21203
2025-09-12 11:20:00,321.55,321.75,321.45,321.75,17001
2025-09-12 11:25:00,321.75,321.75,321.5,321.7,11306
2025-09-12 11:30:00,321.7,321.7,321.3,321.4,15551
2025-09-12 11:35:00,321.3,321.4,319.4,319.75,316020
2025-09-12 11:40:00,319.75,320.0,319.65,319.7,18365
2025-09-12 11:45:00,319.7,319.8,318.85,319.0,51508
2025-09-12 11:50:00,318.85,319.0,318.5,318.7,39821
2025-09-12 11:55:00,318.6,318.95,318.55,318.8,36183
2025-09-12 12:00:00,318.75,318.85,318.5,318.65,19187
2025-09-12 12:05:00,318.6,319.0,318.55,318.85,29737
2025-09-12 12:10:00,318.85,319.2,318.8,318.8,39806
2025-09-12 12:15:00,318.8,319.45,318.8,319.0,42636
2025-09-12 12:20:00,318.95,319.35,318.95,319.25,33851
2025-09-12 12:25:00,319.3,319.4,318.9,319.0,56616
2025-09-12 12:30:00,318.95,319.1,318.8,318.85,127841
2025-09-12 12:35:00,318.85,319.0,318.85,318.9,21235
2025-09-12 12:40:00,318.85,319.05,318.85,319.05,51916
2025-09-12 12:45:00,319.05,319.65,319.0,319.5,173309
2025-09-12 12:50:00,319.45,319.5,318.7,318.75,73049
2025-09-12 12:55:00,318.8,319.15,318.6,318.6,148102
2025-09-12 13:00:00,318.6,318.7,318.35,318.5,24300
2025-09-12 13:05:00,318.5,318.55,318.4,318.45,13082
2025-09-12 13:10:00,318.45,318.95,318.45,318.85,24291
2025-09-12 13:15:00,318.85,319.0,318.85,318.95,36750
2025-09-12 13:20:00,319.0,319.75,318.95,319.3,241566
2025-09-12 13:25:00,319.4,319.55,319.35,319.4,13180
2025-09-12 13:30:00,319.45,319.45,319.35,319.45,7825
2025-09-12 13:35:00,319.35,319.45,318.85,319.0,33205
2025-09-12 13:40:00,318.9,319.05,318.75,318.75,20981
2025-09-12 13:45:00,318.8,319.3,318.7,318.9,125756
2025-09-12 13:50:00,318.7,319.0,318.7,318.9,13496
2025-09-12 13:55:00,318.9,319.0,318.9,319.0,13220
2025-09-12 14:00:00,318.95,319.05,318.95,318.95,66977
2025-09-12 14:05:00,319.0,319.35,318.95,319.0,140247
2025-09-12 14:10:00,318.95,319.15,318.95,319.15,27389
2025-09-12 14:15:00,319.05,319.25,319.05,319.2,14191
2025-09-12 14:20:00,319.1,319.2,318.95,319.05,16382
2025-09-12 14:25:00,319.05,319.1,318.8,318.95,22671
2025-09-12 14:30:00,318.95,318.95,317.75,318.0,390989
2025-09-12 14:35:00,318.0,318.0,317.05,317.6,202378
2025-09-12 14:40:00,317.6,317.85,317.55,317.8,17404
2025-09-12 14:45:00,317.8,318.0,317.4,317.85,109540
2025-09-12 14:50:00,317.75,318.0,317.75,317.9,133887
2025-09-12 14:55:00,317.9,318.0,317.8,318.0,33391
2025-09-12 15:00:00,318.0,318.15,317.75,317.8,298966
2025-09-12 15:05:00,317.75,317.95,317.65,317.9,64789
2025-09-12 15:10:00,317.85,318.15,317.85,318.1,100955
2025-09-12 15:15:00,318.15,318.15,317.95,318.0,102085
2025-09-12 15:20:00,318.05,318.1,317.8,318.0,126811
2025-09-12 15:25:00,317.95,318.15,317.9,318.15,149717
2025-09-15 09:15:00,318.3,320.4,318.3,319.4,87300
2025-09-15 09:20:00,319.15,320.0,319.15,319.7,50061
2025-09-15 09:25:00,319.7,320.15,319.7,320.0,36041
2025-09-15 09:30:00,320.0,320.1,319.6,319.7,57144
2025-09-15 09:35:00,319.65,319.85,319.5,319.75,25753
2025-09-15 09:40:00,319.8,319.9,319.7,319.75,14816
2025-09-15 09:45:00,319.7,320.45,319.65,320.4,47979
2025-09-15 09:50:00,320.35,320.5,320.15,320.4,22322
2025-09-15 09:55:00,320.45,320.7,319.25,319.65,100552
2025-09-15 10:00:00,319.7,319.7,319.05,319.05,54638
2025-09-15 10:05:00,319.05,319.2,318.55,318.65,41594
2025-09-15 10:10:00,318.65,318.85,318.5,318.8,24129
2025-09-15 10:15:00,318.8,318.85,318.55,318.6,11334
2025-09-15 10:20:00,318.55,318.75,318.55,318.7,13399
2025-09-15 10:25:00,318.65,318.9,318.5,318.65,24609
2025-09-15 10:30:00,318.7,318.85,318.5,318.55,18569
2025-09-15 10:35:00,318.55,318.75,318.5,318.7,15276
2025-09-15 10:40:00,318.7,318.95,318.6,318.6,15552
2025-09-15 10:45:00,318.6,319.0,318.55,318.55,19763
2025-09-15 10:50:00,318.55,318.95,318.55,318.75,13786
2025-09-15 10:55:00,318.75,318.9,318.75,318.75,10327
2025-09-15 11:00:00,318.8,319.0,318.75,318.8,18075
2025-09-15 11:05:00,318.8,318.9,318.8,318.8,14223
2025-09-15 11:10:00,318.9,319.0,317.7,317.85,89657
2025-09-15 11:15:00,317.95,318.0,317.85,317.85,16976
2025-09-15 11:20:00,317.9,318.2,317.85,318.15,17072
2025-09-15 11:25:00,318.2,318.5,318.15,318.45,16068
2025-09-15 11:30:00,318.5,318.5,318.2,318.25,23340
2025-09-15 11:35:00,318.25,318.4,318.2,318.25,7427
2025-09-15 11:40:00,318.35,318.35,317.35,317.6,119580
2025-09-15 11:45:00,317.75,317.95,317.6,317.8,13717
2025-09-15 11:50:00,317.9,318.0,317.8,317.9,7857
2025-09-15 11:55:00,318.0,318.0,317.85,317.9,8340
2025-09-15 12:00:00,317.95,318.0,317.7,317.7,24468
2025-09-15 12:05:00,317.75,317.9,317.4,317.45,23998
2025-09-15 12:10:00,317.6,317.7,317.45,317.45,8669
2025-09-15 12:15:00,317.6,317.6,317.4,317.45,16866
2025-09-15 12:20:00,317.45,317.8,317.45,317.65,9549
2025-09-15 12:25:00,317.65,317.85,317.65,317.75,12735
2025-09-15 12:30:00,317.9,317.95,317.7,317.85,14783
2025-09-15 12:35:00,317.75,317.9,317.7,317.8,13587
2025-09-15 12:40:00,317.85,317.9,317.65,317.75,18465
2025-09-15 12:45:00,317.8,317.8,317.65,317.7,12871
2025-09-15 12:50:00,317.65,317.7,317.65,317.65,7408
2025-09-15 12:55:00,317.7,317.95,317.65,317.95,11250
2025-09-15 13:00:00,317.85,317.95,317.85,317.9,8725
2025-09-15 13:05:00,317.9,318.0,317.9,317.95,11599
2025-09-15 13:10:00,317.95,318.0,317.95,317.95,16104
2025-09-15 13:15:00,317.95,318.0,317.9,317.9,16468
2025-09-15 13:20:00,317.95,318.0,317.4,317.8,71904
2025-09-15 13:25:00,317.95,318.55,317.8,317.95,119324
2025-09-15 13:30:00,318.0,318.0,316.95,317.1,348835
2025-09-15 13:35:00,317.15,317.15,317.05,317.1,16971
2025-09-15 13:40:00,317.05,317.15,316.5,316.55,29478
2025-09-15 13:45:00,316.65,316.95,316.55,316.8,13181
2025-09-15 13:50:00,316.8,316.9,316.7,316.8,10122
2025-09-15 13:55:00,316.85,317.0,316.8,316.85,11204
2025-09-15 14:00:00,317.0,317.0,315.9,316.0,282756
2025-09-15 14:05:00,315.95,316.0,315.7,315.95,29385
2025-09-15 14:10:00,316.0,316.0,315.8,315.85,15957
2025-09-15 14:15:00,315.9,315.95,315.75,315.85,13290
2025-09-15 14:20:00,315.9,316.0,315.85,315.95,17972
2025-09-15 14:25:00,316.0,316.0,315.95,316.0,27286
2025-09-15 14:30:00,316.0,316.0,315.95,315.95,44897
2025-09-15 14:35:00,316.0,316.75,315.95,316.6,150861
2025-09-15 14:40:00,316.65,317.15,316.6,317.1,36073
2025-09-15 14:45:00,317.15,317.2,316.25,316.85,370063
2025-09-15 14:50:00,316.85,317.05,316.8,316.95,53975
2025-09-15 14:55:00,317.0,317.45,316.3,317.25,683249
2025-09-15 15:00:00,317.2,317.6,317.0,317.35,205301
2025-09-15 15:05:00,317.35,317.8,317.3,317.6,61387
2025-09-15 15:10:00,317.6,317.95,317.05,317.9,311109
2025-09-15 15:15:00,317.85,318.2,317.85,318.2,135697
2025-09-15 15:20:00,318.2,318.65,318.15,318.6,137253
2025-09-15 15:25:00,318.6,318.95,318.6,318.85,171196
2025-09-16 09:15:00,319.35,320.3,318.25,319.6,152373
2025-09-16 09:20:00,319.6,320.0,319.45,319.75,54881
2025-09-16 09:25:00,319.75,319.8,319.55,319.65,24622
2025-09-16 09:30:00,319.9,320.4,319.65,320.4,55328
2025-09-16 09:35:00,320.25,320.3,319.8,319.95,25112
2025-09-16 09:40:00,319.95,319.95,319.2,319.2,20672
2025-09-16 09:45:00,319.2,319.5,319.2,319.5,12827
2025-09-16 09:50:00,319.5,319.5,319.3,319.35,11376
2025-09-16 09:55:00,319.3,319.4,319.0,319.1,16819
2025-09-16 10:00:00,319.1,320.15,319.05,320.05,39211
2025-09-16 10:05:00,320.1,320.15,320.0,320.05,14741
2025-09-16 10:10:00,320.05,320.75,319.9,320.7,64747
2025-09-16 10:15:00,320.6,320.95,320.3,320.95,65606
2025-09-16 10:20:00,320.9,320.95,320.05,320.15,26010
2025-09-16 10:25:00,320.15,320.15,320.0,320.1,12515
2025-09-16 10:30:00,320.1,320.1,319.9,320.0,25725
2025-09-16 10:35:00,320.05,320.1,320.0,320.1,6321
2025-09-16 10:40:00,320.1,320.85,320.1,320.8,30020
2025-09-16 10:45:00,320.85,321.1,320.2,320.3,49751
2025-09-16 10:50:00,320.3,320.35,319.95,320.1,29677
2025-09-16 10:55:00,320.1,320.5,320.0,320.45,10606
2025-09-16 11:00:00,320.35,320.75,319.65,319.75,310875
2025-09-16 11:05:00,319.75,319.75,319.35,319.4,16293
2025-09-16 11:10:00,319.35,319.4,318.85,319.1,32794
2025-09-16 11:15:00,319.1,319.15,318.8,319.05,34343
2025-09-16 11:20:00,319.05,319.25,318.9,319.05,44614
2025-09-16 11:25:00,319.05,319.05,318.95,318.95,14408
2025-09-16 11:30:00,319.0,319.05,318.85,319.0,15688
2025-09-16 11:35:00,318.9,319.0,317.7,317.95,272034
2025-09-16 11:40:00,317.95,318.0,317.6,318.0,46031
2025-09-16 11:45:00,318.0,318.0,317.75,317.85,56687
2025-09-16 11:50:00,317.7,317.9,317.1,317.35,87930
2025-09-16 11:55:00,317.35,317.7,316.8,316.95,175610
2025-09-16 12:00:00,316.95,317.2,316.5,317.1,166499
2025-09-16 12:05:00,317.1,317.1,316.7,317.0,78744
2025-09-16 12:10:00,317.0,317.45,316.95,317.45,34605
2025-09-16 12:15:00,317.45,318.1,317.4,318.0,127175
2025-09-16 12:20:00,317.85,317.85,317.3,317.3,76725
2025-09-16 12:25:00,317.35,317.4,317.25,317.35,25701
2025-09-16 12:30:00,317.35,318.0,317.35,317.9,97315
2025-09-16 12:35:00,317.9,317.95,317.4,317.7,59051
2025-09-16 12:40:00,317.7,317.7,317.35,317.5,31422
2025-09-16 12:45:00,317.5,317.5,317.45,317.5,18919
2025-09-16 12:50:00,317.5,317.55,317.45,317.55,17239
2025-09-16 12:55:00,317.55,317.95,317.3,317.95,293218
2025-09-16 13:00:00,317.95,318.45,317.85,318.15,34133
2025-09-16 13:05:00,318.2,318.25,318.05,318.2,13359
2025-09-16 13:10:00,318.2,318.2,317.85,318.15,21625
2025-09-16 13:15:00,318.15,318.2,317.9,317.9,12142
2025-09-16 13:20:00,318.0,318.05,317.85,317.85,16808
2025-09-16 13:25:00,317.85,318.1,317.85,317.95,19451
2025-09-16 13:30:00,317.95,318.15,317.9,318.05,15793
2025-09-16 13:35:00,318.05,318.1,318.0,318.0,18094
2025-09-16 13:40:00,318.0,318.2,318.0,318.05,27187
2025-09-16 13:45:00,318.05,318.15,317.7,317.8,34903
2025-09-16 13:50:00,317.8,318.2,317.8,318.05,27488
2025-09-16 13:55:00,318.05,318.1,317.45,317.7,162458
2025-09-16 14:00:00,317.7,317.95,317.7,317.8,19103
2025-09-16 14:05:00,317.85,317.9,317.6,317.6,18332
2025-09-16 14:10:00,317.6,317.75,317.35,317.7,20091
2025-09-16 14:15:00,317.7,317.8,317.7,317.7,25214
2025-09-16 14:20:00,317.7,318.0,317.4,317.5,362567
2025-09-16 14:25:00,317.5,317.85,317.2,317.4,277126
2025-09-16 14:30:00,317.4,317.7,317.35,317.6,114278
2025-09-16 14:35:00,317.65,317.8,317.25,317.45,64729
2025-09-16 14:40:00,317.45,317.6,317.35,317.45,15556
2025-09-16 14:45:00,317.45,317.55,317.45,317.5,11658
2025-09-16 14:50:00,317.5,317.65,317.1,317.65,107994
2025-09-16 14:55:00,317.65,317.7,317.5,317.6,61487
2025-09-16 15:00:00,317.7,318.5,317.7,318.2,158353
2025-09-16 15:05:00,318.25,318.25,318.0,318.1,110573
2025-09-16 15:10:00,318.15,318.45,318.05,318.4,127672
2025-09-16 15:15:00,318.4,318.4,318.2,318.25,181214
2025-09-16 15:20:00,318.25,318.4,318.05,318.35,242646
2025-09-16 15:25:00,318.35,318.95,318.25,318.55,176627
2025-09-17 09:15:00,319.85,321.0,319.25,320.85,228846
2025-09-17 09:20:00,320.85,322.4,320.85,321.4,339566
2025-09-17 09:25:00,321.3,321.8,321.3,321.5,94512
2025-09-17 09:30:00,321.45,321.75,321.3,321.75,61240
2025-09-17 09:35:00,321.8,322.75,321.7,322.45,90942
2025-09-17 09:40:00,322.45,322.5,321.85,321.85,51013
2025-09-17 09:45:00,321.9,322.0,320.85,321.0,50795
2025-09-17 09:50:00,321.0,321.3,320.95,321.25,51358
2025-09-17 09:55:00,321.25,321.7,320.9,321.5,41650
2025-09-17 10:00:00,321.55,321.9,321.4,321.9,32902
2025-09-17 10:05:00,321.9,322.4,321.85,322.4,40124
2025-09-17 10:10:00,322.4,323.3,322.4,323.1,232920
2025-09-17 10:15:00,323.15,323.65,323.1,323.55,79169
2025-09-17 10:20:00,323.5,323.6,323.4,323.6,49833
2025-09-17 10:25:00,323.75,324.75,323.75,324.3,221566
2025-09-17 10:30:00,324.2,324.4,323.2,323.4,62393
2025-09-17 10:35:00,323.6,323.95,323.4,323.7,50792
2025-09-17 10:40:00,323.7,323.7,323.2,323.5,39370
2025-09-17 10:45:00,323.4,323.6,323.35,323.6,25892
2025-09-17 10:50:00,323.55,324.15,323.5,324.1,37805
2025-09-17 10:55:00,324.1,324.1,323.95,324.1,24429
2025-09-17 11:00:00,324.1,324.1,323.6,323.75,29174
2025-09-17 11:05:00,323.8,323.8,323.5,323.65,31920
2025-09-17 11:10:00,323.7,324.1,323.6,323.8,25742
2025-09-17 11:15:00,323.8,323.85,322.8,322.95,32873
2025-09-17 11:20:00,322.8,322.95,322.65,322.8,24879
2025-09-17 11:25:00,322.85,322.9,322.3,322.65,35046
2025-09-17 11:30:00,322.7,323.0,322.55,322.75,25775
2025-09-17 11:35:00,322.85,323.3,322.8,323.25,27702
2025-09-17 11:40:00,323.2,323.5,323.1,323.3,25671
2025-09-17 11:45:00,323.3,323.45,323.1,323.3,20703
2025-09-17 11:50:00,323.25,323.4,323.1,323.3,19120
2025-09-17 11:55:00,323.2,323.45,323.2,323.25,21780
2025-09-17 12:00:00,323.3,323.35,322.8,322.9,22046
2025-09-17 12:05:00,323.0,323.0,321.35,321.85,185980
2025-09-17 12:10:00,321.85,321.9,321.45,321.75,52276
2025-09-17 12:15:00,321.75,321.8,321.35,321.45,33393
2025-09-17 12:20:00,321.5,321.85,321.4,321.6,53670
2025-09-17 12:25:00,321.6,322.0,321.55,321.75,158192
2025-09-17 12:30:00,321.9,322.0,321.65,321.85,94245
2025-09-17 12:35:00,321.7,321.9,321.6,321.85,42484
2025-09-17 12:40:00,321.95,322.5,321.95,322.4,134638
2025-09-17 12:45:00,322.4,322.7,322.3,322.65,20864
2025-09-17 12:50:00,322.65,322.85,322.35,322.85,17454
2025-09-17 12:55:00,322.9,323.0,322.85,323.0,27318
2025-09-17 13:00:00,322.95,323.25,322.95,323.05,20185
2025-09-17 13:05:00,323.15,323.2,321.8,321.95,160824
2025-09-17 13:10:00,321.9,322.0,321.65,322.0,59622
2025-09-17 13:15:00,321.9,322.55,321.7,321.95,88703
2025-09-17 13:20:00,321.85,322.0,321.85,321.95,70879
2025-09-17 13:25:00,321.95,322.0,321.85,322.0,36090
2025-09-17 13:30:00,322.0,322.45,322.0,322.4,22661
2025-09-17 13:35:00,322.45,322.45,321.65,321.9,67093
2025-09-17 13:40:00,321.95,322.0,321.75,321.95,22246
2025-09-17 13:45:00,322.0,322.65,321.95,322.0,386898
2025-09-17 13:50:00,322.2,322.8,322.15,322.65,230601
2025-09-17 13:55:00,322.55,322.65,321.85,322.0,121672
2025-09-17 14:00:00,321.95,322.0,321.8,321.9,32979
2025-09-17 14:05:00,321.9,321.9,321.6,321.9,48630
2025-09-17 14:10:00,321.9,322.0,321.6,321.75,50776
2025-09-17 14:15:00,321.75,321.9,321.35,321.5,125670
2025-09-17 14:20:00,321.45,322.5,321.45,322.5,132158
2025-09-17 14:25:00,322.45,322.55,321.85,322.0,69402
2025-09-17 14:30:00,322.0,322.0,321.85,322.0,65489
2025-09-17 14:35:00,322.0,322.5,321.95,322.45,121654
2025-09-17 14:40:00,322.3,322.45,322.2,322.25,105000
2025-09-17 14:45:00,322.25,322.75,322.0,322.75,178248
2025-09-17 14:50:00,322.75,323.3,322.7,323.25,130444
2025-09-17 14:55:00,323.2,323.75,323.2,323.55,122970
2025-09-17 15:00:00,323.55,324.05,323.55,324.05,287987
2025-09-17 15:05:00,324.05,324.2,324.0,324.15,112640
2025-09-17 15:10:00,323.95,324.15,323.8,324.05,163881
2025-09-17 15:15:00,324.0,324.3,324.0,324.3,137568
2025-09-17 15:20:00,324.25,324.25,323.6,323.9,258138
2025-09-17 15:25:00,323.85,323.85,322.5,323.4,534019
2025-09-18 09:15:00,324.9,325.3,322.7,322.85,138889
2025-09-18 09:20:00,322.75,323.55,322.35,323.55,94063
2025-09-18 09:25:00,323.7,324.35,323.55,323.95,124974
2025-09-18 09:30:00,323.95,324.7,323.9,324.7,90201
2025-09-18 09:35:00,324.65,325.0,324.45,324.6,67094
2025-09-18 09:40:00,324.65,324.85,324.55,324.75,47867
2025-09-18 09:45:00,324.9,325.2,324.4,324.6,82976
2025-09-18 09:50:00,324.6,324.6,324.0,324.2,42111
2025-09-18 09:55:00,324.25,324.4,323.9,324.35,31882
2025-09-18 10:00:00,324.35,324.4,323.25,323.65,57868
2025-09-18 10:05:00,323.75,323.85,323.55,323.85,23868
2025-09-18 10:10:00,323.75,323.85,323.6,323.65,37114
2025-09-18 10:15:00,323.65,323.65,323.2,323.4,35063
2025-09-18 10:20:00,323.4,323.65,323.25,323.5,26095
2025-09-18 10:25:00,323.55,323.85,323.3,323.75,35546
2025-09-18 10:30:00,323.75,323.9,323.55,323.85,33221
2025-09-18 10:35:00,323.9,323.9,323.6,323.65,17052
2025-09-18 10:40:00,323.65,323.85,323.6,323.85,16704
2025-09-18 10:45:00,324.0,324.05,323.7,323.7,25592
2025-09-18 10:50:00,323.75,324.1,323.7,324.0,16029
2025-09-18 10:55:00,324.0,324.15,323.7,323.85,27189
2025-09-18 11:00:00,323.75,324.0,323.7,323.9,14552
2025-09-18 11:05:00,323.9,323.95,323.25,323.35,49172
2025-09-18 11:10:00,323.3,323.55,323.1,323.15,26456
2025-09-18 11:15:00,323.3,323.55,321.95,323.05,427682
2025-09-18 11:20:00,323.0,323.05,321.65,322.0,159283
2025-09-18 11:25:00,322.0,322.0,321.9,322.0,36133
2025-09-18 11:30:00,322.0,322.45,321.95,322.35,224542
2025-09-18 11:35:00,322.3,322.7,322.0,322.0,136857
2025-09-18 11:40:00,322.0,322.0,321.3,321.5,85490
2025-09-18 11:45:00,321.45,321.5,321.0,321.2,20314
2025-09-18 11:50:00,321.3,321.6,321.25,321.45,16261
2025-09-18 11:55:00,321.45,321.7,321.4,321.55,18870
2025-09-18 12:00:00,321.6,321.6,321.45,321.55,11781
2025-09-18 12:05:00,321.5,322.0,321.5,321.75,17207
2025-09-18 12:10:00,321.75,322.5,321.75,322.25,212245
2025-09-18 12:15:00,322.2,322.55,322.0,322.45,159919
2025-09-18 12:20:00,322.35,322.8,322.0,322.2,252865
2025-09-18 12:25:00,322.2,322.2,321.85,322.0,27664
2025-09-18 12:30:00,322.0,322.45,321.9,322.25,35930
2025-09-18 12:35:00,322.3,322.3,321.85,321.95,29670
2025-09-18 12:40:00,321.85,322.0,321.75,321.85,50355
2025-09-18 12:45:00,321.85,322.15,321.75,322.05,21848
2025-09-18 12:50:00,322.15,322.4,322.0,322.2,36178
2025-09-18 12:55:00,322.2,322.4,321.95,322.4,176658
2025-09-18 13:00:00,322.4,322.4,321.9,322.1,26949
2025-09-18 13:05:00,322.1,322.15,322.0,322.0,10121
2025-09-18 13:10:00,322.0,322.2,321.9,322.0,16193
2025-09-18 13:15:00,322.0,322.05,321.75,321.95,49982
2025-09-18 13:20:00,321.95,322.4,321.9,322.15,14443
2025-09-18 13:25:00,322.15,322.4,322.0,322.35,30646
2025-09-18 13:30:00,322.3,322.95,322.15,322.95,70922
2025-09-18 13:35:00,322.95,323.6,322.7,323.5,34625
2025-09-18 13:40:00,323.5,324.15,323.45,324.0,75919
2025-09-18 13:45:00,324.0,324.5,323.9,324.5,48277
2025-09-18 13:50:00,324.5,324.9,324.3,324.6,59699
2025-09-18 13:55:00,324.6,324.7,324.4,324.7,54106
2025-09-18 14:00:00,324.75,324.8,324.5,324.8,39604
2025-09-18 14:05:00,324.8,324.9,324.7,324.9,35378
2025-09-18 14:10:00,324.9,325.2,324.6,325.0,102709
2025-09-18 14:15:00,325.0,325.1,324.85,325.0,45614
2025-09-18 14:20:00,325.05,325.1,325.0,325.0,57425
2025-09-18 14:25:00,325.0,325.05,325.0,325.0,118922
2025-09-18 14:30:00,325.0,325.5,325.0,325.45,44447
2025-09-18 14:35:00,325.4,325.4,325.05,325.05,23041
2025-09-18 14:40:00,325.05,326.05,325.05,326.0,154870
2025-09-18 14:45:00,326.0,326.15,325.55,325.6,60139
2025-09-18 14:50:00,325.6,325.85,325.4,325.7,71987
2025-09-18 14:55:00,325.7,326.0,325.55,325.95,65630
2025-09-18 15:00:00,325.95,326.1,325.4,325.45,155766
2025-09-18 15:05:00,325.45,326.05,325.25,326.0,277950
2025-09-18 15:10:00,326.0,326.05,325.4,325.45,118921
2025-09-18 15:15:00,325.5,325.7,325.45,325.65,121257
2025-09-18 15:20:00,325.7,325.85,325.5,325.75,156197
2025-09-18 15:25:00,325.8,325.95,325.5,325.6,152695
2025-09-19 09:15:00,325.6,326.55,324.8,326.0,125065
2025-09-19 09:20:00,325.9,327.6,325.75,326.65,145529
2025-09-19 09:25:00,326.65,328.0,326.35,327.8,90922
2025-09-19 09:30:00,327.65,329.3,327.6,328.9,197268
2025-09-19 09:35:00,328.8,329.75,328.65,329.6,130505
2025-09-19 09:40:00,329.4,332.75,329.35,332.4,404099
2025-09-19 09:45:00,332.35,333.2,331.7,332.75,522556
2025-09-19 09:50:00,332.6,333.7,332.3,333.4,278390
2025-09-19 09:55:00,333.4,333.5,332.4,332.7,234238
2025-09-19 10:00:00,332.5,332.8,331.6,332.4,264758
2025-09-19 10:05:00,332.35,333.5,332.25,333.5,129236
2025-09-19 10:10:00,333.45,334.0,331.9,332.0,372454
2025-09-19 10:15:00,332.0,332.5,331.4,331.8,136427
2025-09-19 10:20:00,331.9,332.4,331.6,332.05,67113
2025-09-19 10:25:00,332.1,332.4,332.05,332.1,34918
2025-09-19 10:30:00,332.2,332.4,331.75,332.05,33366
2025-09-19 10:35:00,332.25,332.9,332.05,332.9,45301
2025-09-19 10:40:00,332.9,332.9,332.5,332.6,40174
2025-09-19 10:45:00,332.65,332.65,332.15,332.5,30908
2025-09-19 10:50:00,332.45,333.3,332.4,333.1,59901
2025-09-19 10:55:00,333.1,333.35,332.85,333.25,46022
2025-09-19 11:00:00,333.15,333.35,332.35,332.35,51372
2025-09-19 11:05:00,332.4,332.7,332.0,332.1,38697
2025-09-19 11:10:00,332.1,332.3,332.0,332.05,23292
2025-09-19 11:15:00,332.15,332.25,331.75,332.15,59802
2025-09-19 11:20:00,332.15,332.6,332.05,332.5,21818
2025-09-19 11:25:00,332.5,332.95,332.5,332.7,19632
2025-09-19 11:30:00,332.7,332.8,332.5,332.7,16595
2025-09-19 11:35:00,332.7,332.75,332.3,332.45,14090
2025-09-19 11:40:00,332.4,332.8,332.4,332.65,31642
2025-09-19 11:45:00,332.8,332.8,332.3,332.4,25607
2025-09-19 11:50:00,332.5,332.5,330.5,330.7,271626
2025-09-19 11:55:00,330.75,330.75,329.7,330.25,192477
2025-09-19 12:00:00,330.25,330.4,330.1,330.2,27782
2025-09-19 12:05:00,330.2,330.45,330.1,330.35,27897
2025-09-19 12:10:00,330.35,330.5,329.85,329.95,65454
2025-09-19 12:15:00,329.95,330.0,329.6,329.65,42653
2025-09-19 12:20:00,329.65,330.0,329.65,329.9,37314
2025-09-19 12:25:00,329.9,330.0,329.8,329.8,24105
2025-09-19 12:30:00,330.0,330.0,329.85,329.95,49001
2025-09-19 12:35:00,329.95,330.15,329.8,330.1,68529
2025-09-19 12:40:00,330.1,330.9,330.1,330.65,79334
2025-09-19 12:45:00,330.65,330.75,329.8,329.95,98941
2025-09-19 12:50:00,329.8,330.65,329.8,330.1,130753
2025-09-19 12:55:00,330.1,330.4,329.95,330.3,26658
2025-09-19 13:00:00,330.35,330.35,329.9,330.25,197213
2025-09-19 13:05:00,330.3,330.8,330.3,330.8,55480
2025-09-19 13:10:00,330.6,331.1,330.35,330.7,104723
2025-09-19 13:15:00,330.85,330.85,330.0,330.15,269088
2025-09-19 13:20:00,330.15,330.2,330.0,330.05,30821
2025-09-19 13:25:00,330.15,330.55,330.05,330.2,44508
2025-09-19 13:30:00,330.15,330.95,330.15,330.95,23057
2025-09-19 13:35:00,330.8,331.0,330.55,330.75,37796
2025-09-19 13:40:00,330.75,330.95,330.55,330.55,18637
2025-09-19 13:45:00,330.55,330.8,330.3,330.75,38053
2025-09-19 13:50:00,330.75,331.0,330.35,330.75,148140
2025-09-19 13:55:00,330.65,330.85,329.85,330.0,90597
2025-09-19 14:00:00,330.0,330.1,329.75,329.8,108527
2025-09-19 14:05:00,329.85,330.0,329.5,329.85,43189
2025-09-19 14:10:00,329.85,329.9,329.6,329.75,29986
2025-09-19 14:15:00,329.8,330.35,329.55,329.75,81230
2025-09-19 14:20:00,329.7,330.0,329.3,329.5,46253
2025-09-19 14:25:00,329.5,329.7,329.25,329.5,47705
2025-09-19 14:30:00,329.3,329.7,329.0,329.15,67611
2025-09-19 14:35:00,329.25,330.35,329.25,330.1,92485
2025-09-19 14:40:00,330.1,330.1,329.9,330.0,51043
2025-09-19 14:45:00,330.05,330.35,330.0,330.3,31442
2025-09-19 14:50:00,330.3,330.7,330.25,330.45,86817
2025-09-19 14:55:00,330.45,330.55,330.15,330.2,69696
2025-09-19 15:00:00,330.3,330.4,329.6,329.75,656864
2025-09-19 15:05:00,329.75,330.0,329.55,330.0,458943
2025-09-19 15:10:00,329.95,330.05,329.5,329.6,426638
2025-09-19 15:15:00,329.55,329.6,328.95,329.4,758761
2025-09-19 15:20:00,329.4,329.45,329.25,329.3,520766
2025-09-19 15:25:00,329.05,330.5,329.05,330.4,548625
2025-09-22 09:15:00,329.0,329.5,326.85,328.35,167938
2025-09-22 09:20:00,328.4,330.2,328.1,330.15,93544
2025-09-22 09:25:00,330.0,330.2,329.0,329.55,70207
2025-09-22 09:30:00,329.55,329.65,328.35,328.45,99579
2025-09-22 09:35:00,328.4,329.35,328.2,329.35,44910
2025-09-22 09:40:00,329.35,329.7,329.35,329.7,35758
2025-09-22 09:45:00,329.7,330.25,329.6,330.15,38068
2025-09-22 09:50:00,330.2,330.3,328.5,328.95,57818
2025-09-22 09:55:00,328.85,329.95,328.85,329.8,29946
2025-09-22 10:00:00,329.8,329.8,329.05,329.3,17623
2025-09-22 10:05:00,329.3,329.35,328.75,329.35,34260
2025-09-22 10:10:00,329.35,329.5,329.05,329.4,16869
2025-09-22 10:15:00,329.4,329.5,329.25,329.45,9205
2025-09-22 10:20:00,329.4,329.45,328.85,329.0,11341
2025-09-22 10:25:00,329.0,330.95,328.55,330.9,152438
2025-09-22 10:30:00,330.95,332.0,330.8,331.9,56595
2025-09-22 10:35:00,332.0,332.0,331.3,331.9,44018
2025-09-22 10:40:00,331.9,332.0,331.55,331.65,59696
2025-09-22 10:45:00,331.8,331.8,331.5,331.7,12287
2025-09-22 10:50:00,331.7,331.8,331.6,331.8,8955
2025-09-22 10:55:00,331.75,332.3,331.7,332.0,30654
2025-09-22 11:00:00,332.0,332.0,331.5,331.6,14837
2025-09-22 11:05:00,331.5,331.6,331.15,331.25,10622
2025-09-22 11:10:00,331.25,331.3,331.05,331.3,12280
2025-09-22 11:15:00,331.3,331.4,330.75,330.8,21719
2025-09-22 11:20:00,330.85,330.85,330.2,330.5,32368
2025-09-22 11:25:00,330.5,331.1,330.45,330.95,7368
2025-09-22 11:30:00,331.0,331.1,330.55,330.75,17408
2025-09-22 11:35:00,330.65,331.35,330.55,331.35,10684
2025-09-22 11:40:00,331.35,331.75,331.3,331.6,21666
2025-09-22 11:45:00,331.65,331.8,331.15,331.45,22341
2025-09-22 11:50:00,331.45,331.45,330.9,331.05,20093
2025-09-22 11:55:00,331.1,331.2,330.6,330.8,16300
2025-09-22 12:00:00,330.95,331.15,330.65,330.9,11610
2025-09-22 12:05:00,330.9,330.9,330.8,330.9,3153
2025-09-22 12:10:00,330.9,331.0,330.2,330.65,28691
2025-09-22 12:15:00,330.65,330.65,329.2,329.35,132166
2025-09-22 12:20:00,329.4,329.4,329.05,329.3,102994
2025-09-22 12:25:00,329.2,329.55,329.15,329.25,18351
2025-09-22 12:30:00,329.15,329.3,328.25,328.25,136552
2025-09-22 12:35:00,328.45,328.45,327.75,328.25,169603
2025-09-22 12:40:00,328.3,329.85,328.3,329.5,180094
2025-09-22 12:45:00,329.6,329.6,328.85,328.95,20333
2025-09-22 12:50:00,328.85,328.95,328.1,328.35,71112
2025-09-22 12:55:00,328.45,328.5,328.25,328.35,13895
2025-09-22 13:00:00,328.35,328.8,327.45,327.75,226126
2025-09-22 13:05:00,327.8,327.95,327.65,327.75,30662
2025-09-22 13:10:00,327.85,328.05,327.55,327.9,16787
2025-09-22 13:15:00,327.95,328.0,327.5,327.65,26341
2025-09-22 13:20:00,327.55,327.7,327.25,327.25,12279
2025-09-22 13:25:00,327.25,327.55,327.1,327.55,27582
2025-09-22 13:30:00,327.6,327.6,326.75,326.8,51160
2025-09-22 13:35:00,326.9,327.0,326.65,327.0,16929
2025-09-22 13:40:00,326.95,327.15,326.85,327.0,104854
2025-09-22 13:45:00,327.0,327.0,326.7,326.85,23210
2025-09-22 13:50:00,326.95,327.0,326.25,326.5,47913
2025-09-22 13:55:00,326.35,326.55,326.0,326.2,26108
2025-09-22 14:00:00,326.25,326.5,326.05,326.5,48076
2025-09-22 14:05:00,326.45,326.85,326.2,326.85,28104
2025-09-22 14:10:00,326.85,327.0,326.6,326.8,34172
2025-09-22 14:15:00,326.7,326.95,326.55,326.75,21397
2025-09-22 14:20:00,326.8,326.95,326.65,326.7,21451
2025-09-22 14:25:00,326.8,326.85,326.3,326.35,36660
2025-09-22 14:30:00,326.5,326.7,326.3,326.45,33031
2025-09-22 14:35:00,326.4,326.5,323.85,324.5,267481
2025-09-22 14:40:00,324.45,324.75,322.9,323.05,254480
2025-09-22 14:45:00,323.1,323.5,322.45,323.45,100732
2025-09-22 14:50:00,323.5,323.65,323.05,323.3,66717
2025-09-22 14:55:00,323.15,323.7,323.0,323.7,55733
2025-09-22 15:00:00,323.7,324.55,323.65,324.45,162854
2025-09-22 15:05:00,324.4,325.2,324.05,325.2,122263
2025-09-22 15:10:00,325.3,325.85,324.95,325.45,174756
2025-09-22 15:15:00,325.45,325.75,325.25,325.7,151344
2025-09-22 15:20:00,325.8,326.2,325.7,326.05,217263
2025-09-22 15:25:00,326.05,326.5,326.0,326.4,171198
2025-09-23 09:15:00,328.7,328.9,326.85,328.2,277021
2025-09-23 09:20:00,328.2,329.25,328.1,328.55,180874
2025-09-23 09:25:00,328.7,329.5,328.3,329.1,116629
2025-09-23 09:30:00,328.95,329.0,328.4,328.5,72806
2025-09-23 09:35:00,328.7,329.65,328.25,329.4,91654
2025-09-23 09:40:00,329.55,330.0,328.8,329.0,111427
2025-09-23 09:45:00,329.0,329.0,328.05,328.1,78952
2025-09-23 09:50:00,328.2,328.4,327.7,327.95,61256
2025-09-23 09:55:00,327.9,328.55,327.6,328.05,52020
2025-09-23 10:00:00,328.1,329.05,328.0,328.9,51434
2025-09-23 10:05:00,328.85,329.0,328.3,328.9,31759
2025-09-23 10:10:00,328.9,329.1,328.65,328.65,53132
2025-09-23 10:15:00,328.65,328.85,327.95,328.1,17760
2025-09-23 10:20:00,328.1,328.35,327.9,327.95,43127
2025-09-23 10:25:00,327.95,328.4,327.9,328.4,9119
2025-09-23 10:30:00,328.45,328.45,327.6,327.7,23050
2025-09-23 10:35:00,327.75,328.25,327.55,328.2,21544
2025-09-23 10:40:00,328.2,328.7,328.2,328.65,18678
2025-09-23 10:45:00,328.65,328.7,328.15,328.2,25312
2025-09-23 10:50:00,328.15,328.15,327.95,327.95,18226
2025-09-23 10:55:00,327.95,329.8,327.9,329.75,138547
2025-09-23 11:00:00,329.75,330.4,328.85,329.0,220299
2025-09-23 11:05:00,329.15,329.5,329.05,329.35,48549
2025-09-23 11:10:00,329.3,329.35,329.0,329.05,26258
2025-09-23 11:15:00,329.0,329.1,328.65,328.95,47346
2025-09-23 11:20:00,328.9,329.5,328.85,329.35,41392
2025-09-23 11:25:00,329.4,329.6,329.2,329.5,17851
2025-09-23 11:30:00,329.45,329.55,328.75,329.0,40604
2025-09-23 11:35:00,329.0,329.4,328.85,329.3,25279
2025-09-23 11:40:00,329.3,329.9,329.25,329.7,31048
2025-09-23 11:45:00,329.7,329.95,329.65,329.7,26580
2025-09-23 11:50:00,329.75,330.0,329.6,329.65,39479
2025-09-23 11:55:00,329.75,330.2,329.65,330.1,76930
2025-09-23 12:00:00,330.1,330.3,330.0,330.3,22091
2025-09-23 12:05:00,330.2,330.4,330.1,330.4,24770
2025-09-23 12:10:00,330.3,330.95,330.3,330.95,65234
2025-09-23 12:15:00,330.95,332.2,330.8,331.65,148976
2025-09-23 12:20:00,331.7,332.3,331.65,331.65,119963
2025-09-23 12:25:00,331.6,331.85,331.25,331.75,72991
2025-09-23 12:30:00,331.75,332.15,331.65,331.85,62182
2025-09-23 12:35:00,331.85,332.05,331.35,331.45,57132
2025-09-23 12:40:00,331.5,332.1,331.4,332.0,213414
2025-09-23 12:45:00,332.05,332.85,332.0,332.0,271243
2025-09-23 12:50:00,332.1,332.35,332.0,332.0,49970
2025-09-23 12:55:00,332.0,332.15,331.95,332.0,161968
2025-09-23 13:00:00,332.0,334.0,332.0,333.45,479485
2025-09-23 13:05:00,333.45,334.65,333.2,334.15,158035
2025-09-23 13:10:00,334.2,335.2,333.8,334.05,470067
2025-09-23 13:15:00,334.0,334.05,333.05,333.15,92337
2025-09-23 13:20:00,333.05,333.35,331.3,331.45,177428
2025-09-23 13:25:00,331.35,331.95,331.05,331.85,90966
2025-09-23 13:30:00,331.8,332.0,331.6,331.8,73487
2025-09-23 13:35:00,331.8,331.9,331.6,331.8,35227
2025-09-23 13:40:00,331.8,331.95,331.55,331.7,37281
2025-09-23 13:45:00,331.7,332.0,331.6,331.9,61515
2025-09-23 13:50:00,331.9,332.0,331.7,332.0,47910
2025-09-23 13:55:00,331.9,332.0,331.8,331.95,37500
2025-09-23 14:00:00,331.9,332.6,331.8,332.1,240955
2025-09-23 14:05:00,332.2,332.5,332.0,332.4,248327
2025-09-23 14:10:00,332.4,332.8,331.65,331.65,146007
2025-09-23 14:15:00,331.65,331.8,331.2,331.7,211302
2025-09-23 14:20:00,331.6,331.75,331.45,331.65,52222
2025-09-23 14:25:00,331.65,332.0,331.55,331.7,119569
2025-09-23 14:30:00,331.75,331.95,331.65,331.7,70862
2025-09-23 14:35:00,331.65,331.8,331.35,331.45,56482
2025-09-23 14:40:00,331.45,331.55,330.8,330.95,98454
2025-09-23 14:45:00,330.95,331.0,330.75,330.8,30895
2025-09-23 14:50:00,330.85,331.0,330.3,330.3,169063
2025-09-23 14:55:00,330.25,330.6,330.05,330.15,242606
2025-09-23 15:00:00,330.15,331.2,330.0,330.1,270372
2025-09-23 15:05:00,330.15,330.5,329.65,330.25,202196
2025-09-23 15:10:00,330.2,330.7,329.85,330.65,161727
2025-09-23 15:15:00,330.65,330.8,329.95,330.8,189625
2025-09-23 15:20:00,330.65,331.1,330.65,331.05,166349
2025-09-23 15:25:00,331.0,331.2,330.2,330.6,148169
2025-09-24 09:15:00,330.45,332.3,329.15,329.15,274775
2025-09-24 09:20:00,329.15,329.6,328.15,329.4,127766
2025-09-24 09:25:00,329.4,330.25,329.15,330.15,63415
2025-09-24 09:30:00,330.15,330.15,329.2,329.35,113196
2025-09-24 09:35:00,329.4,329.9,329.35,329.75,47211
2025-09-24 09:40:00,329.75,330.3,329.55,329.9,79331
2025-09-24 09:45:00,330.0,331.8,329.6,331.7,215592
2025-09-24 09:50:00,331.7,331.7,330.45,330.45,131328
2025-09-24 09:55:00,330.55,330.65,330.25,330.6,23117
2025-09-24 10:00:00,330.5,330.75,330.4,330.5,24387
2025-09-24 10:05:00,330.4,331.4,330.4,331.15,34813
2025-09-24 10:10:00,331.1,331.45,331.1,331.45,45742
2025-09-24 10:15:00,331.35,332.4,331.35,332.4,91829
2025-09-24 10:20:00,332.3,332.4,331.85,331.85,130809
2025-09-24 10:25:00,331.65,332.05,331.5,331.7,58083
2025-09-24 10:30:00,331.75,331.95,331.7,331.75,29204
2025-09-24 10:35:00,331.8,331.9,331.25,331.3,57483
2025-09-24 10:40:00,331.3,331.5,331.05,331.1,41993
2025-09-24 10:45:00,331.2,331.2,330.05,330.25,105560
2025-09-24 10:50:00,330.15,330.35,329.5,329.8,84591
2025-09-24 10:55:00,329.7,329.95,329.45,329.95,44325
2025-09-24 11:00:00,329.75,329.85,328.6,328.7,97638
2025-09-24 11:05:00,328.65,329.1,327.0,327.35,228958
2025-09-24 11:10:00,327.35,327.8,327.0,327.75,66444
2025-09-24 11:15:00,327.5,327.8,327.4,327.6,94457
2025-09-24 11:20:00,327.6,328.15,327.6,328.0,55035
2025-09-24 11:25:00,327.95,328.15,327.95,328.05,19024
2025-09-24 11:30:00,328.1,328.35,328.05,328.2,69430
2025-09-24 11:35:00,328.2,328.95,328.2,328.95,42599
2025-09-24 11:40:00,328.85,329.1,328.8,328.9,44275
2025-09-24 11:45:00,328.95,329.4,328.85,329.05,49935
2025-09-24 11:50:00,328.9,329.35,328.9,329.2,41392
2025-09-24 11:55:00,329.2,329.45,329.15,329.45,32005
2025-09-24 12:00:00,329.35,329.6,328.65,328.85,97360
2025-09-24 12:05:00,328.75,329.1,328.7,328.7,39028
2025-09-24 12:10:00,328.7,329.4,328.7,329.4,26448
2025-09-24 12:15:00,329.25,329.6,329.15,329.6,48410
2025-09-24 12:20:00,329.5,329.6,329.3,329.6,55413
2025-09-24 12:25:00,329.55,329.7,329.5,329.7,45433
2025-09-24 12:30:00,329.6,329.7,328.7,328.95,76559
2025-09-24 12:35:00,328.9,329.2,328.9,329.1,60820
2025-09-24 12:40:00,329.1,329.15,328.75,329.1,59339
2025-09-24 12:45:00,329.1,329.9,329.1,329.9,117383
2025-09-24 12:50:00,329.75,330.1,329.7,330.0,31167
2025-09-24 12:55:00,330.05,330.4,329.85,330.3,41121
2025-09-24 13:00:00,330.2,330.65,330.2,330.5,31987
2025-09-24 13:05:00,330.35,330.5,329.55,329.95,91253
2025-09-24 13:10:00,329.95,330.0,329.8,329.9,15971
2025-09-24 13:15:00,329.9,330.35,329.7,330.35,137078
2025-09-24 13:20:00,330.25,330.4,330.15,330.3,35202
2025-09-24 13:25:00,330.35,330.4,330.1,330.25,32074
2025-09-24 13:30:00,330.15,330.9,330.15,330.8,30912
2025-09-24 13:35:00,330.7,330.85,330.6,330.7,22921
2025-09-24 13:40:00,330.7,330.9,330.65,330.8,34847
2025-09-24 13:45:00,330.65,330.8,330.4,330.55,23203
2025-09-24 13:50:00,330.4,330.55,330.3,330.55,24630
2025-09-24 13:55:00,330.5,330.65,330.3,330.45,35123
2025-09-24 14:00:00,330.4,330.5,330.3,330.5,16670
2025-09-24 14:05:00,330.45,330.6,330.3,330.6,48248
2025-09-24 14:10:00,330.5,330.65,330.1,330.35,26906
2025-09-24 14:15:00,330.15,330.5,330.15,330.5,13666
2025-09-24 14:20:00,330.45,330.5,330.0,330.25,30426
2025-09-24 14:25:00,330.15,330.3,329.95,330.3,33132
2025-09-24 14:30:00,330.3,330.45,329.95,330.05,41609
2025-09-24 14:35:00,330.2,330.5,330.05,330.45,61578
2025-09-24 14:40:00,330.3,330.45,329.95,330.1,43380
2025-09-24 14:45:00,330.1,330.2,329.85,330.15,145191
2025-09-24 14:50:00,330.1,330.3,329.85,330.3,40401
2025-09-24 14:55:00,330.3,330.3,329.95,330.0,77459
2025-09-24 15:00:00,329.9,330.6,329.9,330.5,394484
2025-09-24 15:05:00,330.45,330.5,329.95,330.1,106152
2025-09-24 15:10:00,330.1,330.15,330.0,330.15,105594
2025-09-24 15:15:00,330.15,330.3,330.05,330.25,103447
2025-09-24 15:20:00,330.3,330.5,330.0,330.1,170863
2025-09-24 15:25:00,330.2,330.35,330.0,330.25,151102
2025-09-25 09:15:00,329.1,329.85,328.3,328.6,109089
2025-09-25 09:20:00,328.6,330.2,328.6,330.15,98891
2025-09-25 09:25:00,330.15,330.15,329.1,329.1,54477
2025-09-25 09:30:00,329.1,329.3,328.45,328.95,92990
2025-09-25 09:35:00,328.95,329.65,328.6,329.25,40253
2025-09-25 09:40:00,329.4,329.4,328.0,328.45,106811
2025-09-25 09:45:00,328.45,328.5,328.15,328.4,44565
2025-09-25 09:50:00,328.45,329.25,328.3,329.2,121387
2025-09-25 09:55:00,329.2,330.0,329.2,329.9,56397
2025-09-25 10:00:00,330.0,330.5,329.75,330.1,59511
2025-09-25 10:05:00,330.1,330.35,329.25,330.15,39636
2025-09-25 10:10:00,330.2,330.5,330.05,330.1,20444
2025-09-25 10:15:00,330.2,330.4,329.9,330.0,41045
2025-09-25 10:20:00,329.95,330.0,329.45,329.8,11246
2025-09-25 10:25:00,329.8,329.85,329.5,329.5,24327
2025-09-25 10:30:00,329.55,329.95,329.25,329.6,56632
2025-09-25 10:35:00,329.55,329.7,328.7,329.2,92025
2025-09-25 10:40:00,329.2,329.8,328.85,328.9,85171
2025-09-25 10:45:00,328.95,329.1,328.1,328.45,53105
2025-09-25 10:50:00,328.45,328.55,328.1,328.2,48304
2025-09-25 10:55:00,328.2,328.45,328.0,328.2,45348
2025-09-25 11:00:00,328.1,328.25,327.8,328.05,27481
2025-09-25 11:05:00,328.0,328.55,328.0,328.2,57441
2025-09-25 11:10:00,328.2,328.5,328.2,328.4,13674
2025-09-25 11:15:00,328.4,328.5,328.35,328.4,15073
2025-09-25 11:20:00,328.4,329.0,328.4,328.85,39371
2025-09-25 11:25:00,328.85,328.95,328.25,328.75,12524
2025-09-25 11:30:00,328.85,328.95,328.5,328.75,14906
2025-09-25 11:35:00,328.65,328.7,328.25,328.25,7975
2025-09-25 11:40:00,328.3,328.55,327.8,327.9,24000
2025-09-25 11:45:00,328.0,328.05,327.55,327.85,34475
2025-09-25 11:50:00,327.85,328.0,327.7,327.8,27466
2025-09-25 11:55:00,327.8,328.2,327.75,327.75,28677
2025-09-25 12:00:00,327.75,327.75,327.0,327.15,70704
2025-09-25 12:05:00,327.15,327.5,327.0,327.25,21258
2025-09-25 12:10:00,327.25,328.65,327.2,328.45,97404
2025-09-25 12:15:00,328.35,329.05,328.2,329.0,35703
2025-09-25 12:20:00,329.0,329.2,328.6,328.7,60297
2025-09-25 12:25:00,328.65,329.2,328.6,329.15,29891
2025-09-25 12:30:00,329.15,329.25,328.95,329.0,12573
2025-09-25 12:35:00,329.1,329.75,328.95,329.65,80468
2025-09-25 12:40:00,329.6,329.9,329.5,329.8,319750
2025-09-25 12:45:00,329.75,330.45,329.65,330.1,113823
2025-09-25 12:50:00,330.1,330.55,330.0,330.4,68396
2025-09-25 12:55:00,330.4,330.5,329.95,330.1,36758
2025-09-25 13:00:00,330.2,330.2,330.0,330.0,23743
2025-09-25 13:05:00,330.0,330.35,330.0,330.2,27546
2025-09-25 13:10:00,330.2,330.35,329.45,329.9,165981
2025-09-25 13:15:00,329.75,330.3,329.5,330.0,80341
2025-09-25 13:20:00,329.9,330.25,329.9,330.25,16682
2025-09-25 13:25:00,330.2,330.25,329.65,329.7,51045
2025-09-25 13:30:00,329.8,330.0,329.5,330.0,1037549
2025-09-25 13:35:00,329.9,330.0,329.5,329.5,53616
2025-09-25 13:40:00,329.5,329.9,329.5,329.9,21484
2025-09-25 13:45:00,329.9,330.4,329.8,330.4,54879
2025-09-25 13:50:00,330.4,330.75,330.25,330.65,39081
2025-09-25 13:55:00,330.55,332.4,330.55,331.6,197288
2025-09-25 14:00:00,331.6,332.2,331.45,332.2,52584
2025-09-25 14:05:00,332.1,332.5,331.5,331.5,43984
2025-09-25 14:10:00,331.5,331.75,330.7,330.9,73851
2025-09-25 14:15:00,330.9,330.95,330.4,330.6,33221
2025-09-25 14:20:00,330.55,330.75,330.5,330.5,12442
2025-09-25 14:25:00,330.55,330.6,330.3,330.4,22076
2025-09-25 14:30:00,330.4,330.7,330.3,330.6,43850
2025-09-25 14:35:00,330.6,330.75,330.2,330.7,24038
2025-09-25 14:40:00,330.7,330.75,330.2,330.3,15542
2025-09-25 14:45:00,330.35,330.55,330.2,330.4,17991
2025-09-25 14:50:00,330.3,330.5,330.25,330.45,20567
2025-09-25 14:55:00,330.45,330.9,330.4,330.45,81075
2025-09-25 15:00:00,330.75,331.2,330.15,330.2,112031
2025-09-25 15:05:00,330.2,330.2,329.5,329.5,186226
2025-09-25 15:10:00,329.5,329.75,329.3,329.3,201897
2025-09-25 15:15:00,329.35,329.75,329.25,329.6,237170
2025-09-25 15:20:00,329.6,330.1,329.15,329.2,187297
2025-09-25 15:25:00,329.15,329.45,328.8,328.85,111648
2025-09-26 09:15:00,329.8,330.0,327.3,327.3,310234
2025-09-26 09:20:00,327.25,327.4,325.85,327.3,218520
2025-09-26 09:25:00,327.3,327.6,324.2,324.65,314407
2025-09-26 09:30:00,324.65,325.1,324.4,324.95,116831
2025-09-26 09:35:00,324.85,325.25,324.35,325.05,88561
2025-09-26 09:40:00,325.15,325.85,324.9,325.0,91241
2025-09-26 09:45:00,325.05,325.45,324.9,325.2,86539
2025-09-26 09:50:00,325.2,326.05,325.2,325.8,110880
2025-09-26 09:55:00,325.75,326.5,325.75,326.4,49389
2025-09-26 10:00:00,326.5,326.5,325.7,325.7,44087
2025-09-26 10:05:00,325.75,325.75,325.05,325.25,58471
2025-09-26 10:10:00,325.25,325.75,325.0,325.5,58110
2025-09-26 10:15:00,325.55,326.2,325.45,325.45,54612
2025-09-26 10:20:00,325.6,326.7,325.4,326.0,79519
2025-09-26 10:25:00,326.0,326.1,325.55,325.55,50820
2025-09-26 10:30:00,325.6,325.8,325.35,325.6,36614
2025-09-26 10:35:00,325.65,325.95,325.5,325.85,56254
2025-09-26 10:40:00,325.85,326.1,325.4,325.4,45046
2025-09-26 10:45:00,325.4,325.75,325.3,325.7,26441
2025-09-26 10:50:00,325.65,326.2,325.6,325.75,68294
2025-09-26 10:55:00,325.75,325.9,325.45,325.45,44471
2025-09-26 11:00:00,325.4,325.5,324.6,324.7,86615
2025-09-26 11:05:00,324.7,324.85,323.85,324.3,110633
2025-09-26 11:10:00,324.3,324.45,323.95,324.05,36278
2025-09-26 11:15:00,324.05,324.15,322.95,323.15,89182
2025-09-26 11:20:00,323.15,323.7,323.05,323.5,46160
2025-09-26 11:25:00,323.65,323.95,323.5,323.55,62924
2025-09-26 11:30:00,323.55,324.25,323.55,324.15,59733
2025-09-26 11:35:00,324.15,324.2,323.5,323.65,57847
2025-09-26 11:40:00,323.6,324.65,323.55,324.2,41493
2025-09-26 11:45:00,324.2,324.75,324.2,324.65,36857
2025-09-26 11:50:00,324.65,325.05,324.45,324.55,49698
2025-09-26 11:55:00,324.6,324.8,324.35,324.65,49701
2025-09-26 12:00:00,324.55,324.6,323.85,324.15,64440
2025-09-26 12:05:00,324.15,324.55,324.0,324.25,45365
2025-09-26 12:10:00,324.3,324.4,324.25,324.35,24625
2025-09-26 12:15:00,324.35,324.45,324.05,324.25,55618
2025-09-26 12:20:00,324.25,325.1,324.25,325.05,33149
2025-09-26 12:25:00,324.95,325.0,324.5,324.7,45936
2025-09-26 12:30:00,324.65,324.7,324.2,324.4,21707
2025-09-26 12:35:00,324.45,324.65,324.45,324.55,9472
2025-09-26 12:40:00,324.55,325.0,324.55,324.95,74590
2025-09-26 12:45:00,325.0,326.15,324.95,325.85,183910
2025-09-26 12:50:00,325.95,326.8,325.7,326.8,101534
2025-09-26 12:55:00,326.7,326.8,325.9,326.1,39247
2025-09-26 13:00:00,326.1,326.25,325.95,326.1,16037
2025-09-26 13:05:00,326.1,326.8,326.1,326.45,63483
2025-09-26 13:10:00,326.45,326.55,326.0,326.2,31004
2025-09-26 13:15:00,326.2,326.3,325.85,326.25,48803
2025-09-26 13:20:00,326.25,326.25,325.95,325.95,37161
2025-09-26 13:25:00,325.95,325.95,325.4,325.55,55662
2025-09-26 13:30:00,325.55,325.55,324.55,324.55,42725
2025-09-26 13:35:00,324.55,324.8,324.3,324.45,56386
2025-09-26 13:40:00,324.45,324.5,324.05,324.1,34785
2025-09-26 13:45:00,324.1,324.65,324.05,324.25,26232
2025-09-26 13:50:00,324.3,324.3,323.75,324.05,51596
2025-09-26 13:55:00,324.05,324.25,323.55,323.65,47355
2025-09-26 14:00:00,323.65,324.7,323.65,324.3,81318
2025-09-26 14:05:00,324.3,325.0,324.0,324.95,172633
2025-09-26 14:10:00,324.95,325.0,324.7,324.75,53736
2025-09-26 14:15:00,324.75,324.8,324.0,324.05,40493
2025-09-26 14:20:00,324.05,324.05,323.5,323.65,40003
2025-09-26 14:25:00,323.65,324.15,323.4,323.65,67870
2025-09-26 14:30:00,323.65,324.0,323.45,323.7,35722
2025-09-26 14:35:00,323.6,324.25,323.45,324.1,29765
2025-09-26 14:40:00,324.1,324.75,323.8,324.55,47135
2025-09-26 14:45:00,324.6,324.6,323.75,324.4,66249
2025-09-26 14:50:00,324.4,324.5,323.7,324.25,127255
2025-09-26 14:55:00,323.95,324.2,323.85,323.9,49670
2025-09-26 15:00:00,323.9,324.1,323.8,323.95,105348
2025-09-26 15:05:00,324.0,324.3,323.95,324.25,128699
2025-09-26 15:10:00,324.25,324.4,323.95,324.15,106134
2025-09-26 15:15:00,324.2,324.2,323.8,324.05,118528
2025-09-26 15:20:00,324.05,324.95,323.95,324.9,286482
2025-09-26 15:25:00,324.85,325.2,323.8,324.5,188328
2025-09-29 09:15:00,326.65,328.2,325.5,327.55,197659
2025-09-29 09:20:00,327.6,329.75,327.5,329.7,224504
2025-09-29 09:25:00,329.8,329.95,329.3,329.85,72995
2025-09-29 09:30:00,329.95,332.6,329.95,332.5,248779
2025-09-29 09:35:00,332.55,334.1,332.45,333.8,243738
2025-09-29 09:40:00,333.95,335.5,333.95,334.75,334678
2025-09-29 09:45:00,334.8,334.95,333.3,334.0,224768
2025-09-29 09:50:00,334.1,334.1,333.05,333.3,149373
2025-09-29 09:55:00,333.3,333.75,332.85,333.6,170416
2025-09-29 10:00:00,333.55,334.4,333.55,334.2,208651
2025-09-29 10:05:00,334.2,334.65,334.0,334.65,146936
2025-09-29 10:10:00,334.8,335.3,334.55,335.3,350973
2025-09-29 10:15:00,335.25,337.25,335.25,336.8,741064
2025-09-29 10:20:00,336.8,338.0,336.3,337.35,494687
2025-09-29 10:25:00,337.3,338.25,337.0,337.1,300888
2025-09-29 10:30:00,337.15,338.45,336.7,338.1,336296
2025-09-29 10:35:00,338.1,338.5,338.05,338.35,170296
2025-09-29 10:40:00,338.35,338.35,337.4,337.55,225465
2025-09-29 10:45:00,337.7,337.7,336.05,336.05,170673
2025-09-29 10:50:00,336.05,336.6,335.35,335.4,173261
2025-09-29 10:55:00,335.35,336.1,335.35,335.95,83229
2025-09-29 11:00:00,336.0,337.25,335.95,336.7,113938
2025-09-29 11:05:00,336.7,336.75,335.75,335.8,79106
2025-09-29 11:10:00,335.9,335.9,335.1,335.45,116312
2025-09-29 11:15:00,335.4,335.8,335.15,335.45,72571
2025-09-29 11:20:00,335.55,335.85,335.4,335.45,56403
2025-09-29 11:25:00,335.5,335.55,334.9,335.0,95786
2025-09-29 11:30:00,334.9,335.5,334.85,335.25,62733
2025-09-29 11:35:00,335.4,335.5,334.9,334.9,84350
2025-09-29 11:40:00,334.85,335.0,334.5,334.8,106173
2025-09-29 11:45:00,334.8,334.8,333.75,333.85,133979
2025-09-29 11:50:00,333.9,334.7,333.85,334.3,118003
2025-09-29 11:55:00,334.45,335.45,334.35,335.45,123350
2025-09-29 12:00:00,335.25,335.65,334.85,335.45,79073
2025-09-29 12:05:00,335.4,335.5,334.8,334.8,58054
2025-09-29 12:10:00,334.8,335.0,334.35,334.65,57512
2025-09-29 12:15:00,334.55,335.35,334.55,334.9,48603
2025-09-29 12:20:00,334.9,335.65,334.8,335.55,65488
2025-09-29 12:25:00,335.55,335.6,335.05,335.5,49446
2025-09-29 12:30:00,335.5,335.5,334.9,335.5,52929
2025-09-29 12:35:00,335.5,335.55,334.75,334.8,71183
2025-09-29 12:40:00,334.75,335.25,334.75,335.1,39473
2025-09-29 12:45:00,335.2,335.4,334.3,334.75,87360
2025-09-29 12:50:00,334.7,335.15,334.7,335.15,55848
2025-09-29 12:55:00,335.0,336.4,335.0,336.4,117008
2025-09-29 13:00:00,336.3,337.9,336.3,337.75,173233
2025-09-29 13:05:00,337.7,337.7,336.8,337.3,108045
2025-09-29 13:10:00,337.3,337.4,336.25,336.25,81829
2025-09-29 13:15:00,336.45,337.3,336.15,337.15,117951
2025-09-29 13:20:00,337.15,337.3,336.7,337.2,67169
2025-09-29 13:25:00,337.15,337.3,336.85,337.05,59637
2025-09-29 13:30:00,337.0,337.25,336.8,336.95,61537
2025-09-29 13:35:00,336.95,337.15,336.95,337.15,57074
2025-09-29 13:40:00,337.15,337.15,336.7,336.8,46644
2025-09-29 13:45:00,336.85,336.9,336.65,336.7,36500
2025-09-29 13:50:00,336.7,337.0,336.7,336.9,49555
2025-09-29 13:55:00,336.9,337.0,336.6,336.6,55884
2025-09-29 14:00:00,336.6,337.2,336.6,337.0,131106
2025-09-29 14:05:00,337.0,337.9,336.95,337.8,217446
2025-09-29 14:10:00,337.8,337.95,337.45,337.95,82807
2025-09-29 14:15:00,337.9,338.0,337.3,337.8,136072
2025-09-29 14:20:00,337.7,338.4,337.7,337.95,192893
2025-09-29 14:25:00,338.05,338.3,337.75,338.15,92850
2025-09-29 14:30:00,338.15,338.4,337.8,338.25,131820
2025-09-29 14:35:00,338.05,338.15,337.35,337.4,105309
2025-09-29 14:40:00,337.55,337.95,337.1,337.4,220377
2025-09-29 14:45:00,337.35,338.0,337.3,337.95,71507
2025-09-29 14:50:00,337.9,338.0,337.5,337.8,81452
2025-09-29 14:55:00,337.9,338.35,337.8,338.25,107977
2025-09-29 15:00:00,338.25,338.35,337.6,337.9,370186
2025-09-29 15:05:00,338.1,338.15,337.35,337.55,349376
2025-09-29 15:10:00,337.55,338.25,337.55,338.05,348903
2025-09-29 15:15:00,338.1,338.6,338.0,338.45,606092
2025-09-29 15:20:00,338.45,339.0,338.25,338.75,686408
2025-09-29 15:25:00,338.85,339.0,336.25,337.85,550912
2025-09-30 09:15:00,339.75,340.4,337.15,339.2,321411
2025-09-30 09:20:00,339.2,340.7,339.1,339.75,259154
2025-09-30 09:25:00,339.8,340.3,339.6,339.75,124598
2025-09-30 09:30:00,339.85,340.2,339.65,339.9,115229
2025-09-30 09:35:00,339.8,340.65,339.05,340.25,169295
2025-09-30 09:40:00,340.25,340.6,340.1,340.3,101851
2025-09-30 09:45:00,340.05,340.8,340.0,340.75,85829
2025-09-30 09:50:00,340.6,340.75,340.25,340.35,60149
2025-09-30 09:55:00,340.35,340.85,340.05,340.1,75209
2025-09-30 10:00:00,340.15,340.5,340.1,340.3,34830
2025-09-30 10:05:00,340.3,340.55,340.2,340.5,60144
2025-09-30 10:10:00,340.3,340.5,340.1,340.4,56940
2025-09-30 10:15:00,340.4,340.4,340.0,340.25,39258
2025-09-30 10:20:00,340.2,340.45,340.2,340.45,33430
2025-09-30 10:25:00,340.45,340.45,340.0,340.1,52085
2025-09-30 10:30:00,340.05,340.4,340.0,340.35,34358
2025-09-30 10:35:00,340.35,340.4,339.6,339.8,105274
2025-09-30 10:40:00,339.65,340.0,339.5,339.95,44429
2025-09-30 10:45:00,339.95,339.95,339.55,339.6,34602
2025-09-30 10:50:00,339.5,340.0,339.5,339.9,44747
2025-09-30 10:55:00,339.9,340.3,339.9,340.05,34238
2025-09-30 11:00:00,340.0,340.2,339.55,339.6,40033
2025-09-30 11:05:00,339.6,339.85,339.1,339.1,43295
2025-09-30 11:10:00,339.1,339.2,338.95,338.95,29701
2025-09-30 11:15:00,338.95,339.2,338.95,339.05,30032
2025-09-30 11:20:00,339.05,339.45,339.05,339.15,41559
2025-09-30 11:25:00,339.25,340.3,339.15,340.15,66657
2025-09-30 11:30:00,340.15,340.8,340.15,340.5,80538
2025-09-30 11:35:00,340.55,342.3,340.5,341.75,737357
2025-09-30 11:40:00,341.85,342.2,341.45,341.45,82237
2025-09-30 11:45:00,341.45,341.5,340.65,340.95,50193
2025-09-30 11:50:00,340.95,341.4,340.8,341.2,41407
2025-09-30 11:55:00,341.2,341.5,340.8,340.8,48963
2025-09-30 12:00:00,340.8,340.95,340.25,340.3,31124
2025-09-30 12:05:00,340.35,340.35,340.15,340.15,24663
2025-09-30 12:10:00,340.15,340.55,340.05,340.35,56248
2025-09-30 12:15:00,340.35,340.45,340.35,340.4,48259
2025-09-30 12:20:00,340.4,340.5,340.15,340.15,38184
2025-09-30 12:25:00,340.15,340.25,339.6,339.6,60316
2025-09-30 12:30:00,339.6,339.65,339.45,339.55,30936
2025-09-30 12:35:00,339.65,339.65,338.4,338.5,104025
2025-09-30 12:40:00,338.5,338.75,338.4,338.5,55051
2025-09-30 12:45:00,338.55,338.8,338.25,338.6,70325
2025-09-30 12:50:00,338.6,338.75,338.5,338.6,39249
2025-09-30 12:55:00,338.6,338.8,338.15,338.2,51161
2025-09-30 13:00:00,338.25,338.35,337.7,337.7,58996
2025-09-30 13:05:00,337.7,338.0,337.65,337.85,24847
2025-09-30 13:10:00,337.85,338.2,337.85,337.95,29364
2025-09-30 13:15:00,337.95,338.65,337.95,338.6,56955
2025-09-30 13:20:00,338.55,338.65,338.25,338.45,60558
2025-09-30 13:25:00,338.45,338.65,338.45,338.6,33971
2025-09-30 13:30:00,338.6,338.9,338.55,338.65,57263
2025-09-30 13:35:00,338.65,338.7,338.15,338.55,56479
2025-09-30 13:40:00,338.5,338.7,338.3,338.4,27313
2025-09-30 13:45:00,338.35,338.45,338.0,338.2,33026
2025-09-30 13:50:00,338.2,338.35,338.05,338.05,18792
2025-09-30 13:55:00,338.05,338.05,337.75,337.95,33026
2025-09-30 14:00:00,337.95,338.55,337.5,337.5,120312
2025-09-30 14:05:00,337.4,337.95,337.4,337.9,41307
2025-09-30 14:10:00,337.9,338.0,337.45,337.75,78006
2025-09-30 14:15:00,337.75,338.2,337.6,337.6,167104
2025-09-30 14:20:00,337.6,337.7,337.35,337.35,41783
2025-09-30 14:25:00,337.35,337.8,337.2,337.75,32651
2025-09-30 14:30:00,337.75,338.35,337.6,337.85,142758
2025-09-30 14:35:00,337.85,338.9,337.85,338.8,62749
2025-09-30 14:40:00,338.8,339.15,338.7,339.0,41546
2025-09-30 14:45:00,339.0,339.1,338.65,338.85,58176
2025-09-30 14:50:00,338.9,339.6,338.8,339.25,67683
2025-09-30 14:55:00,339.25,339.85,339.1,339.25,81214
2025-09-30 15:00:00,339.25,339.75,339.25,339.45,230455
2025-09-30 15:05:00,339.5,340.0,339.45,339.85,353174
2025-09-30 15:10:00,339.9,340.2,339.75,339.85,204147
2025-09-30 15:15:00,339.8,340.15,339.75,339.85,292971
2025-09-30 15:20:00,339.9,339.95,338.65,339.2,280382
2025-09-30 15:25:00,339.25,339.4,338.95,338.95,186634
2025-10-01 09:15:00,341.0,343.55,340.45,342.25,379367
2025-10-01 09:20:00,342.2,342.65,341.6,342.45,161815
2025-10-01 09:25:00,342.45,342.85,342.1,342.85,103041
2025-10-01 09:30:00,342.85,346.25,342.85,345.1,618101
2025-10-01 09:35:00,345.1,345.85,344.7,345.0,201063
2025-10-01 09:40:00,345.0,345.4,344.95,345.3,56516
2025-10-01 09:45:00,345.25,347.3,345.25,347.25,252049
2025-10-01 09:50:00,347.25,347.25,345.95,346.2,168661
2025-10-01 09:55:00,346.3,347.1,345.95,346.8,154573
2025-10-01 10:00:00,347.0,347.5,345.45,345.6,244578
2025-10-01 10:05:00,345.6,346.5,345.25,346.5,79691
2025-10-01 10:10:00,346.4,346.5,346.0,346.2,55033
2025-10-01 10:15:00,346.2,347.0,346.2,346.8,89331
2025-10-01 10:20:00,346.8,347.7,346.3,346.45,143734
2025-10-01 10:25:00,346.45,347.2,345.5,345.9,100144
2025-10-01 10:30:00,345.95,345.95,344.4,344.4,177098
2025-10-01 10:35:00,344.4,344.6,343.2,343.3,192327
2025-10-01 10:40:00,343.3,343.65,343.05,343.15,85530
2025-10-01 10:45:00,343.15,343.15,342.35,342.95,153381
2025-10-01 10:50:00,342.9,343.3,342.7,342.9,120163
2025-10-01 10:55:00,342.85,344.05,342.85,343.5,194714
2025-10-01 11:00:00,343.4,343.65,342.7,342.8,87459
2025-10-01 11:05:00,342.65,342.9,342.35,342.55,65187
2025-10-01 11:10:00,342.5,342.85,342.4,342.85,28726
2025-10-01 11:15:00,342.8,343.0,342.8,342.95,38297
2025-10-01 11:20:00,342.95,343.45,342.4,342.4,227200
2025-10-01 11:25:00,342.4,342.9,342.4,342.7,27393
2025-10-01 11:30:00,342.75,343.45,342.7,343.2,93951
2025-10-01 11:35:00,343.1,344.0,343.1,343.75,61034
2025-10-01 11:40:00,343.85,343.85,342.9,342.95,65340
2025-10-01 11:45:00,342.95,343.0,341.75,341.9,198450
2025-10-01 11:50:00,341.9,341.95,341.05,341.1,75004
2025-10-01 11:55:00,341.2,341.25,340.35,341.0,116726
2025-10-01 12:00:00,340.9,341.8,340.7,340.9,429139
2025-10-01 12:05:00,340.95,341.5,340.4,340.6,186774
2025-10-01 12:10:00,340.55,340.9,340.3,340.9,41568
2025-10-01 12:15:00,340.85,341.0,339.65,339.8,128737
2025-10-01 12:20:00,339.8,340.25,339.8,340.1,23913
2025-10-01 12:25:00,340.1,340.65,340.0,340.2,40068
2025-10-01 12:30:00,340.15,340.75,339.25,340.25,328942
2025-10-01 12:35:00,340.25,340.8,339.9,340.0,44787
2025-10-01 12:40:00,339.95,340.0,339.85,340.0,43830
2025-10-01 12:45:00,339.95,340.05,339.95,340.0,27475
2025-10-01 12:50:00,339.95,340.05,339.9,340.0,43807
2025-10-01 12:55:00,339.95,340.05,339.95,340.0,60355
2025-10-01 13:00:00,340.0,340.7,339.95,340.45,169189
2025-10-01 13:05:00,340.45,341.05,340.4,341.05,31559
2025-10-01 13:10:00,341.0,341.7,341.0,341.6,71577
2025-10-01 13:15:00,341.55,341.65,340.6,341.0,72451
2025-10-01 13:20:00,340.95,341.0,340.8,340.95,27401
2025-10-01 13:25:00,340.9,340.95,340.1,340.5,53096
2025-10-01 13:30:00,340.35,340.45,338.85,338.85,96575
2025-10-01 13:35:00,338.8,339.9,338.6,339.5,88850
2025-10-01 13:40:00,339.55,339.55,338.75,339.1,87990
2025-10-01 13:45:00,339.15,339.5,338.85,339.05,73626
2025-10-01 13:50:00,339.05,339.45,338.95,339.35,71119
2025-10-01 13:55:00,339.35,339.35,339.0,339.05,61808
2025-10-01 14:00:00,339.05,339.5,338.85,339.0,88804
2025-10-01 14:05:00,338.95,339.3,338.95,339.3,68764
2025-10-01 14:10:00,339.35,339.7,338.9,339.0,225911
2025-10-01 14:15:00,339.0,339.0,338.75,338.95,56990
2025-10-01 14:20:00,339.0,339.0,338.95,338.95,43886
2025-10-01 14:25:00,339.0,339.15,338.85,339.1,172806
2025-10-01 14:30:00,339.15,339.2,338.95,339.1,38987
2025-10-01 14:35:00,339.2,339.6,338.85,339.0,99359
2025-10-01 14:40:00,338.95,339.0,338.95,338.95,36718
2025-10-01 14:45:00,339.0,339.65,338.9,339.65,126000
2025-10-01 14:50:00,339.55,340.0,339.55,340.0,55138
2025-10-01 14:55:00,339.95,340.1,338.95,339.65,171663
2025-10-01 15:00:00,339.8,340.0,339.6,339.8,307597
2025-10-01 15:05:00,339.8,339.8,339.45,339.5,161585
2025-10-01 15:10:00,339.45,339.8,339.2,339.45,259073
2025-10-01 15:15:00,339.5,339.8,339.25,339.75,235662
2025-10-01 15:20:00,339.75,339.8,339.75,339.75,237083
2025-10-01 15:25:00,339.8,340.85,339.35,339.4,307671
2025-10-03 09:15:00,344.0,344.9,340.7,341.25,360879
2025-10-03 09:20:00,341.25,342.4,340.8,341.9,205167
2025-10-03 09:25:00,341.8,342.35,341.25,342.2,98744
2025-10-03 09:30:00,342.1,342.3,340.9,341.0,86528
2025-10-03 09:35:00,341.15,341.9,340.8,341.75,74384
2025-10-03 09:40:00,341.8,342.0,340.7,340.9,87410
2025-10-03 09:45:00,340.8,340.95,339.8,339.95,115677
2025-10-03 09:50:00,339.9,340.65,339.65,340.6,79567
2025-10-03 09:55:00,340.65,341.4,340.15,340.25,52868
2025-10-03 10:00:00,340.2,340.3,339.55,339.65,50287
2025-10-03 10:05:00,339.65,340.05,339.4,339.5,44961
2025-10-03 10:10:00,339.5,339.65,339.0,339.2,52044
2025-10-03 10:15:00,339.2,339.45,337.6,337.9,115501
2025-10-03 10:20:00,337.9,338.3,337.8,338.15,26160
2025-10-03 10:25:00,338.15,338.45,338.05,338.35,31551
2025-10-03 10:30:00,338.45,339.1,338.3,339.05,37005
2025-10-03 10:35:00,339.15,339.15,338.5,338.75,30042
2025-10-03 10:40:00,338.75,338.8,337.8,337.8,48287
2025-10-03 10:45:00,337.9,338.45,337.7,338.4,39017
2025-10-03 10:50:00,338.35,339.5,338.35,339.4,71260
2025-10-03 10:55:00,339.4,339.85,339.1,339.2,39957
2025-10-03 11:00:00,339.25,340.2,339.2,340.1,38571
2025-10-03 11:05:00,340.1,340.65,339.95,340.05,40377
2025-10-03 11:10:00,340.05,340.05,339.35,339.95,29438
2025-10-03 11:15:00,340.05,340.05,339.45,339.8,53374
2025-10-03 11:20:00,339.7,339.9,339.65,339.75,17179
2025-10-03 11:25:00,339.7,340.4,339.65,340.0,47269
2025-10-03 11:30:00,339.9,340.15,339.85,339.9,40121
2025-10-03 11:35:00,339.9,340.5,339.9,340.45,41036
2025-10-03 11:40:00,340.45,340.45,340.0,340.05,15371
2025-10-03 11:45:00,340.05,340.45,340.0,340.0,34300
2025-10-03 11:50:00,339.95,340.1,339.95,340.05,7957
2025-10-03 11:55:00,340.05,340.1,339.9,339.9,16893
2025-10-03 12:00:00,339.85,339.95,339.35,339.45,38883
2025-10-03 12:05:00,339.45,340.0,339.05,339.05,40567
2025-10-03 12:10:00,339.1,339.2,338.7,338.7,38645
2025-10-03 12:15:00,338.75,338.85,338.5,338.75,27755
2025-10-03 12:20:00,338.55,338.7,338.35,338.7,24157
2025-10-03 12:25:00,338.7,338.7,338.45,338.45,21637
2025-10-03 12:30:00,338.45,338.7,338.25,338.35,32960
2025-10-03 12:35:00,338.4,338.55,338.3,338.4,16331
2025-10-03 12:40:00,338.45,338.45,338.3,338.4,30513
2025-10-03 12:45:00,338.4,340.45,338.3,340.4,45585
2025-10-03 12:50:00,340.3,340.95,340.2,340.65,142134
2025-10-03 12:55:00,340.7,341.2,340.6,341.2,66996
2025-10-03 13:00:00,341.1,341.2,340.45,340.6,43656
2025-10-03 13:05:00,340.5,341.0,340.5,341.0,41606
2025-10-03 13:10:00,341.0,341.0,340.6,340.6,21546
2025-10-03 13:15:00,340.65,340.65,340.45,340.6,26208
2025-10-03 13:20:00,340.6,341.7,340.6,341.5,71933
2025-10-03 13:25:00,341.45,341.5,340.85,341.0,22792
2025-10-03 13:30:00,341.0,341.4,340.8,341.15,52526
2025-10-03 13:35:00,341.15,341.15,340.85,340.95,21822
2025-10-03 13:40:00,340.85,341.1,340.7,340.9,33641
2025-10-03 13:45:00,340.9,341.4,340.75,340.8,27082
2025-10-03 13:50:00,340.8,341.1,340.5,341.05,31961
2025-10-03 13:55:00,341.15,341.35,341.0,341.35,21732
2025-10-03 14:00:00,341.35,341.5,341.1,341.5,35490
2025-10-03 14:05:00,341.5,341.7,341.3,341.4,30083
2025-10-03 14:10:00,341.3,341.35,340.95,340.95,52059
2025-10-03 14:15:00,340.95,341.1,340.75,341.0,38535
2025-10-03 14:20:00,341.0,341.65,341.0,341.6,70233
2025-10-03 14:25:00,341.6,341.8,341.5,341.7,73020
2025-10-03 14:30:00,341.75,342.0,341.5,341.7,63076
2025-10-03 14:35:00,341.65,341.65,340.5,340.6,145960
2025-10-03 14:40:00,340.65,341.0,340.0,340.95,414846
2025-10-03 14:45:00,340.95,341.15,340.6,341.0,130809
2025-10-03 14:50:00,341.05,341.45,339.85,340.9,395224
2025-10-03 14:55:00,340.8,341.45,340.45,341.45,323248
2025-10-03 15:00:00,341.45,341.95,340.75,341.8,167794
2025-10-03 15:05:00,341.95,342.2,341.75,341.8,146028
2025-10-03 15:10:00,341.55,341.75,341.3,341.55,114805
2025-10-03 15:15:00,341.55,341.95,341.55,341.8,142799
2025-10-03 15:20:00,341.75,341.85,341.35,341.45,161031
2025-10-03 15:25:00,341.45,342.0,340.7,341.65,237505
2025-10-06 09:15:00,342.0,345.0,341.85,342.55,175185
2025-10-06 09:20:00,342.55,343.9,342.25,343.15,133441
2025-10-06 09:25:00,343.3,344.2,342.9,343.7,68556
2025-10-06 09:30:00,343.85,343.9,343.05,343.2,82689
2025-10-06 09:35:00,343.3,343.4,342.4,342.8,48233
2025-10-06 09:40:00,342.8,343.0,342.25,342.7,34559
2025-10-06 09:45:00,342.7,342.7,340.0,340.0,120386
2025-10-06 09:50:00,340.05,340.95,340.05,340.55,42464
2025-10-06 09:55:00,340.6,341.2,340.55,341.0,16052
2025-10-06 10:00:00,341.1,341.55,340.8,341.2,24559
2025-10-06 10:05:00,341.2,341.25,340.75,341.1,21854
2025-10-06 10:10:00,341.2,341.65,341.05,341.25,11860
2025-10-06 10:15:00,341.2,342.05,341.05,342.05,25636
2025-10-06 10:20:00,342.2,342.5,341.75,342.15,23618
2025-10-06 10:25:00,342.15,342.15,341.35,341.55,16640
2025-10-06 10:30:00,341.6,342.15,341.45,342.0,17126
2025-10-06 10:35:00,342.0,343.15,341.85,343.1,26645
2025-10-06 10:40:00,343.05,343.15,342.3,342.35,43491
2025-10-06 10:45:00,342.3,342.35,341.8,342.3,15695
2025-10-06 10:50:00,342.2,342.3,339.15,340.0,145483
2025-10-06 10:55:00,340.0,340.5,339.75,340.0,28429
2025-10-06 11:00:00,340.0,340.45,339.75,340.05,20726
2025-10-06 11:05:00,340.05,340.7,339.3,339.45,110172
2025-10-06 11:10:00,339.35,339.8,339.3,339.65,16868
2025-10-06 11:15:00,339.6,339.95,339.45,339.85,24362
2025-10-06 11:20:00,339.85,340.5,339.85,340.1,201873
2025-10-06 11:25:00,340.1,340.15,339.75,340.15,19367
2025-10-06 11:30:00,340.15,340.35,339.95,340.35,10852
2025-10-06 11:35:00,340.4,340.7,340.35,340.7,17993
2025-10-06 11:40:00,340.65,340.7,339.7,339.9,33836
2025-10-06 11:45:00,339.9,340.0,339.75,339.75,21221
2025-10-06 11:50:00,339.75,340.05,339.65,339.8,27374
2025-10-06 11:55:00,339.7,340.0,339.7,339.85,14083
2025-10-06 12:00:00,339.85,340.2,339.8,340.0,76611
2025-10-06 12:05:00,340.0,340.05,339.9,340.0,21204
2025-10-06 12:10:00,340.0,340.55,339.75,340.3,68179
2025-10-06 12:15:00,340.6,340.6,339.95,340.0,90279
2025-10-06 12:20:00,340.0,340.15,339.9,339.9,15071
2025-10-06 12:25:00,339.75,340.0,339.7,339.85,29545
2025-10-06 12:30:00,339.85,340.0,339.7,339.9,30242
2025-10-06 12:35:00,339.9,340.0,339.5,339.7,14407
2025-10-06 12:40:00,339.7,339.75,339.1,339.15,27240
2025-10-06 12:45:00,339.25,339.9,339.15,339.85,14541
2025-10-06 12:50:00,339.85,340.0,339.75,339.95,15296
2025-10-06 12:55:00,339.9,340.2,339.75,339.95,87625
2025-10-06 13:00:00,339.95,340.0,339.8,339.8,17996
2025-10-06 13:05:00,339.8,340.0,339.8,339.95,17106
2025-10-06 13:10:00,339.9,340.0,339.5,339.85,21727
2025-10-06 13:15:00,339.85,339.95,339.65,339.8,16100
2025-10-06 13:20:00,339.8,339.85,339.4,339.8,15480
2025-10-06 13:25:00,339.8,340.0,339.7,339.85,19205
2025-10-06 13:30:00,339.85,340.6,339.85,339.95,60255
2025-10-06 13:35:00,340.0,340.5,339.85,339.95,199189
2025-10-06 13:40:00,339.95,340.2,339.7,339.8,56368
2025-10-06 13:45:00,339.8,339.8,338.85,338.95,70354
2025-10-06 13:50:00,338.85,339.25,338.55,339.15,24857
2025-10-06 13:55:00,339.2,339.5,339.15,339.15,35392
2025-10-06 14:00:00,339.15,339.85,339.15,339.55,39986
2025-10-06 14:05:00,339.65,339.95,339.55,339.75,20054
2025-10-06 14:10:00,339.75,339.85,339.0,339.05,28025
2025-10-06 14:15:00,339.05,339.7,339.0,339.4,25707
2025-10-06 14:20:00,339.5,339.7,339.4,339.5,21224
2025-10-06 14:25:00,339.55,339.7,339.35,339.55,28394
2025-10-06 14:30:00,339.5,343.25,339.5,343.15,278100
2025-10-06 14:35:00,343.15,343.95,342.6,343.4,191547
2025-10-06 14:40:00,343.45,343.65,340.65,340.8,569738
2025-10-06 14:45:00,340.9,341.7,340.5,341.55,82945
2025-10-06 14:50:00,341.45,341.6,340.2,340.8,124082
2025-10-06 14:55:00,341.0,345.5,340.95,345.0,719250
2025-10-06 15:00:00,345.35,345.35,343.55,343.75,338414
2025-10-06 15:05:00,343.75,344.15,343.0,343.0,111173
2025-10-06 15:10:00,343.0,343.55,342.9,343.2,152139
2025-10-06 15:15:00,343.1,343.5,342.65,342.7,66842
2025-10-06 15:20:00,342.75,343.3,342.55,342.6,185059
2025-10-06 15:25:00,342.75,343.5,342.5,342.5,226695
2025-10-07 09:15:00,343.6,344.45,342.1,342.6,230954
2025-10-07 09:20:00,342.45,343.8,342.45,343.05,149728
2025-10-07 09:25:00,342.8,343.15,341.15,341.8,107159
2025-10-07 09:30:00,341.85,342.35,341.05,342.15,82679
2025-10-07 09:35:00,342.15,343.35,342.0,343.25,116941
2025-10-07 09:40:00,343.2,343.65,342.8,343.0,146343
2025-10-07 09:45:00,342.95,343.95,342.25,342.8,151417
2025-10-07 09:50:00,342.8,344.5,342.7,343.65,199668
2025-10-07 09:55:00,343.65,344.0,342.75,343.4,87433
2025-10-07 10:00:00,343.35,343.75,343.35,343.45,73743
2025-10-07 10:05:00,343.6,344.2,343.4,343.85,75047
2025-10-07 10:10:00,343.8,344.25,343.5,344.0,84952
2025-10-07 10:15:00,344.0,344.2,343.7,343.85,114270
2025-10-07 10:20:00,344.15,344.15,343.5,343.65,153700
2025-10-07 10:25:00,343.65,343.7,341.25,341.35,236323
2025-10-07 10:30:00,341.4,341.8,341.15,341.35,93160
2025-10-07 10:35:00,341.4,342.5,341.1,341.6,194164
2025-10-07 10:40:00,341.55,341.9,341.3,341.6,49668
2025-10-07 10:45:00,341.5,342.15,341.5,341.85,59478
2025-10-07 10:50:00,341.85,342.0,341.2,341.6,53441
2025-10-07 10:55:00,341.75,341.8,341.35,341.4,39710
2025-10-07 11:00:00,341.5,341.95,341.4,341.8,38375
2025-10-07 11:05:00,341.75,342.0,341.7,341.95,42714
2025-10-07 11:10:00,341.85,342.3,341.45,342.15,37630
2025-10-07 11:15:00,342.15,342.5,342.1,342.4,43581
2025-10-07 11:20:00,342.3,342.4,341.5,341.6,49316
2025-10-07 11:25:00,341.5,342.4,341.5,342.15,37367
2025-10-07 11:30:00,342.15,342.35,341.8,341.95,25089
2025-10-07 11:35:00,341.95,342.5,341.75,342.3,45581
2025-10-07 11:40:00,342.35,343.0,342.35,342.9,42525
2025-10-07 11:45:00,343.0,343.2,342.75,342.8,26847
2025-10-07 11:50:00,342.8,344.2,342.75,342.85,91547
2025-10-07 11:55:00,342.75,343.0,342.65,342.9,27855
2025-10-07 12:00:00,342.9,343.2,342.9,342.95,24090
2025-10-07 12:05:00,342.95,343.7,342.95,343.55,44688
2025-10-07 12:10:00,343.5,343.65,343.1,343.45,27521
2025-10-07 12:15:00,343.3,343.55,343.0,343.3,16683
2025-10-07 12:20:00,343.1,343.25,342.5,342.8,25203
2025-10-07 12:25:00,342.7,343.0,342.6,342.95,29887
2025-10-07 12:30:00,342.95,343.0,342.6,342.75,27561
2025-10-07 12:35:00,342.6,343.25,342.6,343.25,29640
2025-10-07 12:40:00,343.2,343.3,343.15,343.15,24263
2025-10-07 12:45:00,343.15,343.25,342.75,342.8,34657
2025-10-07 12:50:00,342.8,343.35,342.8,343.05,34025
2025-10-07 12:55:00,343.0,343.3,342.75,343.0,26117
2025-10-07 13:00:00,343.0,343.25,342.7,342.95,46874
2025-10-07 13:05:00,342.95,343.0,342.55,342.7,28680
2025-10-07 13:10:00,342.65,342.85,342.05,342.2,68302
2025-10-07 13:15:00,342.2,342.55,342.15,342.5,30699
2025-10-07 13:20:00,342.45,342.85,342.45,342.75,30004
2025-10-07 13:25:00,342.75,343.0,342.6,342.6,41042
2025-10-07 13:30:00,342.7,343.4,342.6,342.95,68061
2025-10-07 13:35:00,342.95,343.3,342.75,343.3,39990
2025-10-07 13:40:00,343.4,344.6,343.4,344.6,119084
2025-10-07 13:45:00,344.65,346.15,344.1,345.8,277388
2025-10-07 13:50:00,345.65,346.25,345.1,345.65,153002
2025-10-07 13:55:00,345.7,345.7,345.0,345.5,70128
2025-10-07 14:00:00,345.45,345.5,345.1,345.45,49170
2025-10-07 14:05:00,345.5,345.5,344.1,344.55,93108
2025-10-07 14:10:00,344.5,344.65,343.55,343.8,61309
2025-10-07 14:15:00,343.65,343.75,343.2,343.45,28954
2025-10-07 14:20:00,343.55,343.6,343.25,343.5,19555
2025-10-07 14:25:00,343.5,343.7,343.35,343.35,34079
2025-10-07 14:30:00,343.5,343.9,342.8,342.8,73103
2025-10-07 14:35:00,342.95,342.95,342.3,342.75,70206
2025-10-07 14:40:00,342.6,342.95,342.4,342.85,31298
2025-10-07 14:45:00,342.8,343.2,342.55,343.2,45853
2025-10-07 14:50:00,343.2,343.35,343.0,343.2,38501
2025-10-07 14:55:00,343.15,343.35,342.0,342.15,246918
2025-10-07 15:00:00,342.0,342.2,341.65,341.95,234442
2025-10-07 15:05:00,341.95,342.0,341.8,341.9,61056
2025-10-07 15:10:00,341.9,342.0,341.8,341.8,108152
2025-10-07 15:15:00,341.8,342.0,341.7,341.85,90891
2025-10-07 15:20:00,341.85,341.95,341.55,341.6,139852
2025-10-07 15:25:00,341.75,342.0,341.7,342.0,158777
2025-10-08 09:15:00,341.25,341.9,340.35,341.6,170103
2025-10-08 09:20:00,341.6,341.7,339.5,340.9,140115
2025-10-08 09:25:00,340.9,341.5,340.1,340.75,53746
2025-10-08 09:30:00,340.75,341.45,340.2,340.7,59271
2025-10-08 09:35:00,340.75,341.4,340.7,341.4,25138
2025-10-08 09:40:00,341.4,341.8,341.05,341.65,44430
2025-10-08 09:45:00,341.65,341.8,341.45,341.55,64240
2025-10-08 09:50:00,341.55,343.0,341.1,342.8,153382
2025-10-08 09:55:00,342.8,342.95,342.15,342.85,37455
2025-10-08 10:00:00,342.85,343.5,342.7,343.3,63075
2025-10-08 10:05:00,343.1,343.4,343.1,343.2,20868
2025-10-08 10:10:00,343.2,344.5,342.4,344.4,134111
2025-10-08 10:15:00,344.65,345.0,344.0,344.3,156411
2025-10-08 10:20:00,344.35,345.2,344.35,344.85,172053
2025-10-08 10:25:00,344.85,348.15,344.7,347.9,417268
2025-10-08 10:30:00,347.85,348.1,346.5,346.7,226820
2025-10-08 10:35:00,346.7,346.85,345.8,346.0,58174
2025-10-08 10:40:00,346.0,346.1,345.15,345.4,104248
2025-10-08 10:45:00,345.45,345.6,345.25,345.6,35875
2025-10-08 10:50:00,345.6,345.9,345.15,345.35,30642
2025-10-08 10:55:00,345.25,345.7,345.0,345.0,80108
2025-10-08 11:00:00,345.0,345.35,344.7,344.9,174026
2025-10-08 11:05:00,344.95,344.95,344.4,344.4,171582
2025-10-08 11:10:00,344.35,345.5,344.0,345.05,167259
2025-10-08 11:15:00,345.0,345.4,344.9,344.95,60934
2025-10-08 11:20:00,344.95,345.4,344.8,345.2,51468
2025-10-08 11:25:00,345.25,345.8,345.2,345.8,53165
2025-10-08 11:30:00,345.8,345.8,345.15,345.3,19224
2025-10-08 11:35:00,345.3,345.45,345.05,345.1,16980
2025-10-08 11:40:00,345.1,345.25,345.0,345.0,16877
2025-10-08 11:45:00,345.05,345.1,344.9,345.05,16842
2025-10-08 11:50:00,345.05,345.85,344.9,345.75,67905
2025-10-08 11:55:00,345.7,346.25,345.5,345.85,38755
2025-10-08 12:00:00,345.8,345.85,344.8,344.8,38875
2025-10-08 12:05:00,344.8,345.55,344.8,345.55,29204
2025-10-08 12:10:00,345.55,345.55,345.0,345.2,24041
2025-10-08 12:15:00,345.35,346.45,345.35,346.4,77576
2025-10-08 12:20:00,346.4,346.75,346.3,346.55,35659
2025-10-08 12:25:00,346.6,346.7,346.35,346.65,29364
2025-10-08 12:30:00,346.65,348.15,346.5,347.55,196615
2025-10-08 12:35:00,347.6,350.0,347.6,349.15,596869
2025-10-08 12:40:00,349.1,349.2,348.35,348.75,132953
2025-10-08 12:45:00,348.8,348.85,347.55,347.75,88079
2025-10-08 12:50:00,347.75,348.3,347.6,347.95,52602
2025-10-08 12:55:00,348.0,348.6,347.5,348.35,111771
2025-10-08 13:00:00,348.35,348.45,346.95,347.8,209513
2025-10-08 13:05:00,347.75,347.85,346.25,347.2,71738
2025-10-08 13:10:00,347.25,347.7,346.65,347.0,153187
2025-10-08 13:15:00,347.1,348.25,347.0,348.1,91729
2025-10-08 13:20:00,348.25,348.8,348.1,348.7,57968
2025-10-08 13:25:00,348.8,348.85,348.15,348.3,51398
2025-10-08 13:30:00,348.2,349.0,348.1,348.6,86545
2025-10-08 13:35:00,348.75,349.35,348.55,348.8,107755
2025-10-08 13:40:00,348.95,349.0,348.1,348.15,50727
2025-10-08 13:45:00,348.15,348.5,348.15,348.3,38224
2025-10-08 13:50:00,348.45,348.75,348.2,348.25,66074
2025-10-08 13:55:00,348.2,348.7,348.15,348.6,70344
2025-10-08 14:00:00,348.45,348.85,348.0,348.25,88865
2025-10-08 14:05:00,348.2,348.35,347.5,347.7,109701
2025-10-08 14:10:00,347.85,348.15,347.0,347.15,104935
2025-10-08 14:15:00,347.05,347.6,346.6,346.7,136960
2025-10-08 14:20:00,346.65,346.8,346.25,346.7,58029
2025-10-08 14:25:00,346.55,346.75,346.2,346.35,38907
2025-10-08 14:30:00,346.3,346.4,346.0,346.1,46275
2025-10-08 14:35:00,346.05,346.6,345.8,346.5,82581
2025-10-08 14:40:00,346.4,346.55,345.85,346.0,53960
2025-10-08 14:45:00,346.0,346.0,345.75,345.75,49806
2025-10-08 14:50:00,345.8,345.95,345.35,345.95,88094
2025-10-08 14:55:00,345.75,345.9,345.4,345.5,94290
2025-10-08 15:00:00,345.55,345.55,345.2,345.55,141117
2025-10-08 15:05:00,345.5,345.75,345.25,345.25,74916
2025-10-08 15:10:00,345.25,345.35,344.95,345.1,300818
2025-10-08 15:15:00,345.1,345.4,344.6,345.25,417662
2025-10-08 15:20:00,345.3,345.3,345.0,345.05,209462
2025-10-08 15:25:00,345.05,345.5,344.95,345.1,271907
2025-10-09 09:15:00,347.25,347.6,344.0,346.15,241881
2025-10-09 09:20:00,346.1,349.25,345.55,349.0,199930
2025-10-09 09:25:00,349.0,350.3,349.0,349.55,306593
2025-10-09 09:30:00,349.5,349.55,348.0,348.0,168572
2025-10-09 09:35:00,348.0,349.0,347.7,348.7,59695
2025-10-09 09:40:00,348.7,348.7,347.35,347.55,53309
2025-10-09 09:45:00,347.55,348.0,347.3,347.75,51225
2025-10-09 09:50:00,347.75,348.2,347.25,347.9,53289
2025-10-09 09:55:00,347.9,348.25,347.3,347.4,40722
2025-10-09 10:00:00,347.5,347.5,346.8,346.9,67581
2025-10-09 10:05:00,347.1,348.9,347.1,348.7,101121
2025-10-09 10:10:00,348.75,348.75,347.55,348.15,57896
2025-10-09 10:15:00,348.3,348.9,348.0,348.65,42740
2025-10-09 10:20:00,348.75,348.75,348.05,348.05,10013
2025-10-09 10:25:00,348.05,348.75,348.05,348.4,21076
2025-10-09 10:30:00,348.35,349.0,348.35,348.85,46063
2025-10-09 10:35:00,348.8,349.4,348.7,348.8,38375
2025-10-09 10:40:00,348.85,349.75,348.6,349.45,44787
2025-10-09 10:45:00,349.5,351.0,349.25,350.9,224877
2025-10-09 10:50:00,350.9,350.95,349.45,350.1,69821
2025-10-09 10:55:00,350.1,350.8,350.1,350.2,82946
2025-10-09 11:00:00,350.1,350.4,348.35,348.6,115060
2025-10-09 11:05:00,348.5,349.9,348.3,349.6,40274
2025-10-09 11:10:00,349.45,349.6,348.3,348.45,39100
2025-10-09 11:15:00,348.45,348.55,348.15,348.15,40897
2025-10-09 11:20:00,348.3,348.35,347.4,347.45,43081
2025-10-09 11:25:00,347.45,347.6,347.0,347.3,54076
2025-10-09 11:30:00,347.25,347.5,347.0,347.1,33204
2025-10-09 11:35:00,347.1,347.35,346.7,346.7,36415
2025-10-09 11:40:00,346.7,346.8,346.25,346.4,43175
2025-10-09 11:45:00,346.45,346.5,345.85,346.0,50493
2025-10-09 11:50:00,345.85,346.35,345.65,346.25,95507
2025-10-09 11:55:00,346.25,346.6,346.25,346.4,38659
2025-10-09 12:00:00,346.45,346.65,346.35,346.35,19814
2025-10-09 12:05:00,346.4,346.6,346.3,346.55,14031
2025-10-09 12:10:00,346.7,347.2,346.55,346.55,30705
2025-10-09 12:15:00,346.65,347.5,346.6,347.15,38967
2025-10-09 12:20:00,347.15,347.4,347.05,347.15,13959
2025-10-09 12:25:00,347.35,347.35,346.6,346.7,19329
2025-10-09 12:30:00,346.8,347.0,346.55,346.55,13203
2025-10-09 12:35:00,346.75,346.75,346.45,346.55,9121
2025-10-09 12:40:00,346.5,346.9,346.25,346.8,21778
2025-10-09 12:45:00,346.8,347.0,346.35,346.4,104547
2025-10-09 12:50:00,346.5,346.8,346.0,346.5,134190
2025-10-09 12:55:00,346.4,346.55,345.65,345.85,77663
2025-10-09 13:00:00,345.9,346.55,345.75,346.0,142275
2025-10-09 13:05:00,345.9,346.4,345.9,346.1,37887
2025-10-09 13:10:00,346.0,346.25,345.4,345.4,65580
2025-10-09 13:15:00,345.45,345.5,345.05,345.5,41307
2025-10-09 13:20:00,345.45,345.6,345.25,345.4,25186
2025-10-09 13:25:00,345.4,345.45,345.15,345.15,15939
2025-10-09 13:30:00,345.3,345.5,344.9,345.0,296319
2025-10-09 13:35:00,344.9,345.0,344.7,344.7,20081
2025-10-09 13:40:00,344.85,345.4,344.7,345.4,27111
2025-10-09 13:45:00,345.45,345.45,345.05,345.1,25830
2025-10-09 13:50:00,345.15,345.45,345.1,345.25,18780
2025-10-09 13:55:00,345.35,345.35,345.2,345.2,11699
2025-10-09 14:00:00,345.3,345.8,345.1,345.45,42295
2025-10-09 14:05:00,345.55,345.8,345.45,345.5,22159
2025-10-09 14:10:00,345.55,345.7,345.2,345.2,20669
2025-10-09 14:15:00,345.3,345.3,344.75,344.75,38324
2025-10-09 14:20:00,344.8,344.9,344.35,344.85,34374
2025-10-09 14:25:00,344.9,344.9,344.5,344.65,23456
2025-10-09 14:30:00,344.7,344.95,344.65,344.7,32481
2025-10-09 14:35:00,344.7,345.0,344.7,345.0,58259
2025-10-09 14:40:00,345.0,345.45,344.15,344.4,221815
2025-10-09 14:45:00,344.45,344.45,344.2,344.2,33250
2025-10-09 14:50:00,344.25,344.3,344.1,344.3,19357
2025-10-09 14:55:00,344.2,344.55,344.2,344.5,30807
2025-10-09 15:00:00,344.5,345.0,343.85,344.9,473565
2025-10-09 15:05:00,344.9,344.9,343.1,343.8,806578
2025-10-09 15:10:00,343.8,343.9,343.35,343.65,600639
2025-10-09 15:15:00,343.6,344.15,343.6,344.15,217811
2025-10-09 15:20:00,344.1,344.25,343.75,344.1,252761
2025-10-09 15:25:00,344.15,345.0,343.75,344.5,245467
2025-10-10 09:15:00,345.5,346.9,344.9,346.3,110952
2025-10-10 09:20:00,346.3,347.3,345.8,347.3,73221
2025-10-10 09:25:00,347.15,347.15,346.5,347.0,46176
2025-10-10 09:30:00,347.0,347.25,346.1,346.3,50691
2025-10-10 09:35:00,346.3,346.35,344.65,344.65,58974
2025-10-10 09:40:00,344.65,345.2,344.6,344.75,58389
2025-10-10 09:45:00,344.75,346.0,344.75,345.0,122914
2025-10-10 09:50:00,345.0,345.45,344.95,345.25,34402
2025-10-10 09:55:00,345.25,346.15,345.25,345.8,51778
2025-10-10 10:00:00,345.65,346.4,345.65,346.05,26126
2025-10-10 10:05:00,346.05,346.25,345.6,345.7,37131
2025-10-10 10:10:00,346.05,346.15,345.8,345.9,11256
2025-10-10 10:15:00,345.95,346.0,345.6,345.7,35902
2025-10-10 10:20:00,345.7,346.25,345.7,345.75,18026
2025-10-10 10:25:00,345.7,346.0,345.55,345.85,46485
2025-10-10 10:30:00,345.85,345.9,345.35,345.75,101196
2025-10-10 10:35:00,345.75,345.8,344.55,344.85,41114
2025-10-10 10:40:00,344.8,344.9,344.2,344.25,26849
2025-10-10 10:45:00,344.3,344.7,344.2,344.5,25013
2025-10-10 10:50:00,344.65,345.5,344.55,345.4,57627
2025-10-10 10:55:00,345.25,345.35,344.65,344.7,23538
2025-10-10 11:00:00,344.75,345.15,344.7,345.05,17729
2025-10-10 11:05:00,345.1,345.1,344.5,344.6,20332
2025-10-10 11:10:00,344.7,344.9,344.05,344.6,39152
2025-10-10 11:15:00,344.55,344.75,344.05,344.7,130323
2025-10-10 11:20:00,344.55,344.65,343.9,344.0,112959
2025-10-10 11:25:00,344.0,344.0,342.15,342.15,140026
2025-10-10 11:30:00,342.1,342.4,341.7,342.15,39468
2025-10-10 11:35:00,342.2,342.7,342.15,342.55,18973
2025-10-10 11:40:00,342.55,342.8,342.3,342.7,28878
2025-10-10 11:45:00,342.7,342.95,342.6,342.65,13069
2025-10-10 11:50:00,342.65,342.95,342.55,342.7,17446
2025-10-10 11:55:00,342.7,342.75,342.25,342.3,17154
2025-10-10 12:00:00,342.3,342.45,342.1,342.2,22564
2025-10-10 12:05:00,342.2,342.3,342.0,342.0,25845
2025-10-10 12:10:00,342.0,342.2,341.65,341.75,39372
2025-10-10 12:15:00,341.65,342.0,341.65,341.9,40164
2025-10-10 12:20:00,341.9,342.15,341.65,341.95,85783
2025-10-10 12:25:00,341.75,341.9,341.55,341.6,17761
2025-10-10 12:30:00,341.65,341.7,341.45,341.6,42453
2025-10-10 12:35:00,341.6,342.05,341.5,341.95,87634
2025-10-10 12:40:00,341.85,341.95,341.75,341.75,23671
2025-10-10 12:45:00,341.75,342.1,341.75,341.95,49771
2025-10-10 12:50:00,341.95,342.05,341.55,341.6,30447
2025-10-10 12:55:00,341.55,341.75,341.25,341.55,41934
2025-10-10 13:00:00,341.55,341.8,341.2,341.4,26923
2025-10-10 13:05:00,341.3,341.6,341.2,341.45,20918
2025-10-10 13:10:00,341.45,341.7,341.4,341.5,20338
2025-10-10 13:15:00,341.5,341.7,341.35,341.5,26403
2025-10-10 13:20:00,341.5,341.5,341.1,341.45,26045
2025-10-10 13:25:00,341.25,341.4,340.7,341.0,86745
2025-10-10 13:30:00,340.85,341.35,340.5,341.3,49182
2025-10-10 13:35:00,341.25,341.35,340.4,340.65,876896
2025-10-10 13:40:00,340.4,340.75,340.2,340.55,80437
2025-10-10 13:45:00,340.5,341.0,340.5,340.95,21872
2025-10-10 13:50:00,340.85,341.05,340.65,340.8,20018
2025-10-10 13:55:00,340.8,340.9,340.5,340.55,19471
2025-10-10 14:00:00,340.5,340.6,340.25,340.45,23791
2025-10-10 14:05:00,340.4,340.5,340.1,340.3,38127
2025-10-10 14:10:00,340.2,340.5,340.0,340.4,54777
2025-10-10 14:15:00,340.25,340.65,340.2,340.5,18083
2025-10-10 14:20:00,340.4,340.65,340.05,340.6,34807
2025-10-10 14:25:00,340.6,340.65,340.1,340.2,23255
2025-10-10 14:30:00,340.1,340.4,339.75,339.9,64895
2025-10-10 14:35:00,339.9,340.15,339.7,339.7,46349
2025-10-10 14:40:00,339.7,340.0,339.55,339.9,16357
2025-10-10 14:45:00,339.9,339.95,339.35,339.65,27874
2025-10-10 14:50:00,339.5,340.0,339.45,339.95,44995
2025-10-10 14:55:00,339.85,340.0,339.7,339.9,34961
2025-10-10 15:00:00,339.9,340.0,338.7,339.3,290773
2025-10-10 15:05:00,339.25,339.3,338.7,338.9,231856
2025-10-10 15:10:00,338.85,339.0,338.7,338.9,257092
2025-10-10 15:15:00,338.95,339.2,338.8,339.15,323652
2025-10-10 15:20:00,339.1,339.15,338.0,338.2,358873
2025-10-10 15:25:00,338.15,338.7,337.2,338.4,396345
2025-10-13 09:15:00,340.5,342.0,338.55,339.4,353067
2025-10-13 09:20:00,339.55,339.7,338.0,339.2,174129
2025-10-13 09:25:00,339.0,339.25,338.55,338.65,87849
2025-10-13 09:30:00,338.55,339.2,338.4,338.95,116377
2025-10-13 09:35:00,338.85,338.85,337.25,338.45,124277
2025-10-13 09:40:00,338.35,338.75,338.05,338.2,126221
2025-10-13 09:45:00,338.25,339.0,337.7,338.0,88706
2025-10-13 09:50:00,337.85,337.95,337.05,337.4,58580
2025-10-13 09:55:00,337.3,337.6,337.05,337.25,58152
2025-10-13 10:00:00,337.3,337.3,336.3,337.0,76461
2025-10-13 10:05:00,337.0,337.5,336.75,337.1,64115
2025-10-13 10:10:00,337.1,337.15,336.5,336.55,40566
2025-10-13 10:15:00,336.65,336.95,336.5,336.65,39237
2025-10-13 10:20:00,336.75,336.9,336.15,336.2,46981
2025-10-13 10:25:00,336.25,336.35,336.0,336.15,56315
2025-10-13 10:30:00,336.25,336.7,336.15,336.55,30460
2025-10-13 10:35:00,336.6,336.9,336.2,336.4,37511
2025-10-13 10:40:00,336.4,336.9,336.35,336.35,100724
2025-10-13 10:45:00,336.5,337.05,336.15,336.85,132296
2025-10-13 10:50:00,336.9,336.9,336.05,336.15,48832
2025-10-13 10:55:00,336.05,337.0,336.0,336.75,45308
2025-10-13 11:00:00,336.7,336.85,336.1,336.45,35001
2025-10-13 11:05:00,336.4,336.55,336.05,336.2,35824
2025-10-13 11:10:00,336.2,336.35,336.0,336.05,32467
2025-10-13 11:15:00,336.05,336.1,335.65,335.65,35288
2025-10-13 11:20:00,335.65,335.8,335.2,335.3,60426
2025-10-13 11:25:00,335.25,335.6,335.15,335.45,33658
2025-10-13 11:30:00,335.5,335.8,335.3,335.6,29260
2025-10-13 11:35:00,335.6,336.0,335.5,336.0,26466
2025-10-13 11:40:00,336.0,336.9,335.85,336.35,61640
2025-10-13 11:45:00,336.4,336.45,336.05,336.2,49544
2025-10-13 11:50:00,336.25,336.6,336.05,336.35,43603
2025-10-13 11:55:00,336.35,336.8,336.2,336.6,45549
2025-10-13 12:00:00,336.6,336.85,336.3,336.4,39455
2025-10-13 12:05:00,336.45,336.8,336.35,336.35,31916
2025-10-13 12:10:00,336.4,337.0,336.3,336.75,44374
2025-10-13 12:15:00,336.75,337.0,336.55,336.8,60027
2025-10-13 12:20:00,336.75,336.95,336.35,336.35,31500
2025-10-13 12:25:00,336.45,336.95,336.25,336.6,40452
2025-10-13 12:30:00,336.6,336.85,336.4,336.4,26823
2025-10-13 12:35:00,336.45,336.8,336.4,336.5,38683
2025-10-13 12:40:00,336.55,337.0,336.4,337.0,47044
2025-10-13 12:45:00,337.0,337.0,336.65,336.8,34949
2025-10-13 12:50:00,336.8,337.55,336.75,337.45,157196
2025-10-13 12:55:00,337.65,337.9,336.9,336.9,129128
2025-10-13 13:00:00,336.9,337.1,336.6,336.75,62911
2025-10-13 13:05:00,336.75,337.2,336.55,337.15,132991
2025-10-13 13:10:00,337.1,338.35,337.1,338.1,344798
2025-10-13 13:15:00,338.0,338.1,337.25,337.45,79835
2025-10-13 13:20:00,337.35,337.5,336.9,336.95,86198
2025-10-13 13:25:00,336.9,337.0,336.6,336.6,59067
2025-10-13 13:30:00,336.65,337.0,336.5,336.8,39916
2025-10-13 13:35:00,336.8,337.0,336.7,336.75,31610
2025-10-13 13:40:00,336.9,336.95,336.55,336.55,32390
2025-10-13 13:45:00,336.6,337.0,336.55,336.6,51498
2025-10-13 13:50:00,336.6,336.9,336.5,336.7,30014
2025-10-13 13:55:00,336.7,336.8,336.4,336.45,32973
2025-10-13 14:00:00,336.45,336.9,336.4,336.45,27185
2025-10-13 14:05:00,336.65,336.8,336.4,336.45,31487
2025-10-13 14:10:00,336.45,336.95,336.15,336.25,48079
2025-10-13 14:15:00,336.35,336.45,336.15,336.2,32922
2025-10-13 14:20:00,336.15,338.4,336.15,337.95,972870
2025-10-13 14:25:00,338.0,338.1,337.15,337.3,146938
2025-10-13 14:30:00,337.35,338.0,337.2,337.3,65097
2025-10-13 14:35:00,337.4,337.5,336.55,336.55,156728
2025-10-13 14:40:00,336.7,336.8,336.1,336.45,69657
2025-10-13 14:45:00,336.25,336.6,336.2,336.4,39297
2025-10-13 14:50:00,336.45,337.45,336.35,337.4,222979
2025-10-13 14:55:00,337.2,337.55,337.1,337.45,97146
2025-10-13 15:00:00,337.4,337.75,336.95,337.35,123807
2025-10-13 15:05:00,337.35,337.8,337.3,337.75,82468
2025-10-13 15:10:00,337.7,338.15,337.6,337.85,158753
2025-10-13 15:15:00,338.0,338.65,337.9,338.4,157796
2025-10-13 15:20:00,338.35,338.5,338.25,338.4,112327
2025-10-13 15:25:00,338.45,338.7,337.6,338.15,138471
2025-10-14 09:15:00,338.15,339.6,338.15,339.2,191957
2025-10-14 09:20:00,339.2,340.3,339.1,339.15,88430
2025-10-14 09:25:00,339.15,339.3,338.7,339.0,58878
2025-10-14 09:30:00,339.0,339.25,337.55,338.3,76717
2025-10-14 09:35:00,338.4,338.55,338.15,338.25,34923
2025-10-14 09:40:00,338.25,338.8,338.05,338.3,27856
2025-10-14 09:45:00,338.2,338.2,337.65,337.9,55877
2025-10-14 09:50:00,337.9,337.9,337.35,337.35,20783
2025-10-14 09:55:00,337.35,337.5,337.15,337.35,28132
2025-10-14 10:00:00,337.35,337.6,336.8,337.15,44074
2025-10-14 10:05:00,336.95,337.1,336.75,336.95,12699
2025-10-14 10:10:00,336.95,337.1,336.75,336.85,18705
2025-10-14 10:15:00,336.65,336.8,336.25,336.5,27892
2025-10-14 10:20:00,336.35,336.7,336.2,336.5,17767
2025-10-14 10:25:00,336.4,337.0,336.4,336.65,19247
2025-10-14 10:30:00,336.55,336.85,336.25,336.5,24049
2025-10-14 10:35:00,336.5,336.65,336.15,336.55,29389
2025-10-14 10:40:00,336.8,337.3,336.65,336.9,22896
2025-10-14 10:45:00,336.85,337.7,336.8,337.3,23444
2025-10-14 10:50:00,337.3,337.6,336.65,336.95,48957
2025-10-14 10:55:00,336.85,337.25,336.6,336.85,12680
2025-10-14 11:00:00,336.75,336.85,336.1,336.5,62697
2025-10-14 11:05:00,336.45,336.5,335.65,335.9,55776
2025-10-14 11:10:00,335.75,336.2,335.75,336.0,99962
2025-10-14 11:15:00,336.0,336.05,335.5,336.0,67189
2025-10-14 11:20:00,336.0,336.05,335.8,336.0,31203
2025-10-14 11:25:00,336.0,336.0,335.75,335.75,9192
2025-10-14 11:30:00,335.8,335.85,334.6,334.8,402607
2025-10-14 11:35:00,334.75,334.8,334.35,334.6,23679
2025-10-14 11:40:00,334.7,335.0,334.25,334.4,87514
2025-10-14 11:45:00,334.3,334.4,334.05,334.15,10879
2025-10-14 11:50:00,334.15,334.3,333.75,333.8,43862
2025-10-14 11:55:00,333.75,334.1,333.75,334.1,103213
2025-10-14 12:00:00,334.05,334.1,333.65,333.9,29429
2025-10-14 12:05:00,333.9,333.9,333.15,333.3,33686
2025-10-14 12:10:00,333.25,333.3,333.15,333.15,16130
2025-10-14 12:15:00,333.25,333.6,332.85,333.0,70054
2025-10-14 12:20:00,333.0,333.0,332.9,333.0,23608
2025-10-14 12:25:00,332.95,333.0,332.5,332.5,21681
2025-10-14 12:30:00,332.55,332.55,332.15,332.35,22516
2025-10-14 12:35:00,332.45,332.5,331.8,331.95,68465
2025-10-14 12:40:00,331.85,332.2,331.7,332.1,31120
2025-10-14 12:45:00,332.0,332.8,332.0,332.5,23705
2025-10-14 12:50:00,332.5,332.85,332.5,332.7,15650
2025-10-14 12:55:00,332.7,332.9,332.6,332.75,11307
2025-10-14 13:00:00,332.85,332.9,332.65,332.75,16333
2025-10-14 13:05:00,332.75,333.0,332.25,332.25,20899
2025-10-14 13:10:00,332.35,332.5,331.5,332.15,78079
2025-10-14 13:15:00,332.15,332.5,332.05,332.45,192192
2025-10-14 13:20:00,332.3,332.7,332.05,332.7,72025
2025-10-14 13:25:00,332.6,332.8,332.4,332.45,24988
2025-10-14 13:30:00,332.45,332.85,332.05,332.8,49447
2025-10-14 13:35:00,332.8,333.1,332.45,332.9,41385
2025-10-14 13:40:00,332.85,332.95,332.15,332.2,81851
2025-10-14 13:45:00,332.15,332.25,331.6,332.0,59744
2025-10-14 13:50:00,332.0,332.05,330.65,331.45,173773
2025-10-14 13:55:00,331.45,331.9,331.35,331.65,38189
2025-10-14 14:00:00,331.6,332.1,331.15,331.6,48819
2025-10-14 14:05:00,331.7,331.95,331.35,331.5,37924
2025-10-14 14:10:00,331.5,331.75,331.2,331.45,49096
2025-10-14 14:15:00,331.45,331.75,331.35,331.35,36355
2025-10-14 14:20:00,331.5,332.0,331.35,331.85,32682
2025-10-14 14:25:00,331.85,333.15,331.85,332.85,71925
2025-10-14 14:30:00,332.85,333.1,332.65,333.05,66494
2025-10-14 14:35:00,333.0,333.55,332.85,333.2,75195
2025-10-14 14:40:00,333.2,333.5,333.05,333.4,50205
2025-10-14 14:45:00,333.35,333.6,332.9,333.1,45418
2025-10-14 14:50:00,333.05,333.2,332.8,333.1,41876
2025-10-14 14:55:00,333.1,333.35,332.85,333.2,74953
2025-10-14 15:00:00,333.05,333.5,332.4,332.45,114574
2025-10-14 15:05:00,332.45,332.55,332.2,332.3,68481
2025-10-14 15:10:00,332.3,332.55,332.15,332.45,114176
2025-10-14 15:15:00,332.4,333.25,332.4,332.65,122605
2025-10-14 15:20:00,332.65,332.65,332.05,332.1,93456
2025-10-14 15:25:00,332.15,332.5,331.45,332.5,95277
2025-10-15 09:15:00,334.95,334.95,333.4,333.85,111687
2025-10-15 09:20:00,333.85,334.35,333.45,334.35,72671
2025-10-15 09:25:00,334.35,334.4,333.95,334.4,42747
2025-10-15 09:30:00,334.4,335.4,334.05,334.05,95361
2025-10-15 09:35:00,334.0,334.3,333.8,334.25,54066
2025-10-15 09:40:00,334.2,334.6,333.9,333.95,56383
2025-10-15 09:45:00,333.85,333.95,333.4,333.7,36126
2025-10-15 09:50:00,333.7,333.9,333.4,333.6,22655
2025-10-15 09:55:00,333.6,333.7,332.75,333.15,50309
2025-10-15 10:00:00,333.2,333.6,332.95,333.05,38091
2025-10-15 10:05:00,333.1,333.1,332.15,332.2,351259
2025-10-15 10:10:00,332.25,332.6,332.25,332.4,41247
2025-10-15 10:15:00,332.4,332.6,332.3,332.4,33867
2025-10-15 10:20:00,332.35,332.55,332.35,332.5,12248
2025-10-15 10:25:00,332.55,334.3,332.05,333.2,1264909
2025-10-15 10:30:00,333.2,333.8,333.15,333.7,41518
2025-10-15 10:35:00,333.75,334.1,333.6,333.6,49997
2025-10-15 10:40:00,333.65,333.65,333.4,333.55,25251
2025-10-15 10:45:00,333.6,334.1,333.05,333.65,69314
2025-10-15 10:50:00,333.55,334.15,333.4,334.1,21603
2025-10-15 10:55:00,334.8,335.95,334.55,335.45,144100
2025-10-15 11:00:00,335.45,336.3,335.4,336.05,92660
2025-10-15 11:05:00,336.1,336.5,335.8,336.2,52440
2025-10-15 11:10:00,336.15,339.65,336.0,338.95,1226044
2025-10-15 11:15:00,338.95,339.0,338.15,338.7,89506
2025-10-15 11:20:00,338.7,338.8,338.25,338.75,49912
2025-10-15 11:25:00,338.7,338.75,336.8,336.9,158801
2025-10-15 11:30:00,336.95,337.0,336.7,336.85,56190
2025-10-15 11:35:00,336.9,337.1,336.25,336.35,126850
2025-10-15 11:40:00,336.35,338.05,336.35,336.85,204841
2025-10-15 11:45:00,336.75,337.95,336.7,337.85,324273
2025-10-15 11:50:00,337.8,338.45,337.8,338.35,29524
2025-10-15 11:55:00,338.25,339.05,338.25,338.65,51703
2025-10-15 12:00:00,338.65,338.75,338.15,338.2,21196
2025-10-15 12:05:00,338.2,339.2,338.15,339.15,31156
2025-10-15 12:10:00,339.15,339.35,338.2,338.4,27842
2025-10-15 12:15:00,338.35,340.0,338.35,339.2,144174
2025-10-15 12:20:00,339.25,339.5,339.15,339.3,29185
2025-10-15 12:25:00,339.3,340.75,339.25,339.85,252859
2025-10-15 12:30:00,339.7,340.0,339.3,339.45,75418
2025-10-15 12:35:00,339.45,339.95,339.45,339.75,137421
2025-10-15 12:40:00,339.7,340.0,339.4,339.4,152478
2025-10-15 12:45:00,339.4,340.0,339.4,339.95,146735
2025-10-15 12:50:00,339.95,340.4,339.8,339.95,142540
2025-10-15 12:55:00,339.95,339.95,339.3,339.5,48323
2025-10-15 13:00:00,339.45,339.95,339.45,339.95,28995
2025-10-15 13:05:00,339.9,339.95,338.85,338.95,176112
2025-10-15 13:10:00,338.95,339.45,338.95,338.95,88145
2025-10-15 13:15:00,338.95,339.1,338.15,338.15,202382
2025-10-15 13:20:00,338.15,339.1,338.15,338.85,29614
2025-10-15 13:25:00,338.9,339.3,338.9,339.1,27658
2025-10-15 13:30:00,339.15,339.7,339.1,339.4,53506
2025-10-15 13:35:00,339.4,339.5,339.35,339.45,19458
2025-10-15 13:40:00,339.45,339.5,338.95,338.95,40299
2025-10-15 13:45:00,338.95,339.3,338.45,338.45,105372
2025-10-15 13:50:00,338.45,338.7,338.35,338.35,27091
2025-10-15 13:55:00,338.35,338.45,337.4,337.4,74227
2025-10-15 14:00:00,337.45,337.85,337.0,337.05,265306
2025-10-15 14:05:00,337.05,337.05,336.2,336.65,336986
2025-10-15 14:10:00,336.65,336.7,335.85,336.2,321820
2025-10-15 14:15:00,336.2,336.25,335.55,335.75,189070
2025-10-15 14:20:00,335.8,336.25,335.55,335.9,326609
2025-10-15 14:25:00,335.9,335.95,335.05,335.1,194825
2025-10-15 14:30:00,335.2,335.65,335.1,335.55,210177
2025-10-15 14:35:00,335.55,335.55,335.2,335.5,83418
2025-10-15 14:40:00,335.5,336.0,335.5,335.85,64969
2025-10-15 14:45:00,335.85,336.25,335.6,335.75,79266
2025-10-15 14:50:00,335.7,335.95,335.05,335.85,238695
2025-10-15 14:55:00,335.8,336.5,335.75,336.45,77641
2025-10-15 15:00:00,336.5,337.5,336.05,337.45,1493992
2025-10-15 15:05:00,337.45,338.5,337.0,338.2,1171885
2025-10-15 15:10:00,338.2,338.55,338.0,338.45,1028732
2025-10-15 15:15:00,338.5,338.95,338.4,338.9,1046632
2025-10-15 15:20:00,338.9,338.95,338.45,338.65,1023776
2025-10-15 15:25:00,338.65,338.8,337.7,338.5,925160
2025-10-16 09:15:00,338.95,338.95,335.8,336.1,166950
2025-10-16 09:20:00,336.15,336.7,335.6,336.2,118759
2025-10-16 09:25:00,336.05,336.2,335.15,335.4,92659
2025-10-16 09:30:00,335.25,335.5,334.55,334.8,151586
2025-10-16 09:35:00,334.75,335.95,334.7,335.3,82962
2025-10-16 09:40:00,335.1,336.3,335.1,336.2,47414
2025-10-16 09:45:00,336.05,336.2,335.65,335.65,82905
2025-10-16 09:50:00,335.65,336.75,335.6,336.55,63141
2025-10-16 09:55:00,336.55,336.7,336.1,336.45,61130
2025-10-16 10:00:00,336.45,336.8,335.55,335.8,63500
2025-10-16 10:05:00,335.8,335.8,333.8,334.2,392230
2025-10-16 10:10:00,334.15,334.25,333.55,333.9,110447
2025-10-16 10:15:00,333.8,334.0,333.6,333.85,51340
2025-10-16 10:20:00,333.8,334.7,333.8,334.5,52937
2025-10-16 10:25:00,334.5,335.3,334.25,334.95,63398
2025-10-16 10:30:00,334.95,335.25,334.65,335.25,28833
2025-10-16 10:35:00,335.15,335.8,334.95,335.75,58804
2025-10-16 10:40:00,335.7,336.35,335.45,335.45,115730
2025-10-16 10:45:00,335.4,335.45,335.15,335.3,39917
2025-10-16 10:50:00,335.25,335.6,334.7,335.6,76355
2025-10-16 10:55:00,335.55,335.55,335.2,335.5,46888
2025-10-16 11:00:00,335.4,335.95,335.2,335.9,50934
2025-10-16 11:05:00,335.9,337.75,335.85,337.3,120540
2025-10-16 11:10:00,337.2,337.6,336.75,337.35,107083
2025-10-16 11:15:00,337.3,337.7,337.1,337.5,75986
2025-10-16 11:20:00,337.5,337.6,337.1,337.4,52115
2025-10-16 11:25:00,337.4,338.9,337.4,338.6,193815
2025-10-16 11:30:00,338.6,338.7,337.5,337.65,78255
2025-10-16 11:35:00,337.7,337.85,336.9,337.0,52677
2025-10-16 11:40:00,337.0,337.05,336.3,336.65,90339
2025-10-16 11:45:00,336.65,337.1,336.0,336.35,115297
2025-10-16 11:50:00,336.35,336.5,336.2,336.25,39195
2025-10-16 11:55:00,336.25,336.9,336.1,336.6,48975
2025-10-16 12:00:00,336.6,337.15,336.55,336.8,49121
2025-10-16 12:05:00,336.8,336.95,335.7,335.8,95220
2025-10-16 12:10:00,335.7,335.8,334.55,335.35,103513
2025-10-16 12:15:00,335.35,336.1,335.35,335.65,51422
2025-10-16 12:20:00,335.75,336.1,335.5,336.1,49564
2025-10-16 12:25:00,336.0,336.65,335.9,336.45,39389
2025-10-16 12:30:00,336.25,336.4,336.0,336.15,42711
2025-10-16 12:35:00,336.15,336.5,336.0,336.35,43241
2025-10-16 12:40:00,336.25,336.5,336.0,336.15,63801
2025-10-16 12:45:00,336.15,337.15,336.1,337.1,55513
2025-10-16 12:50:00,337.05,337.1,336.3,336.9,59308
2025-10-16 12:55:00,336.9,336.9,336.5,336.6,56538
2025-10-16 13:00:00,336.6,337.0,336.6,336.75,48549
2025-10-16 13:05:00,336.7,336.95,336.1,336.15,193778
2025-10-16 13:10:00,336.15,336.25,335.2,335.45,92631
2025-10-16 13:15:00,335.4,335.65,334.7,335.65,138435
2025-10-16 13:20:00,335.7,335.7,335.25,335.25,50198
2025-10-16 13:25:00,335.25,335.75,335.05,335.1,131436
2025-10-16 13:30:00,335.2,336.3,335.15,336.3,127520
2025-10-16 13:35:00,336.2,336.5,336.2,336.4,42634
2025-10-16 13:40:00,336.4,337.0,336.3,337.0,58740
2025-10-16 13:45:00,336.9,336.95,336.7,336.8,58001
2025-10-16 13:50:00,336.75,337.0,336.75,336.85,59895
2025-10-16 13:55:00,336.75,336.9,336.75,336.8,45916
2025-10-16 14:00:00,336.75,337.2,336.65,337.1,63432
2025-10-16 14:05:00,337.1,337.3,336.75,337.2,53646
2025-10-16 14:10:00,337.05,337.4,337.0,337.25,58594
2025-10-16 14:15:00,337.15,337.25,336.9,337.0,43267
2025-10-16 14:20:00,336.95,337.2,336.75,337.05,44805
2025-10-16 14:25:00,337.05,337.15,336.5,336.5,141391
2025-10-16 14:30:00,336.5,336.9,336.15,336.85,209347
2025-10-16 14:35:00,336.85,337.0,336.6,336.8,51170
2025-10-16 14:40:00,336.75,336.9,336.55,336.6,41662
2025-10-16 14:45:00,336.6,336.75,336.5,336.6,55968
2025-10-16 14:50:00,336.6,336.9,336.55,336.75,24843
2025-10-16 14:55:00,336.75,336.85,336.15,336.3,66323
2025-10-16 15:00:00,336.3,336.45,336.25,336.25,72249
2025-10-16 15:05:00,336.25,336.5,335.9,335.9,73404
2025-10-16 15:10:00,336.05,336.1,335.7,335.8,92104
2025-10-16 15:15:00,335.8,336.0,335.65,335.75,113277
2025-10-16 15:20:00,335.75,336.0,335.65,335.7,138835
2025-10-16 15:25:00,335.65,336.0,335.5,335.7,170932
2025-10-17 09:15:00,336.1,337.3,335.3,335.8,161820
2025-10-17 09:20:00,335.75,338.0,335.75,337.2,166978
2025-10-17 09:25:00,337.2,338.3,337.0,337.65,161003
2025-10-17 09:30:00,337.7,337.7,336.15,336.15,80023
2025-10-17 09:35:00,336.25,336.35,335.7,336.1,61673
2025-10-17 09:40:00,336.0,336.5,335.25,335.45,64439
2025-10-17 09:45:00,335.35,335.7,334.0,334.1,90155
2025-10-17 09:50:00,334.05,334.25,333.8,334.15,79533
2025-10-17 09:55:00,334.1,334.95,333.8,334.7,695216
2025-10-17 10:00:00,334.7,335.55,334.25,335.5,226259
2025-10-17 10:05:00,335.35,335.95,335.0,335.4,112253
2025-10-17 10:10:00,335.4,335.55,334.8,335.05,51050
2025-10-17 10:15:00,335.1,335.3,334.35,334.35,39263
2025-10-17 10:20:00,334.35,334.5,334.15,334.15,33783
2025-10-17 10:25:00,334.15,334.55,334.15,334.3,28827
2025-10-17 10:30:00,334.3,334.9,334.3,334.6,37979
2025-10-17 10:35:00,334.55,334.95,334.25,334.8,42610
2025-10-17 10:40:00,334.8,334.85,334.6,334.75,39176
2025-10-17 10:45:00,334.85,335.15,334.7,335.05,35769
2025-10-17 10:50:00,335.05,335.45,334.8,335.2,51874
2025-10-17 10:55:00,335.25,335.7,335.15,335.55,31163
2025-10-17 11:00:00,335.55,335.85,335.4,335.55,28462
2025-10-17 11:05:00,335.45,335.7,335.25,335.6,383310
2025-10-17 11:10:00,335.6,335.95,335.25,335.3,81573
2025-10-17 11:15:00,335.2,335.9,335.2,335.7,322582
2025-10-17 11:20:00,335.55,335.7,335.4,335.5,18248
2025-10-17 11:25:00,335.5,335.65,335.05,335.3,117762
2025-10-17 11:30:00,335.25,335.4,334.7,334.75,54732
2025-10-17 11:35:00,334.75,335.15,334.35,334.35,513973
2025-10-17 11:40:00,334.35,334.5,333.65,333.8,94615
2025-10-17 11:45:00,333.8,334.5,333.7,334.4,74311
2025-10-17 11:50:00,334.35,334.4,333.3,333.75,278181
2025-10-17 11:55:00,333.75,333.8,333.35,333.5,78289
2025-10-17 12:00:00,333.5,333.7,333.4,333.5,67515
2025-10-17 12:05:00,333.5,333.65,333.4,333.55,9248
2025-10-17 12:10:00,333.65,333.75,333.4,333.45,45298
2025-10-17 12:15:00,333.55,333.55,332.85,333.25,150654
2025-10-17 12:20:00,333.25,333.45,332.95,333.1,62400
2025-10-17 12:25:00,333.1,333.45,333.05,333.4,23678
2025-10-17 12:30:00,333.4,333.5,333.3,333.3,27042
2025-10-17 12:35:00,333.4,333.85,333.3,333.75,39048
2025-10-17 12:40:00,333.75,334.25,333.75,334.1,47220
2025-10-17 12:45:00,334.15,334.6,333.9,334.15,46162
2025-10-17 12:50:00,334.25,334.3,333.3,333.55,139021
2025-10-17 12:55:00,333.55,333.75,333.05,333.35,128570
2025-10-17 13:00:00,333.35,333.85,333.35,333.4,42538
2025-10-17 13:05:00,333.4,333.6,333.1,333.1,58909
2025-10-17 13:10:00,333.0,333.5,332.85,332.9,91000
2025-10-17 13:15:00,332.85,333.4,332.7,333.3,67024
2025-10-17 13:20:00,333.3,333.9,333.3,333.9,33782
2025-10-17 13:25:00,333.75,334.2,333.75,334.15,41909
2025-10-17 13:30:00,334.15,334.2,333.9,334.05,66452
2025-10-17 13:35:00,334.05,334.2,333.9,334.15,188574
2025-10-17 13:40:00,334.25,334.9,334.15,334.9,85389
2025-10-17 13:45:00,334.9,334.9,334.55,334.85,50362
2025-10-17 13:50:00,334.9,335.3,334.7,335.25,55031
2025-10-17 13:55:00,335.1,335.35,334.95,335.3,87545
2025-10-17 14:00:00,335.3,336.1,334.85,335.4,245703
2025-10-17 14:05:00,335.4,335.45,334.9,335.35,50546
2025-10-17 14:10:00,335.35,335.7,335.25,335.55,32969
2025-10-17 14:15:00,335.55,335.95,335.2,335.9,50783
2025-10-17 14:20:00,335.9,336.0,335.6,335.9,55680
2025-10-17 14:25:00,335.9,336.0,335.65,335.85,42112
2025-10-17 14:30:00,335.85,335.9,334.85,335.4,57885
2025-10-17 14:35:00,335.45,335.85,335.25,335.65,60657
2025-10-17 14:40:00,335.65,335.8,335.45,335.45,33666
2025-10-17 14:45:00,335.5,335.55,335.0,335.05,38639
2025-10-17 14:50:00,335.05,335.15,334.6,335.05,207558
2025-10-17 14:55:00,335.0,335.2,334.85,334.85,58510
2025-10-17 15:00:00,334.9,335.65,334.85,335.65,103399
2025-10-17 15:05:00,335.6,335.85,335.6,335.75,71751
2025-10-17 15:10:00,335.8,335.9,335.75,335.8,133972
2025-10-17 15:15:00,335.8,336.2,335.75,335.85,179848
2025-10-17 15:20:00,335.8,336.05,335.7,335.8,243219
2025-10-17 15:25:00,335.8,336.15,335.7,335.7,157853
2025-10-20 09:15:00,336.25,338.0,336.25,336.85,121746
2025-10-20 09:20:00,336.85,337.65,336.85,337.0,78751
2025-10-20 09:25:00,336.85,337.2,336.5,336.9,68402
2025-10-20 09:30:00,336.8,337.5,336.2,336.75,56985
2025-10-20 09:35:00,336.75,336.8,336.2,336.8,38822
2025-10-20 09:40:00,337.0,337.25,336.6,336.7,45799
2025-10-20 09:45:00,336.75,336.75,335.65,336.0,32814
2025-10-20 09:50:00,335.9,336.2,335.5,335.95,39389
2025-10-20 09:55:00,335.95,336.65,335.9,336.6,41664
2025-10-20 10:00:00,336.65,337.15,336.35,337.1,56647
2025-10-20 10:05:00,336.9,337.05,336.4,336.5,21775
2025-10-20 10:10:00,336.6,336.8,336.45,336.8,23995
2025-10-20 10:15:00,336.75,336.9,336.5,336.7,21069
2025-10-20 10:20:00,336.65,336.85,335.9,335.95,42104
2025-10-20 10:25:00,335.8,336.2,335.8,336.0,40284
2025-10-20 10:30:00,335.95,336.0,335.55,335.6,45832
2025-10-20 10:35:00,335.6,336.35,335.55,336.35,57979
2025-10-20 10:40:00,336.3,336.65,336.3,336.5,39965
2025-10-20 10:45:00,336.5,337.0,336.5,336.95,40096
2025-10-20 10:50:00,337.1,337.15,336.75,336.8,41132
2025-10-20 10:55:00,336.8,337.6,336.65,337.25,101312
2025-10-20 11:00:00,337.25,337.35,336.85,336.85,28593
2025-10-20 11:05:00,336.85,337.3,336.65,336.85,45497
2025-10-20 11:10:00,336.85,337.1,336.3,336.55,30999
2025-10-20 11:15:00,336.55,336.9,336.25,336.3,48708
2025-10-20 11:20:00,336.3,336.8,336.3,336.5,44556
2025-10-20 11:25:00,336.6,338.25,336.45,337.8,142048
2025-10-20 11:30:00,337.8,338.1,336.75,337.1,50476
2025-10-20 11:35:00,337.05,337.1,336.4,336.5,51714
2025-10-20 11:40:00,336.5,337.0,335.85,336.05,132118
2025-10-20 11:45:00,336.05,336.6,335.9,336.55,491698
2025-10-20 11:50:00,336.6,337.55,336.5,337.25,82923
2025-10-20 11:55:00,337.3,337.9,337.3,337.85,54881
2025-10-20 12:00:00,337.85,337.9,337.0,337.15,53185
2025-10-20 12:05:00,337.15,337.15,336.8,337.0,26620
2025-10-20 12:10:00,337.0,337.15,337.0,337.1,25001
2025-10-20 12:15:00,337.15,337.15,336.3,336.4,174952
2025-10-20 12:20:00,336.5,336.7,336.25,336.4,150518
2025-10-20 12:25:00,336.4,336.75,336.35,336.7,66631
2025-10-20 12:30:00,336.7,337.4,336.7,337.35,51072
2025-10-20 12:35:00,337.3,337.45,337.15,337.3,32176
2025-10-20 12:40:00,337.3,337.5,337.3,337.5,30365
2025-10-20 12:45:00,337.45,339.3,337.45,338.75,139766
2025-10-20 12:50:00,338.75,339.0,337.9,338.5,176373
2025-10-20 12:55:00,338.45,338.6,338.3,338.35,32245
2025-10-20 13:00:00,338.45,338.8,338.4,338.7,42942
2025-10-20 13:05:00,338.7,339.0,338.65,338.85,41936
2025-10-20 13:10:00,338.9,339.0,338.0,338.15,161758
2025-10-20 13:15:00,338.15,338.4,337.9,338.35,71283
2025-10-20 13:20:00,338.3,338.7,338.15,338.15,61994
2025-10-20 13:25:00,338.15,338.25,338.1,338.2,60678
2025-10-20 13:30:00,338.25,338.6,338.15,338.25,142709
2025-10-20 13:35:00,338.35,339.3,338.3,339.0,154211
2025-10-20 13:40:00,339.0,339.3,339.0,339.25,32780
2025-10-20 13:45:00,339.7,339.8,339.2,339.2,66115
2025-10-20 13:50:00,339.2,339.25,339.1,339.1,24805
2025-10-20 13:55:00,339.1,339.6,339.1,339.55,37878
2025-10-20 14:00:00,339.55,339.65,339.15,339.4,40763
2025-10-20 14:05:00,339.35,339.55,339.25,339.5,31280
2025-10-20 14:10:00,339.55,340.05,339.3,339.5,123759
2025-10-20 14:15:00,339.5,339.8,339.25,339.5,55582
2025-10-20 14:20:00,339.55,339.9,339.35,339.5,83791
2025-10-20 14:25:00,339.55,339.55,338.85,339.05,53202
2025-10-20 14:30:00,338.95,339.2,338.85,339.0,43622
2025-10-20 14:35:00,339.0,339.1,338.8,338.8,21186
2025-10-20 14:40:00,338.8,339.0,338.55,338.55,49566
2025-10-20 14:45:00,338.6,338.6,338.25,338.3,34254
2025-10-20 14:50:00,338.25,338.55,338.05,338.3,52258
2025-10-20 14:55:00,338.3,339.0,338.2,338.4,145296
2025-10-20 15:00:00,338.3,338.45,337.35,337.85,234441
2025-10-20 15:05:00,337.8,338.35,337.7,338.25,122897
2025-10-20 15:10:00,338.2,338.2,337.75,337.9,101929
2025-10-20 15:15:00,337.9,338.0,337.15,337.25,442111
2025-10-20 15:20:00,337.25,337.85,337.25,337.6,189193
2025-10-20 15:25:00,337.7,338.4,337.6,338.0,178904
2025-10-21 13:45:00,339.4,340.25,338.25,338.4,62237
2025-10-21 13:50:00,338.35,338.55,337.7,338.55,40921
2025-10-21 13:55:00,338.55,339.0,338.3,338.7,15935
2025-10-21 14:00:00,338.8,339.0,338.2,338.9,55380
2025-10-21 14:05:00,339.0,339.0,338.4,338.9,27484
2025-10-21 14:10:00,338.9,339.2,338.65,339.15,22066
2025-10-21 14:15:00,339.15,339.6,339.0,339.15,30140
2025-10-21 14:20:00,339.15,339.4,338.9,339.1,16351
2025-10-21 14:25:00,339.15,339.15,338.55,338.75,10622
2025-10-21 14:30:00,338.65,339.45,338.45,339.45,38324
2025-10-21 14:35:00,339.2,339.3,338.6,338.75,52234
2025-10-21 14:40:00,338.75,339.1,338.75,339.1,25584
2025-10-21 14:45:00,339.1,339.1,339.1,339.1,0
2025-10-23 09:15:00,340.0,340.15,335.4,336.2,434782
2025-10-23 09:20:00,336.3,336.65,335.6,336.15,248033
2025-10-23 09:25:00,336.15,337.95,335.7,337.85,195059
2025-10-23 09:30:00,337.85,338.55,337.4,337.85,137287
2025-10-23 09:35:00,337.95,337.95,336.15,337.0,163030
2025-10-23 09:40:00,337.05,337.3,336.4,336.95,132654
2025-10-23 09:45:00,336.95,337.1,336.15,336.6,108990
2025-10-23 09:50:00,336.5,336.85,336.5,336.85,60566
2025-10-23 09:55:00,336.8,337.0,336.5,336.85,83312
2025-10-23 10:00:00,336.9,337.05,335.7,335.95,79617
2025-10-23 10:05:00,335.9,335.95,334.7,335.1,237334
2025-10-23 10:10:00,335.1,335.2,333.65,333.9,174692
2025-10-23 10:15:00,333.95,334.1,333.3,333.5,148734
2025-10-23 10:20:00,333.55,333.55,331.55,331.7,220075
2025-10-23 10:25:00,331.65,331.85,330.05,331.2,206985
2025-10-23 10:30:00,331.1,331.25,330.4,330.9,143941
2025-10-23 10:35:00,330.8,331.3,330.65,331.0,74836
2025-10-23 10:40:00,330.95,332.6,330.95,332.0,94843
2025-10-23 10:45:00,332.1,332.25,331.5,332.0,52699
2025-10-23 10:50:00,332.0,332.95,332.0,332.75,52445
2025-10-23 10:55:00,332.8,333.0,332.25,332.95,37593
2025-10-23 11:00:00,332.95,333.0,332.4,332.6,34662
2025-10-23 11:05:00,332.75,333.6,332.65,333.55,76817
2025-10-23 11:10:00,333.4,333.65,333.25,333.65,34008
2025-10-23 11:15:00,333.7,334.8,333.55,334.7,196210
2025-10-23 11:20:00,334.7,335.25,334.5,334.55,117696
2025-10-23 11:25:00,334.5,334.9,334.3,334.9,37928
2025-10-23 11:30:00,334.95,335.15,333.5,333.9,232029
2025-10-23 11:35:00,334.0,334.55,333.5,333.65,182865
2025-10-23 11:40:00,333.7,333.95,333.55,333.7,32619
2025-10-23 11:45:00,333.75,333.85,333.5,333.85,121476
2025-10-23 11:50:00,333.85,334.1,333.85,333.95,94756
2025-10-23 11:55:00,334.0,334.0,333.35,333.5,105629
2025-10-23 12:00:00,333.5,333.5,333.35,333.5,54249
2025-10-23 12:05:00,333.45,334.0,333.45,333.85,193258
2025-10-23 12:10:00,333.9,334.0,333.55,333.7,31198
2025-10-23 12:15:00,333.7,333.75,333.0,333.1,35156
2025-10-23 12:20:00,333.1,333.7,333.0,333.7,41076
2025-10-23 12:25:00,333.7,333.85,333.45,333.65,33212
2025-10-23 12:30:00,333.75,333.8,333.4,333.75,56301
2025-10-23 12:35:00,333.75,334.25,333.7,334.25,143665
2025-10-23 12:40:00,334.15,334.5,333.95,334.1,384404
2025-10-23 12:45:00,334.1,334.5,334.0,334.1,35071
2025-10-23 12:50:00,334.15,334.2,333.8,333.95,216968
2025-10-23 12:55:00,334.0,334.8,333.95,334.15,448958
2025-10-23 13:00:00,334.1,334.2,333.6,333.9,83419
2025-10-23 13:05:00,333.9,333.9,333.65,333.75,34303
2025-10-23 13:10:00,333.8,334.0,333.65,333.75,25753
2025-10-23 13:15:00,333.8,334.0,333.6,333.8,25815
2025-10-23 13:20:00,333.85,333.85,333.35,333.4,34722
2025-10-23 13:25:00,333.4,333.4,333.15,333.35,26865
2025-10-23 13:30:00,333.35,333.35,333.2,333.3,25413
2025-10-23 13:35:00,333.3,333.65,333.2,333.55,26589
2025-10-23 13:40:00,333.5,333.85,333.45,333.85,18337
2025-10-23 13:45:00,333.7,333.75,333.6,333.65,36974
2025-10-23 13:50:00,333.65,333.7,333.45,333.5,28378
2025-10-23 13:55:00,333.45,333.5,333.2,333.3,16308
2025-10-23 14:00:00,333.3,333.85,333.2,333.7,35203
2025-10-23 14:05:00,333.7,333.85,333.5,333.7,20487
2025-10-23 14:10:00,333.75,333.9,333.5,333.85,21754
2025-10-23 14:15:00,333.75,334.0,333.7,333.9,38260
2025-10-23 14:20:00,333.9,333.9,333.3,333.55,29508
2025-10-23 14:25:00,333.55,333.7,333.5,333.6,17710
2025-10-23 14:30:00,333.6,333.6,333.35,333.35,43689
2025-10-23 14:35:00,333.35,333.65,333.35,333.45,14175
2025-10-23 14:40:00,333.45,333.55,333.35,333.45,14741
2025-10-23 14:45:00,333.5,333.9,333.4,333.8,36721
2025-10-23 14:50:00,333.8,333.9,333.8,333.8,35292
2025-10-23 14:55:00,333.8,333.85,333.8,333.8,63659
2025-10-23 15:00:00,333.8,333.85,332.0,332.25,315817
2025-10-23 15:05:00,332.3,332.3,331.3,331.45,174291
2025-10-23 15:10:00,331.65,331.65,330.8,331.0,184703
2025-10-23 15:15:00,331.0,331.3,330.35,331.1,518587
2025-10-23 15:20:00,331.05,331.35,330.7,330.8,204552
2025-10-23 15:25:00,330.85,331.75,330.6,331.4,238786
2025-10-24 09:15:00,330.15,331.45,327.6,328.4,536040
2025-10-24 09:20:00,328.3,329.8,327.2,329.8,370932
2025-10-24 09:25:00,329.65,331.15,329.4,330.1,351972
2025-10-24 09:30:00,330.1,331.2,329.6,330.95,157830
2025-10-24 09:35:00,330.95,331.95,330.7,331.65,268376
2025-10-24 09:40:00,331.65,331.65,331.15,331.4,77412
2025-10-24 09:45:00,331.5,331.65,331.2,331.45,56665
2025-10-24 09:50:00,331.45,331.75,331.25,331.35,65131
2025-10-24 09:55:00,331.35,332.0,331.35,332.0,42254
2025-10-24 10:00:00,331.95,332.2,331.65,331.8,80413
2025-10-24 10:05:00,331.95,333.65,331.8,333.65,89535
2025-10-24 10:10:00,333.6,334.3,333.6,334.0,83548
2025-10-24 10:15:00,334.0,334.4,333.25,333.45,78879
2025-10-24 10:20:00,333.45,333.7,332.7,332.95,64100
2025-10-24 10:25:00,332.95,333.1,332.65,332.8,37354
2025-10-24 10:30:00,332.8,333.1,332.65,332.85,63821
2025-10-24 10:35:00,332.85,332.95,332.05,332.05,42555
2025-10-24 10:40:00,332.0,332.05,331.2,331.85,70509
2025-10-24 10:45:00,331.75,332.0,331.6,332.0,49850
2025-10-24 10:50:00,332.0,332.25,331.8,331.85,76417
2025-10-24 10:55:00,331.85,332.6,331.75,332.5,177995
2025-10-24 11:00:00,332.6,333.35,332.35,332.9,295749
2025-10-24 11:05:00,332.9,332.95,332.0,332.35,225247
2025-10-24 11:10:00,332.35,333.0,332.0,332.15,154866
2025-10-24 11:15:00,332.05,332.7,332.05,332.6,146309
2025-10-24 11:20:00,332.45,332.75,332.25,332.6,128571
2025-10-24 11:25:00,332.6,333.05,332.55,333.0,53096
2025-10-24 11:30:00,332.8,333.1,332.75,333.1,142324
2025-10-24 11:35:00,333.1,333.5,332.9,333.4,239217
2025-10-24 11:40:00,333.5,334.35,333.3,334.0,69067
2025-10-24 11:45:00,334.0,334.15,333.55,333.55,31600
2025-10-24 11:50:00,333.6,333.9,333.55,333.85,21990
2025-10-24 11:55:00,333.85,334.0,333.1,333.35,290614
2025-10-24 12:00:00,333.3,333.8,333.2,333.7,20581
2025-10-24 12:05:00,333.75,333.9,333.1,333.5,44591
2025-10-24 12:10:00,333.5,333.65,333.2,333.5,31894
2025-10-24 12:15:00,333.45,333.7,333.3,333.6,181975
2025-10-24 12:20:00,333.6,334.0,333.6,333.9,43768
2025-10-24 12:25:00,333.9,334.05,332.8,333.05,303405
2025-10-24 12:30:00,333.05,333.2,333.0,333.05,28180
2025-10-24 12:35:00,333.05,333.2,333.0,333.15,25797
2025-10-24 12:40:00,333.1,333.15,332.4,332.75,43687
2025-10-24 12:45:00,332.7,332.9,332.55,332.9,24702
2025-10-24 12:50:00,332.9,333.0,332.75,333.0,51233
2025-10-24 12:55:00,333.0,333.0,332.9,332.95,80466
2025-10-24 13:00:00,333.0,333.0,332.85,332.9,49087
2025-10-24 13:05:00,332.85,333.15,332.75,332.95,204855
2025-10-24 13:10:00,332.95,332.95,331.85,332.25,63917
2025-10-24 13:15:00,332.25,332.35,331.9,332.25,40131
2025-10-24 13:20:00,332.25,332.6,332.0,332.1,100023
2025-10-24 13:25:00,332.1,332.1,331.6,331.65,55432
2025-10-24 13:30:00,331.65,332.05,331.25,331.25,36796
2025-10-24 13:35:00,331.2,331.45,330.9,330.9,59837
2025-10-24 13:40:00,330.9,331.25,330.9,331.05,39345
2025-10-24 13:45:00,331.05,331.35,331.0,331.1,23589
2025-10-24 13:50:00,331.1,331.15,330.7,331.1,42264
2025-10-24 13:55:00,331.1,331.5,330.7,331.05,57665
2025-10-24 14:00:00,331.05,331.65,331.05,331.4,29065
2025-10-24 14:05:00,331.45,331.9,331.35,331.45,39388
2025-10-24 14:10:00,331.35,332.15,331.2,331.3,70615
2025-10-24 14:15:00,331.25,331.8,330.9,330.95,118547
2025-10-24 14:20:00,330.95,331.0,330.5,330.9,40573
2025-10-24 14:25:00,330.8,331.0,330.6,330.85,28632
2025-10-24 14:30:00,330.75,330.95,330.65,330.7,31305
2025-10-24 14:35:00,330.7,330.95,329.9,329.95,147195
2025-10-24 14:40:00,330.0,330.0,329.9,330.0,64414
2025-10-24 14:45:00,329.95,330.0,329.8,329.8,38499
2025-10-24 14:50:00,329.95,329.95,329.65,329.9,43392
2025-10-24 14:55:00,329.9,329.95,329.3,329.7,61188
2025-10-24 15:00:00,329.7,330.25,329.65,330.15,224322
2025-10-24 15:05:00,330.15,330.75,329.95,329.95,185653
2025-10-24 15:10:00,330.0,330.8,329.95,330.55,316115
2025-10-24 15:15:00,330.6,330.95,330.5,330.9,107008
2025-10-24 15:20:00,330.9,331.1,330.5,330.7,269356
2025-10-24 15:25:00,330.65,331.55,330.45,331.25,123139
2025-10-27 09:15:00,332.7,336.0,331.25,335.75,294021
2025-10-27 09:20:00,335.75,336.3,335.5,335.95,229656
2025-10-27 09:25:00,335.95,336.45,335.0,335.6,182806
2025-10-27 09:30:00,335.55,337.1,334.9,337.1,211269
2025-10-27 09:35:00,337.15,337.9,337.05,337.25,237612
2025-10-27 09:40:00,337.35,338.25,337.2,338.1,212748
2025-10-27 09:45:00,338.15,339.95,337.75,339.95,293843
2025-10-27 09:50:00,339.9,340.0,338.9,339.45,323329
2025-10-27 09:55:00,339.45,339.5,339.0,339.15,114203
2025-10-27 10:00:00,339.35,339.9,339.3,339.9,156562
2025-10-27 10:05:00,339.85,340.2,339.7,340.05,246320
2025-10-27 10:10:00,340.2,340.6,338.2,338.2,631908
2025-10-27 10:15:00,338.5,339.8,338.5,339.2,202267
2025-10-27 10:20:00,339.2,339.65,338.9,339.6,140522
2025-10-27 10:25:00,339.5,339.5,339.05,339.3,74038
2025-10-27 10:30:00,339.35,339.65,339.25,339.6,66855
2025-10-27 10:35:00,339.65,339.7,339.45,339.5,65057
2025-10-27 10:40:00,339.55,339.9,339.4,339.85,62320
2025-10-27 10:45:00,339.9,340.0,339.45,339.55,102912
2025-10-27 10:50:00,339.6,339.6,338.8,339.1,72984
2025-10-27 10:55:00,339.1,339.1,337.8,338.4,247737
2025-10-27 11:00:00,338.45,338.8,338.1,338.25,78231
2025-10-27 11:05:00,338.15,338.45,338.1,338.35,85015
2025-10-27 11:10:00,338.35,338.5,337.7,337.85,128401
2025-10-27 11:15:00,337.85,338.2,337.85,338.1,36063
2025-10-27 11:20:00,338.1,338.4,337.6,337.8,103964
2025-10-27 11:25:00,337.8,338.15,337.75,337.85,86605
2025-10-27 11:30:00,337.85,338.2,337.85,338.1,63986
2025-10-27 11:35:00,338.0,338.15,337.9,338.05,50641
2025-10-27 11:40:00,338.15,338.15,336.7,337.45,189308
2025-10-27 11:45:00,337.5,337.55,336.35,336.55,207008
2025-10-27 11:50:00,336.65,337.45,336.35,336.95,340317
2025-10-27 11:55:00,336.9,337.25,336.7,337.2,43758
2025-10-27 12:00:00,337.15,337.6,336.2,336.2,83489
2025-10-27 12:05:00,336.25,336.65,335.9,335.9,181487
2025-10-27 12:10:00,335.9,336.15,335.45,335.95,80838
2025-10-27 12:15:00,336.0,336.15,335.8,336.0,72376
2025-10-27 12:20:00,336.05,336.15,335.85,336.15,63862
2025-10-27 12:25:00,336.05,337.7,335.95,337.5,218040
2025-10-27 12:30:00,337.4,338.2,337.35,338.0,74666
2025-10-27 12:35:00,337.95,339.4,337.95,339.35,180062
2025-10-27 12:40:00,339.3,339.4,338.6,339.05,157982
2025-10-27 12:45:00,339.3,341.3,339.3,340.35,538647
2025-10-27 12:50:00,340.45,342.0,340.25,341.85,200228
2025-10-27 12:55:00,341.8,341.95,341.15,341.2,101705
2025-10-27 13:00:00,341.15,341.9,341.15,341.25,177367
2025-10-27 13:05:00,341.15,341.5,340.8,341.0,143181
2025-10-27 13:10:00,341.0,341.3,340.85,341.1,96820
2025-10-27 13:15:00,341.15,341.3,340.9,341.3,70788
2025-10-27 13:20:00,341.25,341.5,341.2,341.4,89005
2025-10-27 13:25:00,341.4,341.55,341.1,341.2,62024
2025-10-27 13:30:00,341.2,341.45,341.0,341.15,88255
2025-10-27 13:35:00,341.2,341.4,341.15,341.35,73025
2025-10-27 13:40:00,341.35,341.8,341.35,341.5,88640
2025-10-27 13:45:00,341.35,341.7,341.35,341.55,51589
2025-10-27 13:50:00,341.5,341.9,341.5,341.8,73819
2025-10-27 13:55:00,341.9,341.95,341.55,341.6,116001
2025-10-27 14:00:00,341.7,342.25,341.45,342.25,186697
2025-10-27 14:05:00,342.1,342.25,341.9,342.2,146654
2025-10-27 14:10:00,342.2,342.5,342.1,342.5,126259
2025-10-27 14:15:00,342.4,342.5,342.35,342.5,80440
2025-10-27 14:20:00,342.4,342.5,342.35,342.45,90503
2025-10-27 14:25:00,342.45,342.6,342.35,342.5,79604
2025-10-27 14:30:00,342.55,342.6,341.8,341.85,169389
2025-10-27 14:35:00,341.8,342.1,341.75,342.05,87429
2025-10-27 14:40:00,342.1,342.1,340.75,341.1,244921
2025-10-27 14:45:00,341.1,341.45,341.0,341.1,107679
2025-10-27 14:50:00,341.1,341.4,341.1,341.25,76950
2025-10-27 14:55:00,341.25,341.5,341.15,341.35,81356
2025-10-27 15:00:00,341.5,342.85,341.5,342.75,201279
2025-10-27 15:05:00,342.8,343.2,342.75,343.2,204532
2025-10-27 15:10:00,343.25,343.25,342.65,342.85,322851
2025-10-27 15:15:00,342.85,343.5,342.6,343.4,324110
2025-10-27 15:20:00,343.5,343.5,343.05,343.35,317625
2025-10-27 15:25:00,343.35,343.35,342.8,343.15,227170
2025-10-28 09:15:00,344.0,345.5,341.5,342.25,338456
2025-10-28 09:20:00,342.2,343.0,342.15,342.5,94495
2025-10-28 09:25:00,342.5,343.65,342.4,343.65,97074
2025-10-28 09:30:00,343.6,344.5,343.45,344.05,104610
2025-10-28 09:35:00,344.05,344.2,343.5,343.7,67541
2025-10-28 09:40:00,343.7,344.2,343.55,343.8,39559
2025-10-28 09:45:00,343.85,344.1,343.15,343.15,66382
2025-10-28 09:50:00,343.2,343.6,342.95,342.95,61974
2025-10-28 09:55:00,342.95,343.3,342.6,343.15,50455
2025-10-28 10:00:00,343.15,343.7,343.1,343.3,107775
2025-10-28 10:05:00,343.3,343.6,343.05,343.25,45902
2025-10-28 10:10:00,343.25,343.25,342.1,342.1,78929
2025-10-28 10:15:00,342.1,342.15,341.8,341.95,61252
2025-10-28 10:20:00,341.9,342.1,341.7,341.85,76810
2025-10-28 10:25:00,341.85,342.45,341.85,341.9,46530
2025-10-28 10:30:00,341.95,342.45,341.85,341.9,41284
2025-10-28 10:35:00,341.9,341.9,341.6,341.6,38218
2025-10-28 10:40:00,341.6,341.75,341.5,341.55,35794
2025-10-28 10:45:00,341.3,341.65,341.25,341.6,41792
2025-10-28 10:50:00,341.55,341.75,340.6,340.95,58928
2025-10-28 10:55:00,340.95,341.2,340.9,341.0,24085
2025-10-28 11:00:00,341.1,341.1,340.55,340.8,66753
2025-10-28 11:05:00,340.8,341.4,340.4,341.15,62848
2025-10-28 11:10:00,341.2,341.3,340.45,341.0,57338
2025-10-28 11:15:00,341.15,341.65,341.0,341.45,50547
2025-10-28 11:20:00,341.5,341.65,341.0,341.25,119798
2025-10-28 11:25:00,341.2,342.0,341.2,341.9,64923
2025-10-28 11:30:00,341.9,342.75,341.85,342.2,56923
2025-10-28 11:35:00,342.3,342.65,342.25,342.35,63553
2025-10-28 11:40:00,342.35,342.5,341.5,341.55,47551
2025-10-28 11:45:00,341.65,341.7,341.3,341.45,37984
2025-10-28 11:50:00,341.45,342.05,341.35,341.65,38500
2025-10-28 11:55:00,341.7,341.8,341.4,341.65,39405
2025-10-28 12:00:00,341.6,341.75,341.5,341.5,37937
2025-10-28 12:05:00,341.15,341.4,341.0,341.2,41311
2025-10-28 12:10:00,341.1,341.2,340.95,341.15,39767
2025-10-28 12:15:00,341.15,341.8,341.0,341.2,45059
2025-10-28 12:20:00,341.2,341.75,341.2,341.55,52770
2025-10-28 12:25:00,341.55,342.05,341.45,341.75,40960
2025-10-28 12:30:00,341.8,341.85,341.1,341.45,51127
2025-10-28 12:35:00,341.4,341.8,341.4,341.65,34985
2025-10-28 12:40:00,341.65,342.65,341.65,342.5,47391
2025-10-28 12:45:00,342.5,342.9,342.35,342.65,52112
2025-10-28 12:50:00,342.65,342.95,342.65,342.8,46927
2025-10-28 12:55:00,342.8,343.2,342.7,342.8,67118
2025-10-28 13:00:00,342.8,343.05,342.5,342.65,66857
2025-10-28 13:05:00,342.45,342.7,341.7,341.85,115317
2025-10-28 13:10:00,341.9,341.9,341.1,341.2,53771
2025-10-28 13:15:00,341.1,341.5,340.8,341.4,80486
2025-10-28 13:20:00,341.35,341.45,341.15,341.4,40589
2025-10-28 13:25:00,341.4,341.7,341.25,341.25,33615
2025-10-28 13:30:00,341.25,341.8,341.25,341.75,47455
2025-10-28 13:35:00,341.8,341.85,341.6,341.8,61614
2025-10-28 13:40:00,341.75,341.75,341.05,341.15,60550
2025-10-28 13:45:00,341.15,341.15,340.55,340.9,60541
2025-10-28 13:50:00,340.75,341.8,340.75,341.4,51998
2025-10-28 13:55:00,341.4,341.55,341.25,341.45,29734
2025-10-28 14:00:00,341.45,341.9,341.2,341.55,43553
2025-10-28 14:05:00,341.5,341.5,341.25,341.35,33341
2025-10-28 14:10:00,341.35,341.45,340.85,340.95,44576
2025-10-28 14:15:00,340.95,341.0,340.6,340.95,71258
2025-10-28 14:20:00,340.95,341.3,340.85,341.1,234097
2025-10-28 14:25:00,341.1,341.4,340.8,341.0,113961
2025-10-28 14:30:00,341.0,341.0,340.6,340.95,100546
2025-10-28 14:35:00,340.95,340.95,340.7,340.9,62739
2025-10-28 14:40:00,340.8,341.0,340.65,340.75,64246
2025-10-28 14:45:00,340.75,340.9,339.7,339.95,251467
2025-10-28 14:50:00,339.95,340.35,339.8,339.9,140821
2025-10-28 14:55:00,339.85,340.0,339.7,339.8,73600
2025-10-28 15:00:00,339.9,340.85,339.6,340.8,377886
2025-10-28 15:05:00,340.75,341.05,340.6,340.75,133815
2025-10-28 15:10:00,340.75,340.85,340.4,340.8,246720
2025-10-28 15:15:00,340.8,341.0,340.6,340.95,197982
2025-10-28 15:20:00,340.95,341.0,340.7,340.85,184437
2025-10-28 15:25:00,340.9,341.5,340.5,340.65,213443
2025-10-29 09:15:00,341.9,342.9,340.85,342.2,213384
2025-10-29 09:20:00,342.65,343.45,342.2,342.95,147725
2025-10-29 09:25:00,342.9,343.45,342.8,343.2,132963
2025-10-29 09:30:00,343.35,345.7,343.35,344.55,446825
2025-10-29 09:35:00,344.5,344.5,343.5,343.6,112975
2025-10-29 09:40:00,343.5,344.35,343.35,344.2,100547
2025-10-29 09:45:00,344.2,345.45,344.15,345.15,261888
2025-10-29 09:50:00,345.0,345.8,344.05,344.75,168765
2025-10-29 09:55:00,344.75,345.35,344.65,344.95,80810
2025-10-29 10:00:00,344.95,346.5,344.95,346.5,326467
2025-10-29 10:05:00,346.45,348.2,346.4,346.8,464325
2025-10-29 10:10:00,346.85,347.8,345.65,346.6,274986
2025-10-29 10:15:00,346.6,346.9,345.8,345.85,53655
2025-10-29 10:20:00,346.0,347.05,345.85,346.85,68274
2025-10-29 10:25:00,346.9,347.35,346.6,347.15,71398
2025-10-29 10:30:00,347.15,348.15,347.05,347.3,116430
2025-10-29 10:35:00,347.3,347.4,346.7,347.1,45989
2025-10-29 10:40:00,347.15,347.8,347.0,347.0,52667
2025-10-29 10:45:00,347.05,347.1,346.6,346.9,57086
2025-10-29 10:50:00,346.9,347.05,346.6,346.8,126440
2025-10-29 10:55:00,347.0,347.1,346.6,346.8,78517
2025-10-29 11:00:00,346.8,347.0,346.55,346.8,24836
2025-10-29 11:05:00,346.8,347.15,346.15,346.3,56319
2025-10-29 11:10:00,346.2,346.3,344.8,344.9,147101
2025-10-29 11:15:00,345.05,345.1,344.4,344.85,229459
2025-10-29 11:20:00,344.9,345.0,344.1,344.55,167911
2025-10-29 11:25:00,344.7,345.35,343.65,343.75,168925
2025-10-29 11:30:00,343.7,345.3,343.7,345.1,229414
2025-10-29 11:35:00,345.1,345.4,344.95,344.95,95911
2025-10-29 11:40:00,344.9,345.4,344.65,344.7,93055
2025-10-29 11:45:00,344.65,345.5,344.65,345.05,247423
2025-10-29 11:50:00,345.05,346.4,345.05,346.4,99545
2025-10-29 11:55:00,346.25,346.4,345.35,345.5,107533
2025-10-29 12:00:00,345.5,346.55,345.5,346.3,83276
2025-10-29 12:05:00,346.15,346.4,345.95,346.1,54905
2025-10-29 12:10:00,346.1,346.75,346.1,346.7,91689
2025-10-29 12:15:00,346.7,347.25,346.5,347.25,84414
2025-10-29 12:20:00,347.3,347.8,346.8,347.8,99024
2025-10-29 12:25:00,347.8,349.0,347.2,348.4,371817
2025-10-29 12:30:00,348.5,348.5,347.5,348.15,138547
2025-10-29 12:35:00,348.15,348.3,347.3,347.95,66165
2025-10-29 12:40:00,347.8,347.9,346.75,347.0,185418
2025-10-29 12:45:00,347.0,347.85,347.0,347.85,63326
2025-10-29 12:50:00,347.85,348.3,347.7,348.15,85901
2025-10-29 12:55:00,348.15,348.2,347.85,348.0,49258
2025-10-29 13:00:00,348.0,348.1,347.8,347.8,86480
2025-10-29 13:05:00,347.85,348.0,347.8,348.0,44602
2025-10-29 13:10:00,347.95,348.05,347.8,347.85,46170
2025-10-29 13:15:00,348.0,348.15,347.8,347.95,45862
2025-10-29 13:20:00,347.9,347.95,347.85,347.9,38229
2025-10-29 13:25:00,347.95,347.95,346.95,347.05,109434
2025-10-29 13:30:00,347.05,347.3,347.05,347.1,54179
2025-10-29 13:35:00,347.05,347.3,346.55,346.85,95089
2025-10-29 13:40:00,346.8,347.15,345.9,346.2,114554
2025-10-29 13:45:00,346.2,346.45,345.5,345.95,119329
2025-10-29 13:50:00,345.95,346.1,345.8,345.8,53461
2025-10-29 13:55:00,345.8,346.0,345.3,345.6,222256
2025-10-29 14:00:00,345.6,345.7,345.35,345.65,84076
2025-10-29 14:05:00,345.65,345.8,345.6,345.75,59704
2025-10-29 14:10:00,345.75,346.2,345.4,345.9,134850
2025-10-29 14:15:00,345.9,346.3,345.9,346.25,54120
2025-10-29 14:20:00,346.25,347.0,346.0,346.75,111829
2025-10-29 14:25:00,346.75,347.4,346.65,347.4,105594
2025-10-29 14:30:00,347.4,347.4,346.5,346.8,76884
2025-10-29 14:35:00,346.8,346.9,346.3,346.4,69211
2025-10-29 14:40:00,346.4,347.6,346.4,347.15,104678
2025-10-29 14:45:00,347.15,347.35,346.9,347.25,85175
2025-10-29 14:50:00,347.25,347.4,346.9,347.3,100037
2025-10-29 14:55:00,347.3,347.6,347.05,347.5,88070
2025-10-29 15:00:00,347.55,348.0,347.45,347.5,148915
2025-10-29 15:05:00,347.45,347.85,347.35,347.85,107798
2025-10-29 15:10:00,347.75,347.8,347.6,347.65,186065
2025-10-29 15:15:00,347.65,348.3,347.65,348.25,200498
2025-10-29 15:20:00,348.25,348.6,348.25,348.55,302501
2025-10-29 15:25:00,348.6,348.85,348.25,348.25,247761
2025-10-30 09:15:00,350.0,350.0,345.3,346.0,387799
2025-10-30 09:20:00,346.05,346.85,346.0,346.8,131660
2025-10-30 09:25:00,346.6,348.2,346.6,348.2,213508
2025-10-30 09:30:00,348.3,348.65,347.0,347.45,210879
2025-10-30 09:35:00,347.25,349.15,347.2,348.35,227898
2025-10-30 09:40:00,348.5,348.55,347.45,347.6,135929
2025-10-30 09:45:00,347.5,347.8,347.05,347.5,46143
2025-10-30 09:50:00,347.55,348.2,347.5,347.55,108244
2025-10-30 09:55:00,347.55,348.7,347.0,348.15,142080
2025-10-30 10:00:00,348.15,349.95,347.8,348.7,204068
2025-10-30 10:05:00,348.7,352.5,348.7,351.95,526522
2025-10-30 10:10:00,351.95,353.85,351.9,353.75,467699
2025-10-30 10:15:00,353.7,356.3,353.7,355.95,942848
2025-10-30 10:20:00,356.0,356.5,353.75,354.0,465146
2025-10-30 10:25:00,354.0,355.4,353.95,354.55,249671
2025-10-30 10:30:00,354.65,355.1,353.6,354.05,210722
2025-10-30 10:35:00,354.0,355.3,353.75,355.15,239440
2025-10-30 10:40:00,355.15,355.35,353.85,354.85,256112
2025-10-30 10:45:00,354.95,355.1,353.1,353.5,270613
2025-10-30 10:50:00,353.55,355.4,353.4,355.3,367287
2025-10-30 10:55:00,355.3,356.4,355.05,355.25,318771
2025-10-30 11:00:00,355.25,356.0,355.15,355.95,123312
2025-10-30 11:05:00,355.95,357.0,355.7,356.75,431386
2025-10-30 11:10:00,356.75,357.5,356.55,357.3,271495
2025-10-30 11:15:00,357.35,357.9,356.65,357.9,215301
2025-10-30 11:20:00,357.85,358.95,357.55,358.05,427447
2025-10-30 11:25:00,358.05,359.0,357.7,358.65,219099
2025-10-30 11:30:00,358.55,359.6,358.2,359.1,463258
2025-10-30 11:35:00,359.05,359.3,358.25,358.55,310218
2025-10-30 11:40:00,358.5,359.0,358.0,358.6,200926
2025-10-30 11:45:00,358.55,359.0,358.4,358.6,148103
2025-10-30 11:50:00,358.55,359.0,358.05,358.25,185788
2025-10-30 11:55:00,358.25,359.25,358.05,359.1,213448
2025-10-30 12:00:00,359.05,359.8,358.8,359.65,179382
2025-10-30 12:05:00,359.7,359.75,358.55,358.85,124935
2025-10-30 12:10:00,358.85,359.0,358.05,358.25,186202
2025-10-30 12:15:00,358.2,358.5,358.05,358.35,128939
2025-10-30 12:20:00,358.3,358.75,358.05,358.55,112234
2025-10-30 12:25:00,358.55,358.65,357.7,358.15,133390
2025-10-30 12:30:00,358.15,359.45,358.05,358.6,216739
2025-10-30 12:35:00,358.55,358.65,357.55,357.8,121607
2025-10-30 12:40:00,357.7,358.0,357.5,357.7,119504
2025-10-30 12:45:00,357.8,358.0,357.55,357.9,98288
2025-10-30 12:50:00,357.85,358.0,357.5,357.5,129879
2025-10-30 12:55:00,357.5,358.0,357.5,357.6,237140
2025-10-30 13:00:00,357.6,358.35,357.6,358.05,120269
2025-10-30 13:05:00,358.05,358.3,357.5,357.65,86633
2025-10-30 13:10:00,357.6,357.7,357.25,357.35,125376
2025-10-30 13:15:00,357.35,357.9,357.25,357.6,120431
2025-10-30 13:20:00,357.6,358.0,357.15,357.35,103239
2025-10-30 13:25:00,357.25,357.55,357.15,357.35,103774
2025-10-30 13:30:00,357.3,357.35,356.75,356.95,105839
2025-10-30 13:35:00,356.95,357.5,356.5,357.35,133018
2025-10-30 13:40:00,357.35,357.5,356.3,356.45,130422
2025-10-30 13:45:00,356.35,356.65,356.2,356.25,87295
2025-10-30 13:50:00,356.2,356.65,356.1,356.45,84055
2025-10-30 13:55:00,356.4,357.0,356.1,356.95,72238
2025-10-30 14:00:00,357.0,357.05,356.3,356.45,86060
2025-10-30 14:05:00,356.55,356.9,356.45,356.8,69624
2025-10-30 14:10:00,356.95,357.55,356.5,357.5,84903
2025-10-30 14:15:00,357.45,357.6,356.9,357.6,76048
2025-10-30 14:20:00,357.65,358.1,357.4,357.9,132194
2025-10-30 14:25:00,357.8,357.9,357.1,357.6,85511
2025-10-30 14:30:00,357.5,357.9,356.6,356.75,78377
2025-10-30 14:35:00,356.65,356.9,356.5,356.65,92177
2025-10-30 14:40:00,356.7,357.7,356.65,357.55,67244
2025-10-30 14:45:00,357.5,357.7,357.15,357.55,54538
2025-10-30 14:50:00,357.5,357.6,357.3,357.3,46955
2025-10-30 14:55:00,357.45,357.45,356.95,357.15,88823
2025-10-30 15:00:00,357.25,357.8,357.15,357.45,156899
2025-10-30 15:05:00,357.45,357.5,357.25,357.35,115267
2025-10-30 15:10:00,357.35,357.65,357.25,357.5,174615
2025-10-30 15:15:00,357.45,358.05,357.45,357.95,413687
2025-10-30 15:20:00,357.95,358.2,357.65,357.9,245798
2025-10-30 15:25:00,357.9,358.1,356.8,358.1,306634
2025-10-31 09:15:00,358.0,358.9,355.6,356.5,435469
2025-10-31 09:20:00,356.6,358.8,356.15,358.7,182275
2025-10-31 09:25:00,358.7,359.45,358.05,358.35,170322
2025-10-31 09:30:00,358.4,359.35,358.2,358.5,105540
2025-10-31 09:35:00,358.25,358.85,358.2,358.2,87048
2025-10-31 09:40:00,358.2,358.7,357.55,358.5,83588
2025-10-31 09:45:00,358.65,359.15,358.3,358.7,63196
2025-10-31 09:50:00,358.6,358.7,356.0,356.55,236575
2025-10-31 09:55:00,356.55,356.75,355.1,355.85,210171
2025-10-31 10:00:00,355.8,356.0,355.35,355.6,88111
2025-10-31 10:05:00,355.75,356.0,355.45,355.75,57800
2025-10-31 10:10:00,355.75,356.65,355.35,355.5,91440
2025-10-31 10:15:00,355.5,356.0,355.2,355.85,68277
2025-10-31 10:20:00,355.95,356.75,355.55,356.75,93674
2025-10-31 10:25:00,356.8,357.5,356.5,357.05,50226
2025-10-31 10:30:00,357.05,357.15,356.05,356.6,110749
2025-10-31 10:35:00,356.45,356.65,356.1,356.55,23858
2025-10-31 10:40:00,356.45,357.1,356.4,356.9,19699
2025-10-31 10:45:00,356.75,357.4,356.65,357.3,34277
2025-10-31 10:50:00,357.2,358.3,356.85,357.55,138921
2025-10-31 10:55:00,357.5,357.7,357.25,357.5,20786
2025-10-31 11:00:00,357.5,357.6,356.75,357.2,20758
2025-10-31 11:05:00,357.15,358.0,357.1,357.8,44820
2025-10-31 11:10:00,357.8,359.0,357.8,358.75,206908
2025-10-31 11:15:00,358.55,359.85,358.5,359.75,188278
2025-10-31 11:20:00,359.65,359.65,358.4,359.05,74776
2025-10-31 11:25:00,359.15,359.15,357.8,358.5,67135
2025-10-31 11:30:00,358.45,359.7,358.45,359.65,83214
2025-10-31 11:35:00,359.6,359.95,359.05,359.25,112769
2025-10-31 11:40:00,359.2,359.75,357.75,358.0,194568
2025-10-31 11:45:00,357.9,358.7,357.75,358.0,103890
2025-10-31 11:50:00,358.0,358.0,357.15,357.5,51034
2025-10-31 11:55:00,357.35,358.2,357.05,358.0,84309
2025-10-31 12:00:00,357.95,358.95,357.7,358.9,35190
2025-10-31 12:05:00,358.9,360.55,358.8,360.45,367869
2025-10-31 12:10:00,360.35,360.55,359.55,359.6,304243
2025-10-31 12:15:00,359.6,360.0,359.1,359.3,46858
2025-10-31 12:20:00,359.25,359.95,358.65,359.95,102306
2025-10-31 12:25:00,359.95,360.25,359.75,360.25,68025
2025-10-31 12:30:00,360.3,360.35,359.55,359.8,45064
2025-10-31 12:35:00,359.75,360.0,359.55,359.9,38837
2025-10-31 12:40:00,360.0,360.4,359.9,360.1,36618
2025-10-31 12:45:00,360.0,360.2,359.1,359.5,31716
2025-10-31 12:50:00,359.45,359.65,359.2,359.5,24216
2025-10-31 12:55:00,359.3,360.4,359.2,360.1,58283
2025-10-31 13:00:00,360.2,360.3,359.8,359.9,33253
2025-10-31 13:05:00,359.9,360.1,359.5,359.75,22638
2025-10-31 13:10:00,359.6,359.75,359.2,359.25,66980
2025-10-31 13:15:00,359.25,359.4,358.75,358.9,47951
2025-10-31 13:20:00,358.8,359.0,358.8,359.0,18941
2025-10-31 13:25:00,359.0,359.0,358.45,358.7,41140
2025-10-31 13:30:00,358.75,358.85,358.6,358.6,22220
2025-10-31 13:35:00,358.7,358.9,358.6,358.65,25877
2025-10-31 13:40:00,358.7,358.9,358.6,358.8,27607
2025-10-31 13:45:00,358.9,358.95,358.5,358.8,34585
2025-10-31 13:50:00,358.8,359.35,358.8,359.0,42000
2025-10-31 13:55:00,359.05,359.9,359.0,359.6,42952
2025-10-31 14:00:00,359.6,359.65,359.15,359.4,22942
2025-10-31 14:05:00,359.4,359.4,358.85,359.25,30984
2025-10-31 14:10:00,359.3,360.5,359.1,360.5,116747
2025-10-31 14:15:00,360.35,360.55,359.3,359.6,72835
2025-10-31 14:20:00,359.6,359.85,359.2,359.3,76292
2025-10-31 14:25:00,359.3,359.9,359.2,359.65,34016
2025-10-31 14:30:00,359.65,359.85,358.95,358.95,117903
2025-10-31 14:35:00,358.9,359.75,358.9,359.35,44906
2025-10-31 14:40:00,359.3,359.55,359.25,359.45,29151
2025-10-31 14:45:00,359.45,359.5,358.5,358.7,74668
2025-10-31 14:50:00,358.65,358.7,358.0,358.4,90315
2025-10-31 14:55:00,358.45,358.5,357.4,357.55,159071
2025-10-31 15:00:00,357.6,357.6,356.55,356.7,182234
2025-10-31 15:05:00,356.75,357.55,356.65,357.05,188540
2025-10-31 15:10:00,357.15,357.5,356.9,357.25,195042
2025-10-31 15:15:00,357.35,357.45,356.9,356.95,215464
2025-10-31 15:20:00,356.95,356.95,355.65,356.45,376049
2025-10-31 15:25:00,356.45,357.25,356.1,356.2,275765
2025-11-03 09:15:00,361.95,361.95,356.25,358.95,2301903
2025-11-03 09:20:00,358.9,360.55,358.1,359.4,862365
2025-11-03 09:25:00,359.5,360.85,358.3,360.6,686761
2025-11-03 09:30:00,360.6,361.0,359.3,359.95,379740
2025-11-03 09:35:00,359.9,360.25,359.05,359.75,269547
2025-11-03 09:40:00,359.85,360.7,359.1,359.8,311450
2025-11-03 09:45:00,359.8,360.0,357.45,358.95,520479
2025-11-03 09:50:00,358.8,359.5,358.45,359.1,205840
2025-11-03 09:55:00,359.1,359.3,358.65,358.9,89172
2025-11-03 10:00:00,359.15,362.6,359.0,362.1,663930
2025-11-03 10:05:00,362.25,363.5,362.15,363.25,545206
2025-11-03 10:10:00,363.15,363.95,362.6,362.85,599506
2025-11-03 10:15:00,362.7,363.15,361.55,362.1,500022
2025-11-03 10:20:00,362.0,362.8,361.9,362.2,341868
2025-11-03 10:25:00,362.2,363.2,362.0,363.1,273134
2025-11-03 10:30:00,363.1,363.35,362.6,362.75,273807
2025-11-03 10:35:00,362.8,362.85,361.55,361.7,281230
2025-11-03 10:40:00,361.7,363.15,361.65,363.0,252233
2025-11-03 10:45:00,362.95,362.95,361.5,362.0,95664
2025-11-03 10:50:00,361.9,363.5,361.9,363.45,219852
2025-11-03 10:55:00,363.45,364.8,363.3,364.35,379425
2025-11-03 11:00:00,364.35,364.9,364.25,364.65,301461
2025-11-03 11:05:00,364.65,365.0,364.0,364.25,214259
2025-11-03 11:10:00,364.25,364.85,364.05,364.55,171362
2025-11-03 11:15:00,364.6,365.4,364.2,365.25,362575
2025-11-03 11:20:00,365.25,365.9,364.7,364.95,176155
2025-11-03 11:25:00,364.8,365.5,364.75,365.3,83258
2025-11-03 11:30:00,365.25,365.45,365.0,365.35,86804
2025-11-03 11:35:00,365.35,365.35,363.5,363.65,187180
2025-11-03 11:40:00,363.65,363.9,362.25,362.35,304089
2025-11-03 11:45:00,362.4,362.85,362.0,362.6,129960
2025-11-03 11:50:00,362.55,363.35,361.9,362.7,206955
2025-11-03 11:55:00,362.55,363.8,362.35,362.95,186565
2025-11-03 12:00:00,362.8,363.85,362.35,363.8,175151
2025-11-03 12:05:00,363.8,364.35,363.5,364.15,147789
2025-11-03 12:10:00,364.1,364.25,363.7,364.0,98169
2025-11-03 12:15:00,364.0,365.15,363.5,364.9,203401
2025-11-03 12:20:00,365.0,366.2,364.95,366.15,407089
2025-11-03 12:25:00,366.05,366.25,365.4,365.7,304782
2025-11-03 12:30:00,365.6,366.15,365.4,366.0,150319
2025-11-03 12:35:00,366.0,366.1,365.6,366.1,167371
2025-11-03 12:40:00,365.7,366.4,365.7,366.15,183061
2025-11-03 12:45:00,366.2,366.5,366.0,366.45,202626
2025-11-03 12:50:00,366.45,367.0,366.3,366.95,277375
2025-11-03 12:55:00,366.95,367.0,366.5,366.95,192326
2025-11-03 13:00:00,366.9,367.0,366.6,366.9,85334
2025-11-03 13:05:00,366.8,367.35,366.6,367.35,198641
2025-11-03 13:10:00,367.35,369.5,367.2,368.4,605136
2025-11-03 13:15:00,368.5,368.5,367.75,367.8,134086
2025-11-03 13:20:00,367.7,368.0,367.4,367.75,140306
2025-11-03 13:25:00,367.65,367.9,367.4,367.8,101628
2025-11-03 13:30:00,367.8,367.9,367.55,367.65,59803
2025-11-03 13:35:00,367.75,367.8,367.35,367.5,154145
2025-11-03 13:40:00,367.4,368.0,367.3,367.6,166908
2025-11-03 13:45:00,367.55,367.75,367.15,367.7,123237
2025-11-03 13:50:00,367.7,367.85,367.35,367.8,215415
2025-11-03 13:55:00,367.7,368.0,367.35,367.5,147819
2025-11-03 14:00:00,367.4,368.0,367.35,367.5,198848
2025-11-03 14:05:00,367.5,367.7,367.35,367.4,131560
2025-11-03 14:10:00,367.35,367.8,367.3,367.65,125323
2025-11-03 14:15:00,367.65,367.95,367.5,367.6,65204
2025-11-03 14:20:00,367.65,367.95,367.4,367.6,87430
2025-11-03 14:25:00,367.6,367.9,367.55,367.6,76348
2025-11-03 14:30:00,367.65,367.75,367.5,367.6,54243
2025-11-03 14:35:00,367.6,367.8,367.5,367.7,69170
2025-11-03 14:40:00,367.7,367.8,367.4,367.6,80644
2025-11-03 14:45:00,367.6,368.2,367.3,367.45,210405
2025-11-03 14:50:00,367.5,367.55,367.3,367.5,86326
2025-11-03 14:55:00,367.5,367.7,367.25,367.3,175151
2025-11-03 15:00:00,367.3,367.35,367.25,367.3,93358
2025-11-03 15:05:00,367.25,367.75,367.25,367.55,130115
2025-11-03 15:10:00,367.6,367.75,367.2,367.45,245259
2025-11-03 15:15:00,367.6,367.75,367.2,367.2,377259
2025-11-03 15:20:00,367.3,367.45,366.7,367.35,451322
2025-11-03 15:25:00,367.35,368.0,367.35,367.6,157762
2025-11-04 09:15:00,369.85,372.7,368.65,371.45,963133
2025-11-04 09:20:00,371.45,372.3,371.2,371.8,335395
2025-11-04 09:25:00,371.75,371.9,369.25,369.5,402556
2025-11-04 09:30:00,369.35,370.45,369.1,370.1,226558
2025-11-04 09:35:00,370.05,370.5,369.35,369.7,216371
2025-11-04 09:40:00,369.6,370.05,369.5,369.85,152368
2025-11-04 09:45:00,369.8,370.3,369.2,370.1,147792
2025-11-04 09:50:00,370.0,371.7,370.0,370.6,306325
2025-11-04 09:55:00,370.4,371.25,370.1,370.95,196917
2025-11-04 10:00:00,370.9,371.0,369.8,370.35,139765
2025-11-04 10:05:00,370.3,371.5,370.1,370.65,115815
2025-11-04 10:10:00,370.6,371.9,370.6,371.75,113889
2025-11-04 10:15:00,371.7,372.7,371.4,371.95,231137
2025-11-04 10:20:00,371.9,372.2,371.15,372.1,131673
2025-11-04 10:25:00,372.0,372.4,371.6,371.7,154157
2025-11-04 10:30:00,371.65,371.95,371.1,371.1,99423
2025-11-04 10:35:00,371.2,371.3,369.7,370.05,182321
2025-11-04 10:40:00,370.05,370.2,369.4,369.65,109576
2025-11-04 10:45:00,369.55,370.1,369.4,369.55,84686
2025-11-04 10:50:00,369.5,369.55,368.15,368.8,231812
2025-11-04 10:55:00,368.8,369.5,368.5,369.3,89914
2025-11-04 11:00:00,369.35,369.5,369.0,369.05,85297
2025-11-04 11:05:00,369.05,369.35,368.75,369.2,80776
2025-11-04 11:10:00,369.15,369.65,368.85,369.65,59772
2025-11-04 11:15:00,369.5,369.7,369.3,369.65,29449
2025-11-04 11:20:00,369.6,369.7,369.05,369.6,90721
2025-11-04 11:25:00,369.55,371.2,369.2,371.05,148401
2025-11-04 11:30:00,371.05,371.4,370.8,371.05,205849
2025-11-04 11:35:00,371.05,371.5,371.0,371.3,130534
2025-11-04 11:40:00,371.3,371.4,370.5,371.0,136319
2025-11-04 11:45:00,370.9,371.0,370.25,370.9,132064
2025-11-04 11:50:00,370.85,371.1,370.5,371.0,129690
2025-11-04 11:55:00,370.9,371.1,370.85,371.0,129383
2025-11-04 12:00:00,370.9,371.05,370.75,371.0,108037
2025-11-04 12:05:00,371.1,371.35,370.55,370.85,229704
2025-11-04 12:10:00,370.9,371.15,370.85,371.0,52951
2025-11-04 12:15:00,371.05,371.15,371.0,371.05,51583
2025-11-04 12:20:00,371.05,371.3,370.85,371.0,98329
2025-11-04 12:25:00,371.0,371.2,370.65,370.95,119708
2025-11-04 12:30:00,370.95,371.0,370.65,370.9,122225
2025-11-04 12:35:00,370.85,371.15,370.75,371.0,121632
2025-11-04 12:40:00,371.0,372.0,370.95,371.9,163726
2025-11-04 12:45:00,371.95,372.85,371.9,372.75,255204
2025-11-04 12:50:00,372.8,373.5,372.5,373.3,320525
2025-11-04 12:55:00,373.3,373.75,373.1,373.4,147053
2025-11-04 13:00:00,373.3,373.5,373.0,373.4,153689
2025-11-04 13:05:00,373.4,373.95,373.3,373.65,148531
2025-11-04 13:10:00,373.65,373.75,373.35,373.5,128969
2025-11-04 13:15:00,373.5,373.5,372.8,373.0,160996
2025-11-04 13:20:00,373.1,373.7,372.9,373.6,162122
2025-11-04 13:25:00,373.6,373.8,372.9,373.05,157892
2025-11-04 13:30:00,373.05,373.2,372.5,372.8,86301
2025-11-04 13:35:00,372.8,373.35,372.8,373.3,109225
2025-11-04 13:40:00,373.1,373.3,372.75,372.8,107490
2025-11-04 13:45:00,372.85,373.25,372.7,372.8,161261
2025-11-04 13:50:00,372.9,373.3,372.85,372.9,90464
2025-11-04 13:55:00,373.0,373.0,372.75,372.95,70382
2025-11-04 14:00:00,372.95,373.0,372.75,372.95,82937
2025-11-04 14:05:00,372.95,373.0,372.85,372.85,110389
2025-11-04 14:10:00,372.9,372.95,372.35,372.4,128498
2025-11-04 14:15:00,372.35,372.5,371.75,371.9,151150
2025-11-04 14:20:00,371.9,372.55,371.9,372.5,76709
2025-11-04 14:25:00,372.5,372.55,372.35,372.45,63100
2025-11-04 14:30:00,372.55,373.1,372.45,373.1,171205
2025-11-04 14:35:00,373.0,373.25,372.95,373.0,120545
2025-11-04 14:40:00,373.0,373.2,372.85,373.15,126501
2025-11-04 14:45:00,373.2,373.2,372.9,373.05,100415
2025-11-04 14:50:00,373.05,373.1,372.7,372.8,118936
2025-11-04 14:55:00,372.85,373.1,372.8,372.95,171151
2025-11-04 15:00:00,372.95,373.1,372.95,373.1,240555
2025-11-04 15:05:00,373.1,373.1,372.7,372.75,271017
2025-11-04 15:10:00,372.8,373.3,372.75,372.95,299712
2025-11-04 15:15:00,372.95,373.05,372.85,372.9,331406
2025-11-04 15:20:00,372.85,372.95,372.75,372.8,322490
2025-11-04 15:25:00,372.75,373.1,372.4,373.0,361585
2025-11-06 09:15:00,380.0,380.0,373.0,373.85,1107642
2025-11-06 09:20:00,373.55,373.9,371.5,372.2,347032
2025-11-06 09:25:00,372.0,373.45,371.95,372.95,158398
2025-11-06 09:30:00,372.95,374.5,372.85,374.25,323081
2025-11-06 09:35:00,374.15,375.5,374.15,374.9,270700
2025-11-06 09:40:00,374.85,375.1,374.4,374.65,197957
2025-11-06 09:45:00,374.6,375.35,374.45,374.8,301034
2025-11-06 09:50:00,374.8,375.35,374.45,374.8,111955
2025-11-06 09:55:00,374.75,375.5,374.65,375.05,163621
2025-11-06 10:00:00,375.1,375.55,373.6,373.85,309756
2025-11-06 10:05:00,373.85,374.0,371.7,371.9,383940
2025-11-06 10:10:00,371.9,372.3,371.15,371.3,235651
2025-11-06 10:15:00,371.15,372.0,370.35,370.75,272608
2025-11-06 10:20:00,370.85,371.8,370.85,371.45,285528
2025-11-06 10:25:00,371.5,372.0,371.2,371.75,228224
2025-11-06 10:30:00,371.75,373.45,371.75,373.25,226704
2025-11-06 10:35:00,373.3,373.75,372.55,372.85,227878
2025-11-06 10:40:00,372.95,373.6,372.85,373.45,153729
2025-11-06 10:45:00,373.35,374.0,372.85,372.85,114338
2025-11-06 10:50:00,373.0,373.2,372.95,373.05,75024
2025-11-06 10:55:00,373.1,373.4,373.0,373.2,80805
2025-11-06 11:00:00,373.2,373.8,373.15,373.7,89071
2025-11-06 11:05:00,373.7,373.8,373.25,373.55,79836
2025-11-06 11:10:00,373.5,373.6,371.85,372.05,112035
2025-11-06 11:15:00,372.0,372.0,369.7,370.0,236927
2025-11-06 11:20:00,370.0,370.45,369.95,370.15,92947
2025-11-06 11:25:00,370.1,370.6,370.05,370.45,46981
2025-11-06 11:30:00,370.45,370.5,370.0,370.0,62790
2025-11-06 11:35:00,370.0,370.0,369.2,369.4,87714
2025-11-06 11:40:00,369.4,369.6,369.0,369.0,86271
2025-11-06 11:45:00,369.0,369.95,368.95,369.8,64385
2025-11-06 11:50:00,369.8,370.05,369.45,369.95,55809
2025-11-06 11:55:00,369.95,370.05,369.85,369.85,26471
2025-11-06 12:00:00,369.9,369.9,369.5,369.65,48853
2025-11-06 12:05:00,369.65,369.8,368.8,368.8,81460
2025-11-06 12:10:00,369.0,369.0,368.5,368.8,61470
2025-11-06 12:15:00,368.85,368.9,368.2,368.3,65580
2025-11-06 12:20:00,368.3,368.75,368.2,368.3,80151
2025-11-06 12:25:00,368.35,368.7,367.85,368.15,90883
2025-11-06 12:30:00,368.15,368.2,367.75,367.95,70022
2025-11-06 12:35:00,368.0,368.0,367.75,367.95,51126
2025-11-06 12:40:00,367.85,368.3,367.8,367.85,100725
2025-11-06 12:45:00,367.85,368.4,367.5,368.25,95386
2025-11-06 12:50:00,368.35,368.45,367.25,368.35,346119
2025-11-06 12:55:00,368.3,369.05,368.2,368.55,250920
2025-11-06 13:00:00,368.55,369.3,368.2,368.6,334508
2025-11-06 13:05:00,368.55,368.7,368.15,368.15,50995
2025-11-06 13:10:00,368.1,368.1,367.8,368.1,71592
2025-11-06 13:15:00,368.1,368.35,368.05,368.3,40502
2025-11-06 13:20:00,368.3,369.0,368.25,368.95,81966
2025-11-06 13:25:00,368.95,368.95,368.45,368.85,59682
2025-11-06 13:30:00,368.85,368.9,368.5,368.75,61215
2025-11-06 13:35:00,368.75,368.95,368.55,368.6,79740
2025-11-06 13:40:00,368.65,368.9,368.6,368.8,42573
2025-11-06 13:45:00,368.85,368.85,368.1,368.1,59672
2025-11-06 13:50:00,368.1,368.5,368.0,368.4,57114
2025-11-06 13:55:00,368.4,368.95,368.3,368.75,76296
2025-11-06 14:00:00,368.8,369.0,368.7,368.95,81742
2025-11-06 14:05:00,368.9,369.25,368.65,368.9,160167
2025-11-06 14:10:00,368.95,369.35,368.9,369.2,34500
2025-11-06 14:15:00,369.2,369.4,368.95,369.3,74801
2025-11-06 14:20:00,369.3,369.45,369.2,369.25,48545
2025-11-06 14:25:00,369.3,369.45,369.15,369.35,62498
2025-11-06 14:30:00,369.4,369.6,369.35,369.35,50024
2025-11-06 14:35:00,369.35,369.5,369.0,369.15,76493
2025-11-06 14:40:00,369.15,369.25,369.0,369.15,73381
2025-11-06 14:45:00,369.2,370.2,369.15,369.4,165603
2025-11-06 14:50:00,369.4,369.8,369.4,369.6,67306
2025-11-06 14:55:00,369.45,369.5,368.75,368.75,107468
2025-11-06 15:00:00,368.75,368.75,367.25,367.65,259051
2025-11-06 15:05:00,367.85,367.95,367.65,367.8,136739
2025-11-06 15:10:00,367.8,368.3,367.65,368.05,288535
2025-11-06 15:15:00,368.05,368.1,367.9,367.95,259958
2025-11-06 15:20:00,367.95,368.3,367.9,368.0,345260
2025-11-06 15:25:00,368.0,368.5,367.7,368.5,256397
2025-11-07 09:15:00,360.0,362.2,359.75,362.0,475214
2025-11-07 09:20:00,362.0,362.0,360.5,361.05,154915
2025-11-07 09:25:00,361.15,361.35,360.25,361.0,143480
2025-11-07 09:30:00,360.9,362.85,360.55,362.4,299735
2025-11-07 09:35:00,362.4,363.95,362.4,363.8,208411
2025-11-07 09:40:00,363.85,366.3,363.85,366.15,528749
2025-11-07 09:45:00,366.15,366.3,364.9,365.45,225169
2025-11-07 09:50:00,365.45,365.8,364.2,364.3,278435
2025-11-07 09:55:00,364.3,364.75,363.45,363.55,268245
2025-11-07 10:00:00,363.65,364.55,363.6,364.4,179772
2025-11-07 10:05:00,364.25,364.75,363.25,363.25,240086
2025-11-07 10:10:00,363.25,364.0,363.25,363.85,161399
2025-11-07 10:15:00,364.0,364.15,363.5,363.95,131354
2025-11-07 10:20:00,363.85,363.95,363.25,363.7,115881
2025-11-07 10:25:00,363.75,363.9,363.15,363.45,124362
2025-11-07 10:30:00,363.45,363.45,362.75,363.0,119149
2025-11-07 10:35:00,362.95,363.55,362.9,363.5,119289
2025-11-07 10:40:00,363.5,363.5,363.0,363.0,103976
2025-11-07 10:45:00,362.95,363.8,362.95,363.4,100439
2025-11-07 10:50:00,363.35,363.7,362.95,363.0,98286
2025-11-07 10:55:00,362.95,363.0,362.6,362.85,76351
2025-11-07 11:00:00,362.95,364.4,362.9,364.1,171766
2025-11-07 11:05:00,364.1,364.2,363.7,363.85,72358
2025-11-07 11:10:00,363.85,364.2,363.65,364.05,126755
2025-11-07 11:15:00,364.15,364.6,363.8,364.55,177134
2025-11-07 11:20:00,364.6,364.95,364.4,364.75,101753
2025-11-07 11:25:00,364.75,364.95,363.35,364.65,197798
2025-11-07 11:30:00,364.7,364.8,364.25,364.35,141889
2025-11-07 11:35:00,364.35,364.45,364.25,364.3,90910
2025-11-07 11:40:00,364.3,364.45,363.8,363.8,155166
2025-11-07 11:45:00,363.9,364.1,363.25,363.35,148513
2025-11-07 11:50:00,363.4,363.45,363.0,363.2,97423
2025-11-07 11:55:00,363.25,363.55,363.15,363.15,83850
2025-11-07 12:00:00,363.2,363.7,363.1,363.4,76116
2025-11-07 12:05:00,363.45,364.5,363.35,363.7,104917
2025-11-07 12:10:00,363.8,363.9,363.25,363.4,60348
2025-11-07 12:15:00,363.4,363.55,362.9,363.4,93405
2025-11-07 12:20:00,363.35,363.9,363.35,363.4,100999
2025-11-07 12:25:00,363.35,363.8,363.35,363.65,49507
2025-11-07 12:30:00,363.7,364.7,363.65,364.55,112445
2025-11-07 12:35:00,364.5,364.55,363.6,363.9,57391
2025-11-07 12:40:00,363.9,364.1,363.9,363.95,87334
2025-11-07 12:45:00,364.0,364.1,363.4,363.75,152615
2025-11-07 12:50:00,363.75,364.05,363.7,363.9,115992
2025-11-07 12:55:00,363.9,364.0,363.5,363.9,74896
2025-11-07 13:00:00,363.9,364.2,363.8,363.95,211521
2025-11-07 13:05:00,364.0,364.4,363.8,363.8,133304
2025-11-07 13:10:00,363.8,364.5,363.55,364.35,69914
2025-11-07 13:15:00,364.45,364.95,364.05,364.8,184952
2025-11-07 13:20:00,364.95,365.1,364.65,364.95,129833
2025-11-07 13:25:00,365.1,365.95,364.65,365.0,257995
2025-11-07 13:30:00,364.9,365.15,364.4,364.9,215919
2025-11-07 13:35:00,364.85,365.65,364.85,365.4,219771
2025-11-07 13:40:00,365.4,365.55,364.9,365.15,104546
2025-11-07 13:45:00,365.25,365.5,364.9,365.1,98398
2025-11-07 13:50:00,365.2,365.45,365.05,365.35,149232
2025-11-07 13:55:00,365.45,365.45,364.95,364.95,91795
2025-11-07 14:00:00,365.0,365.1,364.65,365.0,100157
2025-11-07 14:05:00,364.85,365.0,364.55,364.85,67934
2025-11-07 14:10:00,364.85,365.3,364.7,364.85,96411
2025-11-07 14:15:00,364.85,365.7,364.85,365.55,114683
2025-11-07 14:20:00,365.55,366.05,365.55,365.95,138124
2025-11-07 14:25:00,366.05,366.4,366.0,366.2,97025
2025-11-07 14:30:00,366.2,367.25,366.2,367.1,117144
2025-11-07 14:35:00,367.1,367.5,367.0,367.3,117897
2025-11-07 14:40:00,367.35,367.7,367.3,367.5,115004
2025-11-07 14:45:00,367.5,367.5,366.65,366.95,125834
2025-11-07 14:50:00,366.85,367.1,366.35,366.95,172485
2025-11-07 14:55:00,367.0,367.4,366.05,366.75,215479
2025-11-07 15:00:00,366.75,366.9,366.15,366.3,171264
2025-11-07 15:05:00,366.4,366.95,366.0,366.9,181000
2025-11-07 15:10:00,366.95,367.4,366.8,367.1,268022
2025-11-07 15:15:00,367.2,367.85,367.15,367.5,332727
2025-11-07 15:20:00,367.5,367.8,366.95,367.0,352200
2025-11-07 15:25:00,367.1,367.45,366.0,366.05,183499
2025-11-10 09:15:00,366.3,368.65,365.85,367.65,229518
2025-11-10 09:20:00,367.45,368.0,367.25,367.35,108858
2025-11-10 09:25:00,367.35,367.65,366.9,367.65,79603
2025-11-10 09:30:00,367.85,369.8,367.75,368.7,165787
2025-11-10 09:35:00,368.4,368.95,368.05,368.05,59116
2025-11-10 09:40:00,368.1,368.95,367.95,368.4,52097
2025-11-10 09:45:00,368.4,368.75,368.2,368.55,49354
2025-11-10 09:50:00,368.55,368.55,367.7,368.3,74192
2025-11-10 09:55:00,368.3,368.8,368.0,368.7,45643
2025-11-10 10:00:00,368.85,369.4,368.8,368.8,111616
2025-11-10 10:05:00,368.8,369.0,368.5,368.7,62234
2025-11-10 10:10:00,368.85,369.0,368.65,368.9,43160
2025-11-10 10:15:00,368.95,369.2,368.7,369.05,59405
2025-11-10 10:20:00,368.95,369.1,368.85,369.1,36001
2025-11-10 10:25:00,369.1,369.1,368.75,368.85,50357
2025-11-10 10:30:00,368.6,369.1,368.35,368.95,120573
2025-11-10 10:35:00,368.85,369.45,368.7,369.2,69825
2025-11-10 10:40:00,369.25,369.55,369.1,369.2,79139
2025-11-10 10:45:00,369.3,369.3,367.8,367.95,60401
2025-11-10 10:50:00,367.85,367.95,366.2,366.8,99065
2025-11-10 10:55:00,366.7,366.95,366.55,366.7,55776
2025-11-10 11:00:00,366.65,367.0,366.55,366.6,76235
2025-11-10 11:05:00,366.55,366.85,366.1,366.15,43887
2025-11-10 11:10:00,366.15,366.3,365.9,366.25,62615
2025-11-10 11:15:00,366.25,366.65,366.1,366.5,25379
2025-11-10 11:20:00,366.5,366.75,366.2,366.7,30863
2025-11-10 11:25:00,366.8,367.85,366.6,367.85,150374
2025-11-10 11:30:00,367.8,368.0,367.8,367.85,84264
2025-11-10 11:35:00,367.8,368.4,367.15,367.85,418659
2025-11-10 11:40:00,367.85,368.3,367.25,367.45,176023
2025-11-10 11:45:00,367.45,367.5,367.0,367.1,51426
2025-11-10 11:50:00,367.0,367.15,366.65,366.95,42552
2025-11-10 11:55:00,366.95,367.15,366.8,367.15,42582
2025-11-10 12:00:00,367.0,367.3,366.2,366.2,109723
2025-11-10 12:05:00,366.2,366.7,366.2,366.55,58271
2025-11-10 12:10:00,366.55,366.8,366.25,366.6,67114
2025-11-10 12:15:00,366.6,367.2,366.45,367.0,71941
2025-11-10 12:20:00,367.0,367.05,365.95,366.0,60845
2025-11-10 12:25:00,365.95,366.3,365.55,366.2,67233
2025-11-10 12:30:00,366.05,366.15,365.5,365.55,76187
2025-11-10 12:35:00,365.5,365.75,365.5,365.7,42064
2025-11-10 12:40:00,365.85,366.15,365.75,366.1,111122
2025-11-10 12:45:00,366.05,366.25,365.6,365.65,41233
2025-11-10 12:50:00,365.7,365.8,365.05,365.1,65203
2025-11-10 12:55:00,365.05,365.1,364.6,364.75,121931
2025-11-10 13:00:00,364.7,364.85,364.3,364.45,74923
2025-11-10 13:05:00,364.45,364.5,363.85,364.05,113764
2025-11-10 13:10:00,364.2,364.35,364.05,364.25,50362
2025-11-10 13:15:00,364.25,364.35,363.85,364.0,37885
2025-11-10 13:20:00,364.0,364.4,363.65,364.35,126097
2025-11-10 13:25:00,364.4,364.4,364.3,364.35,34135
2025-11-10 13:30:00,364.3,364.7,364.3,364.55,80053
2025-11-10 13:35:00,364.55,364.65,364.05,364.15,71885
2025-11-10 13:40:00,364.15,364.3,363.8,363.9,54799
2025-11-10 13:45:00,363.85,364.6,363.85,364.25,125399
2025-11-10 13:50:00,364.45,364.5,364.1,364.5,38204
2025-11-10 13:55:00,364.45,364.9,364.3,364.9,143933
2025-11-10 14:00:00,364.95,365.5,364.95,365.35,108194
2025-11-10 14:05:00,365.3,365.9,365.3,365.65,150458
2025-11-10 14:10:00,365.65,366.2,365.6,366.0,80607
2025-11-10 14:15:00,366.0,366.15,365.6,366.0,151089
2025-11-10 14:20:00,366.0,366.15,365.8,366.0,52530
2025-11-10 14:25:00,366.05,366.15,365.6,365.85,57325
2025-11-10 14:30:00,365.85,366.0,365.4,365.5,50018
2025-11-10 14:35:00,365.5,365.9,364.9,365.9,78372
2025-11-10 14:40:00,365.85,365.95,365.35,365.55,46169
2025-11-10 14:45:00,365.4,365.65,364.45,364.55,69602
2025-11-10 14:50:00,364.4,365.05,364.1,365.05,124036
2025-11-10 14:55:00,365.05,365.45,365.0,365.35,57655
2025-11-10 15:00:00,365.55,365.75,364.75,365.05,132836
2025-11-10 15:05:00,365.0,365.25,364.85,364.95,119706
2025-11-10 15:10:00,365.05,365.3,364.75,365.05,246910
2025-11-10 15:15:00,365.05,365.55,364.95,365.55,231034
2025-11-10 15:20:00,365.55,365.55,364.75,364.75,228256
2025-11-10 15:25:00,364.75,365.9,364.55,365.1,165298
2025-11-11 09:15:00,365.0,365.9,362.0,362.1,150665
2025-11-11 09:20:00,362.0,362.45,361.2,361.25,128484
2025-11-11 09:25:00,361.25,361.25,360.05,360.5,119150
2025-11-11 09:30:00,360.6,362.1,360.5,362.05,106984
2025-11-11 09:35:00,362.05,363.35,362.05,363.15,121664
2025-11-11 09:40:00,363.2,363.45,362.9,363.4,76070
2025-11-11 09:45:00,363.45,363.5,362.85,362.9,62781
2025-11-11 09:50:00,363.0,364.35,362.9,364.2,93289
2025-11-11 09:55:00,364.2,366.45,364.2,366.25,178357
2025-11-11 10:00:00,366.25,366.3,365.4,365.4,207695
2025-11-11 10:05:00,365.4,365.5,364.7,365.1,149003
2025-11-11 10:10:00,365.2,365.25,364.45,364.45,124605
2025-11-11 10:15:00,364.5,365.1,364.45,364.95,88964
2025-11-11 10:20:00,365.15,365.25,364.85,364.9,76840
2025-11-11 10:25:00,364.9,365.3,364.55,365.15,76442
2025-11-11 10:30:00,365.2,365.75,364.65,364.65,130377
2025-11-11 10:35:00,364.7,365.0,364.2,364.95,79662
2025-11-11 10:40:00,365.0,365.35,364.75,365.0,65958
2025-11-11 10:45:00,365.0,365.55,364.75,365.4,112397
2025-11-11 10:50:00,365.35,366.0,365.2,365.8,80793
2025-11-11 10:55:00,365.85,366.2,365.5,365.75,132280
2025-11-11 11:00:00,365.8,365.95,365.4,365.5,81669
2025-11-11 11:05:00,365.5,366.2,365.3,366.15,66294
2025-11-11 11:10:00,366.2,366.65,365.85,365.9,96237
2025-11-11 11:15:00,365.9,366.0,364.9,364.95,271916
2025-11-11 11:20:00,364.9,366.15,364.85,366.1,189933
2025-11-11 11:25:00,366.2,367.2,366.05,367.0,325864
2025-11-11 11:30:00,367.0,367.15,365.95,366.0,122545
2025-11-11 11:35:00,366.05,366.7,366.0,366.45,145097
2025-11-11 11:40:00,366.4,368.4,366.4,368.0,149322
2025-11-11 11:45:00,367.9,369.0,367.9,368.6,438954
2025-11-11 11:50:00,368.5,368.85,367.95,368.5,240426
2025-11-11 11:55:00,368.5,369.4,368.4,369.15,175601
2025-11-11 12:00:00,369.1,369.7,369.0,369.6,118610
2025-11-11 12:05:00,369.75,370.5,369.75,370.15,211258
2025-11-11 12:10:00,370.15,370.15,369.45,369.65,76972
2025-11-11 12:15:00,369.6,370.0,369.45,369.75,41726
2025-11-11 12:20:00,369.8,369.8,369.1,369.35,81590
2025-11-11 12:25:00,369.4,369.75,369.15,369.2,73065
2025-11-11 12:30:00,369.2,370.1,369.2,370.0,65387
2025-11-11 12:35:00,370.0,370.15,369.85,370.05,49012
2025-11-11 12:40:00,370.1,370.35,369.4,369.45,99656
2025-11-11 12:45:00,369.55,370.35,369.45,370.25,53003
2025-11-11 12:50:00,370.3,370.5,370.2,370.35,89032
2025-11-11 12:55:00,370.4,370.85,369.85,370.2,149860
2025-11-11 13:00:00,370.25,370.8,370.2,370.7,68328
2025-11-11 13:05:00,370.65,370.85,370.6,370.8,50939
2025-11-11 13:10:00,370.85,371.35,370.65,371.25,129223
2025-11-11 13:15:00,371.2,371.8,371.2,371.7,73923
2025-11-11 13:20:00,371.7,373.6,371.65,373.5,294536
2025-11-11 13:25:00,373.45,374.65,373.25,374.25,257901
2025-11-11 13:30:00,374.15,374.5,373.7,373.9,119961
2025-11-11 13:35:00,374.0,374.0,373.7,373.85,87153
2025-11-11 13:40:00,373.8,373.9,373.25,373.25,116159
2025-11-11 13:45:00,373.25,373.7,372.8,373.45,111225
2025-11-11 13:50:00,373.5,373.65,373.1,373.4,175192
2025-11-11 13:55:00,373.35,373.8,373.2,373.65,127816
2025-11-11 14:00:00,373.6,374.25,373.6,373.9,91489
2025-11-11 14:05:00,373.9,374.2,373.9,373.95,70497
2025-11-11 14:10:00,374.0,374.2,373.1,373.75,132439
2025-11-11 14:15:00,373.8,374.5,373.5,374.4,109210
2025-11-11 14:20:00,374.5,374.85,374.0,374.05,156236
2025-11-11 14:25:00,374.1,374.55,374.0,374.15,149590
2025-11-11 14:30:00,374.15,374.55,374.15,374.2,103955
2025-11-11 14:35:00,374.2,374.3,374.05,374.1,69607
2025-11-11 14:40:00,374.1,374.4,373.75,374.3,136225
2025-11-11 14:45:00,374.4,374.45,374.15,374.25,131177
2025-11-11 14:50:00,374.2,374.25,373.85,373.85,126139
2025-11-11 14:55:00,373.95,374.0,373.5,374.0,188034
2025-11-11 15:00:00,373.95,374.45,373.95,374.2,261433
2025-11-11 15:05:00,374.15,374.2,373.95,374.1,257210
2025-11-11 15:10:00,374.1,374.3,373.75,374.25,261374
2025-11-11 15:15:00,374.25,374.35,374.15,374.2,310361
2025-11-11 15:20:00,374.25,374.55,373.95,374.5,445080
2025-11-11 15:25:00,374.4,374.7,373.3,373.8,282749
2025-11-12 09:15:00,375.2,376.95,374.25,376.0,523270
2025-11-12 09:20:00,375.8,375.85,374.6,374.6,151060
2025-11-12 09:25:00,374.7,375.8,374.5,375.8,224838
2025-11-12 09:30:00,375.8,378.55,375.8,378.5,356451
2025-11-12 09:35:00,378.5,378.85,378.0,378.0,337771
2025-11-12 09:40:00,378.0,379.0,377.9,378.7,211953
2025-11-12 09:45:00,378.75,379.1,377.65,377.8,186090
2025-11-12 09:50:00,377.8,378.0,377.35,377.65,164495
2025-11-12 09:55:00,377.6,377.65,376.7,377.15,164943
2025-11-12 10:00:00,377.15,378.0,377.15,377.85,106201
2025-11-12 10:05:00,377.85,378.75,377.85,378.0,122964
2025-11-12 10:10:00,378.3,378.4,374.8,375.2,248457
2025-11-12 10:15:00,375.3,375.4,374.45,375.0,288223
2025-11-12 10:20:00,375.0,376.15,374.7,375.65,219588
2025-11-12 10:25:00,375.75,376.4,375.65,376.4,108089
2025-11-12 10:30:00,376.3,376.85,376.3,376.7,113842
2025-11-12 10:35:00,376.7,377.25,376.4,376.4,104146
2025-11-12 10:40:00,376.35,376.35,375.0,375.15,147706
2025-11-12 10:45:00,375.2,375.85,375.1,375.4,91436
2025-11-12 10:50:00,375.4,375.4,374.9,374.9,116828
2025-11-12 10:55:00,374.9,375.0,374.5,374.8,75326
2025-11-12 11:00:00,374.75,374.75,373.7,374.45,217750
2025-11-12 11:05:00,374.45,374.5,373.6,373.65,170852
2025-11-12 11:10:00,373.65,374.0,373.65,373.95,75354
2025-11-12 11:15:00,373.95,375.4,373.95,375.15,267581
2025-11-12 11:20:00,375.15,375.4,374.55,374.85,79283
2025-11-12 11:25:00,374.9,375.45,374.85,375.2,166246
2025-11-12 11:30:00,375.15,375.55,374.75,374.9,100665
2025-11-12 11:35:00,375.0,375.0,374.5,375.0,63929
2025-11-12 11:40:00,374.95,375.25,374.6,374.95,87234
2025-11-12 11:45:00,374.95,375.0,374.95,374.95,30845
2025-11-12 11:50:00,374.95,375.0,374.8,374.95,75854
2025-11-12 11:55:00,375.0,375.0,374.85,374.9,69991
2025-11-12 12:00:00,374.85,375.0,374.85,374.95,43066
2025-11-12 12:05:00,375.0,375.95,374.95,375.7,185478
2025-11-12 12:10:00,375.75,375.95,375.7,375.85,46732
2025-11-12 12:15:00,375.9,376.6,375.85,376.5,80603
2025-11-12 12:20:00,376.55,376.75,376.4,376.65,60539
2025-11-12 12:25:00,376.65,376.65,376.05,376.45,98701
2025-11-12 12:30:00,376.5,376.5,375.7,376.2,143825
2025-11-12 12:35:00,376.2,376.5,376.15,376.25,65755
2025-11-12 12:40:00,376.25,376.3,375.0,375.45,76725
2025-11-12 12:45:00,375.4,376.0,375.4,376.0,124335
2025-11-12 12:50:00,375.95,376.15,375.9,375.9,62089
2025-11-12 12:55:00,375.9,376.35,375.8,376.15,49287
2025-11-12 13:00:00,376.15,376.65,376.1,376.4,62695
2025-11-12 13:05:00,376.45,376.85,376.35,376.75,56820
2025-11-12 13:10:00,376.7,376.85,376.45,376.7,47721
2025-11-12 13:15:00,376.65,377.7,376.65,377.55,94120
2025-11-12 13:20:00,377.55,377.8,376.8,376.8,65110
2025-11-12 13:25:00,376.8,377.1,376.55,376.65,41762
2025-11-12 13:30:00,376.65,376.7,376.15,376.55,69328
2025-11-12 13:35:00,376.6,376.8,376.55,376.55,55051
2025-11-12 13:40:00,376.55,376.7,376.3,376.55,42175
2025-11-12 13:45:00,376.55,376.85,376.45,376.75,40827
2025-11-12 13:50:00,376.65,376.75,376.5,376.65,35239
2025-11-12 13:55:00,376.65,376.7,376.5,376.65,34185
2025-11-12 14:00:00,376.65,376.65,376.3,376.4,46842
2025-11-12 14:05:00,376.35,376.55,375.65,375.85,50936
2025-11-12 14:10:00,375.8,376.15,375.75,376.1,51684
2025-11-12 14:15:00,376.1,376.3,376.05,376.05,55616
2025-11-12 14:20:00,376.15,376.25,375.7,376.1,53316
2025-11-12 14:25:00,376.1,376.5,375.95,376.0,78020
2025-11-12 14:30:00,375.95,376.35,375.8,376.25,65047
2025-11-12 14:35:00,376.25,376.45,375.95,376.1,67810
2025-11-12 14:40:00,376.1,376.2,375.5,375.65,46027
2025-11-12 14:45:00,375.7,375.7,375.3,375.5,63958
2025-11-12 14:50:00,375.5,375.55,375.25,375.4,55958
2025-11-12 14:55:00,375.3,375.55,375.05,375.55,194564
2025-11-12 15:00:00,375.55,375.8,375.5,375.6,143463
2025-11-12 15:05:00,375.6,375.95,375.6,375.95,128770
2025-11-12 15:10:00,375.9,375.95,375.25,375.55,252359
2025-11-12 15:15:00,375.45,375.7,375.35,375.4,193630
2025-11-12 15:20:00,375.35,375.4,374.95,375.2,298559
2025-11-12 15:25:00,375.2,376.0,374.1,374.95,298255
2025-11-13 09:15:00,377.1,378.75,375.2,377.1,236801
2025-11-13 09:20:00,376.85,376.85,375.15,375.55,95423
2025-11-13 09:25:00,375.55,375.8,374.0,375.15,203079
2025-11-13 09:30:00,375.2,376.4,375.2,375.7,105106
2025-11-13 09:35:00,375.75,375.75,374.5,374.6,128339
2025-11-13 09:40:00,374.7,375.7,374.65,375.5,136505
2025-11-13 09:45:00,375.5,376.25,375.5,375.75,113303
2025-11-13 09:50:00,375.65,376.05,372.75,373.25,2080621
2025-11-13 09:55:00,373.1,373.3,372.1,372.65,216250
2025-11-13 10:00:00,372.7,373.45,372.3,373.35,175763
2025-11-13 10:05:00,373.35,374.7,373.35,374.65,139050
2025-11-13 10:10:00,374.6,374.8,373.75,374.65,105729
2025-11-13 10:15:00,374.8,375.2,373.8,374.45,123025
2025-11-13 10:20:00,374.4,374.5,373.3,373.75,365478
2025-11-13 10:25:00,373.8,374.25,373.7,374.25,88662
2025-11-13 10:30:00,374.25,374.7,374.0,374.0,114010
2025-11-13 10:35:00,374.05,374.3,373.7,374.25,30357
2025-11-13 10:40:00,374.25,374.7,373.75,373.75,84453
2025-11-13 10:45:00,373.8,375.5,373.75,375.4,190690
2025-11-13 10:50:00,375.4,375.65,375.35,375.65,85042
2025-11-13 10:55:00,375.65,375.7,375.2,375.45,109851
2025-11-13 11:00:00,375.6,375.6,374.3,374.6,105221
2025-11-13 11:05:00,374.65,375.0,374.6,375.0,26824
2025-11-13 11:10:00,375.0,375.0,374.7,374.9,73828
2025-11-13 11:15:00,374.95,375.2,374.9,375.2,83378
2025-11-13 11:20:00,375.15,375.45,374.7,375.1,97637
2025-11-13 11:25:00,375.15,375.45,375.05,375.1,57437
2025-11-13 11:30:00,375.1,375.7,375.1,375.65,42667
2025-11-13 11:35:00,375.65,376.1,375.0,375.1,160357
2025-11-13 11:40:00,375.0,375.75,374.95,375.45,149948
2025-11-13 11:45:00,375.5,376.4,375.45,376.15,74037
2025-11-13 11:50:00,376.2,376.95,375.55,376.25,164160
2025-11-13 11:55:00,376.25,376.6,376.2,376.6,81958
2025-11-13 12:00:00,376.6,376.6,375.65,375.75,74254
2025-11-13 12:05:00,375.8,376.0,375.75,376.0,55179
2025-11-13 12:10:00,376.0,376.15,375.5,375.75,59669
2025-11-13 12:15:00,375.8,376.0,375.75,375.95,21512
2025-11-13 12:20:00,375.95,376.25,375.85,375.85,76435
2025-11-13 12:25:00,375.85,376.0,375.8,375.95,14199
2025-11-13 12:30:00,375.95,375.95,375.4,375.5,66171
2025-11-13 12:35:00,375.5,375.65,375.2,375.55,69636
2025-11-13 12:40:00,375.55,375.65,375.2,375.25,58718
2025-11-13 12:45:00,375.2,375.65,375.15,375.65,28751
2025-11-13 12:50:00,375.6,375.8,375.45,375.5,84891
2025-11-13 12:55:00,375.5,375.8,375.5,375.5,40783
2025-11-13 13:00:00,375.5,376.0,375.5,375.65,61192
2025-11-13 13:05:00,375.65,375.95,375.1,375.1,60349
2025-11-13 13:10:00,375.05,375.25,374.8,375.2,42272
2025-11-13 13:15:00,375.25,375.7,375.15,375.15,66611
2025-11-13 13:20:00,375.1,375.35,375.0,375.05,41502
2025-11-13 13:25:00,375.05,375.4,375.05,375.15,56264
2025-11-13 13:30:00,375.15,375.35,375.05,375.25,59423
2025-11-13 13:35:00,375.25,375.6,375.25,375.55,43362
2025-11-13 13:40:00,375.55,375.7,375.4,375.45,62937
2025-11-13 13:45:00,375.4,375.5,375.0,375.0,67043
2025-11-13 13:50:00,375.0,375.05,374.65,374.9,94052
2025-11-13 13:55:00,374.8,374.9,374.5,374.6,75482
2025-11-13 14:00:00,374.55,374.75,374.3,374.5,66481
2025-11-13 14:05:00,374.55,374.75,374.35,374.35,51679
2025-11-13 14:10:00,374.35,374.4,373.7,374.05,95779
2025-11-13 14:15:00,374.05,374.5,373.9,374.45,81226
2025-11-13 14:20:00,374.45,375.0,374.4,374.95,63340
2025-11-13 14:25:00,375.0,375.25,374.75,375.2,95092
2025-11-13 14:30:00,375.25,375.25,374.6,374.8,79763
2025-11-13 14:35:00,374.85,374.85,373.95,374.55,136806
2025-11-13 14:40:00,374.55,375.0,374.45,374.95,55480
2025-11-13 14:45:00,374.95,375.3,374.85,375.25,61057
2025-11-13 14:50:00,375.3,375.3,374.4,374.6,87171
2025-11-13 14:55:00,374.55,374.75,374.55,374.6,54933
2025-11-13 15:00:00,374.8,375.35,374.8,375.35,157451
2025-11-13 15:05:00,375.35,375.5,374.75,374.95,216582
2025-11-13 15:10:00,374.9,375.4,374.45,375.35,302383
2025-11-13 15:15:00,375.3,375.45,374.55,374.6,235226
2025-11-13 15:20:00,374.75,375.05,374.65,374.8,251610
2025-11-13 15:25:00,374.8,375.0,374.05,374.05,171952
2025-11-14 09:15:00,374.0,377.55,372.35,376.45,235084
2025-11-14 09:20:00,376.35,376.7,375.8,376.2,113544
2025-11-14 09:25:00,376.25,376.95,376.05,376.9,60423
2025-11-14 09:30:00,376.95,378.45,376.8,378.25,169370
2025-11-14 09:35:00,378.3,378.35,377.2,377.2,136471
2025-11-14 09:40:00,377.2,378.0,377.0,377.95,71490
2025-11-14 09:45:00,377.95,379.75,377.75,377.8,239101
2025-11-14 09:50:00,377.85,377.85,376.4,376.4,111432
2025-11-14 09:55:00,376.4,377.05,376.4,376.75,52584
2025-11-14 10:00:00,376.75,376.75,375.65,375.75,79655
2025-11-14 10:05:00,375.8,376.15,375.8,376.0,43438
2025-11-14 10:10:00,376.0,376.0,375.0,375.2,73507
2025-11-14 10:15:00,375.2,375.4,374.9,375.3,126149
2025-11-14 10:20:00,375.2,375.65,374.85,374.95,61272
2025-11-14 10:25:00,374.8,374.95,374.2,374.45,30184
2025-11-14 10:30:00,374.45,374.5,373.8,373.8,47611
2025-11-14 10:35:00,373.85,373.85,371.55,372.35,165439
2025-11-14 10:40:00,372.35,373.1,372.35,373.0,67093
2025-11-14 10:45:00,373.0,373.35,372.65,373.0,49544
2025-11-14 10:50:00,373.0,373.45,372.6,373.45,126520
2025-11-14 10:55:00,373.3,373.8,373.0,373.8,82312
2025-11-14 11:00:00,373.85,374.05,373.65,373.75,49550
2025-11-14 11:05:00,373.75,374.4,373.5,374.15,29523
2025-11-14 11:10:00,374.15,374.6,374.15,374.3,42392
2025-11-14 11:15:00,374.3,374.6,373.0,373.4,366564
2025-11-14 11:20:00,373.4,373.9,373.25,373.8,30384
2025-11-14 11:25:00,373.8,373.8,372.9,373.4,178977
2025-11-14 11:30:00,373.4,373.5,372.85,372.95,41075
2025-11-14 11:35:00,372.95,373.1,372.9,373.0,50846
2025-11-14 11:40:00,373.0,373.2,372.9,372.95,39637
2025-11-14 11:45:00,372.95,373.1,372.9,373.0,38444
2025-11-14 11:50:00,373.0,373.0,372.95,373.0,21418
2025-11-14 11:55:00,372.9,372.95,372.15,372.2,61524
2025-11-14 12:00:00,372.2,372.4,372.15,372.4,28268
2025-11-14 12:05:00,372.4,372.7,372.3,372.45,23751
2025-11-14 12:10:00,372.45,372.45,371.55,371.85,54290
2025-11-14 12:15:00,371.85,372.1,371.75,371.8,25143
2025-11-14 12:20:00,371.95,372.1,371.85,372.0,22968
2025-11-14 12:25:00,371.95,372.35,371.95,372.0,48662
2025-11-14 12:30:00,372.0,372.0,371.8,371.8,31820
2025-11-14 12:35:00,371.9,371.95,371.7,371.85,26192
2025-11-14 12:40:00,371.8,372.0,371.7,371.8,21288
2025-11-14 12:45:00,371.9,371.9,371.55,371.9,25749
2025-11-14 12:50:00,371.9,372.1,371.75,372.0,23988
2025-11-14 12:55:00,371.95,372.0,371.65,371.75,25180
2025-11-14 13:00:00,371.85,371.85,371.55,371.7,26017
2025-11-14 13:05:00,371.65,371.8,371.0,371.35,39580
2025-11-14 13:10:00,371.4,371.5,371.25,371.5,17151
2025-11-14 13:15:00,371.5,371.85,370.0,370.1,124793
2025-11-14 13:20:00,370.1,370.4,369.9,370.1,263769
2025-11-14 13:25:00,370.05,370.75,369.9,370.7,82293
2025-11-14 13:30:00,370.8,370.8,370.1,370.25,44416
2025-11-14 13:35:00,370.35,370.45,369.9,370.2,53677
2025-11-14 13:40:00,370.2,370.4,370.0,370.0,32245
2025-11-14 13:45:00,369.9,370.0,369.5,369.7,50642
2025-11-14 13:50:00,369.7,369.85,369.5,369.5,38526
2025-11-14 13:55:00,369.45,369.95,369.45,369.75,46540
2025-11-14 14:00:00,369.8,370.25,369.75,369.9,66702
2025-11-14 14:05:00,370.0,371.0,369.85,370.4,151140
2025-11-14 14:10:00,370.4,370.4,370.05,370.2,52921
2025-11-14 14:15:00,370.2,370.5,370.0,370.0,52246
2025-11-14 14:20:00,370.0,370.1,369.65,369.65,30358
2025-11-14 14:25:00,369.65,370.05,369.65,369.95,42308
2025-11-14 14:30:00,369.95,370.25,369.9,369.95,52867
2025-11-14 14:35:00,369.95,370.45,369.95,370.3,22312
2025-11-14 14:40:00,370.3,370.35,369.9,370.0,87099
2025-11-14 14:45:00,369.9,370.3,369.85,370.1,170029
2025-11-14 14:50:00,370.1,370.3,369.9,370.0,41715
2025-11-14 14:55:00,370.1,370.15,369.8,369.9,57742
2025-11-14 15:00:00,369.95,370.85,369.9,370.8,163029
2025-11-14 15:05:00,370.85,371.0,370.6,370.9,200619
2025-11-14 15:10:00,370.9,371.75,370.9,371.45,311781
2025-11-14 15:15:00,371.45,371.55,370.65,370.95,362232
2025-11-14 15:20:00,371.0,372.1,370.65,371.8,561690
2025-11-14 15:25:00,371.7,372.0,371.3,371.5,151244
2025-11-17 09:15:00,372.6,376.3,372.0,374.55,327825
2025-11-17 09:20:00,374.5,375.35,374.05,374.75,189416
2025-11-17 09:25:00,374.7,375.9,374.7,375.25,113292
2025-11-17 09:30:00,375.25,377.8,375.25,377.7,240568
2025-11-17 09:35:00,377.7,377.8,377.1,377.8,127234
2025-11-17 09:40:00,377.8,378.6,377.75,378.4,245613
2025-11-17 09:45:00,378.5,378.55,377.6,378.1,110025
2025-11-17 09:50:00,378.0,378.3,377.1,377.85,158471
2025-11-17 09:55:00,377.85,378.25,377.85,377.95,66186
2025-11-17 10:00:00,377.95,379.0,377.9,378.9,152242
2025-11-17 10:05:00,379.0,380.9,378.9,380.8,452440
2025-11-17 10:10:00,380.7,381.55,379.65,379.95,453751
2025-11-17 10:15:00,379.95,380.65,379.25,379.3,180192
2025-11-17 10:20:00,379.3,380.2,378.65,378.8,256401
2025-11-17 10:25:00,378.8,379.45,378.8,379.2,84073
2025-11-17 10:30:00,379.15,379.4,378.9,379.25,87869
2025-11-17 10:35:00,379.25,379.9,379.0,379.0,112893
2025-11-17 10:40:00,379.1,379.5,378.4,378.55,121879
2025-11-17 10:45:00,378.55,379.55,378.55,379.45,248002
2025-11-17 10:50:00,379.45,379.65,378.75,378.95,90681
2025-11-17 10:55:00,379.0,379.15,378.9,379.1,31004
2025-11-17 11:00:00,379.15,379.3,378.95,379.05,70853
2025-11-17 11:05:00,379.05,379.05,378.7,379.0,43377
2025-11-17 11:10:00,378.95,379.2,378.9,379.0,45974
2025-11-17 11:15:00,378.95,379.25,378.2,378.45,95661
2025-11-17 11:20:00,378.5,378.7,378.25,378.5,82801
2025-11-17 11:25:00,378.6,378.8,378.35,378.45,50142
2025-11-17 11:30:00,378.45,378.65,378.15,378.6,60614
2025-11-17 11:35:00,378.65,379.0,378.1,378.1,82823
2025-11-17 11:40:00,378.15,378.8,378.1,378.8,111328
2025-11-17 11:45:00,378.75,379.0,377.7,378.6,132879
2025-11-17 11:50:00,378.6,378.65,377.2,377.65,97647
2025-11-17 11:55:00,377.55,378.0,377.5,377.7,69706
2025-11-17 12:00:00,377.65,377.75,377.2,377.65,73706
2025-11-17 12:05:00,377.65,377.85,377.4,377.75,69896
2025-11-17 12:10:00,377.75,377.75,377.35,377.35,62223
2025-11-17 12:15:00,377.35,377.45,377.2,377.25,73931
2025-11-17 12:20:00,377.25,377.85,377.1,377.15,88023
2025-11-17 12:25:00,377.15,377.6,377.0,377.0,67176
2025-11-17 12:30:00,377.05,377.05,376.05,376.1,96761
2025-11-17 12:35:00,376.2,376.25,375.7,376.0,83084
2025-11-17 12:40:00,375.95,376.6,375.9,376.5,64269
2025-11-17 12:45:00,376.5,376.85,375.8,376.05,70988
2025-11-17 12:50:00,376.0,376.2,375.75,375.9,41252
2025-11-17 12:55:00,375.85,376.25,375.85,375.85,89137
2025-11-17 13:00:00,375.9,376.1,375.6,375.85,67996
2025-11-17 13:05:00,375.8,375.95,375.6,375.7,47911
2025-11-17 13:10:00,375.7,376.6,375.65,376.35,52116
2025-11-17 13:15:00,376.35,376.65,376.3,376.5,50694
2025-11-17 13:20:00,376.45,376.55,375.8,375.85,65694
2025-11-17 13:25:00,376.0,376.1,375.9,376.0,56198
2025-11-17 13:30:00,375.95,376.0,375.75,376.0,26926
2025-11-17 13:35:00,376.0,376.0,375.75,375.9,59841
2025-11-17 13:40:00,375.95,376.0,375.5,375.85,68392
2025-11-17 13:45:00,375.85,375.85,375.75,375.8,40507
2025-11-17 13:50:00,375.8,375.85,375.6,375.75,45496
2025-11-17 13:55:00,375.75,375.8,375.1,375.65,60860
2025-11-17 14:00:00,375.6,375.8,375.55,375.8,37523
2025-11-17 14:05:00,375.85,376.0,375.8,375.85,145607
2025-11-17 14:10:00,375.85,375.85,375.75,375.85,47743
2025-11-17 14:15:00,375.85,376.7,375.8,376.55,184800
2025-11-17 14:20:00,376.6,376.6,375.8,376.0,81897
2025-11-17 14:25:00,375.95,376.0,375.95,376.0,40150
2025-11-17 14:30:00,376.0,376.25,375.95,376.25,133694
2025-11-17 14:35:00,376.25,376.25,375.15,375.55,113019
2025-11-17 14:40:00,375.5,375.7,375.1,375.15,99038
2025-11-17 14:45:00,375.15,375.2,374.6,374.85,120237
2025-11-17 14:50:00,374.9,374.9,374.65,374.75,53035
2025-11-17 14:55:00,374.8,374.85,374.75,374.85,51171
2025-11-17 15:00:00,374.85,374.85,373.75,373.8,171210
2025-11-17 15:05:00,373.85,374.75,373.6,374.65,127765
2025-11-17 15:10:00,374.55,374.95,374.55,374.85,120295
2025-11-17 15:15:00,374.85,374.9,373.8,374.0,408560
2025-11-17 15:20:00,373.95,374.3,373.95,373.95,387376
2025-11-17 15:25:00,374.2,374.85,373.35,374.3,403566
2025-11-18 09:15:00,375.85,375.85,372.85,373.45,381474
2025-11-18 09:20:00,373.6,374.75,373.3,374.5,106582
2025-11-18 09:25:00,374.5,375.6,374.35,375.15,87506
2025-11-18 09:30:00,375.1,376.9,374.9,375.85,262131
2025-11-18 09:35:00,375.85,375.95,375.0,375.1,147663
2025-11-18 09:40:00,375.05,375.1,374.25,374.45,169363
2025-11-18 09:45:00,374.6,374.75,373.5,373.65,82081
2025-11-18 09:50:00,373.6,373.95,373.1,373.9,141872
2025-11-18 09:55:00,373.95,374.0,373.45,373.55,140738
2025-11-18 10:00:00,373.55,373.55,372.8,372.9,85067
2025-11-18 10:05:00,372.9,373.2,372.5,372.75,81477
2025-11-18 10:10:00,372.75,373.25,372.65,372.8,94257
2025-11-18 10:15:00,372.8,373.3,372.65,373.2,49324
2025-11-18 10:20:00,373.25,373.4,372.95,373.2,81624
2025-11-18 10:25:00,373.2,373.2,372.7,373.05,49856
2025-11-18 10:30:00,373.05,373.15,372.55,372.75,59062
2025-11-18 10:35:00,372.75,373.0,372.7,372.9,44068
2025-11-18 10:40:00,372.9,373.0,372.5,372.9,52677
2025-11-18 10:45:00,372.9,373.2,371.7,371.85,123524
2025-11-18 10:50:00,371.95,372.0,371.65,372.0,58160
2025-11-18 10:55:00,371.95,372.05,371.6,371.9,62242
2025-11-18 11:00:00,371.9,372.0,371.45,371.85,90892
2025-11-18 11:05:00,371.85,372.05,371.85,372.05,71010
2025-11-18 11:10:00,372.0,372.05,371.95,372.0,46345
2025-11-18 11:15:00,372.0,372.3,371.95,372.2,88312
2025-11-18 11:20:00,372.25,372.75,371.95,372.0,125528
2025-11-18 11:25:00,371.95,372.0,371.95,372.0,65882
2025-11-18 11:30:00,371.95,372.25,371.95,372.2,173748
2025-11-18 11:35:00,372.25,372.55,371.8,371.85,111798
2025-11-18 11:40:00,371.9,372.0,371.85,372.0,23986
2025-11-18 11:45:00,371.95,372.6,371.95,372.6,162533
2025-11-18 11:50:00,372.65,372.8,372.55,372.65,55516
2025-11-18 11:55:00,372.65,373.1,372.65,372.95,51331
2025-11-18 12:00:00,373.0,373.05,371.9,372.0,149249
2025-11-18 12:05:00,372.0,372.05,371.95,372.0,35359
2025-11-18 12:10:00,372.0,372.15,371.95,372.05,46440
2025-11-18 12:15:00,372.05,372.15,371.95,372.05,31786
2025-11-18 12:20:00,372.0,372.2,372.0,372.0,35832
2025-11-18 12:25:00,372.0,372.2,371.95,372.15,40714
2025-11-18 12:30:00,372.0,372.15,371.6,371.9,49920
2025-11-18 12:35:00,371.95,372.0,371.6,372.0,39939
2025-11-18 12:40:00,371.85,372.1,371.8,371.85,43040
2025-11-18 12:45:00,371.8,372.05,371.75,371.85,34982
2025-11-18 12:50:00,371.85,372.15,371.8,372.1,28179
2025-11-18 12:55:00,372.15,372.35,372.1,372.35,42170
2025-11-18 13:00:00,372.35,372.55,371.95,372.0,95334
2025-11-18 13:05:00,372.0,372.5,371.95,372.5,84133
2025-11-18 13:10:00,372.5,372.85,372.4,372.85,63153
2025-11-18 13:15:00,372.85,372.95,372.75,372.85,42767
2025-11-18 13:20:00,372.9,373.0,372.85,373.0,26836
2025-11-18 13:25:00,373.0,373.0,372.85,372.9,49004
2025-11-18 13:30:00,372.9,373.0,372.55,372.8,86086
2025-11-18 13:35:00,372.8,373.0,372.75,372.95,19620
2025-11-18 13:40:00,372.9,373.0,372.85,372.95,70019
2025-11-18 13:45:00,373.0,373.0,372.95,372.95,34881
2025-11-18 13:50:00,373.0,373.55,372.95,373.45,171845
2025-11-18 13:55:00,373.5,373.6,372.95,373.3,76709
2025-11-18 14:00:00,373.25,373.5,373.2,373.3,48496
2025-11-18 14:05:00,373.4,373.5,373.35,373.4,22224
2025-11-18 14:10:00,373.4,373.5,373.35,373.45,52228
2025-11-18 14:15:00,373.35,373.45,372.9,372.9,91618
2025-11-18 14:20:00,372.9,373.1,372.1,372.95,105039
2025-11-18 14:25:00,372.95,373.15,372.9,372.95,45146
2025-11-18 14:30:00,372.95,373.1,372.75,372.85,73590
2025-11-18 14:35:00,372.85,372.85,372.05,372.05,89992
2025-11-18 14:40:00,372.1,372.1,371.9,371.9,50601
2025-11-18 14:45:00,371.85,372.75,371.85,372.25,373157
2025-11-18 14:50:00,372.1,372.6,371.6,371.9,207152
2025-11-18 14:55:00,371.95,372.0,371.5,371.6,182266
2025-11-18 15:00:00,371.55,371.7,370.65,371.15,269455
2025-11-18 15:05:00,371.15,372.1,371.1,371.95,164044
2025-11-18 15:10:00,371.95,372.1,371.9,371.95,268371
2025-11-18 15:15:00,371.9,372.1,371.9,372.0,206675
2025-11-18 15:20:00,372.0,372.4,371.45,372.0,347671
2025-11-18 15:25:00,371.85,372.5,371.35,372.1,267995
2025-11-19 09:15:00,371.85,372.75,368.75,369.4,198505
2025-11-19 09:20:00,369.2,370.9,369.15,370.6,327685
2025-11-19 09:25:00,370.7,371.1,369.85,370.55,94528
2025-11-19 09:30:00,370.3,370.9,369.9,370.5,43480
2025-11-19 09:35:00,370.45,371.0,370.45,370.55,53678
2025-11-19 09:40:00,370.7,371.2,370.2,371.05,106994
2025-11-19 09:45:00,370.95,372.4,370.95,372.4,109855
2025-11-19 09:50:00,372.35,372.9,371.9,372.8,82468
2025-11-19 09:55:00,372.8,372.9,372.3,372.4,45821
2025-11-19 10:00:00,372.3,372.45,372.05,372.25,25135
2025-11-19 10:05:00,372.2,372.5,372.15,372.5,18621
2025-11-19 10:10:00,372.5,372.65,372.15,372.25,88730
2025-11-19 10:15:00,372.25,372.4,371.8,371.8,47806
2025-11-19 10:20:00,371.85,372.1,371.35,371.35,44884
2025-11-19 10:25:00,371.35,371.45,370.9,371.1,71034
2025-11-19 10:30:00,371.35,371.4,369.8,370.25,80188
2025-11-19 10:35:00,370.25,370.55,369.9,370.0,45724
2025-11-19 10:40:00,369.9,370.1,369.75,369.9,32334
2025-11-19 10:45:00,369.8,370.0,369.55,369.75,53913
2025-11-19 10:50:00,369.9,370.45,369.8,370.15,26496
2025-11-19 10:55:00,370.05,370.25,369.65,369.8,52782
2025-11-19 11:00:00,369.8,369.9,369.45,369.8,31367
2025-11-19 11:05:00,369.7,369.9,368.45,368.5,77489
2025-11-19 11:10:00,368.5,368.5,367.85,368.3,160963
2025-11-19 11:15:00,368.25,368.85,368.1,368.6,56998
2025-11-19 11:20:00,368.55,368.9,368.45,368.55,33264
2025-11-19 11:25:00,368.5,368.9,368.5,368.65,33222
2025-11-19 11:30:00,368.65,368.85,368.35,368.35,39465
2025-11-19 11:35:00,368.35,369.0,368.25,369.0,24989
2025-11-19 11:40:00,368.95,369.0,368.7,368.85,46805
2025-11-19 11:45:00,368.8,369.0,368.75,369.0,44002
2025-11-19 11:50:00,368.9,369.55,368.45,369.5,111735
2025-11-19 11:55:00,369.45,369.85,368.75,368.75,83781
2025-11-19 12:00:00,368.75,369.45,368.75,368.95,188118
2025-11-19 12:05:00,369.0,369.3,368.7,368.75,89747
2025-11-19 12:10:00,368.75,368.9,367.9,368.0,126363
2025-11-19 12:15:00,368.0,368.3,367.1,367.75,184023
2025-11-19 12:20:00,367.75,368.2,367.7,368.15,27061
2025-11-19 12:25:00,368.2,369.0,368.2,368.35,56860
2025-11-19 12:30:00,368.5,368.5,367.9,367.95,179125
2025-11-19 12:35:00,367.95,368.6,367.85,367.95,138625
2025-11-19 12:40:00,367.95,368.65,367.9,368.5,96281
2025-11-19 12:45:00,368.5,368.8,368.0,368.0,55739
2025-11-19 12:50:00,368.0,368.2,367.75,367.8,39913
2025-11-19 12:55:00,367.8,367.95,367.3,367.3,44354
2025-11-19 13:00:00,367.35,367.7,367.3,367.55,35669
2025-11-19 13:05:00,367.5,367.7,367.45,367.6,62619
2025-11-19 13:10:00,367.45,368.3,367.45,367.85,99488
2025-11-19 13:15:00,367.9,368.05,367.85,367.9,113415
2025-11-19 13:20:00,367.85,367.95,367.45,367.45,52773
2025-11-19 13:25:00,367.45,367.5,366.8,367.15,136200
2025-11-19 13:30:00,367.15,367.35,367.15,367.15,25458
2025-11-19 13:35:00,367.15,367.35,367.0,367.35,44827
2025-11-19 13:40:00,367.3,367.8,367.3,367.7,13567
2025-11-19 13:45:00,367.8,367.8,367.4,367.4,42349
2025-11-19 13:50:00,367.45,367.5,367.4,367.45,22557
2025-11-19 13:55:00,367.45,367.6,367.45,367.45,103416
2025-11-19 14:00:00,367.45,367.65,367.4,367.45,62278
2025-11-19 14:05:00,367.45,367.6,367.45,367.45,29107
2025-11-19 14:10:00,367.5,367.65,367.45,367.45,69788
2025-11-19 14:15:00,367.45,367.65,367.45,367.45,152195
2025-11-19 14:20:00,367.45,367.6,367.45,367.45,33366
2025-11-19 14:25:00,367.45,367.65,367.45,367.5,39278
2025-11-19 14:30:00,367.45,367.6,367.45,367.45,43748
2025-11-19 14:35:00,367.45,367.65,367.45,367.45,39618
2025-11-19 14:40:00,367.45,367.65,367.45,367.5,159109
2025-11-19 14:45:00,367.45,367.65,367.45,367.5,34383
2025-11-19 14:50:00,367.45,367.6,366.5,366.75,107216
2025-11-19 14:55:00,366.9,366.9,366.05,366.25,106946
2025-11-19 15:00:00,366.25,366.4,365.9,366.0,246419
2025-11-19 15:05:00,365.9,366.15,365.7,365.95,180717
2025-11-19 15:10:00,365.95,366.1,365.6,365.95,256784
2025-11-19 15:15:00,365.9,366.1,365.85,366.0,204217
2025-11-19 15:20:00,366.0,366.05,365.9,365.95,211030
2025-11-19 15:25:00,365.95,365.95,364.85,364.95,686557
2025-11-20 09:15:00,367.0,367.8,365.95,366.6,235272
2025-11-20 09:20:00,366.55,367.65,365.85,367.15,128736
2025-11-20 09:25:00,367.15,367.2,366.1,366.35,77516
2025-11-20 09:30:00,366.35,368.15,366.35,367.1,170875
2025-11-20 09:35:00,367.4,367.9,367.15,367.6,88207
2025-11-20 09:40:00,367.6,368.0,366.0,366.0,155393
2025-11-20 09:45:00,366.05,366.35,365.65,365.65,173027
2025-11-20 09:50:00,365.7,366.3,365.7,366.0,78928
2025-11-20 09:55:00,365.95,366.45,365.8,366.0,70897
2025-11-20 10:00:00,366.0,366.75,365.8,365.95,106011
2025-11-20 10:05:00,366.0,366.3,365.15,365.6,104034
2025-11-20 10:10:00,365.7,366.3,365.6,366.25,61202
2025-11-20 10:15:00,366.3,366.4,365.85,365.9,103765
2025-11-20 10:20:00,365.95,366.05,365.75,365.85,87980
2025-11-20 10:25:00,365.85,367.0,365.75,366.9,97920
2025-11-20 10:30:00,366.95,367.0,366.9,366.95,94413
2025-11-20 10:35:00,366.9,368.1,366.9,368.05,105266
2025-11-20 10:40:00,368.05,368.8,367.2,367.4,93767
2025-11-20 10:45:00,367.4,367.5,366.35,366.9,54975
2025-11-20 10:50:00,366.95,367.05,366.45,366.7,40019
2025-11-20 10:55:00,366.75,367.15,366.75,366.95,38711
2025-11-20 11:00:00,367.0,367.0,366.9,366.95,24515
2025-11-20 11:05:00,367.0,367.2,366.95,367.0,53185
2025-11-20 11:10:00,367.05,367.25,366.55,366.9,36092
2025-11-20 11:15:00,366.95,367.15,366.9,367.05,34031
2025-11-20 11:20:00,367.1,367.7,366.75,367.0,93150
2025-11-20 11:25:00,367.05,367.15,366.9,366.9,16043
2025-11-20 11:30:00,366.95,367.1,366.9,366.95,40179
2025-11-20 11:35:00,366.95,367.0,365.9,366.25,381741
2025-11-20 11:40:00,366.25,366.25,365.95,366.0,108349
2025-11-20 11:45:00,366.0,367.25,365.95,367.05,238721
2025-11-20 11:50:00,367.25,367.25,365.95,366.0,210040
2025-11-20 11:55:00,365.95,366.65,365.95,366.65,161821
2025-11-20 12:00:00,366.6,367.1,366.6,367.05,36673
2025-11-20 12:05:00,367.1,367.1,366.65,366.8,30511
2025-11-20 12:10:00,366.85,367.4,366.65,367.35,23942
2025-11-20 12:15:00,367.4,367.5,367.25,367.4,40596
2025-11-20 12:20:00,367.45,367.5,367.15,367.3,29702
2025-11-20 12:25:00,367.3,367.65,367.25,367.6,40646
2025-11-20 12:30:00,367.6,367.65,367.1,367.35,33507
2025-11-20 12:35:00,367.45,367.7,366.6,366.95,195150
2025-11-20 12:40:00,367.0,367.0,366.85,367.0,52554
2025-11-20 12:45:00,366.95,367.0,366.8,366.85,49198
2025-11-20 12:50:00,366.95,367.05,366.85,367.0,287681
2025-11-20 12:55:00,367.0,367.0,366.75,366.75,84982
2025-11-20 13:00:00,366.8,366.95,366.5,366.7,31039
2025-11-20 13:05:00,366.75,366.75,366.1,366.15,41305
2025-11-20 13:10:00,366.2,366.5,365.5,365.5,118215
2025-11-20 13:15:00,365.6,366.15,365.5,366.0,126401
2025-11-20 13:20:00,366.0,366.25,365.75,366.0,151128
2025-11-20 13:25:00,366.0,366.55,365.65,366.05,233630
2025-11-20 13:30:00,366.0,366.45,365.75,366.05,137619
2025-11-20 13:35:00,366.25,366.5,365.85,365.85,139159
2025-11-20 13:40:00,366.0,366.7,365.7,366.65,100295
2025-11-20 13:45:00,366.6,366.75,366.4,366.75,87175
2025-11-20 13:50:00,366.9,367.35,366.8,367.1,104602
2025-11-20 13:55:00,367.25,367.5,366.9,367.05,102306
2025-11-20 14:00:00,367.05,367.05,365.75,365.95,231891
2025-11-20 14:05:00,365.95,366.25,365.4,365.85,203744
2025-11-20 14:10:00,365.9,366.65,365.7,366.15,149706
2025-11-20 14:15:00,366.35,366.75,366.1,366.4,107420
2025-11-20 14:20:00,366.45,366.75,366.1,366.35,89480
2025-11-20 14:25:00,366.55,366.55,365.1,365.25,178339
2025-11-20 14:30:00,365.2,365.35,364.9,365.05,446502
2025-11-20 14:35:00,365.05,365.15,364.95,365.0,156404
2025-11-20 14:40:00,365.0,365.05,364.65,364.85,95430
2025-11-20 14:45:00,364.9,365.0,364.6,364.9,52367
2025-11-20 14:50:00,364.9,364.9,363.8,363.85,104644
2025-11-20 14:55:00,363.9,364.25,363.85,364.0,108304
2025-11-20 15:00:00,364.0,364.2,363.3,364.0,227819
2025-11-20 15:05:00,364.0,364.1,363.95,364.0,168617
2025-11-20 15:10:00,364.0,365.65,363.95,365.5,326709
2025-11-20 15:15:00,365.4,366.35,365.4,366.35,164235
2025-11-20 15:20:00,366.4,366.5,365.9,366.35,202502
2025-11-20 15:25:00,366.3,366.35,365.65,365.85,141825
2025-11-21 09:15:00,365.05,366.0,363.4,365.0,221180
2025-11-21 09:20:00,364.75,366.15,363.5,363.9,232135
2025-11-21 09:25:00,364.0,364.8,363.85,364.1,85575
2025-11-21 09:30:00,364.15,367.85,364.1,367.55,217673
2025-11-21 09:35:00,367.3,367.6,366.2,366.4,145920
2025-11-21 09:40:00,366.5,366.85,366.0,366.45,116971
2025-11-21 09:45:00,366.45,366.5,365.9,366.35,96153
2025-11-21 09:50:00,366.3,366.7,365.55,365.8,86234
2025-11-21 09:55:00,365.8,366.4,365.4,366.0,106940
2025-11-21 10:00:00,366.0,366.3,365.7,365.8,82240
2025-11-21 10:05:00,365.8,365.8,365.15,365.55,66863
2025-11-21 10:10:00,365.55,365.9,365.5,365.85,52445
2025-11-21 10:15:00,365.85,366.2,365.55,365.55,89292
2025-11-21 10:20:00,365.55,365.65,365.1,365.35,62547
2025-11-21 10:25:00,365.4,365.45,364.65,364.75,74884
2025-11-21 10:30:00,364.75,365.9,364.7,365.65,97206
2025-11-21 10:35:00,365.55,366.15,364.15,364.3,229000
2025-11-21 10:40:00,364.3,364.35,363.7,363.85,61279
2025-11-21 10:45:00,363.85,364.05,363.5,363.95,70249
2025-11-21 10:50:00,364.0,364.55,363.8,364.15,68251
2025-11-21 10:55:00,364.15,364.5,364.05,364.45,34387
2025-11-21 11:00:00,364.45,364.6,364.0,364.05,71282
2025-11-21 11:05:00,364.0,364.05,363.45,363.75,56608
2025-11-21 11:10:00,363.8,364.5,363.75,364.5,23848
2025-11-21 11:15:00,364.5,364.9,364.25,364.85,71135
2025-11-21 11:20:00,364.85,364.85,363.75,363.9,109938
2025-11-21 11:25:00,363.85,364.7,363.85,364.7,42954
2025-11-21 11:30:00,364.65,364.7,363.8,363.9,94595
2025-11-21 11:35:00,363.9,364.5,363.8,364.4,243133
2025-11-21 11:40:00,364.35,364.5,364.1,364.3,74999
2025-11-21 11:45:00,364.3,364.85,364.05,364.6,109837
2025-11-21 11:50:00,364.6,365.8,364.6,365.8,78095
2025-11-21 11:55:00,365.9,366.3,365.65,366.3,98764
2025-11-21 12:00:00,366.3,367.1,366.1,367.05,226694
2025-11-21 12:05:00,367.1,367.2,366.4,366.65,150364
2025-11-21 12:10:00,366.65,366.9,366.6,366.85,27260
2025-11-21 12:15:00,366.9,366.9,365.8,366.05,91516
2025-11-21 12:20:00,366.1,366.1,365.9,366.1,64829
2025-11-21 12:25:00,366.1,366.6,365.95,366.5,159096
2025-11-21 12:30:00,366.55,366.55,365.9,366.05,41904
2025-11-21 12:35:00,366.05,366.2,365.85,366.0,59942
2025-11-21 12:40:00,366.0,366.1,365.95,366.1,24236
2025-11-21 12:45:00,366.1,366.35,366.05,366.2,59385
2025-11-21 12:50:00,366.15,366.85,366.05,366.2,111337
2025-11-21 12:55:00,366.2,366.45,366.15,366.35,103551
2025-11-21 13:00:00,366.4,366.4,366.05,366.1,47859
2025-11-21 13:05:00,366.05,366.15,365.65,365.9,57693
2025-11-21 13:10:00,365.9,366.1,365.5,365.85,44507
2025-11-21 13:15:00,365.95,365.95,365.05,365.15,73142
2025-11-21 13:20:00,365.15,365.2,364.9,364.9,55609
2025-11-21 13:25:00,365.0,365.55,364.95,365.15,234633
2025-11-21 13:30:00,365.2,365.2,364.4,364.8,48644
2025-11-21 13:35:00,364.8,365.0,364.35,364.4,51596
2025-11-21 13:40:00,364.45,364.5,364.0,364.35,43029
2025-11-21 13:45:00,364.3,364.45,363.9,364.45,61279
2025-11-21 13:50:00,364.45,364.8,364.4,364.8,41068
2025-11-21 13:55:00,364.8,364.95,364.55,364.65,66772
2025-11-21 14:00:00,364.7,364.7,364.45,364.7,53651
2025-11-21 14:05:00,364.65,365.2,364.65,365.2,87006
2025-11-21 14:10:00,365.2,365.55,365.15,365.35,102318
2025-11-21 14:15:00,365.45,365.7,365.3,365.35,50667
2025-11-21 14:20:00,365.35,365.55,364.95,365.45,117860
2025-11-21 14:25:00,365.4,365.5,365.35,365.45,32449
2025-11-21 14:30:00,365.4,365.6,365.3,365.35,79376
2025-11-21 14:35:00,365.35,365.5,365.2,365.25,43904
2025-11-21 14:40:00,365.25,365.25,364.65,364.65,70246
2025-11-21 14:45:00,364.6,364.9,364.15,364.25,75750
2025-11-21 14:50:00,364.3,364.45,363.95,364.05,68501
2025-11-21 14:55:00,364.1,364.3,363.6,363.7,121426
2025-11-21 15:00:00,363.7,364.1,363.7,363.85,103910
2025-11-21 15:05:00,363.9,364.85,363.85,364.65,216700
2025-11-21 15:10:00,364.6,364.9,364.5,364.55,154577
2025-11-21 15:15:00,364.55,365.05,364.5,364.8,165231
2025-11-21 15:20:00,364.85,364.85,364.65,364.65,175071
2025-11-21 15:25:00,364.65,365.5,364.15,365.5,130495
2025-11-24 09:15:00,364.55,366.6,364.0,365.05,160592
2025-11-24 09:20:00,365.05,367.05,364.75,366.5,132113
2025-11-24 09:25:00,366.5,367.2,366.25,367.15,49174
2025-11-24 09:30:00,367.15,367.25,364.65,365.0,261582
2025-11-24 09:35:00,365.0,365.15,364.65,365.1,60813
2025-11-24 09:40:00,365.1,365.5,364.85,365.2,92296
2025-11-24 09:45:00,365.1,365.95,365.1,365.6,166815
2025-11-24 09:50:00,365.65,365.95,365.3,365.3,128429
2025-11-24 09:55:00,365.35,365.9,365.3,365.4,63590
2025-11-24 10:00:00,365.45,366.35,365.45,366.35,63199
2025-11-24 10:05:00,366.2,366.2,365.6,365.85,154199
2025-11-24 10:10:00,365.95,365.95,365.1,365.8,57107
2025-11-24 10:15:00,365.8,365.85,365.0,365.0,60641
2025-11-24 10:20:00,365.0,365.55,364.95,365.1,67516
2025-11-24 10:25:00,365.05,365.65,365.05,365.45,26958
2025-11-24 10:30:00,365.35,365.45,364.35,364.7,95615
2025-11-24 10:35:00,364.65,365.0,364.65,364.75,52115
2025-11-24 10:40:00,364.7,364.8,363.85,363.9,158207
2025-11-24 10:45:00,363.85,364.6,363.45,363.5,135635
2025-11-24 10:50:00,363.5,363.8,363.5,363.6,26207
2025-11-24 10:55:00,363.55,364.0,363.55,363.8,55529
2025-11-24 11:00:00,363.8,363.95,363.45,363.85,36888
2025-11-24 11:05:00,363.85,364.0,363.5,363.65,39162
2025-11-24 11:10:00,363.5,363.7,362.65,363.0,163456
2025-11-24 11:15:00,363.0,363.0,362.35,362.65,71383
2025-11-24 11:20:00,362.7,362.7,362.1,362.35,72522
2025-11-24 11:25:00,362.35,362.6,361.65,362.0,116812
2025-11-24 11:30:00,362.0,362.4,361.8,362.0,170025
2025-11-24 11:35:00,362.0,362.0,361.95,361.95,10439
2025-11-24 11:40:00,361.95,362.0,361.75,361.85,48878
2025-11-24 11:45:00,361.85,361.85,361.05,361.3,52507
2025-11-24 11:50:00,361.35,361.45,361.2,361.3,37540
2025-11-24 11:55:00,361.3,361.35,360.8,361.05,87240
2025-11-24 12:00:00,361.1,361.4,361.05,361.15,50123
2025-11-24 12:05:00,361.15,361.3,361.1,361.25,28834
2025-11-24 12:10:00,361.15,361.7,361.15,361.25,44748
2025-11-24 12:15:00,361.25,361.55,361.2,361.35,24890
2025-11-24 12:20:00,361.35,361.95,361.35,361.4,58569
2025-11-24 12:25:00,361.5,361.85,361.45,361.8,50227
2025-11-24 12:30:00,361.85,361.95,361.35,361.55,49655
2025-11-24 12:35:00,361.65,362.0,361.45,361.85,25763
2025-11-24 12:40:00,361.85,362.25,361.7,361.8,49186
2025-11-24 12:45:00,361.8,362.0,361.8,362.0,16234
2025-11-24 12:50:00,361.95,362.0,361.95,361.95,26498
2025-11-24 12:55:00,361.95,362.0,361.9,361.95,27543
2025-11-24 13:00:00,361.95,362.0,361.3,361.55,40996
2025-11-24 13:05:00,361.55,361.9,361.15,361.5,58785
2025-11-24 13:10:00,361.7,362.0,361.5,362.0,31766
2025-11-24 13:15:00,362.0,362.05,361.75,361.9,75658
2025-11-24 13:20:00,361.85,361.95,361.45,361.55,30706
2025-11-24 13:25:00,361.55,361.85,361.3,361.4,27330
2025-11-24 13:30:00,361.4,361.75,361.3,361.35,29283
2025-11-24 13:35:00,361.4,361.7,361.15,361.2,28212
2025-11-24 13:40:00,361.2,361.3,359.7,359.85,462502
2025-11-24 13:45:00,359.85,360.0,359.7,359.85,50951
2025-11-24 13:50:00,359.85,360.0,359.65,359.9,37477
2025-11-24 13:55:00,359.9,360.0,359.8,359.85,35703
2025-11-24 14:00:00,359.8,359.95,359.8,359.95,16368
2025-11-24 14:05:00,359.9,360.0,358.8,358.95,277104
2025-11-24 14:10:00,358.95,359.0,358.8,358.95,236398
2025-11-24 14:15:00,358.95,359.0,358.9,358.95,256217
2025-11-24 14:20:00,359.0,359.0,358.9,359.0,172689
2025-11-24 14:25:00,358.95,359.0,358.9,358.95,217282
2025-11-24 14:30:00,358.9,359.05,358.9,358.95,52355
2025-11-24 14:35:00,359.0,359.05,358.35,358.4,260529
2025-11-24 14:40:00,358.4,358.8,358.35,358.55,50138
2025-11-24 14:45:00,358.6,358.9,358.5,358.75,41754
2025-11-24 14:50:00,358.65,358.85,358.5,358.7,40373
2025-11-24 14:55:00,358.7,358.85,358.65,358.65,74596
2025-11-24 15:00:00,358.65,359.0,357.8,358.0,1525285
2025-11-24 15:05:00,358.0,358.0,357.95,357.95,875508
2025-11-24 15:10:00,358.0,359.85,357.95,359.8,1967607
2025-11-24 15:15:00,359.8,361.7,359.65,361.5,1391594
2025-11-24 15:20:00,361.5,362.4,361.15,362.2,1242330
2025-11-24 15:25:00,362.2,362.4,359.9,361.8,751962
2025-11-25 09:15:00,358.95,358.95,354.75,355.05,254441
2025-11-25 09:20:00,355.1,355.3,354.1,355.1,144260
2025-11-25 09:25:00,355.0,356.1,354.9,355.0,111971
2025-11-25 09:30:00,354.9,355.6,354.55,355.55,53731
2025-11-25 09:35:00,355.6,356.35,355.0,355.35,54071
2025-11-25 09:40:00,356.05,356.2,355.0,355.1,96473
2025-11-25 09:45:00,355.1,355.6,354.95,355.55,46258
2025-11-25 09:50:00,355.05,355.3,354.5,354.6,54089
2025-11-25 09:55:00,354.6,355.2,354.55,354.65,58348
2025-11-25 10:00:00,354.6,354.75,354.2,354.6,56659
2025-11-25 10:05:00,354.7,356.3,354.65,356.25,55438
2025-11-25 10:10:00,356.45,356.45,355.6,355.9,74554
2025-11-25 10:15:00,355.8,356.05,355.15,355.25,54670
2025-11-25 10:20:00,355.35,356.0,355.3,355.9,64547
2025-11-25 10:25:00,356.0,356.5,355.45,356.15,82572
2025-11-25 10:30:00,356.2,356.9,356.2,356.3,63141
2025-11-25 10:35:00,356.3,356.4,356.05,356.2,20342
2025-11-25 10:40:00,356.2,356.8,356.15,356.65,51789
2025-11-25 10:45:00,356.75,356.8,355.85,356.0,35888
2025-11-25 10:50:00,356.0,356.5,355.75,355.85,31378
2025-11-25 10:55:00,356.0,356.1,355.5,355.7,22755
2025-11-25 11:00:00,355.7,356.2,355.65,355.65,27421
2025-11-25 11:05:00,355.75,356.45,355.2,355.3,32295
2025-11-25 11:10:00,355.3,355.4,354.8,355.0,36758
2025-11-25 11:15:00,355.0,355.05,354.8,354.8,45797
2025-11-25 11:20:00,354.85,355.2,354.8,355.2,26390
2025-11-25 11:25:00,355.2,355.85,355.05,355.55,29874
2025-11-25 11:30:00,355.65,356.2,355.6,356.1,16127
2025-11-25 11:35:00,356.15,356.2,355.75,355.85,22417
2025-11-25 11:40:00,355.9,356.0,355.85,355.85,18870
2025-11-25 11:45:00,355.9,355.9,355.55,355.85,21017
2025-11-25 11:50:00,355.85,356.05,355.75,355.75,21955
2025-11-25 11:55:00,355.85,356.5,355.7,356.1,89823
2025-11-25 12:00:00,356.15,356.15,356.0,356.05,13351
2025-11-25 12:05:00,356.1,356.2,355.5,355.5,32966
2025-11-25 12:10:00,355.45,355.5,355.1,355.25,21216
2025-11-25 12:15:00,355.25,355.55,354.8,354.95,33805
2025-11-25 12:20:00,354.95,355.2,354.5,354.65,42629
2025-11-25 12:25:00,354.7,355.05,354.6,354.95,26092
2025-11-25 12:30:00,355.0,355.3,354.7,355.15,35832
2025-11-25 12:35:00,355.2,355.25,354.7,354.75,30964
2025-11-25 12:40:00,354.75,355.0,354.65,354.8,27254
2025-11-25 12:45:00,354.8,355.0,354.75,354.85,21625
2025-11-25 12:50:00,354.8,354.85,354.35,354.35,42372
2025-11-25 12:55:00,354.45,354.45,354.05,354.2,50923
2025-11-25 13:00:00,354.2,354.45,353.7,354.1,67965
2025-11-25 13:05:00,354.2,354.55,354.0,354.5,41184
2025-11-25 13:10:00,354.5,354.95,354.45,354.9,17578
2025-11-25 13:15:00,354.95,355.0,354.15,354.25,35079
2025-11-25 13:20:00,354.4,354.85,354.25,354.8,11091
2025-11-25 13:25:00,354.85,354.85,354.55,354.75,15951
2025-11-25 13:30:00,354.75,354.85,354.6,354.65,20283
2025-11-25 13:35:00,354.65,354.8,354.65,354.75,22892
2025-11-25 13:40:00,354.75,354.8,354.1,354.4,29687
2025-11-25 13:45:00,354.4,354.7,354.05,354.45,26526
2025-11-25 13:50:00,354.5,354.8,354.45,354.8,11092
2025-11-25 13:55:00,354.8,354.8,354.55,354.6,21879
2025-11-25 14:00:00,354.65,354.65,354.05,354.35,36896
2025-11-25 14:05:00,354.4,354.7,354.35,354.7,15106
2025-11-25 14:10:00,354.7,354.95,354.6,354.85,30166
2025-11-25 14:15:00,354.95,355.85,354.85,355.4,57071
2025-11-25 14:20:00,355.5,355.55,355.35,355.4,31258
2025-11-25 14:25:00,355.3,355.35,354.65,354.9,39489
2025-11-25 14:30:00,354.9,354.95,354.8,354.8,25024
2025-11-25 14:35:00,354.8,354.85,354.35,354.7,27513
2025-11-25 14:40:00,354.7,355.0,354.55,354.7,36144
2025-11-25 14:45:00,354.7,354.85,354.1,354.55,35655
2025-11-25 14:50:00,354.55,354.55,354.1,354.1,41451
2025-11-25 14:55:00,354.15,354.35,353.9,354.15,82545
2025-11-25 15:00:00,354.55,355.35,354.3,355.3,162381
2025-11-25 15:05:00,355.4,356.05,355.35,355.7,182681
2025-11-25 15:10:00,355.75,356.1,355.65,356.0,124305
2025-11-25 15:15:00,356.05,356.3,356.05,356.3,219903
2025-11-25 15:20:00,356.1,356.4,355.9,356.25,232922
2025-11-25 15:25:00,356.3,356.45,355.0,355.75,137327
2025-11-26 09:15:00,356.8,363.6,356.1,363.25,399274
2025-11-26 09:20:00,363.0,363.0,360.3,360.8,196118
2025-11-26 09:25:00,360.8,361.0,360.55,360.7,65322
2025-11-26 09:30:00,360.75,361.2,360.0,360.65,99859
2025-11-26 09:35:00,360.4,360.8,359.95,360.55,66848
2025-11-26 09:40:00,360.55,361.2,360.4,360.85,55761
2025-11-26 09:45:00,360.8,361.7,360.8,361.4,61370
2025-11-26 09:50:00,361.4,361.7,361.1,361.15,56114
2025-11-26 09:55:00,361.1,361.9,361.1,361.5,51449
2025-11-26 10:00:00,361.55,362.0,361.55,361.9,43297
2025-11-26 10:05:00,361.95,362.5,361.9,362.05,74379
2025-11-26 10:10:00,362.05,362.25,361.5,361.7,45868
2025-11-26 10:15:00,361.7,363.2,361.7,363.1,92577
2025-11-26 10:20:00,363.15,363.9,363.1,363.6,210410
2025-11-26 10:25:00,363.55,363.8,363.05,363.2,148102
2025-11-26 10:30:00,363.25,363.5,363.1,363.5,59842
2025-11-26 10:35:00,363.5,364.85,363.15,364.6,324920
2025-11-26 10:40:00,364.6,364.75,363.7,364.15,223082
2025-11-26 10:45:00,364.2,365.0,364.0,364.75,233347
2025-11-26 10:50:00,364.85,365.25,364.55,365.2,119435
2025-11-26 10:55:00,365.15,365.3,364.15,364.75,95090
2025-11-26 11:00:00,364.8,365.15,364.75,365.0,66027
2025-11-26 11:05:00,365.0,365.85,364.9,365.0,150124
2025-11-26 11:10:00,365.1,365.65,364.7,365.25,88672
2025-11-26 11:15:00,365.3,366.0,365.25,365.95,65976
2025-11-26 11:20:00,366.0,366.45,365.95,366.25,103851
2025-11-26 11:25:00,366.35,366.55,366.15,366.35,78393
2025-11-26 11:30:00,366.45,366.5,366.25,366.35,83750
2025-11-26 11:35:00,366.35,366.5,366.25,366.35,81497
2025-11-26 11:40:00,366.4,366.5,366.25,366.35,75982
2025-11-26 11:45:00,366.4,366.4,365.0,365.3,138751
2025-11-26 11:50:00,365.35,365.7,365.05,365.5,73251
2025-11-26 11:55:00,365.55,366.0,365.5,365.9,56437
2025-11-26 12:00:00,365.9,366.75,365.8,366.25,90721
2025-11-26 12:05:00,366.3,366.5,366.15,366.4,54422
2025-11-26 12:10:00,366.45,366.5,366.15,366.2,47941
2025-11-26 12:15:00,366.2,366.35,366.0,366.1,64227
2025-11-26 12:20:00,366.1,366.1,365.7,365.8,47203
2025-11-26 12:25:00,365.85,366.0,365.4,365.7,104519
2025-11-26 12:30:00,365.75,365.8,365.4,365.4,47660
2025-11-26 12:35:00,365.4,365.95,365.4,365.4,64320
2025-11-26 12:40:00,365.45,365.55,365.25,365.3,56080
2025-11-26 12:45:00,365.3,366.1,365.3,366.0,48573
2025-11-26 12:50:00,366.05,366.25,366.0,366.15,51025
2025-11-26 12:55:00,366.2,366.5,366.15,366.2,70183
2025-11-26 13:00:00,366.25,366.45,366.05,366.25,47580
2025-11-26 13:05:00,366.3,366.7,366.2,366.6,54172
2025-11-26 13:10:00,366.6,366.9,365.7,365.95,138138
2025-11-26 13:15:00,366.0,366.45,365.85,366.2,44732
2025-11-26 13:20:00,366.2,366.7,366.15,366.5,46236
2025-11-26 13:25:00,366.55,366.7,366.15,366.15,61848
2025-11-26 13:30:00,366.2,366.2,364.9,365.0,145396
2025-11-26 13:35:00,365.05,365.4,364.8,365.3,47802
2025-11-26 13:40:00,365.3,366.0,365.25,365.9,59686
2025-11-26 13:45:00,365.9,366.4,365.9,366.25,41656
2025-11-26 13:50:00,366.25,366.5,366.05,366.2,42296
2025-11-26 13:55:00,366.25,366.35,365.9,366.25,53926
2025-11-26 14:00:00,366.3,366.75,366.25,366.5,47026
2025-11-26 14:05:00,366.5,366.7,366.35,366.6,45829
2025-11-26 14:10:00,366.65,366.75,366.6,366.65,38291
2025-11-26 14:15:00,366.65,367.3,366.6,367.1,117330
2025-11-26 14:20:00,367.25,367.3,366.75,366.95,104635
2025-11-26 14:25:00,366.95,367.25,366.9,367.1,45561
2025-11-26 14:30:00,367.1,367.5,367.05,367.3,76715
2025-11-26 14:35:00,367.3,367.65,367.3,367.35,76249
2025-11-26 14:40:00,367.4,367.6,367.3,367.35,78122
2025-11-26 14:45:00,367.3,367.45,366.5,366.55,110278
2025-11-26 14:50:00,366.65,366.9,366.2,366.7,101126
2025-11-26 14:55:00,366.7,367.2,366.6,367.0,107167
2025-11-26 15:00:00,367.05,367.65,367.05,367.55,162664
2025-11-26 15:05:00,367.55,367.9,367.4,367.75,140880
2025-11-26 15:10:00,367.75,368.0,367.55,367.9,255180
2025-11-26 15:15:00,367.85,367.9,367.5,367.7,306570
2025-11-26 15:20:00,367.75,367.95,367.4,367.4,288202
2025-11-26 15:25:00,367.4,367.8,365.65,367.7,224869
2025-11-27 09:15:00,368.95,368.95,364.95,365.8,180550
2025-11-27 09:20:00,365.8,365.9,364.95,365.35,71618
2025-11-27 09:25:00,365.35,365.45,364.4,364.55,86487
2025-11-27 09:30:00,364.45,364.6,363.7,364.05,54471
2025-11-27 09:35:00,364.0,364.05,362.9,363.1,57494
2025-11-27 09:40:00,363.1,363.75,362.6,362.7,48817
2025-11-27 09:45:00,362.8,363.55,362.5,363.55,19583
2025-11-27 09:50:00,363.45,363.45,362.1,362.55,46682
2025-11-27 09:55:00,362.55,362.85,362.2,362.8,18803
2025-11-27 10:00:00,362.8,363.1,362.05,362.2,33471
2025-11-27 10:05:00,362.2,363.55,362.0,363.45,69448
2025-11-27 10:10:00,363.45,363.9,363.1,363.8,67453
2025-11-27 10:15:00,363.75,364.4,363.5,364.2,62617
2025-11-27 10:20:00,364.15,364.5,364.0,364.5,47244
2025-11-27 10:25:00,364.5,364.75,364.0,364.4,76234
2025-11-27 10:30:00,364.45,364.7,364.1,364.45,43488
2025-11-27 10:35:00,364.25,364.5,364.05,364.3,33829
2025-11-27 10:40:00,364.35,364.4,363.5,363.9,38164
2025-11-27 10:45:00,363.8,364.35,363.65,364.15,42515
2025-11-27 10:50:00,364.05,364.2,363.5,363.6,28810
2025-11-27 10:55:00,363.6,363.9,363.5,363.9,26773
2025-11-27 11:00:00,363.85,363.95,363.1,363.65,43190
2025-11-27 11:05:00,363.55,363.9,363.5,363.9,30014
2025-11-27 11:10:00,363.9,364.0,363.6,363.75,31727
2025-11-27 11:15:00,363.85,363.9,363.3,363.5,35286
2025-11-27 11:20:00,363.4,363.7,363.35,363.5,33462
2025-11-27 11:25:00,363.45,364.0,363.4,363.7,33710
2025-11-27 11:30:00,363.55,363.55,363.05,363.4,44152
2025-11-27 11:35:00,363.35,363.55,363.05,363.2,36564
2025-11-27 11:40:00,363.15,363.65,363.15,363.6,29086
2025-11-27 11:45:00,363.55,363.6,362.55,363.0,56511
2025-11-27 11:50:00,362.9,363.35,362.75,363.0,43673
2025-11-27 11:55:00,363.0,363.85,362.85,363.85,48624
2025-11-27 12:00:00,363.8,364.0,363.5,364.0,42072
2025-11-27 12:05:00,364.0,364.0,363.25,363.4,41266
2025-11-27 12:10:00,363.35,363.75,363.3,363.7,32461
2025-11-27 12:15:00,363.65,363.9,363.5,363.9,35554
2025-11-27 12:20:00,363.85,364.5,363.8,364.4,54036
2025-11-27 12:25:00,364.4,364.5,363.75,364.1,43907
2025-11-27 12:30:00,364.0,364.15,363.75,364.05,32935
2025-11-27 12:35:00,364.05,364.2,363.85,364.1,30569
2025-11-27 12:40:00,364.05,364.65,363.9,364.45,37615
2025-11-27 12:45:00,364.4,364.9,364.4,364.9,42321
2025-11-27 12:50:00,364.85,364.9,364.55,364.7,36678
2025-11-27 12:55:00,364.8,365.0,364.6,364.95,61612
2025-11-27 13:00:00,364.75,364.95,364.7,364.9,49011
2025-11-27 13:05:00,364.85,364.95,364.4,364.45,45620
2025-11-27 13:10:00,364.4,364.6,363.55,363.6,45214
2025-11-27 13:15:00,363.55,363.75,363.0,363.35,52546
2025-11-27 13:20:00,363.35,363.6,362.55,362.7,41395
2025-11-27 13:25:00,362.65,362.8,362.4,362.5,40015
2025-11-27 13:30:00,362.5,362.5,361.75,362.1,99276
2025-11-27 13:35:00,362.1,362.2,361.8,362.0,36802
2025-11-27 13:40:00,361.95,362.1,361.75,361.9,31176
2025-11-27 13:45:00,361.9,361.95,361.5,361.75,35131
2025-11-27 13:50:00,361.7,362.15,361.5,362.15,28364
2025-11-27 13:55:00,362.1,362.25,361.65,361.75,37126
2025-11-27 14:00:00,361.9,362.0,361.7,361.9,38420
2025-11-27 14:05:00,361.9,363.75,361.8,363.5,164140
2025-11-27 14:10:00,363.25,364.15,363.0,364.05,268244
2025-11-27 14:15:00,364.0,365.4,364.0,364.7,673829
2025-11-27 14:20:00,364.65,364.8,364.15,364.55,36096
2025-11-27 14:25:00,364.55,364.7,364.15,364.15,28713
2025-11-27 14:30:00,364.15,364.55,363.75,364.4,38882
2025-11-27 14:35:00,364.4,364.5,363.8,363.9,64973
2025-11-27 14:40:00,363.9,364.0,363.75,363.95,23629
2025-11-27 14:45:00,363.95,364.0,363.4,363.6,39678
2025-11-27 14:50:00,363.6,364.0,363.4,363.9,32557
2025-11-27 14:55:00,363.8,364.0,363.15,363.55,79622
2025-11-27 15:00:00,363.6,364.65,363.3,364.6,232021
2025-11-27 15:05:00,364.4,364.7,364.25,364.55,89632
2025-11-27 15:10:00,364.65,365.3,364.4,364.75,217374
2025-11-27 15:15:00,364.8,365.25,364.5,365.0,180273
2025-11-27 15:20:00,365.0,365.2,364.5,365.2,147736
2025-11-27 15:25:00,365.0,365.95,364.5,364.8,150085
2025-11-28 09:15:00,365.8,367.0,362.5,363.6,145315
2025-11-28 09:20:00,363.7,363.75,362.6,362.7,42642
2025-11-28 09:25:00,362.7,363.3,362.2,362.9,37232
2025-11-28 09:30:00,362.75,364.0,362.75,363.4,31902
2025-11-28 09:35:00,363.3,363.4,362.55,362.55,18244
2025-11-28 09:40:00,362.75,363.65,362.55,363.2,10943
2025-11-28 09:45:00,363.2,363.2,362.6,362.95,16026
2025-11-28 09:50:00,362.95,363.2,362.6,362.8,7045
2025-11-28 09:55:00,362.8,362.95,362.35,362.45,30741
2025-11-28 10:00:00,362.65,362.95,362.35,362.65,20854
2025-11-28 10:05:00,362.7,363.3,362.35,362.45,24348
2025-11-28 10:10:00,362.45,362.75,361.8,361.85,44332
2025-11-28 10:15:00,361.85,362.1,361.55,361.8,39180
2025-11-28 10:20:00,361.8,362.5,361.55,362.15,31978
2025-11-28 10:25:00,362.1,362.4,362.0,362.0,23488
2025-11-28 10:30:00,362.15,362.7,362.0,362.6,21391
2025-11-28 10:35:00,362.5,362.95,362.2,362.8,27643
2025-11-28 10:40:00,362.8,363.0,362.45,362.9,35977
2025-11-28 10:45:00,362.95,363.15,362.75,363.1,19076
2025-11-28 10:50:00,363.1,363.25,362.55,363.2,27458
2025-11-28 10:55:00,363.15,363.35,362.6,362.95,21345
2025-11-28 11:00:00,363.0,363.3,362.75,362.75,16578
2025-11-28 11:05:00,362.85,362.85,362.5,362.5,15472
2025-11-28 11:10:00,362.55,363.05,362.4,363.0,22030
2025-11-28 11:15:00,363.0,363.1,362.65,362.7,20104
2025-11-28 11:20:00,362.7,362.85,360.65,360.95,135512
2025-11-28 11:25:00,360.95,361.1,359.65,359.85,83803
2025-11-28 11:30:00,359.8,360.25,359.8,360.0,51558
2025-11-28 11:35:00,359.95,360.05,359.85,359.95,29436
2025-11-28 11:40:00,359.95,360.1,359.9,359.95,58525
2025-11-28 11:45:00,359.95,360.2,359.3,359.4,172569
2025-11-28 11:50:00,359.3,360.0,359.3,359.9,51303
2025-11-28 11:55:00,359.9,360.05,359.55,359.6,32597
2025-11-28 12:00:00,359.6,360.0,359.55,359.75,20016
2025-11-28 12:05:00,359.75,359.95,359.5,359.65,18846
2025-11-28 12:10:00,359.7,360.05,359.6,359.6,15821
2025-11-28 12:15:00,359.6,359.75,359.2,359.45,20768
2025-11-28 12:20:00,359.45,359.7,359.4,359.5,13750
2025-11-28 12:25:00,359.5,359.6,359.15,359.15,21899
2025-11-28 12:30:00,359.25,359.65,359.15,359.35,11195
2025-11-28 12:35:00,359.35,359.5,359.25,359.25,10063
2025-11-28 12:40:00,359.25,360.0,359.25,359.8,14011
2025-11-28 12:45:00,359.85,360.0,359.6,359.95,17530
2025-11-28 12:50:00,359.95,360.15,359.85,360.0,25359
2025-11-28 12:55:00,360.0,360.5,360.0,360.05,27577
2025-11-28 13:00:00,360.05,360.8,360.05,360.65,19746
2025-11-28 13:05:00,360.65,360.75,360.25,360.45,19957
2025-11-28 13:10:00,360.45,360.55,360.0,360.15,36705
2025-11-28 13:15:00,360.15,360.25,359.45,359.65,34640
2025-11-28 13:20:00,359.65,360.05,359.25,360.0,23578
2025-11-28 13:25:00,359.95,360.0,359.5,360.0,19087
2025-11-28 13:30:00,360.0,360.15,359.9,359.95,13463
2025-11-28 13:35:00,359.95,360.0,359.75,359.85,9645
2025-11-28 13:40:00,359.85,359.95,359.45,359.45,18225
2025-11-28 13:45:00,359.45,359.5,359.2,359.45,17177
2025-11-28 13:50:00,359.45,359.7,359.3,359.45,19279
2025-11-28 13:55:00,359.45,359.6,359.4,359.5,10500
2025-11-28 14:00:00,359.5,359.95,359.35,359.7,18623
2025-11-28 14:05:00,359.7,359.85,359.3,359.3,29486
2025-11-28 14:10:00,359.3,359.55,359.05,359.2,43536
2025-11-28 14:15:00,359.2,359.35,359.05,359.2,26191
2025-11-28 14:20:00,359.25,359.3,358.75,359.15,52058
2025-11-28 14:25:00,359.3,359.65,359.15,359.3,30677
2025-11-28 14:30:00,359.3,359.65,359.2,359.5,32011
2025-11-28 14:35:00,359.5,359.55,359.25,359.3,36966
2025-11-28 14:40:00,359.3,359.65,359.3,359.4,23498
2025-11-28 14:45:00,359.5,359.65,359.3,359.3,26566
2025-11-28 14:50:00,359.3,359.65,359.25,359.6,32020
2025-11-28 14:55:00,359.65,359.9,359.45,359.5,54614
2025-11-28 15:00:00,359.8,359.8,358.8,358.9,138806
2025-11-28 15:05:00,358.8,359.2,358.6,359.2,166622
2025-11-28 15:10:00,359.15,359.2,358.7,358.9,146528
2025-11-28 15:15:00,358.85,359.55,358.8,358.95,411143
2025-11-28 15:20:00,358.95,359.1,358.8,359.0,194849
2025-11-28 15:25:00,359.0,359.4,359.0,359.2,159029
2025-12-01 09:15:00,361.5,361.5,359.9,360.65,94076
2025-12-01 09:20:00,360.45,360.85,359.45,359.5,94782
2025-12-01 09:25:00,359.55,360.0,359.0,359.75,53615
2025-12-01 09:30:00,359.6,360.05,359.05,359.8,43754
2025-12-01 09:35:00,359.6,359.95,359.3,359.7,23232
2025-12-01 09:40:00,359.7,359.8,359.5,359.55,21650
2025-12-01 09:45:00,359.7,359.7,359.0,359.5,37001
2025-12-01 09:50:00,359.4,359.5,359.05,359.15,15367
2025-12-01 09:55:00,359.15,359.4,359.0,359.05,16570
2025-12-01 10:00:00,359.15,359.9,359.0,359.85,44190
2025-12-01 10:05:00,359.7,359.95,359.2,359.2,26249
2025-12-01 10:10:00,359.35,359.45,359.2,359.45,10316
2025-12-01 10:15:00,359.45,359.7,359.3,359.45,17524
2025-12-01 10:20:00,359.55,359.55,359.3,359.45,9360
2025-12-01 10:25:00,359.45,359.75,359.1,359.35,22620
2025-12-01 10:30:00,359.5,359.5,358.6,359.1,70860
2025-12-01 10:35:00,359.1,359.2,358.55,358.6,31373
2025-12-01 10:40:00,358.6,358.85,358.5,358.7,18532
2025-12-01 10:45:00,358.6,358.7,358.5,358.5,11765
2025-12-01 10:50:00,358.55,358.55,357.9,358.05,38959
2025-12-01 10:55:00,358.25,358.75,358.0,358.65,18530
2025-12-01 11:00:00,358.7,358.95,358.4,358.85,16184
2025-12-01 11:05:00,358.75,358.85,358.25,358.4,10960
2025-12-01 11:10:00,358.35,358.7,358.2,358.6,21211
2025-12-01 11:15:00,358.55,358.65,358.35,358.55,13290
2025-12-01 11:20:00,358.55,358.8,358.3,358.4,12962
2025-12-01 11:25:00,358.4,358.75,358.3,358.4,14006
2025-12-01 11:30:00,358.45,358.75,358.35,358.6,12342
2025-12-01 11:35:00,358.65,358.7,358.05,358.6,14480
2025-12-01 11:40:00,358.65,358.65,357.75,357.8,19545
2025-12-01 11:45:00,357.8,357.9,357.0,357.0,50569
2025-12-01 11:50:00,357.05,357.45,356.7,357.0,35094
2025-12-01 11:55:00,357.05,357.4,357.05,357.15,15639
2025-12-01 12:00:00,357.15,357.4,357.1,357.25,13327
2025-12-01 12:05:00,357.25,357.9,357.2,357.5,17190
2025-12-01 12:10:00,357.55,357.85,357.2,357.8,10434
2025-12-01 12:15:00,357.8,357.8,357.0,357.1,11806
2025-12-01 12:20:00,357.05,357.15,357.0,357.05,11666
2025-12-01 12:25:00,357.0,357.15,356.85,357.0,14572
2025-12-01 12:30:00,356.95,357.0,356.25,356.45,37345
2025-12-01 12:35:00,356.55,356.65,356.4,356.55,12941
2025-12-01 12:40:00,356.55,356.75,356.2,356.25,22958
2025-12-01 12:45:00,356.4,357.0,356.2,356.5,11736
2025-12-01 12:50:00,356.55,356.65,356.35,356.35,12719
2025-12-01 12:55:00,356.35,356.4,355.6,355.9,345311
2025-12-01 13:00:00,355.9,355.95,355.4,355.7,36267
2025-12-01 13:05:00,355.75,355.95,355.2,355.2,28737
2025-12-01 13:10:00,355.2,355.5,354.85,355.35,301788
2025-12-01 13:15:00,355.4,355.5,354.8,355.5,43031
2025-12-01 13:20:00,355.45,355.5,355.1,355.4,15187
2025-12-01 13:25:00,355.35,355.5,354.55,354.55,34696
2025-12-01 13:30:00,354.65,354.9,354.1,354.2,40628
2025-12-01 13:35:00,354.15,354.95,354.05,354.95,25152
2025-12-01 13:40:00,354.9,355.5,354.75,355.25,25014
2025-12-01 13:45:00,355.2,355.4,354.1,354.95,101267
2025-12-01 13:50:00,354.95,354.95,354.45,354.8,23941
2025-12-01 13:55:00,354.8,355.0,354.55,354.95,20918
2025-12-01 14:00:00,354.95,355.4,354.75,355.4,52882
2025-12-01 14:05:00,355.35,355.8,355.3,355.5,41744
2025-12-01 14:10:00,355.5,355.85,355.25,355.8,19852
2025-12-01 14:15:00,355.75,356.0,355.4,355.8,61241
2025-12-01 14:20:00,355.8,355.95,355.6,355.7,38999
2025-12-01 14:25:00,355.9,355.9,354.5,354.9,224273
2025-12-01 14:30:00,354.95,355.0,354.3,354.5,51348
2025-12-01 14:35:00,354.5,354.85,354.2,354.25,53938
2025-12-01 14:40:00,354.35,354.75,354.25,354.3,30977
2025-12-01 14:45:00,354.3,354.75,354.15,354.2,39784
2025-12-01 14:50:00,354.4,354.6,352.45,352.85,460443
2025-12-01 14:55:00,352.95,352.95,352.4,352.65,209625
2025-12-01 15:00:00,353.2,354.35,353.0,354.25,239177
2025-12-01 15:05:00,354.15,354.45,353.9,354.2,92834
2025-12-01 15:10:00,354.15,354.55,354.0,354.5,106023
2025-12-01 15:15:00,354.5,354.7,354.0,354.2,225149
2025-12-01 15:20:00,354.2,354.3,354.0,354.1,143513
2025-12-01 15:25:00,354.15,354.4,353.5,353.8,190212
2025-12-02 09:15:00,355.75,360.65,354.25,360.2,583266
2025-12-02 09:20:00,360.2,360.85,359.3,359.3,249059
2025-12-02 09:25:00,359.5,360.45,359.15,359.35,145118
2025-12-02 09:30:00,359.4,360.3,357.6,360.05,311073
2025-12-02 09:35:00,360.15,361.15,360.0,360.45,225674
2025-12-02 09:40:00,360.5,360.55,359.9,359.9,126277
2025-12-02 09:45:00,360.1,360.5,359.9,360.3,89161
2025-12-02 09:50:00,360.35,360.4,358.25,359.0,165206
2025-12-02 09:55:00,359.0,359.5,358.35,358.55,120823
2025-12-02 10:00:00,358.55,358.95,358.2,358.85,78133
2025-12-02 10:05:00,358.95,359.15,358.65,358.85,106587
2025-12-02 10:10:00,358.7,359.05,357.25,357.8,175531
2025-12-02 10:15:00,357.8,358.55,357.45,358.35,102382
2025-12-02 10:20:00,358.35,358.9,357.45,357.8,102044
2025-12-02 10:25:00,357.8,358.25,357.3,357.45,82064
2025-12-02 10:30:00,357.45,357.65,357.3,357.55,101168
2025-12-02 10:35:00,357.5,358.1,357.45,357.85,82322
2025-12-02 10:40:00,357.75,357.75,356.55,356.7,125888
2025-12-02 10:45:00,356.8,357.15,356.65,356.9,54590
2025-12-02 10:50:00,356.9,357.55,356.85,357.4,102404
2025-12-02 10:55:00,357.25,358.3,357.2,358.25,61342
2025-12-02 11:00:00,358.3,358.3,357.45,357.6,75219
2025-12-02 11:05:00,357.65,357.9,357.6,357.75,47260
2025-12-02 11:10:00,357.7,358.5,357.7,358.2,72772
2025-12-02 11:15:00,358.2,358.5,356.75,356.95,369409
2025-12-02 11:20:00,356.95,357.05,356.75,357.0,119213
2025-12-02 11:25:00,356.95,357.9,356.85,357.05,274921
2025-12-02 11:30:00,356.95,357.5,356.85,357.45,95953
2025-12-02 11:35:00,357.5,358.8,357.45,358.75,114113
2025-12-02 11:40:00,358.8,359.1,357.9,357.95,237785
2025-12-02 11:45:00,358.0,358.15,357.7,357.95,77000
2025-12-02 11:50:00,357.95,358.2,357.6,357.9,109774
2025-12-02 11:55:00,357.9,357.95,357.65,357.85,43075
2025-12-02 12:00:00,357.9,357.9,357.1,357.75,110761
2025-12-02 12:05:00,357.75,357.85,356.75,356.75,104752
2025-12-02 12:10:00,356.8,357.55,356.75,356.95,67018
2025-12-02 12:15:00,356.95,357.0,356.75,356.95,37635
2025-12-02 12:20:00,356.95,357.5,356.95,357.35,65968
2025-12-02 12:25:00,357.3,357.7,357.25,357.55,44897
2025-12-02 12:30:00,357.55,358.45,357.55,357.7,76494
2025-12-02 12:35:00,357.7,358.05,357.3,357.4,64869
2025-12-02 12:40:00,357.3,357.6,356.55,356.9,64084
2025-12-02 12:45:00,356.9,357.75,356.9,357.65,60283
2025-12-02 12:50:00,357.6,357.85,357.3,357.55,58969
2025-12-02 12:55:00,357.45,357.65,356.55,356.65,67306
2025-12-02 13:00:00,356.7,357.3,356.65,357.1,80886
2025-12-02 13:05:00,357.1,357.3,356.75,357.2,43860
2025-12-02 13:10:00,357.2,357.3,356.9,357.05,58731
2025-12-02 13:15:00,357.15,357.4,356.9,357.1,45738
2025-12-02 13:20:00,357.1,357.4,356.75,357.3,85296
2025-12-02 13:25:00,357.3,357.5,356.85,357.15,56289
2025-12-02 13:30:00,357.25,357.25,356.9,357.05,92561
2025-12-02 13:35:00,357.0,357.2,356.15,356.35,133655
2025-12-02 13:40:00,356.35,356.75,356.1,356.65,84984
2025-12-02 13:45:00,356.65,356.95,356.0,356.15,125236
2025-12-02 13:50:00,356.1,356.45,355.8,356.1,122226
2025-12-02 13:55:00,356.0,356.5,355.9,356.2,94604
2025-12-02 14:00:00,356.05,357.05,355.95,356.95,85258
2025-12-02 14:05:00,356.9,357.5,356.85,357.5,80286
2025-12-02 14:10:00,357.45,357.55,356.9,357.0,79569
2025-12-02 14:15:00,357.0,357.15,356.25,356.8,75215
2025-12-02 14:20:00,356.8,356.95,356.5,356.55,60667
2025-12-02 14:25:00,356.55,356.75,356.3,356.6,88036
2025-12-02 14:30:00,356.6,357.15,356.5,356.95,97565
2025-12-02 14:35:00,356.95,357.05,356.5,356.65,75189
2025-12-02 14:40:00,356.65,357.25,356.5,357.15,97649
2025-12-02 14:45:00,357.15,357.6,357.1,357.6,85050
2025-12-02 14:50:00,357.6,357.85,357.0,357.2,115078
2025-12-02 14:55:00,357.2,357.55,357.05,357.55,122291
2025-12-02 15:00:00,357.65,359.0,357.65,358.9,229980
2025-12-02 15:05:00,358.9,358.95,358.4,358.6,246505
2025-12-02 15:10:00,358.5,358.85,358.4,358.85,224070
2025-12-02 15:15:00,358.8,358.85,358.6,358.8,322867
2025-12-02 15:20:00,358.75,358.95,358.65,358.8,386354
2025-12-02 15:25:00,358.8,358.95,358.5,358.9,296774
2025-12-03 09:15:00,359.0,359.35,357.1,358.05,117617
2025-12-03 09:20:00,358.0,359.05,357.15,358.85,94127
2025-12-03 09:25:00,358.95,359.65,358.25,359.65,119601
2025-12-03 09:30:00,359.6,360.8,359.6,360.1,128085
2025-12-03 09:35:00,360.25,361.0,359.95,359.95,166000
2025-12-03 09:40:00,360.0,360.4,359.1,359.1,135893
2025-12-03 09:45:00,359.5,359.5,357.85,358.05,124406
2025-12-03 09:50:00,358.25,358.75,357.95,358.1,64666
2025-12-03 09:55:00,358.0,358.2,357.45,357.85,72390
2025-12-03 10:00:00,357.95,358.0,357.05,357.05,69420
2025-12-03 10:05:00,357.2,357.45,356.1,356.55,138235
2025-12-03 10:10:00,356.65,357.1,356.6,356.85,44049
2025-12-03 10:15:00,356.85,356.85,356.05,356.3,76868
2025-12-03 10:20:00,356.15,357.0,356.15,356.65,72905
2025-12-03 10:25:00,356.65,356.7,356.0,356.05,67335
2025-12-03 10:30:00,356.15,356.6,356.0,356.25,54017
2025-12-03 10:35:00,356.2,357.8,355.85,357.5,85006
2025-12-03 10:40:00,357.55,357.6,356.25,356.35,70425
2025-12-03 10:45:00,356.35,357.45,356.25,357.35,63719
2025-12-03 10:50:00,357.3,357.55,357.0,357.35,61240
2025-12-03 10:55:00,357.3,357.55,356.8,356.9,111188
2025-12-03 11:00:00,356.9,357.0,356.05,356.35,57475
2025-12-03 11:05:00,356.2,357.45,356.05,357.45,222096
2025-12-03 11:10:00,357.45,357.5,356.35,356.65,101035
2025-12-03 11:15:00,356.7,356.75,355.8,355.95,63177
2025-12-03 11:20:00,355.95,356.4,355.9,356.15,55049
2025-12-03 11:25:00,356.2,356.5,356.2,356.35,24169
2025-12-03 11:30:00,356.35,357.0,356.35,356.9,189994
2025-12-03 11:35:00,357.0,357.85,356.95,357.6,86413
2025-12-03 11:40:00,357.6,357.65,356.75,356.9,28270
2025-12-03 11:45:00,356.9,357.15,356.9,357.1,74980
2025-12-03 11:50:00,357.3,357.35,356.1,356.1,100220
2025-12-03 11:55:00,356.1,356.8,356.1,356.4,15099
2025-12-03 12:00:00,356.45,356.95,356.4,356.8,19402
2025-12-03 12:05:00,356.75,357.0,356.65,356.85,14912
2025-12-03 12:10:00,357.0,357.0,356.65,356.7,20143
2025-12-03 12:15:00,356.7,357.0,356.55,356.7,52961
2025-12-03 12:20:00,356.8,357.05,356.75,356.95,47073
2025-12-03 12:25:00,356.95,357.4,356.95,357.3,60263
2025-12-03 12:30:00,357.35,357.55,356.45,356.6,37365
2025-12-03 12:35:00,356.55,356.7,356.25,356.6,26316
2025-12-03 12:40:00,356.6,357.2,356.6,356.95,30132
2025-12-03 12:45:00,356.95,357.4,356.95,357.3,16777
2025-12-03 12:50:00,357.3,357.7,357.2,357.6,37767
2025-12-03 12:55:00,357.6,358.0,357.6,357.9,28567
2025-12-03 13:00:00,357.95,358.55,357.95,358.35,45626
2025-12-03 13:05:00,358.35,358.5,357.35,357.35,78599
2025-12-03 13:10:00,357.4,357.5,357.1,357.2,163557
2025-12-03 13:15:00,357.2,357.4,357.0,357.1,162165
2025-12-03 13:20:00,357.05,357.45,356.9,357.25,23618
2025-12-03 13:25:00,357.2,357.6,357.15,357.5,27107
2025-12-03 13:30:00,357.55,357.75,356.9,357.1,135690
2025-12-03 13:35:00,357.05,357.05,356.65,356.95,36554
2025-12-03 13:40:00,356.95,357.45,356.9,357.45,124525
2025-12-03 13:45:00,357.45,357.6,357.15,357.3,39505
2025-12-03 13:50:00,357.25,357.8,357.1,357.7,25216
2025-12-03 13:55:00,357.7,357.95,357.7,357.85,25254
2025-12-03 14:00:00,357.9,357.9,357.6,357.9,25432
2025-12-03 14:05:00,357.9,359.65,357.85,359.2,91967
2025-12-03 14:10:00,359.25,359.8,358.95,359.55,64017
2025-12-03 14:15:00,359.55,359.65,359.05,359.5,52999
2025-12-03 14:20:00,359.55,359.6,358.4,358.85,73249
2025-12-03 14:25:00,358.8,358.9,358.2,358.45,52245
2025-12-03 14:30:00,358.4,358.75,357.65,357.7,79731
2025-12-03 14:35:00,357.65,358.0,357.55,357.65,48501
2025-12-03 14:40:00,357.65,357.75,357.45,357.65,54385
2025-12-03 14:45:00,357.75,358.0,357.35,357.55,57813
2025-12-03 14:50:00,357.4,357.65,357.0,357.15,69392
2025-12-03 14:55:00,357.15,357.35,357.0,357.05,55864
2025-12-03 15:00:00,357.4,358.4,357.4,357.7,178090
2025-12-03 15:05:00,357.7,358.2,357.65,358.05,189131
2025-12-03 15:10:00,358.0,359.0,358.0,358.65,176424
2025-12-03 15:15:00,358.65,358.75,358.1,358.45,213457
2025-12-03 15:20:00,358.45,358.85,358.4,358.8,220895
2025-12-03 15:25:00,358.7,359.05,357.5,358.35,223507
2025-12-04 09:15:00,360.0,361.6,357.85,358.35,238493
2025-12-04 09:20:00,358.35,359.25,357.2,358.25,71196
2025-12-04 09:25:00,358.2,358.2,356.75,357.55,98745
2025-12-04 09:30:00,357.4,357.8,357.05,357.15,53598
2025-12-04 09:35:00,357.15,357.85,357.15,357.55,32675
2025-12-04 09:40:00,357.55,358.1,357.0,358.05,44377
2025-12-04 09:45:00,358.05,358.1,357.15,357.65,29523
2025-12-04 09:50:00,357.7,357.9,356.4,356.6,46791
2025-12-04 09:55:00,356.65,356.65,356.15,356.55,62117
2025-12-04 10:00:00,356.55,357.05,356.35,356.75,21470
2025-12-04 10:05:00,356.75,356.9,356.25,356.65,37486
2025-12-04 10:10:00,356.7,356.8,356.45,356.55,23650
2025-12-04 10:15:00,356.8,356.8,356.1,356.4,32128
2025-12-04 10:20:00,356.4,357.5,356.35,357.3,36043
2025-12-04 10:25:00,357.4,358.4,357.3,358.2,56778
2025-12-04 10:30:00,358.2,358.5,357.8,358.15,45018
2025-12-04 10:35:00,358.15,358.45,358.0,358.35,24310
2025-12-04 10:40:00,358.35,358.6,357.95,358.35,41560
2025-12-04 10:45:00,358.35,358.5,357.45,357.65,46584
2025-12-04 10:50:00,357.7,358.05,357.05,357.3,113200
2025-12-04 10:55:00,357.3,357.55,356.8,356.9,121338
2025-12-04 11:00:00,356.85,357.6,356.85,356.85,123662
2025-12-04 11:05:00,356.95,357.0,356.5,356.5,31961
2025-12-04 11:10:00,356.6,356.65,356.2,356.45,36819
2025-12-04 11:15:00,356.45,356.65,355.4,355.5,111596
2025-12-04 11:20:00,355.65,356.3,355.5,355.5,63351
2025-12-04 11:25:00,355.5,355.7,355.0,355.15,199621
2025-12-04 11:30:00,355.15,356.35,354.7,355.75,544818
2025-12-04 11:35:00,355.85,355.85,354.75,354.8,50683
2025-12-04 11:40:00,354.85,355.0,354.5,354.75,75998
2025-12-04 11:45:00,354.8,355.0,354.5,354.95,43394
2025-12-04 11:50:00,355.0,355.0,354.7,354.7,33642
2025-12-04 11:55:00,354.8,355.1,354.55,354.85,214526
2025-12-04 12:00:00,355.0,355.3,354.8,355.2,28950
2025-12-04 12:05:00,355.2,355.45,355.05,355.05,38403
2025-12-04 12:10:00,355.05,355.3,354.65,354.9,88012
2025-12-04 12:15:00,355.0,355.0,354.8,354.95,29868
2025-12-04 12:20:00,355.0,355.15,354.7,354.95,58769
2025-12-04 12:25:00,355.0,355.0,354.7,354.8,35790
2025-12-04 12:30:00,354.85,354.85,354.5,354.8,26479
2025-12-04 12:35:00,354.8,354.95,354.5,354.5,35664
2025-12-04 12:40:00,354.5,354.75,353.75,354.0,114398
2025-12-04 12:45:00,354.0,354.0,353.75,353.95,35503
2025-12-04 12:50:00,354.0,354.55,353.95,354.45,33189
2025-12-04 12:55:00,354.5,354.9,354.2,354.7,50351
2025-12-04 13:00:00,354.75,355.75,354.7,355.6,39027
2025-12-04 13:05:00,355.6,355.65,355.35,355.45,18116
2025-12-04 13:10:00,355.5,355.75,355.45,355.7,29319
2025-12-04 13:15:00,355.7,355.85,355.2,355.3,29292
2025-12-04 13:20:00,355.25,355.5,355.1,355.25,80219
2025-12-04 13:25:00,355.25,355.75,354.6,354.6,231805
2025-12-04 13:30:00,354.6,354.95,354.45,354.5,36843
2025-12-04 13:35:00,354.5,354.6,354.1,354.4,25415
2025-12-04 13:40:00,354.45,354.45,353.85,354.1,35940
2025-12-04 13:45:00,354.1,354.4,353.9,354.4,31734
2025-12-04 13:50:00,354.4,354.5,354.15,354.2,30261
2025-12-04 13:55:00,354.3,354.3,353.5,353.7,40708
2025-12-04 14:00:00,353.7,354.0,353.65,354.0,27631
2025-12-04 14:05:00,354.0,354.0,353.9,353.95,95072
2025-12-04 14:10:00,353.95,354.3,353.9,354.1,77922
2025-12-04 14:15:00,354.15,354.6,354.1,354.5,44909
2025-12-04 14:20:00,354.4,354.75,354.0,354.15,36344
2025-12-04 14:25:00,354.15,354.45,354.0,354.15,31885
2025-12-04 14:30:00,354.2,355.25,354.2,354.65,37036
2025-12-04 14:35:00,354.7,355.05,354.6,354.95,31068
2025-12-04 14:40:00,355.0,355.05,354.2,354.3,68064
2025-12-04 14:45:00,354.2,354.45,353.95,354.2,53632
2025-12-04 14:50:00,354.15,355.1,354.15,354.85,40388
2025-12-04 14:55:00,354.9,355.35,354.8,355.35,54759
2025-12-04 15:00:00,355.3,356.45,355.3,356.1,158484
2025-12-04 15:05:00,356.15,356.45,355.65,355.85,166349
2025-12-04 15:10:00,355.95,356.5,355.85,356.3,184088
2025-12-04 15:15:00,356.35,356.35,355.85,356.05,275034
2025-12-04 15:20:00,356.15,356.15,355.75,355.8,201869
2025-12-04 15:25:00,355.8,355.85,355.0,355.2,189346
2025-12-05 09:15:00,356.0,356.15,354.5,355.6,131751
2025-12-05 09:20:00,355.75,356.0,355.0,355.0,46553
2025-12-05 09:25:00,355.0,355.35,354.5,354.8,16982
2025-12-05 09:30:00,354.7,355.1,354.0,354.8,52120
2025-12-05 09:35:00,354.8,354.85,353.8,354.15,30221
2025-12-05 09:40:00,354.2,354.5,354.2,354.25,18185
2025-12-05 09:45:00,354.35,354.4,354.05,354.2,14001
2025-12-05 09:50:00,354.25,354.25,353.8,353.85,23496
2025-12-05 09:55:00,353.9,354.05,353.3,353.55,26516
2025-12-05 10:00:00,353.65,355.7,353.5,355.5,47988
2025-12-05 10:05:00,355.4,355.65,354.35,354.35,37530
2025-12-05 10:10:00,354.3,354.5,353.95,354.5,25604
2025-12-05 10:15:00,354.5,354.9,353.9,354.35,35796
2025-12-05 10:20:00,354.45,355.6,354.4,355.2,63746
2025-12-05 10:25:00,355.15,355.15,354.2,354.2,65833
2025-12-05 10:30:00,354.3,355.0,354.0,354.75,39091
2025-12-05 10:35:00,354.75,355.3,354.7,354.95,19034
2025-12-05 10:40:00,354.95,356.3,354.9,356.25,36834
2025-12-05 10:45:00,356.2,356.25,355.75,356.1,27251
2025-12-05 10:50:00,356.05,357.7,355.9,357.4,81359
2025-12-05 10:55:00,357.4,357.95,357.35,357.5,57740
2025-12-05 11:00:00,357.6,358.0,357.5,357.8,35601
2025-12-05 11:05:00,357.8,358.4,357.8,358.3,54623
2025-12-05 11:10:00,358.3,358.85,358.1,358.35,64613
2025-12-05 11:15:00,358.65,358.7,357.95,358.25,24948
2025-12-05 11:20:00,358.25,358.65,358.25,358.5,18712
2025-12-05 11:25:00,358.5,358.5,358.15,358.35,15379
2025-12-05 11:30:00,358.35,358.35,358.1,358.1,10999
2025-12-05 11:35:00,358.15,358.3,358.05,358.3,40398
2025-12-05 11:40:00,358.3,358.3,357.2,357.9,54308
2025-12-05 11:45:00,358.0,358.0,357.3,357.65,25140
2025-12-05 11:50:00,357.6,357.8,357.45,357.75,12397
2025-12-05 11:55:00,357.8,359.15,357.65,359.0,63273
2025-12-05 12:00:00,359.0,359.05,358.7,358.8,9829
2025-12-05 12:05:00,358.9,358.9,358.75,358.8,8554
2025-12-05 12:10:00,358.85,359.3,358.6,358.75,32047
2025-12-05 12:15:00,358.8,358.85,358.35,358.75,13779
2025-12-05 12:20:00,358.8,359.2,358.65,359.15,15757
2025-12-05 12:25:00,359.2,359.6,359.15,359.5,25498
2025-12-05 12:30:00,359.55,359.8,359.5,359.65,26566
2025-12-05 12:35:00,359.75,359.95,359.7,359.9,20836
2025-12-05 12:40:00,359.9,359.9,359.3,359.65,11648
2025-12-05 12:45:00,359.6,360.65,359.6,360.65,69776
2025-12-05 12:50:00,360.6,361.4,360.15,361.25,49556
2025-12-05 12:55:00,361.2,361.45,360.55,360.7,50761
2025-12-05 13:00:00,360.8,361.6,360.5,360.85,89251
2025-12-05 13:05:00,360.9,361.0,360.55,360.9,20766
2025-12-05 13:10:00,360.9,360.95,360.55,360.9,27764
2025-12-05 13:15:00,360.9,361.25,360.5,360.55,37802
2025-12-05 13:20:00,360.6,361.0,360.6,360.85,15662
2025-12-05 13:25:00,360.9,361.4,360.85,361.0,41551
2025-12-05 13:30:00,361.0,361.25,360.7,361.0,24364
2025-12-05 13:35:00,361.0,361.0,360.8,360.85,18257
2025-12-05 13:40:00,360.85,361.0,360.5,361.0,22981
2025-12-05 13:45:00,361.0,361.2,360.6,360.7,43244
2025-12-05 13:50:00,360.7,361.0,360.55,360.75,22442
2025-12-05 13:55:00,360.6,360.9,360.6,360.75,27943
2025-12-05 14:00:00,360.75,361.4,360.75,361.25,69491
2025-12-05 14:05:00,361.4,361.4,360.1,360.15,47702
2025-12-05 14:10:00,360.15,360.75,360.15,360.55,22421
2025-12-05 14:15:00,360.55,360.8,360.35,360.8,14181
2025-12-05 14:20:00,360.8,360.9,360.45,360.45,16663
2025-12-05 14:25:00,360.5,360.75,360.1,360.35,16820
2025-12-05 14:30:00,360.1,360.3,359.4,359.55,60818
2025-12-05 14:35:00,359.55,360.15,359.55,359.85,60602
2025-12-05 14:40:00,359.75,360.1,359.5,359.65,48857
2025-12-05 14:45:00,359.5,359.65,359.05,359.6,55424
2025-12-05 14:50:00,359.6,360.0,359.15,359.3,87126
2025-12-05 14:55:00,359.2,359.9,359.1,359.35,83542
2025-12-05 15:00:00,359.45,360.5,359.45,360.35,125155
2025-12-05 15:05:00,360.4,360.75,360.0,360.5,140781
2025-12-05 15:10:00,360.5,360.7,360.2,360.4,135465
2025-12-05 15:15:00,360.35,360.55,360.1,360.25,147785
2025-12-05 15:20:00,360.3,360.6,360.15,360.35,151613
2025-12-05 15:25:00,360.35,360.65,360.05,360.5,145048
2025-12-08 09:15:00,363.0,363.0,359.15,360.6,324793
2025-12-08 09:20:00,360.9,361.1,360.1,360.85,126577
2025-12-08 09:25:00,360.85,361.4,360.65,360.7,94845
2025-12-08 09:30:00,360.7,362.4,360.5,361.75,235526
2025-12-08 09:35:00,361.8,362.1,361.4,361.55,73178
2025-12-08 09:40:00,361.6,361.6,360.5,360.5,161121
2025-12-08 09:45:00,360.5,360.5,359.55,359.75,164370
2025-12-08 09:50:00,359.75,360.05,359.5,359.55,64152
2025-12-08 09:55:00,359.6,359.9,358.95,359.7,114130
2025-12-08 10:00:00,359.85,360.45,359.85,360.2,61911
2025-12-08 10:05:00,360.2,360.45,359.8,360.1,82444
2025-12-08 10:10:00,360.05,360.5,360.05,360.5,78461
2025-12-08 10:15:00,360.7,361.35,360.45,361.0,129358
2025-12-08 10:20:00,360.9,361.4,360.85,361.15,64860
2025-12-08 10:25:00,361.1,361.45,360.95,361.4,65712
2025-12-08 10:30:00,361.4,361.4,360.55,360.55,73780
2025-12-08 10:35:00,360.55,361.1,360.15,361.0,84753
2025-12-08 10:40:00,361.05,361.2,360.8,361.05,100487
2025-12-08 10:45:00,361.0,361.1,360.75,360.8,46318
2025-12-08 10:50:00,360.8,361.3,360.7,361.25,33756
2025-12-08 10:55:00,361.3,361.3,360.7,360.9,75264
2025-12-08 11:00:00,360.9,361.1,360.4,360.7,166588
2025-12-08 11:05:00,360.65,360.65,360.1,360.3,70731
2025-12-08 11:10:00,360.3,360.85,360.3,360.85,59149
2025-12-08 11:15:00,360.85,360.85,360.65,360.7,87150
2025-12-08 11:20:00,360.7,361.15,360.55,361.05,67524
2025-12-08 11:25:00,361.05,361.5,361.05,361.5,53869
2025-12-08 11:30:00,361.5,361.9,361.4,361.5,100575
2025-12-08 11:35:00,361.45,361.5,361.15,361.45,54623
2025-12-08 11:40:00,361.5,361.8,361.05,361.55,83566
2025-12-08 11:45:00,361.4,362.0,361.2,361.9,37657
2025-12-08 11:50:00,362.0,362.0,361.5,361.5,54815
2025-12-08 11:55:00,361.55,361.75,361.1,361.5,55753
2025-12-08 12:00:00,361.5,361.55,360.9,360.9,36533
2025-12-08 12:05:00,360.85,360.95,360.05,360.15,53649
2025-12-08 12:10:00,360.1,360.4,360.0,360.05,45576
2025-12-08 12:15:00,360.0,360.05,359.55,359.65,38438
2025-12-08 12:20:00,359.65,360.0,359.55,360.0,33251
2025-12-08 12:25:00,360.0,360.0,359.5,359.55,41663
2025-12-08 12:30:00,359.55,359.85,359.5,359.7,30751
2025-12-08 12:35:00,359.7,360.0,358.15,358.35,135300
2025-12-08 12:40:00,358.35,358.65,358.3,358.65,29561
2025-12-08 12:45:00,358.6,358.7,358.1,358.7,49909
2025-12-08 12:50:00,358.6,358.9,358.5,358.7,53246
2025-12-08 12:55:00,358.75,358.75,358.0,358.1,116618
2025-12-08 13:00:00,358.1,358.35,357.85,358.0,103481
2025-12-08 13:05:00,358.1,358.15,357.75,358.0,53813
2025-12-08 13:10:00,357.95,358.4,357.95,358.1,57538
2025-12-08 13:15:00,358.2,358.2,357.55,357.55,52751
2025-12-08 13:20:00,357.6,357.7,357.2,357.55,54048
2025-12-08 13:25:00,357.55,357.7,357.35,357.5,32161
2025-12-08 13:30:00,357.5,357.85,357.2,357.5,71763
2025-12-08 13:35:00,357.45,357.8,357.2,357.25,31008
2025-12-08 13:40:00,357.45,358.0,357.0,357.9,73348
2025-12-08 13:45:00,358.0,358.05,357.6,357.65,93019
2025-12-08 13:50:00,357.7,357.7,357.35,357.55,30738
2025-12-08 13:55:00,357.45,357.55,357.05,357.45,31472
2025-12-08 14:00:00,357.3,357.4,357.05,357.3,35452
2025-12-08 14:05:00,357.3,357.35,356.15,356.45,327871
2025-12-08 14:10:00,356.5,357.0,356.35,356.6,63399
2025-12-08 14:15:00,356.6,356.7,356.15,356.45,43387
2025-12-08 14:20:00,356.45,356.5,356.0,356.15,66842
2025-12-08 14:25:00,356.15,356.2,355.85,356.1,33218
2025-12-08 14:30:00,356.0,356.4,355.45,355.5,59052
2025-12-08 14:35:00,355.55,355.7,355.2,355.4,56272
2025-12-08 14:40:00,355.3,355.8,355.3,355.8,37695
2025-12-08 14:45:00,355.65,356.05,355.5,355.85,46495
2025-12-08 14:50:00,355.8,356.25,355.6,355.65,69414
2025-12-08 14:55:00,355.65,356.15,355.15,355.75,88393
2025-12-08 15:00:00,355.75,357.45,355.75,357.1,309435
2025-12-08 15:05:00,357.05,358.35,357.05,358.15,171935
2025-12-08 15:10:00,358.1,358.65,357.85,358.0,202854
2025-12-08 15:15:00,358.0,358.0,357.35,357.65,237853
2025-12-08 15:20:00,357.65,357.9,357.3,357.8,198135
2025-12-08 15:25:00,357.8,358.0,355.65,357.0,194725
2025-12-09 09:15:00,357.55,357.55,355.35,356.15,375025
2025-12-09 09:20:00,356.25,357.4,355.4,356.8,171082
2025-12-09 09:25:00,356.9,357.05,356.1,356.55,66649
2025-12-09 09:30:00,356.55,356.55,355.2,355.95,92441
2025-12-09 09:35:00,355.8,356.3,355.45,355.85,81084
2025-12-09 09:40:00,355.6,355.7,354.4,354.4,81846
2025-12-09 09:45:00,354.2,355.2,354.15,354.75,49505
2025-12-09 09:50:00,354.8,354.85,353.75,354.15,55747
2025-12-09 09:55:00,354.0,354.15,353.05,353.05,69812
2025-12-09 10:00:00,353.15,354.25,352.95,354.05,52296
2025-12-09 10:05:00,354.2,355.9,354.15,355.5,85993
2025-12-09 10:10:00,355.5,356.3,355.2,355.8,69773
2025-12-09 10:15:00,355.8,358.5,355.8,357.95,122883
2025-12-09 10:20:00,357.95,358.75,357.3,357.75,75895
2025-12-09 10:25:00,357.75,357.75,356.95,356.95,50067
2025-12-09 10:30:00,357.05,357.05,355.5,355.5,65402
2025-12-09 10:35:00,355.5,355.5,354.55,355.05,67104
2025-12-09 10:40:00,354.9,355.2,354.65,354.85,39853
2025-12-09 10:45:00,354.85,355.05,354.4,354.5,53454
2025-12-09 10:50:00,354.6,354.7,354.25,354.6,30352
2025-12-09 10:55:00,354.6,355.05,354.5,354.7,70069
2025-12-09 11:00:00,354.7,355.25,354.7,354.85,49907
2025-12-09 11:05:00,354.85,356.4,354.85,356.25,36130
2025-12-09 11:10:00,356.25,356.75,356.25,356.45,34298
2025-12-09 11:15:00,356.5,356.55,356.0,356.4,61885
2025-12-09 11:20:00,356.35,356.4,355.8,355.85,24611
2025-12-09 11:25:00,355.85,356.05,355.4,355.4,45789
2025-12-09 11:30:00,355.45,355.6,355.05,355.35,56208
2025-12-09 11:35:00,355.35,356.4,355.3,356.25,63868
2025-12-09 11:40:00,356.25,356.3,355.4,355.4,34207
2025-12-09 11:45:00,355.4,355.55,354.95,355.3,78794
2025-12-09 11:50:00,355.3,355.9,355.3,355.8,20476
2025-12-09 11:55:00,355.8,356.4,355.5,356.1,85395
2025-12-09 12:00:00,356.0,356.25,355.9,356.2,22341
2025-12-09 12:05:00,356.25,357.1,356.05,356.8,96234
2025-12-09 12:10:00,356.8,357.5,356.7,357.35,38212
2025-12-09 12:15:00,357.35,357.4,357.15,357.2,27370
2025-12-09 12:20:00,357.15,357.5,357.15,357.45,20547
2025-12-09 12:25:00,357.5,357.55,356.1,356.2,69792
2025-12-09 12:30:00,356.1,356.45,355.7,356.25,57299
2025-12-09 12:35:00,356.15,356.35,355.8,355.8,21970
2025-12-09 12:40:00,355.75,356.0,355.55,355.55,77198
2025-12-09 12:45:00,355.55,355.8,355.5,355.7,24977
2025-12-09 12:50:00,355.7,355.75,355.2,355.3,44971
2025-12-09 12:55:00,355.25,355.25,354.65,355.05,43386
2025-12-09 13:00:00,355.1,355.9,355.05,355.85,24634
2025-12-09 13:05:00,355.7,355.85,355.5,355.6,28177
2025-12-09 13:10:00,355.6,355.65,355.3,355.55,39587
2025-12-09 13:15:00,355.5,355.8,355.45,355.65,27718
2025-12-09 13:20:00,355.6,355.7,355.6,355.65,15179
2025-12-09 13:25:00,355.65,356.75,355.65,356.3,53363
2025-12-09 13:30:00,356.4,356.65,355.8,356.55,326481
2025-12-09 13:35:00,356.55,356.7,356.35,356.5,24503
2025-12-09 13:40:00,356.6,357.0,356.3,356.35,55222
2025-12-09 13:45:00,356.2,356.35,355.7,355.95,89260
2025-12-09 13:50:00,355.9,356.0,355.7,355.95,37215
2025-12-09 13:55:00,355.95,356.0,355.7,355.7,23908
2025-12-09 14:00:00,355.8,356.0,355.5,355.5,18258
2025-12-09 14:05:00,355.55,355.7,355.15,355.7,65719
2025-12-09 14:10:00,355.75,356.0,355.5,355.75,174572
2025-12-09 14:15:00,355.7,355.7,354.9,354.95,65202
2025-12-09 14:20:00,354.9,354.95,354.1,354.1,42621
2025-12-09 14:25:00,354.2,354.85,354.1,354.35,111341
2025-12-09 14:30:00,354.35,354.55,354.2,354.35,64168
2025-12-09 14:35:00,354.35,354.5,354.0,354.15,65050
2025-12-09 14:40:00,354.2,354.4,354.1,354.2,44079
2025-12-09 14:45:00,354.2,354.85,354.2,354.85,40140
2025-12-09 14:50:00,354.85,354.85,354.5,354.8,37336
2025-12-09 14:55:00,354.7,354.95,354.5,354.95,40895
2025-12-09 15:00:00,354.95,355.1,354.7,354.75,209321
2025-12-09 15:05:00,354.8,355.15,354.8,354.9,157373
2025-12-09 15:10:00,354.9,355.2,354.85,355.05,211322
2025-12-09 15:15:00,355.0,355.05,354.9,354.95,163246
2025-12-09 15:20:00,354.95,355.35,354.9,355.3,207204
2025-12-09 15:25:00,355.3,355.75,354.9,354.9,169469
2025-12-10 09:15:00,355.05,356.2,354.35,355.85,276021
2025-12-10 09:20:00,355.75,355.75,354.55,354.55,128019
2025-12-10 09:25:00,354.7,355.2,354.65,354.95,55283
2025-12-10 09:30:00,354.95,355.3,354.95,355.3,95672
2025-12-10 09:35:00,355.3,355.95,355.2,355.55,113668
2025-12-10 09:40:00,355.6,355.7,355.3,355.5,59382
2025-12-10 09:45:00,355.45,355.7,355.3,355.35,47482
2025-12-10 09:50:00,355.35,355.5,354.8,355.5,415325
2025-12-10 09:55:00,355.45,355.65,355.05,355.1,41914
2025-12-10 10:00:00,355.05,355.45,355.05,355.45,24559
2025-12-10 10:05:00,355.4,356.9,355.3,356.75,72674
2025-12-10 10:10:00,356.75,357.15,356.3,356.45,127376
2025-12-10 10:15:00,356.5,356.5,356.25,356.4,15238
2025-12-10 10:20:00,356.45,357.0,356.45,356.85,48942
2025-12-10 10:25:00,356.9,357.9,356.8,357.5,496276
2025-12-10 10:30:00,357.5,357.95,356.9,357.0,411276
2025-12-10 10:35:00,357.0,357.2,356.55,356.65,60860
2025-12-10 10:40:00,356.7,357.5,356.35,357.25,299477
2025-12-10 10:45:00,357.25,359.95,356.9,359.5,240116
2025-12-10 10:50:00,359.5,359.7,358.0,358.0,138323
2025-12-10 10:55:00,358.0,358.3,357.7,357.7,48751
2025-12-10 11:00:00,357.7,358.6,357.4,358.5,58685
2025-12-10 11:05:00,358.5,358.75,358.2,358.7,147812
2025-12-10 11:10:00,358.75,358.75,357.85,357.95,158565
2025-12-10 11:15:00,358.0,358.0,357.0,357.45,100924
2025-12-10 11:20:00,357.5,357.65,357.4,357.55,36587
2025-12-10 11:25:00,357.65,357.9,357.4,357.75,46553
2025-12-10 11:30:00,357.6,357.75,357.5,357.7,27791
2025-12-10 11:35:00,357.75,358.5,357.7,358.35,62424
2025-12-10 11:40:00,358.35,358.5,357.45,357.5,162811
2025-12-10 11:45:00,357.6,357.6,357.0,357.1,86392
2025-12-10 11:50:00,357.15,357.4,356.15,356.5,67247
2025-12-10 11:55:00,356.55,357.45,356.5,357.0,98435
2025-12-10 12:00:00,356.9,357.25,356.85,357.15,39101
2025-12-10 12:05:00,357.15,357.8,357.1,357.4,46450
2025-12-10 12:10:00,357.45,357.5,357.05,357.3,18097
2025-12-10 12:15:00,357.35,357.45,356.35,356.65,41840
2025-12-10 12:20:00,356.6,357.05,356.5,356.55,18106
2025-12-10 12:25:00,356.55,356.65,356.05,356.25,31267
2025-12-10 12:30:00,356.25,356.25,355.3,355.3,60724
2025-12-10 12:35:00,355.35,355.4,354.9,354.95,35450
2025-12-10 12:40:00,355.0,355.3,354.95,355.05,19189
2025-12-10 12:45:00,355.1,355.15,354.5,354.85,62601
2025-12-10 12:50:00,354.9,355.0,354.55,354.75,22230
2025-12-10 12:55:00,354.75,355.0,354.7,354.9,29850
2025-12-10 13:00:00,354.95,355.1,354.85,354.85,123111
2025-12-10 13:05:00,354.85,354.95,354.5,354.8,34394
2025-12-10 13:10:00,354.85,355.0,354.5,354.5,27739
2025-12-10 13:15:00,354.55,355.0,354.5,354.95,16816
2025-12-10 13:20:00,355.0,355.0,354.6,354.7,29025
2025-12-10 13:25:00,354.75,355.0,354.7,354.85,20935
2025-12-10 13:30:00,354.85,355.45,354.85,355.3,259151
2025-12-10 13:35:00,355.45,355.5,355.2,355.2,25760
2025-12-10 13:40:00,355.25,355.55,355.2,355.2,38219
2025-12-10 13:45:00,355.2,355.45,355.1,355.2,21182
2025-12-10 13:50:00,355.2,355.4,355.05,355.35,22085
2025-12-10 13:55:00,355.3,356.15,355.1,356.0,401358
2025-12-10 14:00:00,356.05,356.05,355.15,355.4,36671
2025-12-10 14:05:00,355.45,355.5,355.0,355.05,44455
2025-12-10 14:10:00,355.05,355.2,354.2,354.5,96762
2025-12-10 14:15:00,354.5,354.8,354.0,354.05,47965
2025-12-10 14:20:00,354.05,354.05,353.6,353.75,40788
2025-12-10 14:25:00,353.8,354.0,353.5,353.55,59233
2025-12-10 14:30:00,353.55,354.0,353.55,353.95,54745
2025-12-10 14:35:00,353.95,353.95,353.35,353.65,49794
2025-12-10 14:40:00,353.55,353.65,352.8,352.95,100350
2025-12-10 14:45:00,352.9,353.55,352.75,353.45,48154
2025-12-10 14:50:00,353.4,353.75,353.15,353.3,145113
2025-12-10 14:55:00,353.25,353.95,352.95,353.9,191198
2025-12-10 15:00:00,353.95,355.6,353.9,355.35,651388
2025-12-10 15:05:00,355.3,355.5,354.75,355.45,189969
2025-12-10 15:10:00,355.4,355.85,355.1,355.7,250692
2025-12-10 15:15:00,355.65,356.1,355.55,356.1,212174
2025-12-10 15:20:00,356.1,356.1,355.7,355.7,310517
2025-12-10 15:25:00,355.45,356.0,355.0,355.0,251871
2025-12-11 09:15:00,355.15,356.35,354.5,355.3,87701
2025-12-11 09:20:00,355.3,355.85,354.6,354.9,51850
2025-12-11 09:25:00,354.8,356.1,354.8,355.7,37972
2025-12-11 09:30:00,355.75,355.9,354.6,354.8,35811
2025-12-11 09:35:00,354.7,354.7,352.4,352.4,91068
2025-12-11 09:40:00,352.4,352.7,351.3,351.8,192071
2025-12-11 09:45:00,351.8,352.0,351.0,352.0,60443
2025-12-11 09:50:00,351.9,352.05,350.75,351.2,43533
2025-12-11 09:55:00,351.1,351.25,349.55,349.8,102002
2025-12-11 10:00:00,349.9,350.45,349.8,350.3,35892
2025-12-11 10:05:00,350.4,351.15,350.4,350.6,46525
2025-12-11 10:10:00,350.55,350.9,350.1,350.9,25016
2025-12-11 10:15:00,351.0,351.7,350.75,351.7,85879
2025-12-11 10:20:00,351.55,351.85,351.15,351.65,53689
2025-12-11 10:25:00,351.75,353.35,351.65,353.35,118464
2025-12-11 10:30:00,353.35,353.8,352.95,353.45,191114
2025-12-11 10:35:00,353.0,353.55,352.7,353.25,110281
2025-12-11 10:40:00,353.35,353.35,352.1,352.6,85363
2025-12-11 10:45:00,352.6,352.9,352.3,352.75,10768
2025-12-11 10:50:00,352.75,353.0,352.65,352.65,13907
2025-12-11 10:55:00,352.65,352.75,351.65,351.65,34751
2025-12-11 11:00:00,351.8,352.4,351.65,351.65,29416
2025-12-11 11:05:00,351.65,352.35,351.65,352.25,9321
2025-12-11 11:10:00,352.3,352.85,352.05,352.2,31924
2025-12-11 11:15:00,352.2,353.0,352.2,352.75,18412
2025-12-11 11:20:00,352.75,353.0,352.75,352.95,11166
2025-12-11 11:25:00,353.0,353.05,352.45,352.55,50183
2025-12-11 11:30:00,352.6,352.95,352.35,352.35,14477
2025-12-11 11:35:00,352.45,352.55,351.9,352.25,15963
2025-12-11 11:40:00,352.45,352.8,352.25,352.55,13696
2025-12-11 11:45:00,352.55,352.9,352.15,352.2,10082
2025-12-11 11:50:00,352.15,352.45,351.85,352.0,39476
2025-12-11 11:55:00,351.95,352.25,351.45,351.45,107679
2025-12-11 12:00:00,351.45,352.85,351.45,352.85,94680
2025-12-11 12:05:00,352.9,353.0,352.15,353.0,246424
2025-12-11 12:10:00,353.0,353.1,352.5,352.9,43096
2025-12-11 12:15:00,352.85,353.2,352.8,352.9,81339
2025-12-11 12:20:00,352.9,353.1,352.3,352.5,27935
2025-12-11 12:25:00,352.5,352.8,352.45,352.5,22832
2025-12-11 12:30:00,352.6,353.4,352.2,352.55,101640
2025-12-11 12:35:00,352.55,352.65,352.0,352.25,14158
2025-12-11 12:40:00,352.4,352.85,352.1,352.65,36768
2025-12-11 12:45:00,352.75,353.0,352.4,352.8,57265
2025-12-11 12:50:00,352.8,353.0,352.6,352.7,45430
2025-12-11 12:55:00,352.85,353.0,352.35,352.4,41388
2025-12-11 13:00:00,352.4,352.65,352.1,352.15,22161
2025-12-11 13:05:00,352.3,352.4,351.7,351.75,19396
2025-12-11 13:10:00,351.8,351.85,351.2,351.6,24036
2025-12-11 13:15:00,351.6,352.2,351.45,351.95,41096
2025-12-11 13:20:00,352.0,352.2,351.75,351.9,12549
2025-12-11 13:25:00,351.95,352.25,351.55,351.7,20930
2025-12-11 13:30:00,351.8,352.45,351.7,352.2,17590
2025-12-11 13:35:00,352.25,352.4,352.0,352.05,14682
2025-12-11 13:40:00,352.2,352.25,351.9,351.9,14057
2025-12-11 13:45:00,351.95,352.2,351.7,351.75,11160
2025-12-11 13:50:00,351.75,351.9,351.5,351.6,21111
2025-12-11 13:55:00,351.55,351.9,351.55,351.55,10004
2025-12-11 14:00:00,351.55,351.8,351.0,351.15,23668
2025-12-11 14:05:00,351.15,351.8,351.1,351.4,24328
2025-12-11 14:10:00,351.35,351.8,350.8,350.85,71340
2025-12-11 14:15:00,350.95,351.35,350.8,351.25,28395
2025-12-11 14:20:00,351.15,351.25,350.55,350.85,50256
2025-12-11 14:25:00,350.75,351.2,350.75,351.0,66027
2025-12-11 14:30:00,351.0,351.25,350.7,350.75,152449
2025-12-11 14:35:00,350.65,350.85,350.2,350.35,111864
2025-12-11 14:40:00,350.4,350.45,349.75,349.9,144801
2025-12-11 14:45:00,349.8,350.0,349.55,349.65,96598
2025-12-11 14:50:00,349.7,349.95,349.1,349.7,94238
2025-12-11 14:55:00,349.8,350.4,349.75,350.4,44695
2025-12-11 15:00:00,350.5,351.3,350.5,351.1,109021
2025-12-11 15:05:00,351.2,351.4,351.05,351.35,89862
2025-12-11 15:10:00,351.35,351.65,351.3,351.4,103516
2025-12-11 15:15:00,351.4,351.65,351.35,351.45,114284
2025-12-11 15:20:00,351.5,351.5,351.05,351.5,143284
2025-12-11 15:25:00,351.5,351.85,351.1,351.5,109920
2025-12-12 09:15:00,352.5,358.0,352.5,357.8,290961
2025-12-12 09:20:00,357.5,357.8,356.6,356.6,85080
2025-12-12 09:25:00,356.65,356.7,355.95,356.2,54940
2025-12-12 09:30:00,356.15,357.25,356.15,357.25,60546
2025-12-12 09:35:00,357.25,357.75,357.2,357.6,58541
2025-12-12 09:40:00,357.6,357.75,357.05,357.05,51008
2025-12-12 09:45:00,357.35,357.65,356.85,357.35,53671
2025-12-12 09:50:00,357.2,358.25,357.15,357.85,103593
2025-12-12 09:55:00,357.85,357.9,357.2,357.3,51638
2025-12-12 10:00:00,357.3,357.45,356.3,356.75,72912
2025-12-12 10:05:00,356.75,356.85,356.4,356.75,39519
2025-12-12 10:10:00,356.65,356.9,356.5,356.8,27654
2025-12-12 10:15:00,356.8,357.45,356.7,356.95,38514
2025-12-12 10:20:00,356.95,357.15,356.6,356.6,37270
2025-12-12 10:25:00,356.6,356.85,356.1,356.75,36926
2025-12-12 10:30:00,356.75,357.45,356.6,357.4,36303
2025-12-12 10:35:00,357.4,357.45,356.35,356.4,54421
2025-12-12 10:40:00,356.5,356.5,355.55,355.85,72993
2025-12-12 10:45:00,355.9,356.05,355.1,355.3,72718
2025-12-12 10:50:00,355.25,356.0,355.1,355.85,30062
2025-12-12 10:55:00,355.85,357.2,355.85,356.45,478400
2025-12-12 11:00:00,356.5,358.5,356.4,357.65,158156
2025-12-12 11:05:00,357.6,358.0,357.45,357.95,51032
2025-12-12 11:10:00,357.95,359.0,357.95,358.7,233152
2025-12-12 11:15:00,358.55,359.7,358.45,359.35,96906
2025-12-12 11:20:00,359.45,359.8,359.15,359.7,61032
2025-12-12 11:25:00,359.7,359.8,359.35,359.4,43978
2025-12-12 11:30:00,359.5,360.45,358.95,359.0,174006
2025-12-12 11:35:00,359.0,359.85,358.95,359.2,189645
2025-12-12 11:40:00,359.2,359.4,359.0,359.2,32884
2025-12-12 11:45:00,359.2,359.6,358.7,358.7,99831
2025-12-12 11:50:00,358.7,359.3,358.65,358.8,44872
2025-12-12 11:55:00,358.9,359.2,358.85,359.1,15249
2025-12-12 12:00:00,359.2,359.2,358.9,359.2,28220
2025-12-12 12:05:00,359.15,359.5,359.15,359.3,20685
2025-12-12 12:10:00,359.35,359.6,359.15,359.4,28028
2025-12-12 12:15:00,359.35,359.85,359.35,359.75,24329
2025-12-12 12:20:00,359.85,359.85,359.6,359.75,16018
2025-12-12 12:25:00,359.7,360.0,359.7,359.95,26268
2025-12-12 12:30:00,360.0,361.4,359.95,361.25,110619
2025-12-12 12:35:00,361.3,361.3,360.6,360.85,92267
2025-12-12 12:40:00,360.85,361.25,360.3,360.7,67346
2025-12-12 12:45:00,360.7,360.85,360.45,360.5,25466
2025-12-12 12:50:00,360.5,361.4,360.5,361.35,28572
2025-12-12 12:55:00,361.35,361.5,361.0,361.05,35448
2025-12-12 13:00:00,361.0,361.5,360.9,361.25,29612
2025-12-12 13:05:00,361.25,361.7,361.05,361.55,28194
2025-12-12 13:10:00,361.55,361.9,361.55,361.8,30179
2025-12-12 13:15:00,362.0,362.65,362.0,362.35,117762
2025-12-12 13:20:00,362.4,362.85,362.3,362.4,73921
2025-12-12 13:25:00,362.4,362.5,362.3,362.4,34863
2025-12-12 13:30:00,362.35,362.4,361.8,362.0,45500
2025-12-12 13:35:00,362.0,362.6,362.0,362.6,25261
2025-12-12 13:40:00,362.5,362.9,362.5,362.55,39670
2025-12-12 13:45:00,362.7,363.0,362.55,362.8,59664
2025-12-12 13:50:00,362.8,363.0,362.15,362.3,66593
2025-12-12 13:55:00,362.3,362.5,362.1,362.2,33813
2025-12-12 14:00:00,362.25,362.75,362.2,362.7,21221
2025-12-12 14:05:00,362.7,363.35,362.5,363.25,74742
2025-12-12 14:10:00,363.3,363.55,363.3,363.5,60007
2025-12-12 14:15:00,363.35,363.55,363.2,363.4,46511
2025-12-12 14:20:00,363.4,363.55,363.3,363.45,35618
2025-12-12 14:25:00,363.45,363.5,363.0,363.0,37797
2025-12-12 14:30:00,363.05,363.1,362.95,362.95,29567
2025-12-12 14:35:00,363.0,363.2,362.8,362.9,38501
2025-12-12 14:40:00,362.95,363.25,362.7,362.95,39511
2025-12-12 14:45:00,362.9,363.2,362.75,362.9,64585
2025-12-12 14:50:00,363.0,363.15,362.8,363.1,54481
2025-12-12 14:55:00,362.95,363.2,362.85,362.85,84437
2025-12-12 15:00:00,363.4,363.9,363.25,363.9,151669
2025-12-12 15:05:00,363.9,364.85,363.8,364.75,205921
2025-12-12 15:10:00,364.8,365.0,364.6,364.95,156893
2025-12-12 15:15:00,364.95,365.45,364.8,365.15,387392
2025-12-12 15:20:00,365.15,366.65,364.8,366.35,290688
2025-12-12 15:25:00,366.35,366.4,365.0,365.0,215514
2025-12-15 09:15:00,365.1,366.2,363.25,363.3,254511
2025-12-15 09:20:00,363.3,363.5,361.1,361.4,141033
2025-12-15 09:25:00,361.4,362.3,361.25,362.2,72263
2025-12-15 09:30:00,362.2,364.2,361.95,363.7,82873
2025-12-15 09:35:00,363.9,364.0,363.2,363.7,54660
2025-12-15 09:40:00,363.8,364.8,363.8,363.95,68463
2025-12-15 09:45:00,363.95,364.9,363.2,364.9,52303
2025-12-15 09:50:00,364.95,368.35,364.8,367.65,285410
2025-12-15 09:55:00,367.75,369.3,367.45,368.4,271517
2025-12-15 10:00:00,368.35,369.25,368.35,369.15,142419
2025-12-15 10:05:00,369.1,369.45,368.65,368.9,110642
2025-12-15 10:10:00,368.9,368.9,367.75,368.1,84029
2025-12-15 10:15:00,368.15,368.9,367.0,367.2,146599
2025-12-15 10:20:00,367.25,367.95,367.25,367.5,44404
2025-12-15 10:25:00,367.4,367.85,367.1,367.75,32524
2025-12-15 10:30:00,367.8,368.0,367.3,367.4,51297
2025-12-15 10:35:00,367.45,367.45,366.55,366.55,56144
2025-12-15 10:40:00,366.6,367.0,366.15,366.4,74199
2025-12-15 10:45:00,366.45,366.45,365.45,365.7,63174
2025-12-15 10:50:00,365.75,366.5,365.7,366.2,75044
2025-12-15 10:55:00,366.2,366.9,366.15,366.55,54401
2025-12-15 11:00:00,366.65,366.8,366.3,366.3,39032
2025-12-15 11:05:00,366.35,366.55,366.15,366.4,30230
2025-12-15 11:10:00,366.45,367.0,366.35,366.35,62618
2025-12-15 11:15:00,366.35,367.3,366.2,367.1,239044
2025-12-15 11:20:00,367.05,367.4,366.75,367.3,26688
2025-12-15 11:25:00,367.3,367.35,367.15,367.3,22013
2025-12-15 11:30:00,367.35,367.35,366.45,366.5,33380
2025-12-15 11:35:00,366.55,366.55,366.0,366.05,26017
2025-12-15 11:40:00,366.1,366.35,366.0,366.2,26029
2025-12-15 11:45:00,366.25,366.65,366.15,366.6,19818
2025-12-15 11:50:00,366.55,366.95,366.15,366.15,35074
2025-12-15 11:55:00,366.15,366.25,366.05,366.2,21448
2025-12-15 12:00:00,366.25,366.25,365.55,365.55,37222
2025-12-15 12:05:00,365.6,365.6,364.5,364.75,96465
2025-12-15 12:10:00,364.8,365.0,364.7,365.0,20211
2025-12-15 12:15:00,365.0,365.2,364.85,365.0,21929
2025-12-15 12:20:00,365.0,365.4,365.0,365.1,19104
2025-12-15 12:25:00,365.15,365.5,365.1,365.25,19370
2025-12-15 12:30:00,365.3,365.3,364.9,365.0,31599
2025-12-15 12:35:00,365.05,365.5,365.05,365.5,20973
2025-12-15 12:40:00,365.5,365.95,365.45,365.6,51812
2025-12-15 12:45:00,365.55,365.7,365.05,365.05,20023
2025-12-15 12:50:00,365.15,365.35,365.05,365.2,14110
2025-12-15 12:55:00,365.15,365.8,365.0,365.8,43402
2025-12-15 13:00:00,365.8,366.1,365.35,365.45,41892
2025-12-15 13:05:00,365.45,365.5,365.3,365.3,31484
2025-12-15 13:10:00,365.35,366.25,365.3,366.2,90368
2025-12-15 13:15:00,366.3,366.65,366.05,366.05,56382
2025-12-15 13:20:00,366.1,366.1,365.6,365.9,34279
2025-12-15 13:25:00,365.95,366.15,365.8,366.15,20102
2025-12-15 13:30:00,366.15,366.25,365.65,365.75,31809
2025-12-15 13:35:00,365.9,366.0,365.65,365.8,16633
2025-12-15 13:40:00,365.85,366.55,365.6,366.4,136392
2025-12-15 13:45:00,366.5,366.5,365.7,365.75,81522
2025-12-15 13:50:00,365.85,366.0,365.6,365.6,106358
2025-12-15 13:55:00,365.7,365.8,365.2,365.2,19714
2025-12-15 14:00:00,365.25,365.5,365.1,365.3,20862
2025-12-15 14:05:00,365.35,365.45,365.1,365.1,18685
2025-12-15 14:10:00,365.1,365.15,364.8,365.0,39751
2025-12-15 14:15:00,365.0,365.35,364.9,365.0,42614
2025-12-15 14:20:00,365.05,365.5,365.05,365.35,19835
2025-12-15 14:25:00,365.4,365.45,365.2,365.3,18272
2025-12-15 14:30:00,365.4,365.45,365.3,365.4,16600
2025-12-15 14:35:00,365.35,365.5,365.1,365.2,42232
2025-12-15 14:40:00,365.3,366.25,365.2,366.0,66383
2025-12-15 14:45:00,366.0,366.4,365.5,365.5,89440
2025-12-15 14:50:00,365.6,366.6,365.6,365.85,164095
2025-12-15 14:55:00,365.9,366.4,365.7,366.4,336298
2025-12-15 15:00:00,366.5,367.35,366.4,366.7,186225
2025-12-15 15:05:00,366.8,367.15,366.45,367.1,155543
2025-12-15 15:10:00,367.1,367.6,366.9,367.2,284063
2025-12-15 15:15:00,367.45,367.6,367.1,367.1,266253
2025-12-15 15:20:00,367.35,367.55,366.75,367.3,217809
2025-12-15 15:25:00,367.3,367.35,365.1,366.75,250138
2025-12-16 09:15:00,366.75,367.75,365.85,367.65,188572
2025-12-16 09:20:00,367.45,368.55,366.8,366.85,104676
2025-12-16 09:25:00,366.9,366.95,366.25,366.7,50530
2025-12-16 09:30:00,366.7,367.0,365.75,366.0,43776
2025-12-16 09:35:00,366.0,366.4,365.7,366.35,28440
2025-12-16 09:40:00,366.35,366.4,365.5,365.9,46097
2025-12-16 09:45:00,365.9,366.1,365.3,365.5,36711
2025-12-16 09:50:00,365.5,366.0,365.35,365.45,19650
2025-12-16 09:55:00,365.5,365.6,365.0,365.2,23756
2025-12-16 10:00:00,365.2,365.35,364.25,364.25,52144
2025-12-16 10:05:00,364.25,365.15,364.1,364.6,27132
2025-12-16 10:10:00,364.6,364.7,363.45,363.9,59506
2025-12-16 10:15:00,363.9,364.0,363.65,363.85,24543
2025-12-16 10:20:00,363.85,363.85,363.1,363.2,36944
2025-12-16 10:25:00,363.25,363.4,362.7,362.8,61976
2025-12-16 10:30:00,362.8,363.25,362.8,363.2,15945
2025-12-16 10:35:00,363.25,363.6,363.1,363.25,28984
2025-12-16 10:40:00,363.25,364.2,363.0,363.85,38337
2025-12-16 10:45:00,363.85,364.1,363.55,363.8,15258
2025-12-16 10:50:00,363.8,364.2,363.8,363.85,17778
2025-12-16 10:55:00,363.85,363.95,363.55,363.6,8139
2025-12-16 11:00:00,363.55,363.55,362.55,362.8,122460
2025-12-16 11:05:00,362.8,363.2,362.6,362.7,32134
2025-12-16 11:10:00,362.7,362.8,362.55,362.7,13701
2025-12-16 11:15:00,362.7,362.9,362.5,362.75,26923
2025-12-16 11:20:00,362.75,363.0,362.65,362.7,16311
2025-12-16 11:25:00,362.7,362.9,362.7,362.75,7327
2025-12-16 11:30:00,362.75,363.05,362.75,362.8,17596
2025-12-16 11:35:00,362.8,363.1,362.55,362.55,38546
2025-12-16 11:40:00,362.55,362.6,362.35,362.4,25956
2025-12-16 11:45:00,362.4,362.75,362.35,362.6,32006
2025-12-16 11:50:00,362.6,363.0,362.45,362.75,43145
2025-12-16 11:55:00,362.75,362.9,362.55,362.55,15987
2025-12-16 12:00:00,362.65,362.65,362.15,362.5,15808
2025-12-16 12:05:00,362.5,362.55,362.3,362.3,14142
2025-12-16 12:10:00,362.3,362.35,362.15,362.15,11022
2025-12-16 12:15:00,362.15,362.35,362.0,362.35,34958
2025-12-16 12:20:00,362.35,362.5,362.2,362.35,6628
2025-12-16 12:25:00,362.35,362.6,362.25,362.55,7512
2025-12-16 12:30:00,362.55,362.6,362.2,362.25,11143
2025-12-16 12:35:00,362.25,362.25,362.05,362.05,6539
2025-12-16 12:40:00,362.05,362.1,361.8,361.8,27846
2025-12-16 12:45:00,361.8,362.55,361.7,362.1,18728
2025-12-16 12:50:00,362.1,362.45,362.05,362.4,11230
2025-12-16 12:55:00,362.35,362.6,362.3,362.5,36406
2025-12-16 13:00:00,362.4,362.8,362.3,362.55,25289
2025-12-16 13:05:00,362.55,363.2,362.55,363.0,41022
2025-12-16 13:10:00,363.0,363.25,363.0,363.0,20724
2025-12-16 13:15:00,363.0,363.25,362.5,363.05,172897
2025-12-16 13:20:00,363.1,363.1,363.0,363.0,140534
2025-12-16 13:25:00,363.0,363.25,363.0,363.05,15192
2025-12-16 13:30:00,363.05,363.9,363.0,363.65,27545
2025-12-16 13:35:00,363.7,364.8,363.65,364.6,41726
2025-12-16 13:40:00,364.65,365.35,364.5,365.2,100755
2025-12-16 13:45:00,365.2,365.75,365.1,365.55,39995
2025-12-16 13:50:00,365.55,365.8,365.45,365.8,26330
2025-12-16 13:55:00,365.75,366.0,365.2,365.25,44020
2025-12-16 14:00:00,365.25,365.3,365.0,365.1,18217
2025-12-16 14:05:00,365.1,365.4,365.0,365.35,21850
2025-12-16 14:10:00,365.3,365.35,364.75,365.0,146363
2025-12-16 14:15:00,365.0,365.4,364.85,365.05,27143
2025-12-16 14:20:00,365.0,365.4,364.9,365.2,12067
2025-12-16 14:25:00,365.35,365.75,365.05,365.5,19490
2025-12-16 14:30:00,365.6,366.3,365.5,365.95,61120
2025-12-16 14:35:00,365.95,366.6,365.95,366.55,54852
2025-12-16 14:40:00,366.55,366.55,366.25,366.4,47095
2025-12-16 14:45:00,366.5,367.0,366.4,366.8,85850
2025-12-16 14:50:00,366.9,367.05,366.7,366.85,54913
2025-12-16 14:55:00,366.9,367.1,366.65,367.05,66744
2025-12-16 15:00:00,367.05,367.6,366.8,366.85,194768
2025-12-16 15:05:00,367.0,367.85,366.85,367.55,155560
2025-12-16 15:10:00,367.7,369.0,367.5,368.6,308610
2025-12-16 15:15:00,368.7,369.05,368.25,368.5,435121
2025-12-16 15:20:00,368.35,368.6,367.9,367.95,251784
2025-12-16 15:25:00,368.15,368.45,367.8,368.4,136187
2025-12-17 09:15:00,370.0,371.15,368.6,370.75,663423
2025-12-17 09:20:00,370.75,370.9,370.0,370.45,158987
2025-12-17 09:25:00,370.6,371.45,370.5,371.45,201498
2025-12-17 09:30:00,371.45,371.5,370.65,371.0,162045
2025-12-17 09:35:00,371.0,372.0,370.85,371.35,183173
2025-12-17 09:40:00,371.25,371.35,370.95,371.3,93681
2025-12-17 09:45:00,371.3,371.5,370.65,371.15,92139
2025-12-17 09:50:00,371.15,371.6,370.65,371.6,129418
2025-12-17 09:55:00,371.6,372.85,371.5,372.0,260068
2025-12-17 10:00:00,371.95,372.0,369.75,370.0,224292
2025-12-17 10:05:00,370.0,370.15,367.8,368.25,171392
2025-12-17 10:10:00,368.25,368.75,368.2,368.65,55134
2025-12-17 10:15:00,368.7,369.2,368.35,369.0,59537
2025-12-17 10:20:00,369.05,369.45,368.6,369.1,60948
2025-12-17 10:25:00,369.05,369.2,368.3,368.4,77641
2025-12-17 10:30:00,368.4,368.6,367.5,367.75,95626
2025-12-17 10:35:00,367.75,367.75,366.8,366.9,106912
2025-12-17 10:40:00,366.9,367.0,366.35,366.55,90028
2025-12-17 10:45:00,366.55,367.8,366.3,367.55,66743
2025-12-17 10:50:00,367.55,367.8,367.3,367.55,46841
2025-12-17 10:55:00,367.55,367.75,367.2,367.55,58221
2025-12-17 11:00:00,367.55,367.9,367.55,367.8,23795
2025-12-17 11:05:00,367.65,368.7,367.4,368.6,55522
2025-12-17 11:10:00,368.55,369.1,368.55,369.0,48347
2025-12-17 11:15:00,369.0,369.75,369.0,369.35,90951
2025-12-17 11:20:00,369.35,369.45,368.2,368.2,93897
2025-12-17 11:25:00,368.25,368.6,368.2,368.35,60118
2025-12-17 11:30:00,368.3,368.5,368.25,368.3,58291
2025-12-17 11:35:00,368.3,368.45,368.05,368.35,77312
2025-12-17 11:40:00,368.4,368.85,368.2,368.45,49491
2025-12-17 11:45:00,368.35,368.55,368.25,368.25,43427
2025-12-17 11:50:00,368.25,368.4,368.05,368.2,40773
2025-12-17 11:55:00,368.15,368.6,367.3,367.5,68380
2025-12-17 12:00:00,367.55,367.7,366.8,366.85,37915
2025-12-17 12:05:00,366.8,367.05,366.5,366.85,80711
2025-12-17 12:10:00,366.9,367.5,366.85,367.05,32495
2025-12-17 12:15:00,367.05,367.3,366.95,366.95,39941
2025-12-17 12:20:00,366.95,367.0,366.65,366.75,44396
2025-12-17 12:25:00,366.7,366.9,366.05,366.7,100488
2025-12-17 12:30:00,366.65,366.8,366.0,366.75,133079
2025-12-17 12:35:00,366.7,366.75,366.2,366.2,53665
2025-12-17 12:40:00,366.2,366.25,366.1,366.1,33606
2025-12-17 12:45:00,366.1,366.95,366.0,366.45,71052
2025-12-17 12:50:00,366.5,366.9,366.05,366.15,53348
2025-12-17 12:55:00,366.2,366.5,366.1,366.45,56398
2025-12-17 13:00:00,366.5,367.05,366.3,367.05,46588
2025-12-17 13:05:00,366.95,367.85,366.95,367.2,44275
2025-12-17 13:10:00,367.2,367.95,367.0,367.75,62300
2025-12-17 13:15:00,367.65,368.0,367.45,368.0,45772
2025-12-17 13:20:00,367.85,368.4,367.7,368.15,41610
2025-12-17 13:25:00,368.1,368.3,367.8,368.05,63831
2025-12-17 13:30:00,368.0,368.05,367.95,368.05,75067
2025-12-17 13:35:00,368.0,368.05,367.2,367.5,206535
2025-12-17 13:40:00,367.5,368.7,367.4,368.1,111109
2025-12-17 13:45:00,368.05,368.5,368.0,368.5,29870
2025-12-17 13:50:00,368.45,368.65,368.35,368.4,38290
2025-12-17 13:55:00,368.35,368.4,368.0,368.15,44738
2025-12-17 14:00:00,368.1,368.3,368.0,368.2,28098
2025-12-17 14:05:00,368.15,368.45,368.15,368.25,29959
2025-12-17 14:10:00,368.2,368.25,368.0,368.2,29593
2025-12-17 14:15:00,368.15,368.7,368.1,368.55,41045
2025-12-17 14:20:00,368.45,368.6,368.15,368.15,37387
2025-12-17 14:25:00,368.1,368.6,367.9,368.35,131758
2025-12-17 14:30:00,368.3,368.55,368.15,368.5,32942
2025-12-17 14:35:00,368.45,368.55,368.0,368.05,61907
2025-12-17 14:40:00,368.0,368.4,368.0,368.1,70428
2025-12-17 14:45:00,368.1,368.5,367.85,368.3,151044
2025-12-17 14:50:00,368.3,368.35,368.0,368.3,43984
2025-12-17 14:55:00,368.25,368.65,368.1,368.5,65888
2025-12-17 15:00:00,368.7,369.15,368.55,368.55,97521
2025-12-17 15:05:00,368.55,368.8,368.3,368.35,82012
2025-12-17 15:10:00,368.35,368.9,368.3,368.6,115978
2025-12-17 15:15:00,368.65,368.7,368.0,368.1,216076
2025-12-17 15:20:00,368.2,368.35,368.0,368.05,142565
2025-12-17 15:25:00,368.05,368.25,368.0,368.15,139569
2025-12-18 09:15:00,368.0,369.2,366.75,367.3,147057
2025-12-18 09:20:00,367.5,367.65,366.2,366.85,49903
2025-12-18 09:25:00,366.85,366.9,364.65,365.25,82180
2025-12-18 09:30:00,365.25,365.9,365.1,365.25,28524
2025-12-18 09:35:00,365.2,365.2,364.4,365.0,34034
2025-12-18 09:40:00,365.0,365.1,363.75,363.75,39227
2025-12-18 09:45:00,363.75,363.85,363.05,363.25,33067
2025-12-18 09:50:00,363.25,363.85,363.2,363.75,25354
2025-12-18 09:55:00,363.7,363.8,362.5,362.65,46097
2025-12-18 10:00:00,362.6,362.75,362.2,362.6,25718
2025-12-18 10:05:00,362.4,363.25,362.25,363.2,22569
2025-12-18 10:10:00,363.25,363.95,363.1,363.5,35386
2025-12-18 10:15:00,363.35,363.8,363.2,363.8,16023
2025-12-18 10:20:00,363.75,363.9,363.45,363.5,35220
2025-12-18 10:25:00,363.5,363.75,363.15,363.45,26512
2025-12-18 10:30:00,363.6,365.0,363.5,364.85,41605
2025-12-18 10:35:00,365.0,365.1,364.25,364.65,39424
2025-12-18 10:40:00,364.75,365.3,364.65,364.95,46839
2025-12-18 10:45:00,365.0,365.25,364.95,365.2,21394
2025-12-18 10:50:00,365.2,365.2,364.4,364.7,19483
2025-12-18 10:55:00,364.7,365.95,364.65,365.4,91595
2025-12-18 11:00:00,365.4,365.65,365.15,365.35,21505
2025-12-18 11:05:00,365.35,365.55,365.05,365.4,22243
2025-12-18 11:10:00,365.4,365.5,365.1,365.45,24001
2025-12-18 11:15:00,365.45,365.7,365.25,365.7,32415
2025-12-18 11:20:00,365.6,366.15,365.6,365.85,67868
2025-12-18 11:25:00,365.85,366.0,364.9,364.95,17121
2025-12-18 11:30:00,365.0,365.3,364.9,364.9,33345
2025-12-18 11:35:00,364.95,365.05,363.45,363.55,79107
2025-12-18 11:40:00,363.5,363.7,363.1,363.15,46235
2025-12-18 11:45:00,363.35,363.6,363.1,363.4,36623
2025-12-18 11:50:00,363.4,363.7,363.0,363.45,47951
2025-12-18 11:55:00,363.45,363.8,363.35,363.6,29694
2025-12-18 12:00:00,363.75,363.75,363.0,363.0,67628
2025-12-18 12:05:00,363.05,363.35,363.0,363.15,42448
2025-12-18 12:10:00,363.2,363.4,363.05,363.1,31952
2025-12-18 12:15:00,363.05,363.35,362.6,363.0,68742
2025-12-18 12:20:00,363.0,363.35,362.85,363.05,36630
2025-12-18 12:25:00,363.1,363.2,363.0,363.1,26366
2025-12-18 12:30:00,363.2,363.75,363.1,363.5,40574
2025-12-18 12:35:00,363.7,363.75,363.45,363.5,30952
2025-12-18 12:40:00,363.55,363.65,363.0,363.0,35325
2025-12-18 12:45:00,362.95,363.15,362.75,362.9,31513
2025-12-18 12:50:00,362.75,362.95,362.05,362.1,56657
2025-12-18 12:55:00,362.1,362.8,362.0,362.2,178246
2025-12-18 13:00:00,362.15,362.7,362.15,362.35,39787
2025-12-18 13:05:00,362.4,362.8,362.25,362.7,30730
2025-12-18 13:10:00,362.9,362.9,362.5,362.55,30195
2025-12-18 13:15:00,362.6,362.8,362.5,362.55,28578
2025-12-18 13:20:00,362.5,362.8,362.5,362.7,27467
2025-12-18 13:25:00,362.8,362.9,362.6,362.9,26699
2025-12-18 13:30:00,362.95,363.05,362.45,362.5,48867
2025-12-18 13:35:00,362.4,362.5,362.2,362.3,32430
2025-12-18 13:40:00,362.45,362.6,362.1,362.5,28122
2025-12-18 13:45:00,362.45,362.65,362.2,362.25,31415
2025-12-18 13:50:00,362.4,362.55,362.1,362.5,29931
2025-12-18 13:55:00,362.5,362.55,362.0,362.05,36298
2025-12-18 14:00:00,362.25,362.3,361.9,361.95,41882
2025-12-18 14:05:00,362.1,362.15,361.6,361.8,48209
2025-12-18 14:10:00,361.9,362.0,361.55,361.75,54782
2025-12-18 14:15:00,361.75,362.15,361.5,361.95,57023
2025-12-18 14:20:00,362.0,362.25,361.85,361.95,33951
2025-12-18 14:25:00,361.95,362.15,361.6,362.1,34382
2025-12-18 14:30:00,362.1,363.15,362.05,362.65,77732
2025-12-18 14:35:00,362.8,362.8,362.2,362.2,23741
2025-12-18 14:40:00,362.25,363.1,362.0,362.75,177994
2025-12-18 14:45:00,362.9,362.9,362.5,362.75,35825
2025-12-18 14:50:00,362.55,362.9,362.4,362.85,31271
2025-12-18 14:55:00,362.7,362.95,362.6,362.8,29746
2025-12-18 15:00:00,363.0,363.3,362.85,363.15,112860
2025-12-18 15:05:00,363.15,363.45,362.95,363.0,100273
2025-12-18 15:10:00,363.05,363.35,363.0,363.2,134380
2025-12-18 15:15:00,363.0,363.6,363.0,363.6,190798
2025-12-18 15:20:00,363.6,363.75,363.5,363.6,126640
2025-12-18 15:25:00,363.65,363.8,363.5,363.5,156969
2025-12-19 09:15:00,363.95,366.0,363.9,364.5,136669
2025-12-19 09:20:00,364.6,365.4,364.6,364.85,52433
2025-12-19 09:25:00,364.85,366.2,364.75,366.2,73152
2025-12-19 09:30:00,366.25,366.7,366.15,366.6,57833
2025-12-19 09:35:00,366.6,366.7,365.05,366.5,201816
2025-12-19 09:40:00,366.5,366.7,366.2,366.7,34777
2025-12-19 09:45:00,366.7,367.45,366.45,366.45,93884
2025-12-19 09:50:00,366.45,367.0,365.9,366.05,214583
2025-12-19 09:55:00,366.15,366.15,365.45,366.15,50017
2025-12-19 10:00:00,366.15,366.65,366.05,366.4,21309
2025-12-19 10:05:00,366.45,366.45,365.75,366.25,44965
2025-12-19 10:10:00,366.25,366.35,364.95,365.4,87212
2025-12-19 10:15:00,365.4,365.7,364.65,365.25,47466
2025-12-19 10:20:00,365.25,365.55,365.0,365.45,28779
2025-12-19 10:25:00,365.45,365.95,365.0,365.6,54504
2025-12-19 10:30:00,365.65,365.9,365.3,365.35,52398
2025-12-19 10:35:00,365.4,365.8,365.0,365.05,53926
2025-12-19 10:40:00,365.1,365.85,365.1,365.25,36449
2025-12-19 10:45:00,365.45,365.65,364.85,365.0,45312
2025-12-19 10:50:00,365.0,365.2,364.85,364.9,12582
2025-12-19 10:55:00,364.95,365.0,364.35,364.6,47797
2025-12-19 11:00:00,364.7,364.9,364.55,364.55,17404
2025-12-19 11:05:00,364.55,365.0,364.45,364.45,73136
2025-12-19 11:10:00,364.4,365.0,364.4,364.65,33514
2025-12-19 11:15:00,364.65,365.2,364.65,365.05,41582
2025-12-19 11:20:00,365.0,365.35,364.7,365.15,27284
2025-12-19 11:25:00,365.15,365.2,363.5,363.6,68058
2025-12-19 11:30:00,363.6,363.75,362.65,363.0,113582
2025-12-19 11:35:00,363.0,363.35,362.35,362.6,52151
2025-12-19 11:40:00,362.5,362.95,362.1,362.4,46842
2025-12-19 11:45:00,362.35,363.15,362.2,362.95,24278
2025-12-19 11:50:00,362.95,363.4,362.9,363.25,24878
2025-12-19 11:55:00,363.25,363.35,362.55,362.65,26796
2025-12-19 12:00:00,362.65,363.1,362.55,362.8,16092
2025-12-19 12:05:00,362.8,363.3,362.75,363.3,34160
2025-12-19 12:10:00,363.3,363.3,362.7,363.05,51616
2025-12-19 12:15:00,363.05,363.4,362.75,362.8,36121
2025-12-19 12:20:00,362.9,363.3,362.8,363.05,38030
2025-12-19 12:25:00,363.05,363.2,362.9,363.15,35670
2025-12-19 12:30:00,363.25,363.65,363.2,363.5,38008
2025-12-19 12:35:00,363.5,363.6,363.25,363.3,44059
2025-12-19 12:40:00,363.3,363.4,363.25,363.3,21913
2025-12-19 12:45:00,363.3,363.5,363.25,363.35,24159
2025-12-19 12:50:00,363.45,363.45,363.0,363.0,35991
2025-12-19 12:55:00,363.0,363.5,363.0,363.3,29318
2025-12-19 13:00:00,363.35,363.6,363.15,363.45,23671
2025-12-19 13:05:00,363.45,363.6,363.3,363.4,22474
2025-12-19 13:10:00,363.4,363.7,363.2,363.7,30563
2025-12-19 13:15:00,363.5,363.75,363.3,363.45,35682
2025-12-19 13:20:00,363.45,363.7,362.9,363.45,44236
2025-12-19 13:25:00,363.45,363.65,363.4,363.45,29992
2025-12-19 13:30:00,363.4,363.45,363.05,363.05,42162
2025-12-19 13:35:00,363.1,363.45,363.05,363.4,23960
2025-12-19 13:40:00,363.3,363.4,362.95,363.1,65659
2025-12-19 13:45:00,363.1,363.25,362.5,363.15,211404
2025-12-19 13:50:00,363.1,363.2,362.6,362.95,113828
2025-12-19 13:55:00,362.9,363.05,362.5,363.0,52477
2025-12-19 14:00:00,363.0,363.0,362.8,363.0,27156
2025-12-19 14:05:00,363.0,363.0,362.95,363.0,20198
2025-12-19 14:10:00,363.0,363.0,362.85,363.0,24415
2025-12-19 14:15:00,363.0,363.0,362.95,363.0,23383
2025-12-19 14:20:00,363.0,363.6,362.85,363.35,46978
2025-12-19 14:25:00,363.4,363.65,362.85,363.0,47237
2025-12-19 14:30:00,363.0,363.25,362.9,363.0,31221
2025-12-19 14:35:00,363.0,363.2,362.95,363.1,34039
2025-12-19 14:40:00,363.15,363.55,363.0,363.55,49880
2025-12-19 14:45:00,363.45,363.8,363.05,363.4,127445
2025-12-19 14:50:00,363.45,363.75,363.2,363.7,90709
2025-12-19 14:55:00,363.65,363.9,363.15,363.8,77011
2025-12-19 15:00:00,364.15,366.3,363.8,365.9,524940
2025-12-19 15:05:00,365.8,366.2,365.45,365.95,376160
2025-12-19 15:10:00,366.0,366.15,365.75,365.95,430281
2025-12-19 15:15:00,365.9,366.45,365.8,366.15,516137
2025-12-19 15:20:00,366.05,366.5,366.05,366.4,507968
2025-12-19 15:25:00,366.4,366.65,365.1,365.1,445924
