{"level":"ERROR","location":"[get_call:146] fyersModel","message":{"API":"/profile","Error":{"s":"error","code":-8,"message":"Your token has expired. Please generate a token"}},"timestamp":"2025-10-21 17:27:59,374+0530","service":"FyersAPI"}
{"level":"ERROR","location":"[get_call:146] fyersModel","message":{"API":"/profile","Error":{"s":"error","code":-8,"message":"Your token has expired. Please generate a token"}},"timestamp":"2025-10-21 20:40:18,675+0530","service":"FyersAPI"}
{"level":"ERROR","location":"[get_call:146] fyersModel","message":{"API":"/profile","Error":{"s":"error","code":-8,"message":"Your token has expired. Please generate a token"}},"timestamp":"2025-10-27 09:17:37,746+0530","service":"FyersAPI"}
{"level":"ERROR","location":"[get_call:146] fyersModel","message":{"API":"/history","Error":{"code":-16,"message":"Could not authenticate the user","s":"error"}},"timestamp":"2025-10-27 09:18:10,449+0530","service":"FyersAPI"}
{"level":"ERROR","location":"[get_call:146] fyersModel","message":{"API":"/history","Error":{"code":-16,"message":"Could not authenticate the user","s":"error"}},"timestamp":"2025-10-27 09:18:11,693+0530","service":"FyersAPI"}
{"level":"ERROR","location":"[get_call:146] fyersModel","message":{"API":"/history","Error":{"code":-16,"message":"Could not authenticate the user","s":"error"}},"timestamp":"2025-10-27 09:18:12,917+0530","service":"FyersAPI"}
{"level":"ERROR","location":"[get_call:146] fyersModel","message":{"API":"/history","Error":{"code":-16,"message":"Could not authenticate the user","s":"error"}},"timestamp":"2025-10-27 09:18:13,855+0530","service":"FyersAPI"}
{"level":"ERROR","location":"[get_call:146] fyersModel","message":{"API":"/history","Error":{"code":-16,"message":"Could not authenticate the user","s":"error"}},"timestamp":"2025-10-27 09:18:20,374+0530","service":"FyersAPI"}
{"level":"ERROR","location":"[get_call:146] fyersModel","message":{"API":"/profile","Error":{"s":"error","code":-8,"message":"Your token has expired. Please generate a token"}},"timestamp":"2025-10-28 09:14:45,136+0530","service":"FyersAPI"}
{"level":"ERROR","location":"[get_call:146] fyersModel","message":{"API":"/history","Error":{"code":-16,"message":"Could not authenticate the user","s":"error"}},"timestamp":"2025-10-28 09:15:15,753+0530","service":"FyersAPI"}
{"level":"ERROR","location":"[get_call:146] fyersModel","message":{"API":"/history","Error":{"code":-16,"message":"Could not authenticate the user","s":"error"}},"timestamp":"2025-10-28 09:15:16,373+0530","service":"FyersAPI"}
{"level":"ERROR","location":"[get_call:146] fyersModel","message":{"API":"/history","Error":{"code":-16,"message":"Could not authenticate the user","s":"error"}},"timestamp":"2025-10-28 09:15:17,037+0530","service":"FyersAPI"}
{"level":"ERROR","location":"[get_call:146] fyersModel","message":{"API":"/history","Error":{"code":-16,"message":"Could not authenticate the user","s":"error"}},"timestamp":"2025-10-28 09:15:17,598+0530","service":"FyersAPI"}
{"level":"ERROR","location":"[get_call:146] fyersModel","message":{"API":"/history","Error":{"code":-16,"message":"Could not authenticate the user","s":"error"}},"timestamp":"2025-10-28 09:15:24,462+0530","service":"FyersAPI"}
{"level":"ERROR","location":"[get_call:146] fyersModel","message":{"API":"/history","Error":{"code":-16,"message":"Could not authenticate the user","s":"error"}},"timestamp":"2025-10-28 09:15:25,225+0530","service":"FyersAPI"}
{"level":"ERROR","location":"[get_call:146] fyersModel","message":{"API":"/history","Error":{"code":-16,"message":"Could not authenticate the user","s":"error"}},"timestamp":"2025-10-28 09:15:26,206+0530","service":"FyersAPI"}
{"level":"ERROR","location":"[get_call:146] fyersModel","message":{"API":"/history","Error":{"code":-16,"message":"Could not authenticate the user","s":"error"}},"timestamp":"2025-10-28 09:15:26,631+0530","service":"FyersAPI"}
{"level":"ERROR","location":"[get_call:164] fyersModel","message":{"API":"/history","error":"HTTPSConnectionPool(host='api-t1.fyers.in', port=443): Read timed out. (read timeout=None)"},"timestamp":"2025-10-28 10:16:59,083+0530","service":"FyersAPI"}
{"level":"ERROR","location":"[get_call:146] fyersModel","message":{"API":"/profile","Error":{"s":"error","code":-8,"message":"Your token has expired. Please generate a token"}},"timestamp":"2025-10-29 07:43:32,384+0530","service":"FyersAPI"}
{"level":"ERROR","location":"[get_call:164] fyersModel","message":{"API":"/history","error":"HTTPSConnectionPool(host='api-t1.fyers.in', port=443): Read timed out. (read timeout=None)"},"timestamp":"2025-10-29 09:48:36,633+0530","service":"FyersAPI"}
{"level":"ERROR","location":"[get_call:164] fyersModel","message":{"API":"/history","error":"('Connection aborted.', RemoteDisconnected('Remote end closed connection without response'))"},"timestamp":"2025-10-29 18:41:09,993+0530","service":"FyersAPI"}
{"level":"ERROR","location":"[get_call:146] fyersModel","message":{"API":"/profile","Error":{"s":"error","code":-8,"message":"Your token has expired. Please generate a token"}},"timestamp":"2025-10-30 07:39:49,552+0530","service":"FyersAPI"}
{"level":"ERROR","location":"[get_call:146] fyersModel","message":{"API":"/profile","Error":{"s":"error","code":-8,"message":"Your token has expired. Please generate a token"}},"timestamp":"2025-10-31 09:16:05,389+0530","service":"FyersAPI"}
{"level":"ERROR","location":"[get_call:146] fyersModel","message":{"API":"/history","Error":{"code":-16,"message":"Could not authenticate the user","s":"error"}},"timestamp":"2025-10-31 09:16:36,099+0530","service":"FyersAPI"}
{"level":"ERROR","location":"[get_call:146] fyersModel","message":{"API":"/history","Error":{"code":-16,"message":"Could not authenticate the user","s":"error"}},"timestamp":"2025-10-31 09:16:36,912+0530","service":"FyersAPI"}
{"level":"ERROR","location":"[get_call:146] fyersModel","message":{"API":"/history","Error":{"code":-16,"message":"Could not authenticate the user","s":"error"}},"timestamp":"2025-10-31 09:16:37,446+0530","service":"FyersAPI"}
{"level":"ERROR","location":"[get_call:146] fyersModel","message":{"API":"/history","Error":{"code":-16,"message":"Could not authenticate the user","s":"error"}},"timestamp":"2025-10-31 09:16:38,342+0530","service":"FyersAPI"}
{"level":"ERROR","location":"[get_call:146] fyersModel","message":{"API":"/history","Error":{"code":-16,"message":"Could not authenticate the user","s":"error"}},"timestamp":"2025-10-31 09:16:38,949+0530","service":"FyersAPI"}
{"level":"ERROR","location":"[get_call:146] fyersModel","message":{"API":"/history","Error":{"code":-16,"message":"Could not authenticate the user","s":"error"}},"timestamp":"2025-10-31 09:16:39,649+0530","service":"FyersAPI"}
{"level":"ERROR","location":"[get_call:146] fyersModel","message":{"API":"/history","Error":{"code":-16,"message":"Could not authenticate the user","s":"error"}},"timestamp":"2025-10-31 09:16:40,278+0530","service":"FyersAPI"}
{"level":"ERROR","location":"[get_call:146] fyersModel","message":{"API":"/history","Error":{"code":-16,"message":"Could not authenticate the user","s":"error"}},"timestamp":"2025-10-31 09:16:40,791+0530","service":"FyersAPI"}
{"level":"ERROR","location":"[get_call:146] fyersModel","message":{"API":"/history","Error":{"code":-16,"message":"Could not authenticate the user","s":"error"}},"timestamp":"2025-10-31 09:16:44,582+0530","service":"FyersAPI"}
{"level":"ERROR","location":"[get_call:146] fyersModel","message":{"API":"/history","Error":{"code":-16,"message":"Could not authenticate the user","s":"error"}},"timestamp":"2025-10-31 09:16:45,098+0530","service":"FyersAPI"}
{"level":"ERROR","location":"[get_call:146] fyersModel","message":{"API":"/history","Error":{"code":-16,"message":"Could not authenticate the user","s":"error"}},"timestamp":"2025-10-31 09:16:45,609+0530","service":"FyersAPI"}
{"level":"ERROR","location":"[get_call:146] fyersModel","message":{"API":"/history","Error":{"code":-16,"message":"Could not authenticate the user","s":"error"}},"timestamp":"2025-10-31 09:16:46,316+0530","service":"FyersAPI"}
{"level":"ERROR","location":"[get_call:146] fyersModel","message":{"API":"/history","Error":{"code":-16,"message":"Could not authenticate the user","s":"error"}},"timestamp":"2025-10-31 09:16:46,949+0530","service":"FyersAPI"}
{"level":"ERROR","location":"[get_call:146] fyersModel","message":{"API":"/history","Error":{"code":-16,"message":"Could not authenticate the user","s":"error"}},"timestamp":"2025-10-31 09:16:47,597+0530","service":"FyersAPI"}
{"level":"ERROR","location":"[get_call:146] fyersModel","message":{"API":"/history","Error":{"code":-16,"message":"Could not authenticate the user","s":"error"}},"timestamp":"2025-10-31 09:16:48,596+0530","service":"FyersAPI"}
{"level":"ERROR","location":"[get_call:146] fyersModel","message":{"API":"/history","Error":{"code":-16,"message":"Could not authenticate the user","s":"error"}},"timestamp":"2025-10-31 09:16:49,498+0530","service":"FyersAPI"}
{"level":"ERROR","location":"[get_call:146] fyersModel","message":{"API":"/tradebook","Error":{"code":-16,"message":"Could not authenticate the user","s":"error"}},"timestamp":"2025-11-02 12:21:39,947+0530","service":"FyersAPI"}
{"level":"ERROR","location":"[get_call:146] fyersModel","message":{"API":"/tradebook","Error":{"code":-16,"message":"Could not authenticate the user","s":"error"}},"timestamp":"2025-11-02 12:22:18,012+0530","service":"FyersAPI"}
{"level":"ERROR","location":"[get_call:146] fyersModel","message":{"API":"/tradebook","Error":{"code":-16,"message":"Could not authenticate the user","s":"error"}},"timestamp":"2025-11-02 12:22:19,134+0530","service":"FyersAPI"}
{"level":"ERROR","location":"[get_call:146] fyersModel","message":{"API":"/tradebook","Error":{"code":-16,"message":"Could not authenticate the user","s":"error"}},"timestamp":"2025-11-02 20:36:18,514+0530","service":"FyersAPI"}
{"level":"ERROR","location":"[get_call:146] fyersModel","message":{"API":"/profile","Error":{"s":"error","code":-8,"message":"Your token has expired. Please generate a token"}},"timestamp":"2025-11-03 07:59:40,889+0530","service":"FyersAPI"}
{"level":"ERROR","location":"[post_call:89] fyersModel","message":{"API":"/orders/sync","Error":{"code":-50,"message":"takeProfit: Must be greater than or equal to 0.0025","s":"error"}},"timestamp":"2025-11-03 09:28:51,989+0530","service":"FyersAPI"}
{"level":"ERROR","location":"[post_call:89] fyersModel","message":{"API":"/orders/sync","Error":{"code":-50,"message":"stopLoss: Must be greater than or equal to 0.0025","s":"error"}},"timestamp":"2025-11-03 09:31:43,276+0530","service":"FyersAPI"}
{"level":"ERROR","location":"[get_call:164] fyersModel","message":{"API":"/history","error":"Expecting value: line 1 column 1 (char 0)"},"timestamp":"2025-11-03 11:15:59,211+0530","service":"FyersAPI"}
{"level":"ERROR","location":"[get_call:164] fyersModel","message":{"API":"/history","error":"Expecting value: line 1 column 1 (char 0)"},"timestamp":"2025-11-03 13:54:12,031+0530","service":"FyersAPI"}
{"level":"ERROR","location":"[get_call:146] fyersModel","message":{"API":"/tradebook","Error":{"code":-16,"message":"Could not authenticate the user","s":"error"}},"timestamp":"2025-11-03 21:35:03,858+0530","service":"FyersAPI"}
{"level":"ERROR","location":"[get_call:146] fyersModel","message":{"API":"/tradebook","Error":{"code":-16,"message":"Could not authenticate the user","s":"error"}},"timestamp":"2025-11-03 21:35:19,454+0530","service":"FyersAPI"}
{"level":"ERROR","location":"[get_call:146] fyersModel","message":{"API":"/profile","Error":{"s":"error","code":-8,"message":"Your token has expired. Please generate a token"}},"timestamp":"2025-11-03 21:35:51,705+0530","service":"FyersAPI"}
{"level":"ERROR","location":"[get_call:146] fyersModel","message":{"API":"/profile","Error":{"s":"error","code":-8,"message":"Your token has expired. Please generate a token"}},"timestamp":"2025-11-03 21:38:34,828+0530","service":"FyersAPI"}
{"level":"ERROR","location":"[get_call:146] fyersModel","message":{"API":"/profile","Error":{"s":"error","code":-8,"message":"Your token has expired. Please generate a token"}},"timestamp":"2025-11-03 21:38:55,319+0530","service":"FyersAPI"}
{"level":"ERROR","location":"[get_call:146] fyersModel","message":{"API":"/profile","Error":{"s":"error","code":-8,"message":"Your token has expired. Please generate a token"}},"timestamp":"2025-11-03 21:40:36,594+0530","service":"FyersAPI"}
{"level":"ERROR","location":"[get_call:146] fyersModel","message":{"API":"/profile","Error":{"s":"error","code":-8,"message":"Your token has expired. Please generate a token"}},"timestamp":"2025-11-03 21:42:19,609+0530","service":"FyersAPI"}
{"level":"ERROR","location":"[get_call:146] fyersModel","message":{"API":"/history","Error":{"code":-300,"message":"Invalid symbol provided","s":"error"}},"timestamp":"2025-11-03 22:09:05,714+0530","service":"FyersAPI"}
{"level":"ERROR","location":"[get_call:146] fyersModel","message":{"API":"/history","Error":{"code":-300,"message":"Invalid symbol provided","s":"error"}},"timestamp":"2025-11-03 22:10:17,281+0530","service":"FyersAPI"}
{"level":"ERROR","location":"[get_call:146] fyersModel","message":{"API":"/history","Error":{"code":-300,"message":"Invalid symbol provided","s":"error"}},"timestamp":"2025-11-03 22:10:54,938+0530","service":"FyersAPI"}
{"level":"ERROR","location":"[get_call:146] fyersModel","message":{"API":"/profile","Error":{"s":"error","code":-8,"message":"Your token has expired. Please generate a token"}},"timestamp":"2025-11-04 07:58:47,191+0530","service":"FyersAPI"}
{"level":"ERROR","location":"[get_call:146] fyersModel","message":{"API":"/profile","Error":{"s":"error","code":-8,"message":"Your token has expired. Please generate a token"}},"timestamp":"2025-11-05 14:04:13,334+0530","service":"FyersAPI"}
{"level":"ERROR","location":"[get_call:146] fyersModel","message":{"API":"/profile","Error":{"s":"error","code":-8,"message":"Your token has expired. Please generate a token"}},"timestamp":"2025-11-05 14:04:46,607+0530","service":"FyersAPI"}
{"level":"ERROR","location":"[get_call:146] fyersModel","message":{"API":"/history","Error":{"code":-16,"message":"Could not authenticate the user","s":"error"}},"timestamp":"2025-11-05 14:05:18,204+0530","service":"FyersAPI"}
{"level":"ERROR","location":"[get_call:146] fyersModel","message":{"API":"/history","Error":{"code":-16,"message":"Could not authenticate the user","s":"error"}},"timestamp":"2025-11-05 14:05:18,860+0530","service":"FyersAPI"}
{"level":"ERROR","location":"[get_call:146] fyersModel","message":{"API":"/history","Error":{"code":-16,"message":"Could not authenticate the user","s":"error"}},"timestamp":"2025-11-05 14:05:19,791+0530","service":"FyersAPI"}
{"level":"ERROR","location":"[get_call:146] fyersModel","message":{"API":"/history","Error":{"code":-16,"message":"Could not authenticate the user","s":"error"}},"timestamp":"2025-11-05 14:05:22,746+0530","service":"FyersAPI"}
{"level":"ERROR","location":"[get_call:146] fyersModel","message":{"API":"/history","Error":{"code":-16,"message":"Could not authenticate the user","s":"error"}},"timestamp":"2025-11-05 14:05:23,459+0530","service":"FyersAPI"}
{"level":"ERROR","location":"[get_call:146] fyersModel","message":{"API":"/history","Error":{"code":-16,"message":"Could not authenticate the user","s":"error"}},"timestamp":"2025-11-05 14:05:24,083+0530","service":"FyersAPI"}
{"level":"ERROR","location":"[get_call:146] fyersModel","message":{"API":"/history","Error":{"code":-16,"message":"Could not authenticate the user","s":"error"}},"timestamp":"2025-11-05 14:05:24,788+0530","service":"FyersAPI"}
{"level":"ERROR","location":"[get_call:146] fyersModel","message":{"API":"/history","Error":{"code":-16,"message":"Could not authenticate the user","s":"error"}},"timestamp":"2025-11-05 14:05:28,560+0530","service":"FyersAPI"}
{"level":"ERROR","location":"[get_call:146] fyersModel","message":{"API":"/history","Error":{"code":-16,"message":"Could not authenticate the user","s":"error"}},"timestamp":"2025-11-05 14:05:29,096+0530","service":"FyersAPI"}
{"level":"ERROR","location":"[get_call:146] fyersModel","message":{"API":"/history","Error":{"code":-16,"message":"Could not authenticate the user","s":"error"}},"timestamp":"2025-11-05 14:05:29,603+0530","service":"FyersAPI"}
{"level":"ERROR","location":"[get_call:146] fyersModel","message":{"API":"/history","Error":{"code":-16,"message":"Could not authenticate the user","s":"error"}},"timestamp":"2025-11-05 14:05:30,111+0530","service":"FyersAPI"}
{"level":"ERROR","location":"[get_call:146] fyersModel","message":{"API":"/history","Error":{"code":-16,"message":"Could not authenticate the user","s":"error"}},"timestamp":"2025-11-05 14:05:30,736+0530","service":"FyersAPI"}
{"level":"ERROR","location":"[get_call:146] fyersModel","message":{"API":"/history","Error":{"code":-16,"message":"Could not authenticate the user","s":"error"}},"timestamp":"2025-11-05 14:05:31,860+0530","service":"FyersAPI"}
{"level":"ERROR","location":"[get_call:146] fyersModel","message":{"API":"/history","Error":{"code":-16,"message":"Could not authenticate the user","s":"error"}},"timestamp":"2025-11-05 14:05:32,395+0530","service":"FyersAPI"}
{"level":"ERROR","location":"[get_call:146] fyersModel","message":{"API":"/profile","Error":{"s":"error","code":-8,"message":"Your token has expired. Please generate a token"}},"timestamp":"2025-11-05 14:05:42,925+0530","service":"FyersAPI"}
{"level":"ERROR","location":"[get_call:146] fyersModel","message":{"API":"/profile","Error":{"s":"error","code":-8,"message":"Your token has expired. Please generate a token"}},"timestamp":"2025-11-05 14:05:48,266+0530","service":"FyersAPI"}
{"level":"ERROR","location":"[get_call:146] fyersModel","message":{"API":"/profile","Error":{"s":"error","code":-8,"message":"Your token has expired. Please generate a token"}},"timestamp":"2025-11-06 07:51:35,780+0530","service":"FyersAPI"}
{"level":"ERROR","location":"[get_call:146] fyersModel","message":{"API":"/profile","Error":{"s":"error","code":-8,"message":"Your token has expired. Please generate a token"}},"timestamp":"2025-11-06 08:00:05,640+0530","service":"FyersAPI"}
{"level":"ERROR","location":"[get_call:146] fyersModel","message":{"API":"/profile","Error":{"s":"error","code":-8,"message":"Your token has expired. Please generate a token"}},"timestamp":"2025-11-07 07:55:49,501+0530","service":"FyersAPI"}
{"level":"ERROR","location":"[get_call:146] fyersModel","message":{"API":"/profile","Error":{"s":"error","code":-8,"message":"Your token has expired. Please generate a token"}},"timestamp":"2025-11-10 09:18:27,359+0530","service":"FyersAPI"}
{"level":"ERROR","location":"[get_call:146] fyersModel","message":{"API":"/history","Error":{"code":-16,"message":"Could not authenticate the user","s":"error"}},"timestamp":"2025-11-10 09:18:56,747+0530","service":"FyersAPI"}
{"level":"ERROR","location":"[get_call:146] fyersModel","message":{"API":"/history","Error":{"code":-16,"message":"Could not authenticate the user","s":"error"}},"timestamp":"2025-11-10 09:18:57,207+0530","service":"FyersAPI"}
{"level":"ERROR","location":"[get_call:146] fyersModel","message":{"API":"/history","Error":{"code":-16,"message":"Could not authenticate the user","s":"error"}},"timestamp":"2025-11-10 09:18:57,688+0530","service":"FyersAPI"}
{"level":"ERROR","location":"[get_call:146] fyersModel","message":{"API":"/history","Error":{"code":-16,"message":"Could not authenticate the user","s":"error"}},"timestamp":"2025-11-10 09:18:58,501+0530","service":"FyersAPI"}
{"level":"ERROR","location":"[get_call:146] fyersModel","message":{"API":"/history","Error":{"code":-16,"message":"Could not authenticate the user","s":"error"}},"timestamp":"2025-11-10 09:18:59,099+0530","service":"FyersAPI"}
{"level":"ERROR","location":"[get_call:146] fyersModel","message":{"API":"/history","Error":{"code":-16,"message":"Could not authenticate the user","s":"error"}},"timestamp":"2025-11-10 09:18:59,710+0530","service":"FyersAPI"}
{"level":"ERROR","location":"[get_call:146] fyersModel","message":{"API":"/history","Error":{"code":-16,"message":"Could not authenticate the user","s":"error"}},"timestamp":"2025-11-10 09:19:01,196+0530","service":"FyersAPI"}
{"level":"ERROR","location":"[get_call:146] fyersModel","message":{"API":"/history","Error":{"code":-16,"message":"Could not authenticate the user","s":"error"}},"timestamp":"2025-11-10 09:19:01,672+0530","service":"FyersAPI"}
{"level":"ERROR","location":"[get_call:146] fyersModel","message":{"API":"/history","Error":{"code":-16,"message":"Could not authenticate the user","s":"error"}},"timestamp":"2025-11-10 09:19:02,373+0530","service":"FyersAPI"}
{"level":"ERROR","location":"[get_call:146] fyersModel","message":{"API":"/history","Error":{"code":-16,"message":"Could not authenticate the user","s":"error"}},"timestamp":"2025-11-10 09:19:03,095+0530","service":"FyersAPI"}
{"level":"ERROR","location":"[get_call:146] fyersModel","message":{"API":"/history","Error":{"code":-16,"message":"Could not authenticate the user","s":"error"}},"timestamp":"2025-11-10 09:19:03,713+0530","service":"FyersAPI"}
{"level":"ERROR","location":"[get_call:146] fyersModel","message":{"API":"/history","Error":{"code":-16,"message":"Could not authenticate the user","s":"error"}},"timestamp":"2025-11-10 09:19:07,257+0530","service":"FyersAPI"}
{"level":"ERROR","location":"[get_call:146] fyersModel","message":{"API":"/history","Error":{"code":-16,"message":"Could not authenticate the user","s":"error"}},"timestamp":"2025-11-10 09:19:07,701+0530","service":"FyersAPI"}
{"level":"ERROR","location":"[get_call:146] fyersModel","message":{"API":"/history","Error":{"code":-16,"message":"Could not authenticate the user","s":"error"}},"timestamp":"2025-11-10 09:19:08,079+0530","service":"FyersAPI"}
{"level":"ERROR","location":"[get_call:146] fyersModel","message":{"API":"/history","Error":{"code":-16,"message":"Could not authenticate the user","s":"error"}},"timestamp":"2025-11-10 09:19:08,646+0530","service":"FyersAPI"}
{"level":"ERROR","location":"[get_call:146] fyersModel","message":{"API":"/history","Error":{"code":-16,"message":"Could not authenticate the user","s":"error"}},"timestamp":"2025-11-10 09:19:09,646+0530","service":"FyersAPI"}
{"level":"ERROR","location":"[get_call:146] fyersModel","message":{"API":"/history","Error":{"code":-16,"message":"Could not authenticate the user","s":"error"}},"timestamp":"2025-11-10 09:19:10,259+0530","service":"FyersAPI"}
{"level":"ERROR","location":"[get_call:146] fyersModel","message":{"API":"/history","Error":{"code":-16,"message":"Could not authenticate the user","s":"error"}},"timestamp":"2025-11-10 09:19:10,774+0530","service":"FyersAPI"}
{"level":"ERROR","location":"[get_call:146] fyersModel","message":{"API":"/history","Error":{"code":-16,"message":"Could not authenticate the user","s":"error"}},"timestamp":"2025-11-10 09:19:11,286+0530","service":"FyersAPI"}
{"level":"ERROR","location":"[get_call:146] fyersModel","message":{"API":"/history","Error":{"code":-16,"message":"Could not authenticate the user","s":"error"}},"timestamp":"2025-11-10 09:19:11,800+0530","service":"FyersAPI"}
{"level":"ERROR","location":"[get_call:146] fyersModel","message":{"API":"/history","Error":{"code":-16,"message":"Could not authenticate the user","s":"error"}},"timestamp":"2025-11-10 09:19:12,204+0530","service":"FyersAPI"}
{"level":"ERROR","location":"[get_call:146] fyersModel","message":{"API":"/history","Error":{"code":-16,"message":"Could not authenticate the user","s":"error"}},"timestamp":"2025-11-10 09:19:12,718+0530","service":"FyersAPI"}
{"level":"ERROR","location":"[post_call:89] fyersModel","message":{"API":"/orders/sync","Error":{"code":-50,"message":"stopLoss: Must be greater than or equal to 0.0025","s":"error"}},"timestamp":"2025-11-10 09:21:42,696+0530","service":"FyersAPI"}
{"level":"ERROR","location":"[get_call:164] fyersModel","message":{"API":"/history","error":"HTTPSConnectionPool(host='api-t1.fyers.in', port=443): Read timed out. (read timeout=None)"},"timestamp":"2025-11-10 11:14:15,452+0530","service":"FyersAPI"}
{"level":"ERROR","location":"[get_call:146] fyersModel","message":{"API":"/profile","Error":{"s":"error","code":-8,"message":"Your token has expired. Please generate a token"}},"timestamp":"2025-11-11 07:53:40,547+0530","service":"FyersAPI"}
{"level":"ERROR","location":"[get_call:164] fyersModel","message":{"API":"/history","error":"HTTPSConnectionPool(host='api-t1.fyers.in', port=443): Max retries exceeded with url: /data/history?symbol=NSE%3AJSL-EQ&resolution=5&date_format=1&range_from=2025-11-04&range_to=2025-11-11&cont_flag=1 (Caused by NewConnectionError('<urllib3.connection.HTTPSConnection object at 0x0000013ADA41E190>: Failed to establish a new connection: [WinError 10065] A socket operation was attempted to an unreachable host'))"},"timestamp":"2025-11-11 10:45:13,370+0530","service":"FyersAPI"}
{"level":"ERROR","location":"[get_call:164] fyersModel","message":{"API":"/history","error":"HTTPSConnectionPool(host='api-t1.fyers.in', port=443): Max retries exceeded with url: /data/history?symbol=NSE%3AMMTC-EQ&resolution=5&date_format=1&range_from=2025-11-04&range_to=2025-11-11&cont_flag=1 (Caused by NameResolutionError(\"<urllib3.connection.HTTPSConnection object at 0x0000013ADA41EB10>: Failed to resolve 'api-t1.fyers.in' ([Errno 11001] getaddrinfo failed)\"))"},"timestamp":"2025-11-11 10:45:13,380+0530","service":"FyersAPI"}
{"level":"ERROR","location":"[get_call:164] fyersModel","message":{"API":"/history","error":"HTTPSConnectionPool(host='api-t1.fyers.in', port=443): Max retries exceeded with url: /data/history?symbol=NSE%3AIDEA-EQ&resolution=5&date_format=1&range_from=2025-11-04&range_to=2025-11-11&cont_flag=1 (Caused by NameResolutionError(\"<urllib3.connection.HTTPSConnection object at 0x0000013ADA404D10>: Failed to resolve 'api-t1.fyers.in' ([Errno 11001] getaddrinfo failed)\"))"},"timestamp":"2025-11-11 10:45:13,383+0530","service":"FyersAPI"}
{"level":"ERROR","location":"[get_call:164] fyersModel","message":{"API":"/history","error":"HTTPSConnectionPool(host='api-t1.fyers.in', port=443): Max retries exceeded with url: /data/history?symbol=NSE%3AKEC-EQ&resolution=5&date_format=1&range_from=2025-11-04&range_to=2025-11-11&cont_flag=1 (Caused by NameResolutionError(\"<urllib3.connection.HTTPSConnection object at 0x0000013ADA43D710>: Failed to resolve 'api-t1.fyers.in' ([Errno 11001] getaddrinfo failed)\"))"},"timestamp":"2025-11-11 10:45:13,389+0530","service":"FyersAPI"}
{"level":"ERROR","location":"[get_call:164] fyersModel","message":{"API":"/history","error":"HTTPSConnectionPool(host='api-t1.fyers.in', port=443): Max retries exceeded with url: /data/history?symbol=NSE%3AHEG-EQ&resolution=5&date_format=1&range_from=2025-11-04&range_to=2025-11-11&cont_flag=1 (Caused by NameResolutionError(\"<urllib3.connection.HTTPSConnection object at 0x0000013ADA386FD0>: Failed to resolve 'api-t1.fyers.in' ([Errno 11001] getaddrinfo failed)\"))"},"timestamp":"2025-11-11 10:45:13,391+0530","service":"FyersAPI"}
{"level":"ERROR","location":"[get_call:164] fyersModel","message":{"API":"/history","error":"HTTPSConnectionPool(host='api-t1.fyers.in', port=443): Max retries exceeded with url: /data/history?symbol=NSE%3AINTELLECT-EQ&resolution=5&date_format=1&range_from=2025-11-04&range_to=2025-11-11&cont_flag=1 (Caused by NameResolutionError(\"<urllib3.connection.HTTPSConnection object at 0x0000013ADA43EF10>: Failed to resolve 'api-t1.fyers.in' ([Errno 11001] getaddrinfo failed)\"))"},"timestamp":"2025-11-11 10:45:13,398+0530","service":"FyersAPI"}
{"level":"ERROR","location":"[get_call:164] fyersModel","message":{"API":"/history","error":"HTTPSConnectionPool(host='api-t1.fyers.in', port=443): Max retries exceeded with url: /data/history?symbol=NSE%3AJSL-EQ&resolution=5&date_format=1&range_from=2025-11-04&range_to=2025-11-11&cont_flag=1 (Caused by NameResolutionError(\"<urllib3.connection.HTTPSConnection object at 0x0000013ADA407010>: Failed to resolve 'api-t1.fyers.in' ([Errno 11001] getaddrinfo failed)\"))"},"timestamp":"2025-11-11 10:45:23,406+0530","service":"FyersAPI"}
{"level":"ERROR","location":"[get_call:164] fyersModel","message":{"API":"/history","error":"HTTPSConnectionPool(host='api-t1.fyers.in', port=443): Max retries exceeded with url: /data/history?symbol=NSE%3AMMTC-EQ&resolution=5&date_format=1&range_from=2025-11-04&range_to=2025-11-11&cont_flag=1 (Caused by NameResolutionError(\"<urllib3.connection.HTTPSConnection object at 0x0000013ADA41EC90>: Failed to resolve 'api-t1.fyers.in' ([Errno 11001] getaddrinfo failed)\"))"},"timestamp":"2025-11-11 10:45:23,414+0530","service":"FyersAPI"}
{"level":"ERROR","location":"[get_call:164] fyersModel","message":{"API":"/history","error":"HTTPSConnectionPool(host='api-t1.fyers.in', port=443): Max retries exceeded with url: /data/history?symbol=NSE%3AIDEA-EQ&resolution=5&date_format=1&range_from=2025-11-04&range_to=2025-11-11&cont_flag=1 (Caused by NameResolutionError(\"<urllib3.connection.HTTPSConnection object at 0x0000013ADA0A12D0>: Failed to resolve 'api-t1.fyers.in' ([Errno 11001] getaddrinfo failed)\"))"},"timestamp":"2025-11-11 10:45:23,421+0530","service":"FyersAPI"}
{"level":"ERROR","location":"[get_call:164] fyersModel","message":{"API":"/history","error":"HTTPSConnectionPool(host='api-t1.fyers.in', port=443): Max retries exceeded with url: /data/history?symbol=NSE%3AKEC-EQ&resolution=5&date_format=1&range_from=2025-11-04&range_to=2025-11-11&cont_flag=1 (Caused by NameResolutionError(\"<urllib3.connection.HTTPSConnection object at 0x0000013ADA094E50>: Failed to resolve 'api-t1.fyers.in' ([Errno 11001] getaddrinfo failed)\"))"},"timestamp":"2025-11-11 10:45:23,428+0530","service":"FyersAPI"}
{"level":"ERROR","location":"[get_call:164] fyersModel","message":{"API":"/history","error":"HTTPSConnectionPool(host='api-t1.fyers.in', port=443): Max retries exceeded with url: /data/history?symbol=NSE%3AHEG-EQ&resolution=5&date_format=1&range_from=2025-11-04&range_to=2025-11-11&cont_flag=1 (Caused by NameResolutionError(\"<urllib3.connection.HTTPSConnection object at 0x0000013ADA09E710>: Failed to resolve 'api-t1.fyers.in' ([Errno 11001] getaddrinfo failed)\"))"},"timestamp":"2025-11-11 10:45:23,435+0530","service":"FyersAPI"}
{"level":"ERROR","location":"[get_call:164] fyersModel","message":{"API":"/history","error":"HTTPSConnectionPool(host='api-t1.fyers.in', port=443): Max retries exceeded with url: /data/history?symbol=NSE%3AINTELLECT-EQ&resolution=5&date_format=1&range_from=2025-11-04&range_to=2025-11-11&cont_flag=1 (Caused by NameResolutionError(\"<urllib3.connection.HTTPSConnection object at 0x0000013ADA41D650>: Failed to resolve 'api-t1.fyers.in' ([Errno 11001] getaddrinfo failed)\"))"},"timestamp":"2025-11-11 10:45:23,439+0530","service":"FyersAPI"}
{"level":"ERROR","location":"[get_call:164] fyersModel","message":{"API":"/history","error":"HTTPSConnectionPool(host='api-t1.fyers.in', port=443): Max retries exceeded with url: /data/history?symbol=NSE%3AJSL-EQ&resolution=5&date_format=1&range_from=2025-11-04&range_to=2025-11-11&cont_flag=1 (Caused by NameResolutionError(\"<urllib3.connection.HTTPSConnection object at 0x0000013ADA41DAD0>: Failed to resolve 'api-t1.fyers.in' ([Errno 11001] getaddrinfo failed)\"))"},"timestamp":"2025-11-11 10:45:33,445+0530","service":"FyersAPI"}
{"level":"ERROR","location":"[get_call:164] fyersModel","message":{"API":"/history","error":"HTTPSConnectionPool(host='api-t1.fyers.in', port=443): Max retries exceeded with url: /data/history?symbol=NSE%3AMMTC-EQ&resolution=5&date_format=1&range_from=2025-11-04&range_to=2025-11-11&cont_flag=1 (Caused by NameResolutionError(\"<urllib3.connection.HTTPSConnection object at 0x0000013ADA43C790>: Failed to resolve 'api-t1.fyers.in' ([Errno 11001] getaddrinfo failed)\"))"},"timestamp":"2025-11-11 10:45:33,452+0530","service":"FyersAPI"}
{"level":"ERROR","location":"[get_call:164] fyersModel","message":{"API":"/history","error":"HTTPSConnectionPool(host='api-t1.fyers.in', port=443): Max retries exceeded with url: /data/history?symbol=NSE%3AIDEA-EQ&resolution=5&date_format=1&range_from=2025-11-04&range_to=2025-11-11&cont_flag=1 (Caused by NameResolutionError(\"<urllib3.connection.HTTPSConnection object at 0x0000013ADA3876D0>: Failed to resolve 'api-t1.fyers.in' ([Errno 11001] getaddrinfo failed)\"))"},"timestamp":"2025-11-11 10:45:33,455+0530","service":"FyersAPI"}
{"level":"ERROR","location":"[get_call:164] fyersModel","message":{"API":"/history","error":"HTTPSConnectionPool(host='api-t1.fyers.in', port=443): Max retries exceeded with url: /data/history?symbol=NSE%3AKEC-EQ&resolution=5&date_format=1&range_from=2025-11-04&range_to=2025-11-11&cont_flag=1 (Caused by NameResolutionError(\"<urllib3.connection.HTTPSConnection object at 0x0000013ADA405650>: Failed to resolve 'api-t1.fyers.in' ([Errno 11001] getaddrinfo failed)\"))"},"timestamp":"2025-11-11 10:45:33,463+0530","service":"FyersAPI"}
{"level":"ERROR","location":"[get_call:164] fyersModel","message":{"API":"/history","error":"HTTPSConnectionPool(host='api-t1.fyers.in', port=443): Max retries exceeded with url: /data/history?symbol=NSE%3AHEG-EQ&resolution=5&date_format=1&range_from=2025-11-04&range_to=2025-11-11&cont_flag=1 (Caused by NameResolutionError(\"<urllib3.connection.HTTPSConnection object at 0x0000013ADA0AC690>: Failed to resolve 'api-t1.fyers.in' ([Errno 11001] getaddrinfo failed)\"))"},"timestamp":"2025-11-11 10:45:33,466+0530","service":"FyersAPI"}
{"level":"ERROR","location":"[get_call:164] fyersModel","message":{"API":"/history","error":"HTTPSConnectionPool(host='api-t1.fyers.in', port=443): Max retries exceeded with url: /data/history?symbol=NSE%3AINTELLECT-EQ&resolution=5&date_format=1&range_from=2025-11-04&range_to=2025-11-11&cont_flag=1 (Caused by NameResolutionError(\"<urllib3.connection.HTTPSConnection object at 0x0000013ADA43EE90>: Failed to resolve 'api-t1.fyers.in' ([Errno 11001] getaddrinfo failed)\"))"},"timestamp":"2025-11-11 10:45:33,472+0530","service":"FyersAPI"}
{"level":"ERROR","location":"[get_call:164] fyersModel","message":{"API":"/history","error":"HTTPSConnectionPool(host='api-t1.fyers.in', port=443): Max retries exceeded with url: /data/history?symbol=NSE%3AJSL-EQ&resolution=5&date_format=1&range_from=2025-11-04&range_to=2025-11-11&cont_flag=1 (Caused by NameResolutionError(\"<urllib3.connection.HTTPSConnection object at 0x0000013ADA41C210>: Failed to resolve 'api-t1.fyers.in' ([Errno 11001] getaddrinfo failed)\"))"},"timestamp":"2025-11-11 10:45:43,481+0530","service":"FyersAPI"}
{"level":"ERROR","location":"[get_call:164] fyersModel","message":{"API":"/history","error":"HTTPSConnectionPool(host='api-t1.fyers.in', port=443): Max retries exceeded with url: /data/history?symbol=NSE%3AMMTC-EQ&resolution=5&date_format=1&range_from=2025-11-04&range_to=2025-11-11&cont_flag=1 (Caused by NameResolutionError(\"<urllib3.connection.HTTPSConnection object at 0x0000013ADA41CE10>: Failed to resolve 'api-t1.fyers.in' ([Errno 11001] getaddrinfo failed)\"))"},"timestamp":"2025-11-11 10:45:43,484+0530","service":"FyersAPI"}
{"level":"ERROR","location":"[get_call:164] fyersModel","message":{"API":"/history","error":"HTTPSConnectionPool(host='api-t1.fyers.in', port=443): Max retries exceeded with url: /data/history?symbol=NSE%3AIDEA-EQ&resolution=5&date_format=1&range_from=2025-11-04&range_to=2025-11-11&cont_flag=1 (Caused by NameResolutionError(\"<urllib3.connection.HTTPSConnection object at 0x0000013ADA09CC10>: Failed to resolve 'api-t1.fyers.in' ([Errno 11001] getaddrinfo failed)\"))"},"timestamp":"2025-11-11 10:45:43,491+0530","service":"FyersAPI"}
{"level":"ERROR","location":"[get_call:164] fyersModel","message":{"API":"/history","error":"HTTPSConnectionPool(host='api-t1.fyers.in', port=443): Max retries exceeded with url: /data/history?symbol=NSE%3AKEC-EQ&resolution=5&date_format=1&range_from=2025-11-04&range_to=2025-11-11&cont_flag=1 (Caused by NameResolutionError(\"<urllib3.connection.HTTPSConnection object at 0x0000013ADA43D350>: Failed to resolve 'api-t1.fyers.in' ([Errno 11001] getaddrinfo failed)\"))"},"timestamp":"2025-11-11 10:45:43,496+0530","service":"FyersAPI"}
{"level":"ERROR","location":"[get_call:164] fyersModel","message":{"API":"/history","error":"HTTPSConnectionPool(host='api-t1.fyers.in', port=443): Max retries exceeded with url: /data/history?symbol=NSE%3AHEG-EQ&resolution=5&date_format=1&range_from=2025-11-04&range_to=2025-11-11&cont_flag=1 (Caused by NameResolutionError(\"<urllib3.connection.HTTPSConnection object at 0x0000013ADA43E310>: Failed to resolve 'api-t1.fyers.in' ([Errno 11001] getaddrinfo failed)\"))"},"timestamp":"2025-11-11 10:45:43,496+0530","service":"FyersAPI"}
{"level":"ERROR","location":"[get_call:164] fyersModel","message":{"API":"/history","error":"HTTPSConnectionPool(host='api-t1.fyers.in', port=443): Max retries exceeded with url: /data/history?symbol=NSE%3AINTELLECT-EQ&resolution=5&date_format=1&range_from=2025-11-04&range_to=2025-11-11&cont_flag=1 (Caused by NameResolutionError(\"<urllib3.connection.HTTPSConnection object at 0x0000013ADA404210>: Failed to resolve 'api-t1.fyers.in' ([Errno 11001] getaddrinfo failed)\"))"},"timestamp":"2025-11-11 10:45:43,506+0530","service":"FyersAPI"}
{"level":"ERROR","location":"[get_call:164] fyersModel","message":{"API":"/history","error":"HTTPSConnectionPool(host='api-t1.fyers.in', port=443): Max retries exceeded with url: /data/history?symbol=NSE%3AJSL-EQ&resolution=5&date_format=1&range_from=2025-11-04&range_to=2025-11-11&cont_flag=1 (Caused by NameResolutionError(\"<urllib3.connection.HTTPSConnection object at 0x0000013ADA41E150>: Failed to resolve 'api-t1.fyers.in' ([Errno 11001] getaddrinfo failed)\"))"},"timestamp":"2025-11-11 10:45:53,510+0530","service":"FyersAPI"}
{"level":"ERROR","location":"[get_call:164] fyersModel","message":{"API":"/history","error":"HTTPSConnectionPool(host='api-t1.fyers.in', port=443): Max retries exceeded with url: /data/history?symbol=NSE%3AMMTC-EQ&resolution=5&date_format=1&range_from=2025-11-04&range_to=2025-11-11&cont_flag=1 (Caused by NameResolutionError(\"<urllib3.connection.HTTPSConnection object at 0x0000013ADA411650>: Failed to resolve 'api-t1.fyers.in' ([Errno 11001] getaddrinfo failed)\"))"},"timestamp":"2025-11-11 10:45:53,517+0530","service":"FyersAPI"}
{"level":"ERROR","location":"[get_call:164] fyersModel","message":{"API":"/history","error":"HTTPSConnectionPool(host='api-t1.fyers.in', port=443): Max retries exceeded with url: /data/history?symbol=NSE%3AIDEA-EQ&resolution=5&date_format=1&range_from=2025-11-04&range_to=2025-11-11&cont_flag=1 (Caused by NameResolutionError(\"<urllib3.connection.HTTPSConnection object at 0x0000013ADA386110>: Failed to resolve 'api-t1.fyers.in' ([Errno 11001] getaddrinfo failed)\"))"},"timestamp":"2025-11-11 10:45:53,524+0530","service":"FyersAPI"}
{"level":"ERROR","location":"[get_call:164] fyersModel","message":{"API":"/history","error":"HTTPSConnectionPool(host='api-t1.fyers.in', port=443): Max retries exceeded with url: /data/history?symbol=NSE%3AKEC-EQ&resolution=5&date_format=1&range_from=2025-11-04&range_to=2025-11-11&cont_flag=1 (Caused by NameResolutionError(\"<urllib3.connection.HTTPSConnection object at 0x0000013ADA43C0D0>: Failed to resolve 'api-t1.fyers.in' ([Errno 11001] getaddrinfo failed)\"))"},"timestamp":"2025-11-11 10:45:53,529+0530","service":"FyersAPI"}
{"level":"ERROR","location":"[get_call:164] fyersModel","message":{"API":"/history","error":"HTTPSConnectionPool(host='api-t1.fyers.in', port=443): Max retries exceeded with url: /data/history?symbol=NSE%3AHEG-EQ&resolution=5&date_format=1&range_from=2025-11-04&range_to=2025-11-11&cont_flag=1 (Caused by NameResolutionError(\"<urllib3.connection.HTTPSConnection object at 0x0000013ADA43C510>: Failed to resolve 'api-t1.fyers.in' ([Errno 11001] getaddrinfo failed)\"))"},"timestamp":"2025-11-11 10:45:53,532+0530","service":"FyersAPI"}
{"level":"ERROR","location":"[get_call:164] fyersModel","message":{"API":"/history","error":"HTTPSConnectionPool(host='api-t1.fyers.in', port=443): Max retries exceeded with url: /data/history?symbol=NSE%3AINTELLECT-EQ&resolution=5&date_format=1&range_from=2025-11-04&range_to=2025-11-11&cont_flag=1 (Caused by NameResolutionError(\"<urllib3.connection.HTTPSConnection object at 0x0000013ADA41E410>: Failed to resolve 'api-t1.fyers.in' ([Errno 11001] getaddrinfo failed)\"))"},"timestamp":"2025-11-11 10:45:53,537+0530","service":"FyersAPI"}
{"level":"ERROR","location":"[get_call:164] fyersModel","message":{"API":"/history","error":"HTTPSConnectionPool(host='api-t1.fyers.in', port=443): Max retries exceeded with url: /data/history?symbol=NSE%3AJSL-EQ&resolution=5&date_format=1&range_from=2025-11-04&range_to=2025-11-11&cont_flag=1 (Caused by NameResolutionError(\"<urllib3.connection.HTTPSConnection object at 0x0000013ADA413490>: Failed to resolve 'api-t1.fyers.in' ([Errno 11001] getaddrinfo failed)\"))"},"timestamp":"2025-11-11 10:46:03,543+0530","service":"FyersAPI"}
{"level":"ERROR","location":"[get_call:164] fyersModel","message":{"API":"/history","error":"HTTPSConnectionPool(host='api-t1.fyers.in', port=443): Max retries exceeded with url: /data/history?symbol=NSE%3AMMTC-EQ&resolution=5&date_format=1&range_from=2025-11-04&range_to=2025-11-11&cont_flag=1 (Caused by NameResolutionError(\"<urllib3.connection.HTTPSConnection object at 0x0000013ADA089B10>: Failed to resolve 'api-t1.fyers.in' ([Errno 11001] getaddrinfo failed)\"))"},"timestamp":"2025-11-11 10:46:03,549+0530","service":"FyersAPI"}
{"level":"ERROR","location":"[get_call:164] fyersModel","message":{"API":"/history","error":"HTTPSConnectionPool(host='api-t1.fyers.in', port=443): Max retries exceeded with url: /data/history?symbol=NSE%3AIDEA-EQ&resolution=5&date_format=1&range_from=2025-11-04&range_to=2025-11-11&cont_flag=1 (Caused by NameResolutionError(\"<urllib3.connection.HTTPSConnection object at 0x0000013ADA43E190>: Failed to resolve 'api-t1.fyers.in' ([Errno 11001] getaddrinfo failed)\"))"},"timestamp":"2025-11-11 10:46:03,556+0530","service":"FyersAPI"}
{"level":"ERROR","location":"[get_call:164] fyersModel","message":{"API":"/history","error":"HTTPSConnectionPool(host='api-t1.fyers.in', port=443): Max retries exceeded with url: /data/history?symbol=NSE%3AKEC-EQ&resolution=5&date_format=1&range_from=2025-11-04&range_to=2025-11-11&cont_flag=1 (Caused by NameResolutionError(\"<urllib3.connection.HTTPSConnection object at 0x0000013ADA43D810>: Failed to resolve 'api-t1.fyers.in' ([Errno 11001] getaddrinfo failed)\"))"},"timestamp":"2025-11-11 10:46:03,561+0530","service":"FyersAPI"}
{"level":"ERROR","location":"[get_call:164] fyersModel","message":{"API":"/history","error":"HTTPSConnectionPool(host='api-t1.fyers.in', port=443): Max retries exceeded with url: /data/history?symbol=NSE%3AHEG-EQ&resolution=5&date_format=1&range_from=2025-11-04&range_to=2025-11-11&cont_flag=1 (Caused by NameResolutionError(\"<urllib3.connection.HTTPSConnection object at 0x0000013ADA41D890>: Failed to resolve 'api-t1.fyers.in' ([Errno 11001] getaddrinfo failed)\"))"},"timestamp":"2025-11-11 10:46:03,565+0530","service":"FyersAPI"}
{"level":"ERROR","location":"[get_call:164] fyersModel","message":{"API":"/history","error":"HTTPSConnectionPool(host='api-t1.fyers.in', port=443): Max retries exceeded with url: /data/history?symbol=NSE%3AINTELLECT-EQ&resolution=5&date_format=1&range_from=2025-11-04&range_to=2025-11-11&cont_flag=1 (Caused by NameResolutionError(\"<urllib3.connection.HTTPSConnection object at 0x0000013ADA404CD0>: Failed to resolve 'api-t1.fyers.in' ([Errno 11001] getaddrinfo failed)\"))"},"timestamp":"2025-11-11 10:46:03,565+0530","service":"FyersAPI"}
{"level":"ERROR","location":"[get_call:164] fyersModel","message":{"API":"/history","error":"HTTPSConnectionPool(host='api-t1.fyers.in', port=443): Max retries exceeded with url: /data/history?symbol=NSE%3AJSL-EQ&resolution=5&date_format=1&range_from=2025-11-04&range_to=2025-11-11&cont_flag=1 (Caused by NameResolutionError(\"<urllib3.connection.HTTPSConnection object at 0x0000013ADA304ED0>: Failed to resolve 'api-t1.fyers.in' ([Errno 11001] getaddrinfo failed)\"))"},"timestamp":"2025-11-11 10:46:13,577+0530","service":"FyersAPI"}
{"level":"ERROR","location":"[get_call:164] fyersModel","message":{"API":"/history","error":"HTTPSConnectionPool(host='api-t1.fyers.in', port=443): Max retries exceeded with url: /data/history?symbol=NSE%3AMMTC-EQ&resolution=5&date_format=1&range_from=2025-11-04&range_to=2025-11-11&cont_flag=1 (Caused by NameResolutionError(\"<urllib3.connection.HTTPSConnection object at 0x0000013ADA43F690>: Failed to resolve 'api-t1.fyers.in' ([Errno 11001] getaddrinfo failed)\"))"},"timestamp":"2025-11-11 10:46:13,585+0530","service":"FyersAPI"}
{"level":"ERROR","location":"[get_call:164] fyersModel","message":{"API":"/history","error":"HTTPSConnectionPool(host='api-t1.fyers.in', port=443): Max retries exceeded with url: /data/history?symbol=NSE%3AIDEA-EQ&resolution=5&date_format=1&range_from=2025-11-04&range_to=2025-11-11&cont_flag=1 (Caused by NameResolutionError(\"<urllib3.connection.HTTPSConnection object at 0x0000013ADA43FBD0>: Failed to resolve 'api-t1.fyers.in' ([Errno 11001] getaddrinfo failed)\"))"},"timestamp":"2025-11-11 10:46:13,590+0530","service":"FyersAPI"}
{"level":"ERROR","location":"[get_call:164] fyersModel","message":{"API":"/history","error":"HTTPSConnectionPool(host='api-t1.fyers.in', port=443): Max retries exceeded with url: /data/history?symbol=NSE%3AKEC-EQ&resolution=5&date_format=1&range_from=2025-11-04&range_to=2025-11-11&cont_flag=1 (Caused by NameResolutionError(\"<urllib3.connection.HTTPSConnection object at 0x0000013ADA09DC90>: Failed to resolve 'api-t1.fyers.in' ([Errno 11001] getaddrinfo failed)\"))"},"timestamp":"2025-11-11 10:46:13,594+0530","service":"FyersAPI"}
{"level":"ERROR","location":"[get_call:164] fyersModel","message":{"API":"/history","error":"HTTPSConnectionPool(host='api-t1.fyers.in', port=443): Max retries exceeded with url: /data/history?symbol=NSE%3AHEG-EQ&resolution=5&date_format=1&range_from=2025-11-04&range_to=2025-11-11&cont_flag=1 (Caused by NameResolutionError(\"<urllib3.connection.HTTPSConnection object at 0x0000013ADA41FE50>: Failed to resolve 'api-t1.fyers.in' ([Errno 11001] getaddrinfo failed)\"))"},"timestamp":"2025-11-11 10:46:13,599+0530","service":"FyersAPI"}
{"level":"ERROR","location":"[get_call:164] fyersModel","message":{"API":"/history","error":"HTTPSConnectionPool(host='api-t1.fyers.in', port=443): Max retries exceeded with url: /data/history?symbol=NSE%3AINTELLECT-EQ&resolution=5&date_format=1&range_from=2025-11-04&range_to=2025-11-11&cont_flag=1 (Caused by NameResolutionError(\"<urllib3.connection.HTTPSConnection object at 0x0000013ADA426F10>: Failed to resolve 'api-t1.fyers.in' ([Errno 11001] getaddrinfo failed)\"))"},"timestamp":"2025-11-11 10:46:13,604+0530","service":"FyersAPI"}
{"level":"ERROR","location":"[get_call:164] fyersModel","message":{"API":"/history","error":"HTTPSConnectionPool(host='api-t1.fyers.in', port=443): Max retries exceeded with url: /data/history?symbol=NSE%3AJSL-EQ&resolution=5&date_format=1&range_from=2025-11-04&range_to=2025-11-11&cont_flag=1 (Caused by NameResolutionError(\"<urllib3.connection.HTTPSConnection object at 0x0000013ADA09F550>: Failed to resolve 'api-t1.fyers.in' ([Errno 11001] getaddrinfo failed)\"))"},"timestamp":"2025-11-11 10:46:23,610+0530","service":"FyersAPI"}
{"level":"ERROR","location":"[get_call:164] fyersModel","message":{"API":"/history","error":"HTTPSConnectionPool(host='api-t1.fyers.in', port=443): Max retries exceeded with url: /data/history?symbol=NSE%3AMMTC-EQ&resolution=5&date_format=1&range_from=2025-11-04&range_to=2025-11-11&cont_flag=1 (Caused by NameResolutionError(\"<urllib3.connection.HTTPSConnection object at 0x0000013ADA3F6DD0>: Failed to resolve 'api-t1.fyers.in' ([Errno 11001] getaddrinfo failed)\"))"},"timestamp":"2025-11-11 10:46:23,615+0530","service":"FyersAPI"}
{"level":"ERROR","location":"[get_call:164] fyersModel","message":{"API":"/history","error":"HTTPSConnectionPool(host='api-t1.fyers.in', port=443): Max retries exceeded with url: /data/history?symbol=NSE%3AIDEA-EQ&resolution=5&date_format=1&range_from=2025-11-04&range_to=2025-11-11&cont_flag=1 (Caused by NameResolutionError(\"<urllib3.connection.HTTPSConnection object at 0x0000013ADA43E150>: Failed to resolve 'api-t1.fyers.in' ([Errno 11001] getaddrinfo failed)\"))"},"timestamp":"2025-11-11 10:46:23,622+0530","service":"FyersAPI"}
{"level":"ERROR","location":"[get_call:164] fyersModel","message":{"API":"/history","error":"HTTPSConnectionPool(host='api-t1.fyers.in', port=443): Max retries exceeded with url: /data/history?symbol=NSE%3AKEC-EQ&resolution=5&date_format=1&range_from=2025-11-04&range_to=2025-11-11&cont_flag=1 (Caused by NameResolutionError(\"<urllib3.connection.HTTPSConnection object at 0x0000013ADA407410>: Failed to resolve 'api-t1.fyers.in' ([Errno 11001] getaddrinfo failed)\"))"},"timestamp":"2025-11-11 10:46:23,627+0530","service":"FyersAPI"}
{"level":"ERROR","location":"[get_call:164] fyersModel","message":{"API":"/history","error":"HTTPSConnectionPool(host='api-t1.fyers.in', port=443): Max retries exceeded with url: /data/history?symbol=NSE%3AHEG-EQ&resolution=5&date_format=1&range_from=2025-11-04&range_to=2025-11-11&cont_flag=1 (Caused by NameResolutionError(\"<urllib3.connection.HTTPSConnection object at 0x0000013ADA427590>: Failed to resolve 'api-t1.fyers.in' ([Errno 11001] getaddrinfo failed)\"))"},"timestamp":"2025-11-11 10:46:23,631+0530","service":"FyersAPI"}
{"level":"ERROR","location":"[get_call:164] fyersModel","message":{"API":"/history","error":"HTTPSConnectionPool(host='api-t1.fyers.in', port=443): Max retries exceeded with url: /data/history?symbol=NSE%3AINTELLECT-EQ&resolution=5&date_format=1&range_from=2025-11-04&range_to=2025-11-11&cont_flag=1 (Caused by NameResolutionError(\"<urllib3.connection.HTTPSConnection object at 0x0000013ADA41EFD0>: Failed to resolve 'api-t1.fyers.in' ([Errno 11001] getaddrinfo failed)\"))"},"timestamp":"2025-11-11 10:46:23,639+0530","service":"FyersAPI"}
{"level":"ERROR","location":"[get_call:164] fyersModel","message":{"API":"/history","error":"HTTPSConnectionPool(host='api-t1.fyers.in', port=443): Max retries exceeded with url: /data/history?symbol=NSE%3AJSL-EQ&resolution=5&date_format=1&range_from=2025-11-04&range_to=2025-11-11&cont_flag=1 (Caused by NameResolutionError(\"<urllib3.connection.HTTPSConnection object at 0x0000013ADA4071D0>: Failed to resolve 'api-t1.fyers.in' ([Errno 11001] getaddrinfo failed)\"))"},"timestamp":"2025-11-11 10:46:33,646+0530","service":"FyersAPI"}
{"level":"ERROR","location":"[get_call:164] fyersModel","message":{"API":"/history","error":"HTTPSConnectionPool(host='api-t1.fyers.in', port=443): Max retries exceeded with url: /data/history?symbol=NSE%3AMMTC-EQ&resolution=5&date_format=1&range_from=2025-11-04&range_to=2025-11-11&cont_flag=1 (Caused by NameResolutionError(\"<urllib3.connection.HTTPSConnection object at 0x0000013ADA43E750>: Failed to resolve 'api-t1.fyers.in' ([Errno 11001] getaddrinfo failed)\"))"},"timestamp":"2025-11-11 10:46:33,652+0530","service":"FyersAPI"}
{"level":"ERROR","location":"[get_call:164] fyersModel","message":{"API":"/history","error":"HTTPSConnectionPool(host='api-t1.fyers.in', port=443): Max retries exceeded with url: /data/history?symbol=NSE%3AIDEA-EQ&resolution=5&date_format=1&range_from=2025-11-04&range_to=2025-11-11&cont_flag=1 (Caused by NameResolutionError(\"<urllib3.connection.HTTPSConnection object at 0x0000013ADA413250>: Failed to resolve 'api-t1.fyers.in' ([Errno 11001] getaddrinfo failed)\"))"},"timestamp":"2025-11-11 10:46:33,660+0530","service":"FyersAPI"}
{"level":"ERROR","location":"[get_call:164] fyersModel","message":{"API":"/history","error":"HTTPSConnectionPool(host='api-t1.fyers.in', port=443): Max retries exceeded with url: /data/history?symbol=NSE%3AKEC-EQ&resolution=5&date_format=1&range_from=2025-11-04&range_to=2025-11-11&cont_flag=1 (Caused by NameResolutionError(\"<urllib3.connection.HTTPSConnection object at 0x0000013AD7ACC690>: Failed to resolve 'api-t1.fyers.in' ([Errno 11001] getaddrinfo failed)\"))"},"timestamp":"2025-11-11 10:46:33,663+0530","service":"FyersAPI"}
{"level":"ERROR","location":"[get_call:164] fyersModel","message":{"API":"/history","error":"HTTPSConnectionPool(host='api-t1.fyers.in', port=443): Max retries exceeded with url: /data/history?symbol=NSE%3AHEG-EQ&resolution=5&date_format=1&range_from=2025-11-04&range_to=2025-11-11&cont_flag=1 (Caused by NameResolutionError(\"<urllib3.connection.HTTPSConnection object at 0x0000013ADA35B090>: Failed to resolve 'api-t1.fyers.in' ([Errno 11001] getaddrinfo failed)\"))"},"timestamp":"2025-11-11 10:46:33,666+0530","service":"FyersAPI"}
{"level":"ERROR","location":"[get_call:164] fyersModel","message":{"API":"/history","error":"HTTPSConnectionPool(host='api-t1.fyers.in', port=443): Max retries exceeded with url: /data/history?symbol=NSE%3AINTELLECT-EQ&resolution=5&date_format=1&range_from=2025-11-04&range_to=2025-11-11&cont_flag=1 (Caused by NameResolutionError(\"<urllib3.connection.HTTPSConnection object at 0x0000013ADA4115D0>: Failed to resolve 'api-t1.fyers.in' ([Errno 11001] getaddrinfo failed)\"))"},"timestamp":"2025-11-11 10:46:33,678+0530","service":"FyersAPI"}
{"level":"ERROR","location":"[get_call:164] fyersModel","message":{"API":"/history","error":"HTTPSConnectionPool(host='api-t1.fyers.in', port=443): Max retries exceeded with url: /data/history?symbol=NSE%3AJSL-EQ&resolution=5&date_format=1&range_from=2025-11-04&range_to=2025-11-11&cont_flag=1 (Caused by NameResolutionError(\"<urllib3.connection.HTTPSConnection object at 0x0000013ADA43CAD0>: Failed to resolve 'api-t1.fyers.in' ([Errno 11001] getaddrinfo failed)\"))"},"timestamp":"2025-11-11 10:46:43,685+0530","service":"FyersAPI"}
{"level":"ERROR","location":"[get_call:164] fyersModel","message":{"API":"/history","error":"HTTPSConnectionPool(host='api-t1.fyers.in', port=443): Max retries exceeded with url: /data/history?symbol=NSE%3AMMTC-EQ&resolution=5&date_format=1&range_from=2025-11-04&range_to=2025-11-11&cont_flag=1 (Caused by NameResolutionError(\"<urllib3.connection.HTTPSConnection object at 0x0000013ADA304490>: Failed to resolve 'api-t1.fyers.in' ([Errno 11001] getaddrinfo failed)\"))"},"timestamp":"2025-11-11 10:46:43,690+0530","service":"FyersAPI"}
{"level":"ERROR","location":"[get_call:164] fyersModel","message":{"API":"/history","error":"HTTPSConnectionPool(host='api-t1.fyers.in', port=443): Max retries exceeded with url: /data/history?symbol=NSE%3AIDEA-EQ&resolution=5&date_format=1&range_from=2025-11-04&range_to=2025-11-11&cont_flag=1 (Caused by NameResolutionError(\"<urllib3.connection.HTTPSConnection object at 0x0000013ADA407010>: Failed to resolve 'api-t1.fyers.in' ([Errno 11001] getaddrinfo failed)\"))"},"timestamp":"2025-11-11 10:46:43,704+0530","service":"FyersAPI"}
{"level":"ERROR","location":"[get_call:164] fyersModel","message":{"API":"/history","error":"HTTPSConnectionPool(host='api-t1.fyers.in', port=443): Max retries exceeded with url: /data/history?symbol=NSE%3AKEC-EQ&resolution=5&date_format=1&range_from=2025-11-04&range_to=2025-11-11&cont_flag=1 (Caused by NameResolutionError(\"<urllib3.connection.HTTPSConnection object at 0x0000013ADA386F90>: Failed to resolve 'api-t1.fyers.in' ([Errno 11001] getaddrinfo failed)\"))"},"timestamp":"2025-11-11 10:46:43,711+0530","service":"FyersAPI"}
{"level":"ERROR","location":"[get_call:164] fyersModel","message":{"API":"/history","error":"HTTPSConnectionPool(host='api-t1.fyers.in', port=443): Max retries exceeded with url: /data/history?symbol=NSE%3AHEG-EQ&resolution=5&date_format=1&range_from=2025-11-04&range_to=2025-11-11&cont_flag=1 (Caused by NameResolutionError(\"<urllib3.connection.HTTPSConnection object at 0x0000013ADA41E850>: Failed to resolve 'api-t1.fyers.in' ([Errno 11001] getaddrinfo failed)\"))"},"timestamp":"2025-11-11 10:46:43,717+0530","service":"FyersAPI"}
{"level":"ERROR","location":"[get_call:164] fyersModel","message":{"API":"/history","error":"HTTPSConnectionPool(host='api-t1.fyers.in', port=443): Max retries exceeded with url: /data/history?symbol=NSE%3AINTELLECT-EQ&resolution=5&date_format=1&range_from=2025-11-04&range_to=2025-11-11&cont_flag=1 (Caused by NameResolutionError(\"<urllib3.connection.HTTPSConnection object at 0x0000013ADA43FD90>: Failed to resolve 'api-t1.fyers.in' ([Errno 11001] getaddrinfo failed)\"))"},"timestamp":"2025-11-11 10:46:43,717+0530","service":"FyersAPI"}
{"level":"ERROR","location":"[get_call:164] fyersModel","message":{"API":"/history","error":"HTTPSConnectionPool(host='api-t1.fyers.in', port=443): Max retries exceeded with url: /data/history?symbol=NSE%3AJSL-EQ&resolution=5&date_format=1&range_from=2025-11-04&range_to=2025-11-11&cont_flag=1 (Caused by NameResolutionError(\"<urllib3.connection.HTTPSConnection object at 0x0000013ADA43D1D0>: Failed to resolve 'api-t1.fyers.in' ([Errno 11001] getaddrinfo failed)\"))"},"timestamp":"2025-11-11 10:46:53,727+0530","service":"FyersAPI"}
{"level":"ERROR","location":"[get_call:164] fyersModel","message":{"API":"/history","error":"HTTPSConnectionPool(host='api-t1.fyers.in', port=443): Max retries exceeded with url: /data/history?symbol=NSE%3AMMTC-EQ&resolution=5&date_format=1&range_from=2025-11-04&range_to=2025-11-11&cont_flag=1 (Caused by NameResolutionError(\"<urllib3.connection.HTTPSConnection object at 0x0000013ADA095B50>: Failed to resolve 'api-t1.fyers.in' ([Errno 11001] getaddrinfo failed)\"))"},"timestamp":"2025-11-11 10:46:53,734+0530","service":"FyersAPI"}
{"level":"ERROR","location":"[get_call:164] fyersModel","message":{"API":"/history","error":"HTTPSConnectionPool(host='api-t1.fyers.in', port=443): Max retries exceeded with url: /data/history?symbol=NSE%3AIDEA-EQ&resolution=5&date_format=1&range_from=2025-11-04&range_to=2025-11-11&cont_flag=1 (Caused by NameResolutionError(\"<urllib3.connection.HTTPSConnection object at 0x0000013ADA424C90>: Failed to resolve 'api-t1.fyers.in' ([Errno 11001] getaddrinfo failed)\"))"},"timestamp":"2025-11-11 10:46:53,746+0530","service":"FyersAPI"}
{"level":"ERROR","location":"[get_call:164] fyersModel","message":{"API":"/history","error":"HTTPSConnectionPool(host='api-t1.fyers.in', port=443): Max retries exceeded with url: /data/history?symbol=NSE%3AKEC-EQ&resolution=5&date_format=1&range_from=2025-11-04&range_to=2025-11-11&cont_flag=1 (Caused by NameResolutionError(\"<urllib3.connection.HTTPSConnection object at 0x0000013ADA4134D0>: Failed to resolve 'api-t1.fyers.in' ([Errno 11001] getaddrinfo failed)\"))"},"timestamp":"2025-11-11 10:46:53,750+0530","service":"FyersAPI"}
{"level":"ERROR","location":"[get_call:164] fyersModel","message":{"API":"/history","error":"HTTPSConnectionPool(host='api-t1.fyers.in', port=443): Max retries exceeded with url: /data/history?symbol=NSE%3AHEG-EQ&resolution=5&date_format=1&range_from=2025-11-04&range_to=2025-11-11&cont_flag=1 (Caused by NameResolutionError(\"<urllib3.connection.HTTPSConnection object at 0x0000013ADA41DFD0>: Failed to resolve 'api-t1.fyers.in' ([Errno 11001] getaddrinfo failed)\"))"},"timestamp":"2025-11-11 10:46:53,758+0530","service":"FyersAPI"}
{"level":"ERROR","location":"[get_call:164] fyersModel","message":{"API":"/history","error":"HTTPSConnectionPool(host='api-t1.fyers.in', port=443): Max retries exceeded with url: /data/history?symbol=NSE%3AINTELLECT-EQ&resolution=5&date_format=1&range_from=2025-11-04&range_to=2025-11-11&cont_flag=1 (Caused by NameResolutionError(\"<urllib3.connection.HTTPSConnection object at 0x0000013ADA43D8D0>: Failed to resolve 'api-t1.fyers.in' ([Errno 11001] getaddrinfo failed)\"))"},"timestamp":"2025-11-11 10:46:53,763+0530","service":"FyersAPI"}
{"level":"ERROR","location":"[get_call:164] fyersModel","message":{"API":"/history","error":"HTTPSConnectionPool(host='api-t1.fyers.in', port=443): Max retries exceeded with url: /data/history?symbol=NSE%3AJSL-EQ&resolution=5&date_format=1&range_from=2025-11-04&range_to=2025-11-11&cont_flag=1 (Caused by NameResolutionError(\"<urllib3.connection.HTTPSConnection object at 0x0000013ADA405150>: Failed to resolve 'api-t1.fyers.in' ([Errno 11001] getaddrinfo failed)\"))"},"timestamp":"2025-11-11 10:47:03,769+0530","service":"FyersAPI"}
{"level":"ERROR","location":"[get_call:164] fyersModel","message":{"API":"/history","error":"HTTPSConnectionPool(host='api-t1.fyers.in', port=443): Max retries exceeded with url: /data/history?symbol=NSE%3AMMTC-EQ&resolution=5&date_format=1&range_from=2025-11-04&range_to=2025-11-11&cont_flag=1 (Caused by NameResolutionError(\"<urllib3.connection.HTTPSConnection object at 0x0000013ADA424E10>: Failed to resolve 'api-t1.fyers.in' ([Errno 11001] getaddrinfo failed)\"))"},"timestamp":"2025-11-11 10:47:03,773+0530","service":"FyersAPI"}
{"level":"ERROR","location":"[get_call:164] fyersModel","message":{"API":"/history","error":"HTTPSConnectionPool(host='api-t1.fyers.in', port=443): Max retries exceeded with url: /data/history?symbol=NSE%3AIDEA-EQ&resolution=5&date_format=1&range_from=2025-11-04&range_to=2025-11-11&cont_flag=1 (Caused by NameResolutionError(\"<urllib3.connection.HTTPSConnection object at 0x0000013ADA405D50>: Failed to resolve 'api-t1.fyers.in' ([Errno 11001] getaddrinfo failed)\"))"},"timestamp":"2025-11-11 10:47:03,783+0530","service":"FyersAPI"}
{"level":"ERROR","location":"[get_call:164] fyersModel","message":{"API":"/history","error":"HTTPSConnectionPool(host='api-t1.fyers.in', port=443): Max retries exceeded with url: /data/history?symbol=NSE%3AKEC-EQ&resolution=5&date_format=1&range_from=2025-11-04&range_to=2025-11-11&cont_flag=1 (Caused by NameResolutionError(\"<urllib3.connection.HTTPSConnection object at 0x0000013ADA43E1D0>: Failed to resolve 'api-t1.fyers.in' ([Errno 11001] getaddrinfo failed)\"))"},"timestamp":"2025-11-11 10:47:03,789+0530","service":"FyersAPI"}
{"level":"ERROR","location":"[get_call:164] fyersModel","message":{"API":"/history","error":"HTTPSConnectionPool(host='api-t1.fyers.in', port=443): Max retries exceeded with url: /data/history?symbol=NSE%3AHEG-EQ&resolution=5&date_format=1&range_from=2025-11-04&range_to=2025-11-11&cont_flag=1 (Caused by NameResolutionError(\"<urllib3.connection.HTTPSConnection object at 0x0000013ADA43F250>: Failed to resolve 'api-t1.fyers.in' ([Errno 11001] getaddrinfo failed)\"))"},"timestamp":"2025-11-11 10:47:03,794+0530","service":"FyersAPI"}
{"level":"ERROR","location":"[get_call:164] fyersModel","message":{"API":"/history","error":"HTTPSConnectionPool(host='api-t1.fyers.in', port=443): Max retries exceeded with url: /data/history?symbol=NSE%3AINTELLECT-EQ&resolution=5&date_format=1&range_from=2025-11-04&range_to=2025-11-11&cont_flag=1 (Caused by NameResolutionError(\"<urllib3.connection.HTTPSConnection object at 0x0000013ADA0A4490>: Failed to resolve 'api-t1.fyers.in' ([Errno 11001] getaddrinfo failed)\"))"},"timestamp":"2025-11-11 10:47:03,800+0530","service":"FyersAPI"}
{"level":"ERROR","location":"[get_call:164] fyersModel","message":{"API":"/history","error":"HTTPSConnectionPool(host='api-t1.fyers.in', port=443): Max retries exceeded with url: /data/history?symbol=NSE%3AJSL-EQ&resolution=5&date_format=1&range_from=2025-11-04&range_to=2025-11-11&cont_flag=1 (Caused by NameResolutionError(\"<urllib3.connection.HTTPSConnection object at 0x0000013ADA413B50>: Failed to resolve 'api-t1.fyers.in' ([Errno 11001] getaddrinfo failed)\"))"},"timestamp":"2025-11-11 10:47:13,811+0530","service":"FyersAPI"}
{"level":"ERROR","location":"[get_call:164] fyersModel","message":{"API":"/history","error":"HTTPSConnectionPool(host='api-t1.fyers.in', port=443): Max retries exceeded with url: /data/history?symbol=NSE%3AMMTC-EQ&resolution=5&date_format=1&range_from=2025-11-04&range_to=2025-11-11&cont_flag=1 (Caused by NameResolutionError(\"<urllib3.connection.HTTPSConnection object at 0x0000013AD7992A50>: Failed to resolve 'api-t1.fyers.in' ([Errno 11001] getaddrinfo failed)\"))"},"timestamp":"2025-11-11 10:47:13,820+0530","service":"FyersAPI"}
{"level":"ERROR","location":"[get_call:164] fyersModel","message":{"API":"/history","error":"HTTPSConnectionPool(host='api-t1.fyers.in', port=443): Max retries exceeded with url: /data/history?symbol=NSE%3AIDEA-EQ&resolution=5&date_format=1&range_from=2025-11-04&range_to=2025-11-11&cont_flag=1 (Caused by NameResolutionError(\"<urllib3.connection.HTTPSConnection object at 0x0000013ADA09DE90>: Failed to resolve 'api-t1.fyers.in' ([Errno 11001] getaddrinfo failed)\"))"},"timestamp":"2025-11-11 10:47:13,829+0530","service":"FyersAPI"}
{"level":"ERROR","location":"[get_call:164] fyersModel","message":{"API":"/history","error":"HTTPSConnectionPool(host='api-t1.fyers.in', port=443): Max retries exceeded with url: /data/history?symbol=NSE%3AKEC-EQ&resolution=5&date_format=1&range_from=2025-11-04&range_to=2025-11-11&cont_flag=1 (Caused by NameResolutionError(\"<urllib3.connection.HTTPSConnection object at 0x0000013ADA425750>: Failed to resolve 'api-t1.fyers.in' ([Errno 11001] getaddrinfo failed)\"))"},"timestamp":"2025-11-11 10:47:13,833+0530","service":"FyersAPI"}
{"level":"ERROR","location":"[get_call:164] fyersModel","message":{"API":"/history","error":"HTTPSConnectionPool(host='api-t1.fyers.in', port=443): Max retries exceeded with url: /data/history?symbol=NSE%3AHEG-EQ&resolution=5&date_format=1&range_from=2025-11-04&range_to=2025-11-11&cont_flag=1 (Caused by NameResolutionError(\"<urllib3.connection.HTTPSConnection object at 0x0000013ADA4278D0>: Failed to resolve 'api-t1.fyers.in' ([Errno 11001] getaddrinfo failed)\"))"},"timestamp":"2025-11-11 10:47:13,839+0530","service":"FyersAPI"}
{"level":"ERROR","location":"[get_call:164] fyersModel","message":{"API":"/history","error":"HTTPSConnectionPool(host='api-t1.fyers.in', port=443): Max retries exceeded with url: /data/history?symbol=NSE%3AINTELLECT-EQ&resolution=5&date_format=1&range_from=2025-11-04&range_to=2025-11-11&cont_flag=1 (Caused by NameResolutionError(\"<urllib3.connection.HTTPSConnection object at 0x0000013ADA0A3790>: Failed to resolve 'api-t1.fyers.in' ([Errno 11001] getaddrinfo failed)\"))"},"timestamp":"2025-11-11 10:47:13,842+0530","service":"FyersAPI"}
{"level":"ERROR","location":"[get_call:164] fyersModel","message":{"API":"/history","error":"HTTPSConnectionPool(host='api-t1.fyers.in', port=443): Max retries exceeded with url: /data/history?symbol=NSE%3AJSL-EQ&resolution=5&date_format=1&range_from=2025-11-04&range_to=2025-11-11&cont_flag=1 (Caused by NameResolutionError(\"<urllib3.connection.HTTPSConnection object at 0x0000013ADA43E750>: Failed to resolve 'api-t1.fyers.in' ([Errno 11001] getaddrinfo failed)\"))"},"timestamp":"2025-11-11 10:47:23,849+0530","service":"FyersAPI"}
{"level":"ERROR","location":"[get_call:164] fyersModel","message":{"API":"/history","error":"HTTPSConnectionPool(host='api-t1.fyers.in', port=443): Max retries exceeded with url: /data/history?symbol=NSE%3AMMTC-EQ&resolution=5&date_format=1&range_from=2025-11-04&range_to=2025-11-11&cont_flag=1 (Caused by NameResolutionError(\"<urllib3.connection.HTTPSConnection object at 0x0000013ADA360ED0>: Failed to resolve 'api-t1.fyers.in' ([Errno 11001] getaddrinfo failed)\"))"},"timestamp":"2025-11-11 10:47:23,856+0530","service":"FyersAPI"}
{"level":"ERROR","location":"[get_call:164] fyersModel","message":{"API":"/history","error":"HTTPSConnectionPool(host='api-t1.fyers.in', port=443): Max retries exceeded with url: /data/history?symbol=NSE%3AIDEA-EQ&resolution=5&date_format=1&range_from=2025-11-04&range_to=2025-11-11&cont_flag=1 (Caused by NameResolutionError(\"<urllib3.connection.HTTPSConnection object at 0x0000013ADA424ED0>: Failed to resolve 'api-t1.fyers.in' ([Errno 11001] getaddrinfo failed)\"))"},"timestamp":"2025-11-11 10:47:23,861+0530","service":"FyersAPI"}
{"level":"ERROR","location":"[get_call:164] fyersModel","message":{"API":"/history","error":"HTTPSConnectionPool(host='api-t1.fyers.in', port=443): Max retries exceeded with url: /data/history?symbol=NSE%3AKEC-EQ&resolution=5&date_format=1&range_from=2025-11-04&range_to=2025-11-11&cont_flag=1 (Caused by NameResolutionError(\"<urllib3.connection.HTTPSConnection object at 0x0000013ADA427590>: Failed to resolve 'api-t1.fyers.in' ([Errno 11001] getaddrinfo failed)\"))"},"timestamp":"2025-11-11 10:47:23,861+0530","service":"FyersAPI"}
{"level":"ERROR","location":"[get_call:164] fyersModel","message":{"API":"/history","error":"HTTPSConnectionPool(host='api-t1.fyers.in', port=443): Max retries exceeded with url: /data/history?symbol=NSE%3AHEG-EQ&resolution=5&date_format=1&range_from=2025-11-04&range_to=2025-11-11&cont_flag=1 (Caused by NameResolutionError(\"<urllib3.connection.HTTPSConnection object at 0x0000013ADA387890>: Failed to resolve 'api-t1.fyers.in' ([Errno 11001] getaddrinfo failed)\"))"},"timestamp":"2025-11-11 10:47:23,868+0530","service":"FyersAPI"}
{"level":"ERROR","location":"[get_call:164] fyersModel","message":{"API":"/history","error":"HTTPSConnectionPool(host='api-t1.fyers.in', port=443): Max retries exceeded with url: /data/history?symbol=NSE%3AINTELLECT-EQ&resolution=5&date_format=1&range_from=2025-11-04&range_to=2025-11-11&cont_flag=1 (Caused by NameResolutionError(\"<urllib3.connection.HTTPSConnection object at 0x0000013ADA43FA50>: Failed to resolve 'api-t1.fyers.in' ([Errno 11001] getaddrinfo failed)\"))"},"timestamp":"2025-11-11 10:47:23,868+0530","service":"FyersAPI"}
{"level":"ERROR","location":"[get_call:164] fyersModel","message":{"API":"/history","error":"HTTPSConnectionPool(host='api-t1.fyers.in', port=443): Max retries exceeded with url: /data/history?symbol=NSE%3AJSL-EQ&resolution=5&date_format=1&range_from=2025-11-04&range_to=2025-11-11&cont_flag=1 (Caused by NameResolutionError(\"<urllib3.connection.HTTPSConnection object at 0x0000013ADA43E390>: Failed to resolve 'api-t1.fyers.in' ([Errno 11001] getaddrinfo failed)\"))"},"timestamp":"2025-11-11 10:47:33,885+0530","service":"FyersAPI"}
{"level":"ERROR","location":"[get_call:164] fyersModel","message":{"API":"/history","error":"HTTPSConnectionPool(host='api-t1.fyers.in', port=443): Max retries exceeded with url: /data/history?symbol=NSE%3AMMTC-EQ&resolution=5&date_format=1&range_from=2025-11-04&range_to=2025-11-11&cont_flag=1 (Caused by NameResolutionError(\"<urllib3.connection.HTTPSConnection object at 0x0000013ADA386410>: Failed to resolve 'api-t1.fyers.in' ([Errno 11001] getaddrinfo failed)\"))"},"timestamp":"2025-11-11 10:47:33,892+0530","service":"FyersAPI"}
{"level":"ERROR","location":"[get_call:164] fyersModel","message":{"API":"/history","error":"HTTPSConnectionPool(host='api-t1.fyers.in', port=443): Max retries exceeded with url: /data/history?symbol=NSE%3AIDEA-EQ&resolution=5&date_format=1&range_from=2025-11-04&range_to=2025-11-11&cont_flag=1 (Caused by NameResolutionError(\"<urllib3.connection.HTTPSConnection object at 0x0000013ADA426250>: Failed to resolve 'api-t1.fyers.in' ([Errno 11001] getaddrinfo failed)\"))"},"timestamp":"2025-11-11 10:47:33,902+0530","service":"FyersAPI"}
{"level":"ERROR","location":"[get_call:164] fyersModel","message":{"API":"/history","error":"HTTPSConnectionPool(host='api-t1.fyers.in', port=443): Max retries exceeded with url: /data/history?symbol=NSE%3AKEC-EQ&resolution=5&date_format=1&range_from=2025-11-04&range_to=2025-11-11&cont_flag=1 (Caused by NameResolutionError(\"<urllib3.connection.HTTPSConnection object at 0x0000013ADA427BD0>: Failed to resolve 'api-t1.fyers.in' ([Errno 11001] getaddrinfo failed)\"))"},"timestamp":"2025-11-11 10:47:33,906+0530","service":"FyersAPI"}
{"level":"ERROR","location":"[get_call:164] fyersModel","message":{"API":"/history","error":"HTTPSConnectionPool(host='api-t1.fyers.in', port=443): Max retries exceeded with url: /data/history?symbol=NSE%3AHEG-EQ&resolution=5&date_format=1&range_from=2025-11-04&range_to=2025-11-11&cont_flag=1 (Caused by NameResolutionError(\"<urllib3.connection.HTTPSConnection object at 0x0000013ADA404ED0>: Failed to resolve 'api-t1.fyers.in' ([Errno 11001] getaddrinfo failed)\"))"},"timestamp":"2025-11-11 10:47:33,915+0530","service":"FyersAPI"}
{"level":"ERROR","location":"[get_call:164] fyersModel","message":{"API":"/history","error":"HTTPSConnectionPool(host='api-t1.fyers.in', port=443): Max retries exceeded with url: /data/history?symbol=NSE%3AINTELLECT-EQ&resolution=5&date_format=1&range_from=2025-11-04&range_to=2025-11-11&cont_flag=1 (Caused by NameResolutionError(\"<urllib3.connection.HTTPSConnection object at 0x0000013ADA08D1D0>: Failed to resolve 'api-t1.fyers.in' ([Errno 11001] getaddrinfo failed)\"))"},"timestamp":"2025-11-11 10:47:33,918+0530","service":"FyersAPI"}
{"level":"ERROR","location":"[get_call:164] fyersModel","message":{"API":"/history","error":"HTTPSConnectionPool(host='api-t1.fyers.in', port=443): Max retries exceeded with url: /data/history?symbol=NSE%3AJSL-EQ&resolution=5&date_format=1&range_from=2025-11-04&range_to=2025-11-11&cont_flag=1 (Caused by NameResolutionError(\"<urllib3.connection.HTTPSConnection object at 0x0000013ADA406D50>: Failed to resolve 'api-t1.fyers.in' ([Errno 11001] getaddrinfo failed)\"))"},"timestamp":"2025-11-11 10:47:43,928+0530","service":"FyersAPI"}
{"level":"ERROR","location":"[get_call:164] fyersModel","message":{"API":"/history","error":"HTTPSConnectionPool(host='api-t1.fyers.in', port=443): Max retries exceeded with url: /data/history?symbol=NSE%3AMMTC-EQ&resolution=5&date_format=1&range_from=2025-11-04&range_to=2025-11-11&cont_flag=1 (Caused by NameResolutionError(\"<urllib3.connection.HTTPSConnection object at 0x0000013ADA426F90>: Failed to resolve 'api-t1.fyers.in' ([Errno 11001] getaddrinfo failed)\"))"},"timestamp":"2025-11-11 10:47:43,932+0530","service":"FyersAPI"}
{"level":"ERROR","location":"[get_call:164] fyersModel","message":{"API":"/history","error":"HTTPSConnectionPool(host='api-t1.fyers.in', port=443): Max retries exceeded with url: /data/history?symbol=NSE%3AIDEA-EQ&resolution=5&date_format=1&range_from=2025-11-04&range_to=2025-11-11&cont_flag=1 (Caused by NameResolutionError(\"<urllib3.connection.HTTPSConnection object at 0x0000013AC7B1C590>: Failed to resolve 'api-t1.fyers.in' ([Errno 11001] getaddrinfo failed)\"))"},"timestamp":"2025-11-11 10:47:43,943+0530","service":"FyersAPI"}
{"level":"ERROR","location":"[get_call:164] fyersModel","message":{"API":"/history","error":"HTTPSConnectionPool(host='api-t1.fyers.in', port=443): Max retries exceeded with url: /data/history?symbol=NSE%3AKEC-EQ&resolution=5&date_format=1&range_from=2025-11-04&range_to=2025-11-11&cont_flag=1 (Caused by NameResolutionError(\"<urllib3.connection.HTTPSConnection object at 0x0000013ADA410910>: Failed to resolve 'api-t1.fyers.in' ([Errno 11001] getaddrinfo failed)\"))"},"timestamp":"2025-11-11 10:47:43,947+0530","service":"FyersAPI"}
{"level":"ERROR","location":"[get_call:164] fyersModel","message":{"API":"/history","error":"HTTPSConnectionPool(host='api-t1.fyers.in', port=443): Max retries exceeded with url: /data/history?symbol=NSE%3AHEG-EQ&resolution=5&date_format=1&range_from=2025-11-04&range_to=2025-11-11&cont_flag=1 (Caused by NameResolutionError(\"<urllib3.connection.HTTPSConnection object at 0x0000013ADA41F090>: Failed to resolve 'api-t1.fyers.in' ([Errno 11001] getaddrinfo failed)\"))"},"timestamp":"2025-11-11 10:47:43,953+0530","service":"FyersAPI"}
{"level":"ERROR","location":"[get_call:164] fyersModel","message":{"API":"/history","error":"HTTPSConnectionPool(host='api-t1.fyers.in', port=443): Max retries exceeded with url: /data/history?symbol=NSE%3AINTELLECT-EQ&resolution=5&date_format=1&range_from=2025-11-04&range_to=2025-11-11&cont_flag=1 (Caused by NameResolutionError(\"<urllib3.connection.HTTPSConnection object at 0x0000013ADA43D710>: Failed to resolve 'api-t1.fyers.in' ([Errno 11001] getaddrinfo failed)\"))"},"timestamp":"2025-11-11 10:47:43,958+0530","service":"FyersAPI"}
{"level":"ERROR","location":"[get_call:164] fyersModel","message":{"API":"/history","error":"HTTPSConnectionPool(host='api-t1.fyers.in', port=443): Max retries exceeded with url: /data/history?symbol=NSE%3AJSL-EQ&resolution=5&date_format=1&range_from=2025-11-04&range_to=2025-11-11&cont_flag=1 (Caused by NameResolutionError(\"<urllib3.connection.HTTPSConnection object at 0x0000013ADA426ED0>: Failed to resolve 'api-t1.fyers.in' ([Errno 11001] getaddrinfo failed)\"))"},"timestamp":"2025-11-11 10:47:53,969+0530","service":"FyersAPI"}
{"level":"ERROR","location":"[get_call:164] fyersModel","message":{"API":"/history","error":"HTTPSConnectionPool(host='api-t1.fyers.in', port=443): Max retries exceeded with url: /data/history?symbol=NSE%3AMMTC-EQ&resolution=5&date_format=1&range_from=2025-11-04&range_to=2025-11-11&cont_flag=1 (Caused by NameResolutionError(\"<urllib3.connection.HTTPSConnection object at 0x0000013ADA425790>: Failed to resolve 'api-t1.fyers.in' ([Errno 11001] getaddrinfo failed)\"))"},"timestamp":"2025-11-11 10:47:53,974+0530","service":"FyersAPI"}
{"level":"ERROR","location":"[get_call:164] fyersModel","message":{"API":"/history","error":"HTTPSConnectionPool(host='api-t1.fyers.in', port=443): Max retries exceeded with url: /data/history?symbol=NSE%3AIDEA-EQ&resolution=5&date_format=1&range_from=2025-11-04&range_to=2025-11-11&cont_flag=1 (Caused by NameResolutionError(\"<urllib3.connection.HTTPSConnection object at 0x0000013ADA405D50>: Failed to resolve 'api-t1.fyers.in' ([Errno 11001] getaddrinfo failed)\"))"},"timestamp":"2025-11-11 10:47:53,978+0530","service":"FyersAPI"}
{"level":"ERROR","location":"[get_call:164] fyersModel","message":{"API":"/history","error":"HTTPSConnectionPool(host='api-t1.fyers.in', port=443): Max retries exceeded with url: /data/history?symbol=NSE%3AKEC-EQ&resolution=5&date_format=1&range_from=2025-11-04&range_to=2025-11-11&cont_flag=1 (Caused by NameResolutionError(\"<urllib3.connection.HTTPSConnection object at 0x0000013ADA41D510>: Failed to resolve 'api-t1.fyers.in' ([Errno 11001] getaddrinfo failed)\"))"},"timestamp":"2025-11-11 10:47:53,984+0530","service":"FyersAPI"}
{"level":"ERROR","location":"[get_call:164] fyersModel","message":{"API":"/history","error":"HTTPSConnectionPool(host='api-t1.fyers.in', port=443): Max retries exceeded with url: /data/history?symbol=NSE%3AHEG-EQ&resolution=5&date_format=1&range_from=2025-11-04&range_to=2025-11-11&cont_flag=1 (Caused by NameResolutionError(\"<urllib3.connection.HTTPSConnection object at 0x0000013ADA405B10>: Failed to resolve 'api-t1.fyers.in' ([Errno 11001] getaddrinfo failed)\"))"},"timestamp":"2025-11-11 10:47:53,989+0530","service":"FyersAPI"}
{"level":"ERROR","location":"[get_call:164] fyersModel","message":{"API":"/history","error":"HTTPSConnectionPool(host='api-t1.fyers.in', port=443): Max retries exceeded with url: /data/history?symbol=NSE%3AINTELLECT-EQ&resolution=5&date_format=1&range_from=2025-11-04&range_to=2025-11-11&cont_flag=1 (Caused by NameResolutionError(\"<urllib3.connection.HTTPSConnection object at 0x0000013ADA4240D0>: Failed to resolve 'api-t1.fyers.in' ([Errno 11001] getaddrinfo failed)\"))"},"timestamp":"2025-11-11 10:47:53,990+0530","service":"FyersAPI"}
{"level":"ERROR","location":"[get_call:164] fyersModel","message":{"API":"/history","error":"HTTPSConnectionPool(host='api-t1.fyers.in', port=443): Max retries exceeded with url: /data/history?symbol=NSE%3AJSL-EQ&resolution=5&date_format=1&range_from=2025-11-04&range_to=2025-11-11&cont_flag=1 (Caused by NameResolutionError(\"<urllib3.connection.HTTPSConnection object at 0x0000013ADA426350>: Failed to resolve 'api-t1.fyers.in' ([Errno 11001] getaddrinfo failed)\"))"},"timestamp":"2025-11-11 10:48:03,996+0530","service":"FyersAPI"}
{"level":"ERROR","location":"[get_call:164] fyersModel","message":{"API":"/history","error":"HTTPSConnectionPool(host='api-t1.fyers.in', port=443): Max retries exceeded with url: /data/history?symbol=NSE%3AMMTC-EQ&resolution=5&date_format=1&range_from=2025-11-04&range_to=2025-11-11&cont_flag=1 (Caused by NameResolutionError(\"<urllib3.connection.HTTPSConnection object at 0x0000013ADA410B10>: Failed to resolve 'api-t1.fyers.in' ([Errno 11001] getaddrinfo failed)\"))"},"timestamp":"2025-11-11 10:48:04,006+0530","service":"FyersAPI"}
{"level":"ERROR","location":"[get_call:164] fyersModel","message":{"API":"/history","error":"HTTPSConnectionPool(host='api-t1.fyers.in', port=443): Max retries exceeded with url: /data/history?symbol=NSE%3AIDEA-EQ&resolution=5&date_format=1&range_from=2025-11-04&range_to=2025-11-11&cont_flag=1 (Caused by NameResolutionError(\"<urllib3.connection.HTTPSConnection object at 0x0000013ADA386C10>: Failed to resolve 'api-t1.fyers.in' ([Errno 11001] getaddrinfo failed)\"))"},"timestamp":"2025-11-11 10:48:04,017+0530","service":"FyersAPI"}
{"level":"ERROR","location":"[get_call:164] fyersModel","message":{"API":"/history","error":"HTTPSConnectionPool(host='api-t1.fyers.in', port=443): Max retries exceeded with url: /data/history?symbol=NSE%3AKEC-EQ&resolution=5&date_format=1&range_from=2025-11-04&range_to=2025-11-11&cont_flag=1 (Caused by NameResolutionError(\"<urllib3.connection.HTTPSConnection object at 0x0000013ADA3853D0>: Failed to resolve 'api-t1.fyers.in' ([Errno 11001] getaddrinfo failed)\"))"},"timestamp":"2025-11-11 10:48:04,021+0530","service":"FyersAPI"}
{"level":"ERROR","location":"[get_call:164] fyersModel","message":{"API":"/history","error":"HTTPSConnectionPool(host='api-t1.fyers.in', port=443): Max retries exceeded with url: /data/history?symbol=NSE%3AHEG-EQ&resolution=5&date_format=1&range_from=2025-11-04&range_to=2025-11-11&cont_flag=1 (Caused by NameResolutionError(\"<urllib3.connection.HTTPSConnection object at 0x0000013ADA089310>: Failed to resolve 'api-t1.fyers.in' ([Errno 11001] getaddrinfo failed)\"))"},"timestamp":"2025-11-11 10:48:04,021+0530","service":"FyersAPI"}
{"level":"ERROR","location":"[get_call:164] fyersModel","message":{"API":"/history","error":"HTTPSConnectionPool(host='api-t1.fyers.in', port=443): Max retries exceeded with url: /data/history?symbol=NSE%3AINTELLECT-EQ&resolution=5&date_format=1&range_from=2025-11-04&range_to=2025-11-11&cont_flag=1 (Caused by NameResolutionError(\"<urllib3.connection.HTTPSConnection object at 0x0000013ADA412210>: Failed to resolve 'api-t1.fyers.in' ([Errno 11001] getaddrinfo failed)\"))"},"timestamp":"2025-11-11 10:48:04,033+0530","service":"FyersAPI"}
{"level":"ERROR","location":"[get_call:164] fyersModel","message":{"API":"/history","error":"HTTPSConnectionPool(host='api-t1.fyers.in', port=443): Max retries exceeded with url: /data/history?symbol=NSE%3AJSL-EQ&resolution=5&date_format=1&range_from=2025-11-04&range_to=2025-11-11&cont_flag=1 (Caused by NameResolutionError(\"<urllib3.connection.HTTPSConnection object at 0x0000013ADA424950>: Failed to resolve 'api-t1.fyers.in' ([Errno 11001] getaddrinfo failed)\"))"},"timestamp":"2025-11-11 10:48:14,038+0530","service":"FyersAPI"}
{"level":"ERROR","location":"[get_call:164] fyersModel","message":{"API":"/history","error":"HTTPSConnectionPool(host='api-t1.fyers.in', port=443): Max retries exceeded with url: /data/history?symbol=NSE%3AMMTC-EQ&resolution=5&date_format=1&range_from=2025-11-04&range_to=2025-11-11&cont_flag=1 (Caused by NameResolutionError(\"<urllib3.connection.HTTPSConnection object at 0x0000013ADA406D50>: Failed to resolve 'api-t1.fyers.in' ([Errno 11001] getaddrinfo failed)\"))"},"timestamp":"2025-11-11 10:48:14,042+0530","service":"FyersAPI"}
{"level":"ERROR","location":"[get_call:164] fyersModel","message":{"API":"/history","error":"HTTPSConnectionPool(host='api-t1.fyers.in', port=443): Max retries exceeded with url: /data/history?symbol=NSE%3AIDEA-EQ&resolution=5&date_format=1&range_from=2025-11-04&range_to=2025-11-11&cont_flag=1 (Caused by NameResolutionError(\"<urllib3.connection.HTTPSConnection object at 0x0000013ADA41E0D0>: Failed to resolve 'api-t1.fyers.in' ([Errno 11001] getaddrinfo failed)\"))"},"timestamp":"2025-11-11 10:48:14,051+0530","service":"FyersAPI"}
{"level":"ERROR","location":"[get_call:164] fyersModel","message":{"API":"/history","error":"HTTPSConnectionPool(host='api-t1.fyers.in', port=443): Max retries exceeded with url: /data/history?symbol=NSE%3AKEC-EQ&resolution=5&date_format=1&range_from=2025-11-04&range_to=2025-11-11&cont_flag=1 (Caused by NameResolutionError(\"<urllib3.connection.HTTPSConnection object at 0x0000013ADA426650>: Failed to resolve 'api-t1.fyers.in' ([Errno 11001] getaddrinfo failed)\"))"},"timestamp":"2025-11-11 10:48:14,057+0530","service":"FyersAPI"}
{"level":"ERROR","location":"[get_call:164] fyersModel","message":{"API":"/history","error":"HTTPSConnectionPool(host='api-t1.fyers.in', port=443): Max retries exceeded with url: /data/history?symbol=NSE%3AHEG-EQ&resolution=5&date_format=1&range_from=2025-11-04&range_to=2025-11-11&cont_flag=1 (Caused by NameResolutionError(\"<urllib3.connection.HTTPSConnection object at 0x0000013ADA426150>: Failed to resolve 'api-t1.fyers.in' ([Errno 11001] getaddrinfo failed)\"))"},"timestamp":"2025-11-11 10:48:14,060+0530","service":"FyersAPI"}
{"level":"ERROR","location":"[get_call:164] fyersModel","message":{"API":"/history","error":"HTTPSConnectionPool(host='api-t1.fyers.in', port=443): Max retries exceeded with url: /data/history?symbol=NSE%3AINTELLECT-EQ&resolution=5&date_format=1&range_from=2025-11-04&range_to=2025-11-11&cont_flag=1 (Caused by NameResolutionError(\"<urllib3.connection.HTTPSConnection object at 0x0000013ADA43D090>: Failed to resolve 'api-t1.fyers.in' ([Errno 11001] getaddrinfo failed)\"))"},"timestamp":"2025-11-11 10:48:14,063+0530","service":"FyersAPI"}
{"level":"ERROR","location":"[get_call:164] fyersModel","message":{"API":"/history","error":"HTTPSConnectionPool(host='api-t1.fyers.in', port=443): Max retries exceeded with url: /data/history?symbol=NSE%3AJSL-EQ&resolution=5&date_format=1&range_from=2025-11-04&range_to=2025-11-11&cont_flag=1 (Caused by NameResolutionError(\"<urllib3.connection.HTTPSConnection object at 0x0000013ADA307790>: Failed to resolve 'api-t1.fyers.in' ([Errno 11001] getaddrinfo failed)\"))"},"timestamp":"2025-11-11 10:48:24,071+0530","service":"FyersAPI"}
{"level":"ERROR","location":"[get_call:164] fyersModel","message":{"API":"/history","error":"HTTPSConnectionPool(host='api-t1.fyers.in', port=443): Max retries exceeded with url: /data/history?symbol=NSE%3AMMTC-EQ&resolution=5&date_format=1&range_from=2025-11-04&range_to=2025-11-11&cont_flag=1 (Caused by NameResolutionError(\"<urllib3.connection.HTTPSConnection object at 0x0000013ADA41FD10>: Failed to resolve 'api-t1.fyers.in' ([Errno 11001] getaddrinfo failed)\"))"},"timestamp":"2025-11-11 10:48:24,077+0530","service":"FyersAPI"}
{"level":"ERROR","location":"[get_call:164] fyersModel","message":{"API":"/history","error":"HTTPSConnectionPool(host='api-t1.fyers.in', port=443): Max retries exceeded with url: /data/history?symbol=NSE%3AIDEA-EQ&resolution=5&date_format=1&range_from=2025-11-04&range_to=2025-11-11&cont_flag=1 (Caused by NameResolutionError(\"<urllib3.connection.HTTPSConnection object at 0x0000013ADA3F79D0>: Failed to resolve 'api-t1.fyers.in' ([Errno 11001] getaddrinfo failed)\"))"},"timestamp":"2025-11-11 10:48:24,083+0530","service":"FyersAPI"}
{"level":"ERROR","location":"[get_call:164] fyersModel","message":{"API":"/history","error":"HTTPSConnectionPool(host='api-t1.fyers.in', port=443): Max retries exceeded with url: /data/history?symbol=NSE%3AKEC-EQ&resolution=5&date_format=1&range_from=2025-11-04&range_to=2025-11-11&cont_flag=1 (Caused by NameResolutionError(\"<urllib3.connection.HTTPSConnection object at 0x0000013ADA411C50>: Failed to resolve 'api-t1.fyers.in' ([Errno 11001] getaddrinfo failed)\"))"},"timestamp":"2025-11-11 10:48:24,087+0530","service":"FyersAPI"}
{"level":"ERROR","location":"[get_call:164] fyersModel","message":{"API":"/history","error":"HTTPSConnectionPool(host='api-t1.fyers.in', port=443): Max retries exceeded with url: /data/history?symbol=NSE%3AHEG-EQ&resolution=5&date_format=1&range_from=2025-11-04&range_to=2025-11-11&cont_flag=1 (Caused by NameResolutionError(\"<urllib3.connection.HTTPSConnection object at 0x0000013ADA405190>: Failed to resolve 'api-t1.fyers.in' ([Errno 11001] getaddrinfo failed)\"))"},"timestamp":"2025-11-11 10:48:24,090+0530","service":"FyersAPI"}
{"level":"ERROR","location":"[get_call:164] fyersModel","message":{"API":"/history","error":"HTTPSConnectionPool(host='api-t1.fyers.in', port=443): Max retries exceeded with url: /data/history?symbol=NSE%3AINTELLECT-EQ&resolution=5&date_format=1&range_from=2025-11-04&range_to=2025-11-11&cont_flag=1 (Caused by NameResolutionError(\"<urllib3.connection.HTTPSConnection object at 0x0000013ADA424110>: Failed to resolve 'api-t1.fyers.in' ([Errno 11001] getaddrinfo failed)\"))"},"timestamp":"2025-11-11 10:48:24,095+0530","service":"FyersAPI"}
{"level":"ERROR","location":"[get_call:164] fyersModel","message":{"API":"/history","error":"HTTPSConnectionPool(host='api-t1.fyers.in', port=443): Max retries exceeded with url: /data/history?symbol=NSE%3AJSL-EQ&resolution=5&date_format=1&range_from=2025-11-04&range_to=2025-11-11&cont_flag=1 (Caused by NameResolutionError(\"<urllib3.connection.HTTPSConnection object at 0x0000013ADA427F10>: Failed to resolve 'api-t1.fyers.in' ([Errno 11001] getaddrinfo failed)\"))"},"timestamp":"2025-11-11 10:48:34,100+0530","service":"FyersAPI"}
{"level":"ERROR","location":"[get_call:164] fyersModel","message":{"API":"/history","error":"HTTPSConnectionPool(host='api-t1.fyers.in', port=443): Max retries exceeded with url: /data/history?symbol=NSE%3AMMTC-EQ&resolution=5&date_format=1&range_from=2025-11-04&range_to=2025-11-11&cont_flag=1 (Caused by NameResolutionError(\"<urllib3.connection.HTTPSConnection object at 0x0000013ADA345F50>: Failed to resolve 'api-t1.fyers.in' ([Errno 11001] getaddrinfo failed)\"))"},"timestamp":"2025-11-11 10:48:34,119+0530","service":"FyersAPI"}
{"level":"ERROR","location":"[get_call:164] fyersModel","message":{"API":"/history","error":"HTTPSConnectionPool(host='api-t1.fyers.in', port=443): Max retries exceeded with url: /data/history?symbol=NSE%3AIDEA-EQ&resolution=5&date_format=1&range_from=2025-11-04&range_to=2025-11-11&cont_flag=1 (Caused by NameResolutionError(\"<urllib3.connection.HTTPSConnection object at 0x0000013ADA424250>: Failed to resolve 'api-t1.fyers.in' ([Errno 11001] getaddrinfo failed)\"))"},"timestamp":"2025-11-11 10:48:34,126+0530","service":"FyersAPI"}
{"level":"ERROR","location":"[get_call:164] fyersModel","message":{"API":"/history","error":"HTTPSConnectionPool(host='api-t1.fyers.in', port=443): Max retries exceeded with url: /data/history?symbol=NSE%3AKEC-EQ&resolution=5&date_format=1&range_from=2025-11-04&range_to=2025-11-11&cont_flag=1 (Caused by NameResolutionError(\"<urllib3.connection.HTTPSConnection object at 0x0000013ADA09F990>: Failed to resolve 'api-t1.fyers.in' ([Errno 11001] getaddrinfo failed)\"))"},"timestamp":"2025-11-11 10:48:34,130+0530","service":"FyersAPI"}
{"level":"ERROR","location":"[get_call:164] fyersModel","message":{"API":"/history","error":"HTTPSConnectionPool(host='api-t1.fyers.in', port=443): Max retries exceeded with url: /data/history?symbol=NSE%3AHEG-EQ&resolution=5&date_format=1&range_from=2025-11-04&range_to=2025-11-11&cont_flag=1 (Caused by NameResolutionError(\"<urllib3.connection.HTTPSConnection object at 0x0000013ADA410110>: Failed to resolve 'api-t1.fyers.in' ([Errno 11001] getaddrinfo failed)\"))"},"timestamp":"2025-11-11 10:48:34,137+0530","service":"FyersAPI"}
{"level":"ERROR","location":"[get_call:164] fyersModel","message":{"API":"/history","error":"HTTPSConnectionPool(host='api-t1.fyers.in', port=443): Max retries exceeded with url: /data/history?symbol=NSE%3AINTELLECT-EQ&resolution=5&date_format=1&range_from=2025-11-04&range_to=2025-11-11&cont_flag=1 (Caused by NameResolutionError(\"<urllib3.connection.HTTPSConnection object at 0x0000013ADA387550>: Failed to resolve 'api-t1.fyers.in' ([Errno 11001] getaddrinfo failed)\"))"},"timestamp":"2025-11-11 10:48:34,143+0530","service":"FyersAPI"}
{"level":"ERROR","location":"[get_call:164] fyersModel","message":{"API":"/history","error":"HTTPSConnectionPool(host='api-t1.fyers.in', port=443): Max retries exceeded with url: /data/history?symbol=NSE%3AJSL-EQ&resolution=5&date_format=1&range_from=2025-11-04&range_to=2025-11-11&cont_flag=1 (Caused by NameResolutionError(\"<urllib3.connection.HTTPSConnection object at 0x0000013ADA30E510>: Failed to resolve 'api-t1.fyers.in' ([Errno 11001] getaddrinfo failed)\"))"},"timestamp":"2025-11-11 10:48:44,148+0530","service":"FyersAPI"}
{"level":"ERROR","location":"[get_call:164] fyersModel","message":{"API":"/history","error":"HTTPSConnectionPool(host='api-t1.fyers.in', port=443): Max retries exceeded with url: /data/history?symbol=NSE%3AMMTC-EQ&resolution=5&date_format=1&range_from=2025-11-04&range_to=2025-11-11&cont_flag=1 (Caused by NameResolutionError(\"<urllib3.connection.HTTPSConnection object at 0x0000013ADA36ADD0>: Failed to resolve 'api-t1.fyers.in' ([Errno 11001] getaddrinfo failed)\"))"},"timestamp":"2025-11-11 10:48:44,154+0530","service":"FyersAPI"}
{"level":"ERROR","location":"[get_call:164] fyersModel","message":{"API":"/history","error":"HTTPSConnectionPool(host='api-t1.fyers.in', port=443): Max retries exceeded with url: /data/history?symbol=NSE%3AIDEA-EQ&resolution=5&date_format=1&range_from=2025-11-04&range_to=2025-11-11&cont_flag=1 (Caused by NameResolutionError(\"<urllib3.connection.HTTPSConnection object at 0x0000013ADA4116D0>: Failed to resolve 'api-t1.fyers.in' ([Errno 11001] getaddrinfo failed)\"))"},"timestamp":"2025-11-11 10:48:44,161+0530","service":"FyersAPI"}
{"level":"ERROR","location":"[get_call:164] fyersModel","message":{"API":"/history","error":"HTTPSConnectionPool(host='api-t1.fyers.in', port=443): Max retries exceeded with url: /data/history?symbol=NSE%3AKEC-EQ&resolution=5&date_format=1&range_from=2025-11-04&range_to=2025-11-11&cont_flag=1 (Caused by NameResolutionError(\"<urllib3.connection.HTTPSConnection object at 0x0000013AD8F56290>: Failed to resolve 'api-t1.fyers.in' ([Errno 11001] getaddrinfo failed)\"))"},"timestamp":"2025-11-11 10:48:44,161+0530","service":"FyersAPI"}
{"level":"ERROR","location":"[get_call:164] fyersModel","message":{"API":"/history","error":"HTTPSConnectionPool(host='api-t1.fyers.in', port=443): Max retries exceeded with url: /data/history?symbol=NSE%3AHEG-EQ&resolution=5&date_format=1&range_from=2025-11-04&range_to=2025-11-11&cont_flag=1 (Caused by NameResolutionError(\"<urllib3.connection.HTTPSConnection object at 0x0000013ADA4246D0>: Failed to resolve 'api-t1.fyers.in' ([Errno 11001] getaddrinfo failed)\"))"},"timestamp":"2025-11-11 10:48:44,170+0530","service":"FyersAPI"}
{"level":"ERROR","location":"[get_call:164] fyersModel","message":{"API":"/history","error":"HTTPSConnectionPool(host='api-t1.fyers.in', port=443): Max retries exceeded with url: /data/history?symbol=NSE%3AINTELLECT-EQ&resolution=5&date_format=1&range_from=2025-11-04&range_to=2025-11-11&cont_flag=1 (Caused by NameResolutionError(\"<urllib3.connection.HTTPSConnection object at 0x0000013ADA30D810>: Failed to resolve 'api-t1.fyers.in' ([Errno 11001] getaddrinfo failed)\"))"},"timestamp":"2025-11-11 10:48:44,172+0530","service":"FyersAPI"}
{"level":"ERROR","location":"[get_call:164] fyersModel","message":{"API":"/history","error":"HTTPSConnectionPool(host='api-t1.fyers.in', port=443): Max retries exceeded with url: /data/history?symbol=NSE%3AJSL-EQ&resolution=5&date_format=1&range_from=2025-11-04&range_to=2025-11-11&cont_flag=1 (Caused by NameResolutionError(\"<urllib3.connection.HTTPSConnection object at 0x0000013ADA425890>: Failed to resolve 'api-t1.fyers.in' ([Errno 11001] getaddrinfo failed)\"))"},"timestamp":"2025-11-11 10:48:54,185+0530","service":"FyersAPI"}
{"level":"ERROR","location":"[get_call:164] fyersModel","message":{"API":"/history","error":"HTTPSConnectionPool(host='api-t1.fyers.in', port=443): Max retries exceeded with url: /data/history?symbol=NSE%3AMMTC-EQ&resolution=5&date_format=1&range_from=2025-11-04&range_to=2025-11-11&cont_flag=1 (Caused by NameResolutionError(\"<urllib3.connection.HTTPSConnection object at 0x0000013ADA426F90>: Failed to resolve 'api-t1.fyers.in' ([Errno 11001] getaddrinfo failed)\"))"},"timestamp":"2025-11-11 10:48:54,190+0530","service":"FyersAPI"}
{"level":"ERROR","location":"[get_call:164] fyersModel","message":{"API":"/history","error":"HTTPSConnectionPool(host='api-t1.fyers.in', port=443): Max retries exceeded with url: /data/history?symbol=NSE%3AIDEA-EQ&resolution=5&date_format=1&range_from=2025-11-04&range_to=2025-11-11&cont_flag=1 (Caused by NameResolutionError(\"<urllib3.connection.HTTPSConnection object at 0x0000013ADA41C3D0>: Failed to resolve 'api-t1.fyers.in' ([Errno 11001] getaddrinfo failed)\"))"},"timestamp":"2025-11-11 10:48:54,196+0530","service":"FyersAPI"}
{"level":"ERROR","location":"[get_call:164] fyersModel","message":{"API":"/history","error":"HTTPSConnectionPool(host='api-t1.fyers.in', port=443): Max retries exceeded with url: /data/history?symbol=NSE%3AKEC-EQ&resolution=5&date_format=1&range_from=2025-11-04&range_to=2025-11-11&cont_flag=1 (Caused by NameResolutionError(\"<urllib3.connection.HTTPSConnection object at 0x0000013ADA412ED0>: Failed to resolve 'api-t1.fyers.in' ([Errno 11001] getaddrinfo failed)\"))"},"timestamp":"2025-11-11 10:48:54,200+0530","service":"FyersAPI"}
{"level":"ERROR","location":"[get_call:164] fyersModel","message":{"API":"/history","error":"HTTPSConnectionPool(host='api-t1.fyers.in', port=443): Max retries exceeded with url: /data/history?symbol=NSE%3AHEG-EQ&resolution=5&date_format=1&range_from=2025-11-04&range_to=2025-11-11&cont_flag=1 (Caused by NameResolutionError(\"<urllib3.connection.HTTPSConnection object at 0x0000013ADA08B7D0>: Failed to resolve 'api-t1.fyers.in' ([Errno 11001] getaddrinfo failed)\"))"},"timestamp":"2025-11-11 10:48:54,209+0530","service":"FyersAPI"}
{"level":"ERROR","location":"[get_call:164] fyersModel","message":{"API":"/history","error":"HTTPSConnectionPool(host='api-t1.fyers.in', port=443): Max retries exceeded with url: /data/history?symbol=NSE%3AINTELLECT-EQ&resolution=5&date_format=1&range_from=2025-11-04&range_to=2025-11-11&cont_flag=1 (Caused by NameResolutionError(\"<urllib3.connection.HTTPSConnection object at 0x0000013ADA09CC10>: Failed to resolve 'api-t1.fyers.in' ([Errno 11001] getaddrinfo failed)\"))"},"timestamp":"2025-11-11 10:48:54,215+0530","service":"FyersAPI"}
{"level":"ERROR","location":"[get_call:164] fyersModel","message":{"API":"/history","error":"HTTPSConnectionPool(host='api-t1.fyers.in', port=443): Max retries exceeded with url: /data/history?symbol=NSE%3AJSL-EQ&resolution=5&date_format=1&range_from=2025-11-04&range_to=2025-11-11&cont_flag=1 (Caused by NameResolutionError(\"<urllib3.connection.HTTPSConnection object at 0x0000013ADA08FE50>: Failed to resolve 'api-t1.fyers.in' ([Errno 11001] getaddrinfo failed)\"))"},"timestamp":"2025-11-11 10:49:04,222+0530","service":"FyersAPI"}
{"level":"ERROR","location":"[get_call:164] fyersModel","message":{"API":"/history","error":"HTTPSConnectionPool(host='api-t1.fyers.in', port=443): Max retries exceeded with url: /data/history?symbol=NSE%3AMMTC-EQ&resolution=5&date_format=1&range_from=2025-11-04&range_to=2025-11-11&cont_flag=1 (Caused by NameResolutionError(\"<urllib3.connection.HTTPSConnection object at 0x0000013ADA412B90>: Failed to resolve 'api-t1.fyers.in' ([Errno 11001] getaddrinfo failed)\"))"},"timestamp":"2025-11-11 10:49:04,229+0530","service":"FyersAPI"}
{"level":"ERROR","location":"[get_call:164] fyersModel","message":{"API":"/history","error":"HTTPSConnectionPool(host='api-t1.fyers.in', port=443): Max retries exceeded with url: /data/history?symbol=NSE%3AIDEA-EQ&resolution=5&date_format=1&range_from=2025-11-04&range_to=2025-11-11&cont_flag=1 (Caused by NameResolutionError(\"<urllib3.connection.HTTPSConnection object at 0x0000013ADA41D5D0>: Failed to resolve 'api-t1.fyers.in' ([Errno 11001] getaddrinfo failed)\"))"},"timestamp":"2025-11-11 10:49:04,235+0530","service":"FyersAPI"}
{"level":"ERROR","location":"[get_call:164] fyersModel","message":{"API":"/history","error":"HTTPSConnectionPool(host='api-t1.fyers.in', port=443): Max retries exceeded with url: /data/history?symbol=NSE%3AKEC-EQ&resolution=5&date_format=1&range_from=2025-11-04&range_to=2025-11-11&cont_flag=1 (Caused by NameResolutionError(\"<urllib3.connection.HTTPSConnection object at 0x0000013ADA41C650>: Failed to resolve 'api-t1.fyers.in' ([Errno 11001] getaddrinfo failed)\"))"},"timestamp":"2025-11-11 10:49:04,240+0530","service":"FyersAPI"}
{"level":"ERROR","location":"[get_call:164] fyersModel","message":{"API":"/history","error":"HTTPSConnectionPool(host='api-t1.fyers.in', port=443): Max retries exceeded with url: /data/history?symbol=NSE%3AHEG-EQ&resolution=5&date_format=1&range_from=2025-11-04&range_to=2025-11-11&cont_flag=1 (Caused by NameResolutionError(\"<urllib3.connection.HTTPSConnection object at 0x0000013ADA30F2D0>: Failed to resolve 'api-t1.fyers.in' ([Errno 11001] getaddrinfo failed)\"))"},"timestamp":"2025-11-11 10:49:04,248+0530","service":"FyersAPI"}
{"level":"ERROR","location":"[get_call:164] fyersModel","message":{"API":"/history","error":"HTTPSConnectionPool(host='api-t1.fyers.in', port=443): Max retries exceeded with url: /data/history?symbol=NSE%3AINTELLECT-EQ&resolution=5&date_format=1&range_from=2025-11-04&range_to=2025-11-11&cont_flag=1 (Caused by NameResolutionError(\"<urllib3.connection.HTTPSConnection object at 0x0000013ADA41FDD0>: Failed to resolve 'api-t1.fyers.in' ([Errno 11001] getaddrinfo failed)\"))"},"timestamp":"2025-11-11 10:49:04,254+0530","service":"FyersAPI"}
{"level":"ERROR","location":"[get_call:164] fyersModel","message":{"API":"/history","error":"HTTPSConnectionPool(host='api-t1.fyers.in', port=443): Max retries exceeded with url: /data/history?symbol=NSE%3AJSL-EQ&resolution=5&date_format=1&range_from=2025-11-04&range_to=2025-11-11&cont_flag=1 (Caused by NameResolutionError(\"<urllib3.connection.HTTPSConnection object at 0x0000013ADA41CC10>: Failed to resolve 'api-t1.fyers.in' ([Errno 11001] getaddrinfo failed)\"))"},"timestamp":"2025-11-11 10:49:14,263+0530","service":"FyersAPI"}
{"level":"ERROR","location":"[get_call:164] fyersModel","message":{"API":"/history","error":"HTTPSConnectionPool(host='api-t1.fyers.in', port=443): Max retries exceeded with url: /data/history?symbol=NSE%3AMMTC-EQ&resolution=5&date_format=1&range_from=2025-11-04&range_to=2025-11-11&cont_flag=1 (Caused by NameResolutionError(\"<urllib3.connection.HTTPSConnection object at 0x0000013ADA358250>: Failed to resolve 'api-t1.fyers.in' ([Errno 11001] getaddrinfo failed)\"))"},"timestamp":"2025-11-11 10:49:14,268+0530","service":"FyersAPI"}
{"level":"ERROR","location":"[get_call:164] fyersModel","message":{"API":"/history","error":"HTTPSConnectionPool(host='api-t1.fyers.in', port=443): Max retries exceeded with url: /data/history?symbol=NSE%3AIDEA-EQ&resolution=5&date_format=1&range_from=2025-11-04&range_to=2025-11-11&cont_flag=1 (Caused by NameResolutionError(\"<urllib3.connection.HTTPSConnection object at 0x0000013ADA413B90>: Failed to resolve 'api-t1.fyers.in' ([Errno 11001] getaddrinfo failed)\"))"},"timestamp":"2025-11-11 10:49:14,276+0530","service":"FyersAPI"}
{"level":"ERROR","location":"[get_call:164] fyersModel","message":{"API":"/history","error":"HTTPSConnectionPool(host='api-t1.fyers.in', port=443): Max retries exceeded with url: /data/history?symbol=NSE%3AKEC-EQ&resolution=5&date_format=1&range_from=2025-11-04&range_to=2025-11-11&cont_flag=1 (Caused by NameResolutionError(\"<urllib3.connection.HTTPSConnection object at 0x0000013ADA30CDD0>: Failed to resolve 'api-t1.fyers.in' ([Errno 11001] getaddrinfo failed)\"))"},"timestamp":"2025-11-11 10:49:14,280+0530","service":"FyersAPI"}
{"level":"ERROR","location":"[get_call:164] fyersModel","message":{"API":"/history","error":"HTTPSConnectionPool(host='api-t1.fyers.in', port=443): Max retries exceeded with url: /data/history?symbol=NSE%3AHEG-EQ&resolution=5&date_format=1&range_from=2025-11-04&range_to=2025-11-11&cont_flag=1 (Caused by NameResolutionError(\"<urllib3.connection.HTTPSConnection object at 0x0000013AD6BABC50>: Failed to resolve 'api-t1.fyers.in' ([Errno 11001] getaddrinfo failed)\"))"},"timestamp":"2025-11-11 10:49:14,286+0530","service":"FyersAPI"}
{"level":"ERROR","location":"[get_call:164] fyersModel","message":{"API":"/history","error":"HTTPSConnectionPool(host='api-t1.fyers.in', port=443): Max retries exceeded with url: /data/history?symbol=NSE%3AINTELLECT-EQ&resolution=5&date_format=1&range_from=2025-11-04&range_to=2025-11-11&cont_flag=1 (Caused by NameResolutionError(\"<urllib3.connection.HTTPSConnection object at 0x0000013ADA413310>: Failed to resolve 'api-t1.fyers.in' ([Errno 11001] getaddrinfo failed)\"))"},"timestamp":"2025-11-11 10:49:14,292+0530","service":"FyersAPI"}
{"level":"ERROR","location":"[get_call:164] fyersModel","message":{"API":"/history","error":"HTTPSConnectionPool(host='api-t1.fyers.in', port=443): Max retries exceeded with url: /data/history?symbol=NSE%3AJSL-EQ&resolution=5&date_format=1&range_from=2025-11-04&range_to=2025-11-11&cont_flag=1 (Caused by NameResolutionError(\"<urllib3.connection.HTTPSConnection object at 0x0000013ADA35AED0>: Failed to resolve 'api-t1.fyers.in' ([Errno 11001] getaddrinfo failed)\"))"},"timestamp":"2025-11-11 10:49:24,300+0530","service":"FyersAPI"}
{"level":"ERROR","location":"[get_call:164] fyersModel","message":{"API":"/history","error":"HTTPSConnectionPool(host='api-t1.fyers.in', port=443): Max retries exceeded with url: /data/history?symbol=NSE%3AMMTC-EQ&resolution=5&date_format=1&range_from=2025-11-04&range_to=2025-11-11&cont_flag=1 (Caused by NameResolutionError(\"<urllib3.connection.HTTPSConnection object at 0x0000013ADA41D650>: Failed to resolve 'api-t1.fyers.in' ([Errno 11001] getaddrinfo failed)\"))"},"timestamp":"2025-11-11 10:49:24,306+0530","service":"FyersAPI"}
{"level":"ERROR","location":"[get_call:164] fyersModel","message":{"API":"/history","error":"HTTPSConnectionPool(host='api-t1.fyers.in', port=443): Max retries exceeded with url: /data/history?symbol=NSE%3AIDEA-EQ&resolution=5&date_format=1&range_from=2025-11-04&range_to=2025-11-11&cont_flag=1 (Caused by NameResolutionError(\"<urllib3.connection.HTTPSConnection object at 0x0000013ADA41E1D0>: Failed to resolve 'api-t1.fyers.in' ([Errno 11001] getaddrinfo failed)\"))"},"timestamp":"2025-11-11 10:49:24,312+0530","service":"FyersAPI"}
{"level":"ERROR","location":"[get_call:164] fyersModel","message":{"API":"/history","error":"HTTPSConnectionPool(host='api-t1.fyers.in', port=443): Max retries exceeded with url: /data/history?symbol=NSE%3AKEC-EQ&resolution=5&date_format=1&range_from=2025-11-04&range_to=2025-11-11&cont_flag=1 (Caused by NameResolutionError(\"<urllib3.connection.HTTPSConnection object at 0x0000013ADA386110>: Failed to resolve 'api-t1.fyers.in' ([Errno 11001] getaddrinfo failed)\"))"},"timestamp":"2025-11-11 10:49:24,316+0530","service":"FyersAPI"}
{"level":"ERROR","location":"[get_call:164] fyersModel","message":{"API":"/history","error":"HTTPSConnectionPool(host='api-t1.fyers.in', port=443): Max retries exceeded with url: /data/history?symbol=NSE%3AHEG-EQ&resolution=5&date_format=1&range_from=2025-11-04&range_to=2025-11-11&cont_flag=1 (Caused by NameResolutionError(\"<urllib3.connection.HTTPSConnection object at 0x0000013AD9C3F510>: Failed to resolve 'api-t1.fyers.in' ([Errno 11001] getaddrinfo failed)\"))"},"timestamp":"2025-11-11 10:49:24,321+0530","service":"FyersAPI"}
{"level":"ERROR","location":"[get_call:164] fyersModel","message":{"API":"/history","error":"HTTPSConnectionPool(host='api-t1.fyers.in', port=443): Max retries exceeded with url: /data/history?symbol=NSE%3AINTELLECT-EQ&resolution=5&date_format=1&range_from=2025-11-04&range_to=2025-11-11&cont_flag=1 (Caused by NameResolutionError(\"<urllib3.connection.HTTPSConnection object at 0x0000013ADA36B990>: Failed to resolve 'api-t1.fyers.in' ([Errno 11001] getaddrinfo failed)\"))"},"timestamp":"2025-11-11 10:49:24,328+0530","service":"FyersAPI"}
{"level":"ERROR","location":"[get_call:164] fyersModel","message":{"API":"/history","error":"HTTPSConnectionPool(host='api-t1.fyers.in', port=443): Max retries exceeded with url: /data/history?symbol=NSE%3AJSL-EQ&resolution=5&date_format=1&range_from=2025-11-04&range_to=2025-11-11&cont_flag=1 (Caused by NameResolutionError(\"<urllib3.connection.HTTPSConnection object at 0x0000013ADA09F650>: Failed to resolve 'api-t1.fyers.in' ([Errno 11001] getaddrinfo failed)\"))"},"timestamp":"2025-11-11 10:49:34,342+0530","service":"FyersAPI"}
{"level":"ERROR","location":"[get_call:164] fyersModel","message":{"API":"/history","error":"HTTPSConnectionPool(host='api-t1.fyers.in', port=443): Max retries exceeded with url: /data/history?symbol=NSE%3AMMTC-EQ&resolution=5&date_format=1&range_from=2025-11-04&range_to=2025-11-11&cont_flag=1 (Caused by NameResolutionError(\"<urllib3.connection.HTTPSConnection object at 0x0000013ADA41CE50>: Failed to resolve 'api-t1.fyers.in' ([Errno 11001] getaddrinfo failed)\"))"},"timestamp":"2025-11-11 10:49:34,348+0530","service":"FyersAPI"}
{"level":"ERROR","location":"[get_call:164] fyersModel","message":{"API":"/history","error":"HTTPSConnectionPool(host='api-t1.fyers.in', port=443): Max retries exceeded with url: /data/history?symbol=NSE%3AIDEA-EQ&resolution=5&date_format=1&range_from=2025-11-04&range_to=2025-11-11&cont_flag=1 (Caused by NameResolutionError(\"<urllib3.connection.HTTPSConnection object at 0x0000013ADA4242D0>: Failed to resolve 'api-t1.fyers.in' ([Errno 11001] getaddrinfo failed)\"))"},"timestamp":"2025-11-11 10:49:34,355+0530","service":"FyersAPI"}
{"level":"ERROR","location":"[get_call:164] fyersModel","message":{"API":"/history","error":"HTTPSConnectionPool(host='api-t1.fyers.in', port=443): Max retries exceeded with url: /data/history?symbol=NSE%3AKEC-EQ&resolution=5&date_format=1&range_from=2025-11-04&range_to=2025-11-11&cont_flag=1 (Caused by NameResolutionError(\"<urllib3.connection.HTTPSConnection object at 0x0000013ADA412810>: Failed to resolve 'api-t1.fyers.in' ([Errno 11001] getaddrinfo failed)\"))"},"timestamp":"2025-11-11 10:49:34,359+0530","service":"FyersAPI"}
{"level":"ERROR","location":"[get_call:164] fyersModel","message":{"API":"/history","error":"HTTPSConnectionPool(host='api-t1.fyers.in', port=443): Max retries exceeded with url: /data/history?symbol=NSE%3AHEG-EQ&resolution=5&date_format=1&range_from=2025-11-04&range_to=2025-11-11&cont_flag=1 (Caused by NameResolutionError(\"<urllib3.connection.HTTPSConnection object at 0x0000013ADA30DCD0>: Failed to resolve 'api-t1.fyers.in' ([Errno 11001] getaddrinfo failed)\"))"},"timestamp":"2025-11-11 10:49:34,367+0530","service":"FyersAPI"}
{"level":"ERROR","location":"[get_call:164] fyersModel","message":{"API":"/history","error":"HTTPSConnectionPool(host='api-t1.fyers.in', port=443): Max retries exceeded with url: /data/history?symbol=NSE%3AINTELLECT-EQ&resolution=5&date_format=1&range_from=2025-11-04&range_to=2025-11-11&cont_flag=1 (Caused by NameResolutionError(\"<urllib3.connection.HTTPSConnection object at 0x0000013ADA08F810>: Failed to resolve 'api-t1.fyers.in' ([Errno 11001] getaddrinfo failed)\"))"},"timestamp":"2025-11-11 10:49:34,371+0530","service":"FyersAPI"}
{"level":"ERROR","location":"[get_call:164] fyersModel","message":{"API":"/history","error":"HTTPSConnectionPool(host='api-t1.fyers.in', port=443): Max retries exceeded with url: /data/history?symbol=NSE%3AJSL-EQ&resolution=5&date_format=1&range_from=2025-11-04&range_to=2025-11-11&cont_flag=1 (Caused by NameResolutionError(\"<urllib3.connection.HTTPSConnection object at 0x0000013ADA41FF50>: Failed to resolve 'api-t1.fyers.in' ([Errno 11001] getaddrinfo failed)\"))"},"timestamp":"2025-11-11 10:49:44,380+0530","service":"FyersAPI"}
{"level":"ERROR","location":"[get_call:164] fyersModel","message":{"API":"/history","error":"HTTPSConnectionPool(host='api-t1.fyers.in', port=443): Max retries exceeded with url: /data/history?symbol=NSE%3AMMTC-EQ&resolution=5&date_format=1&range_from=2025-11-04&range_to=2025-11-11&cont_flag=1 (Caused by NameResolutionError(\"<urllib3.connection.HTTPSConnection object at 0x0000013ADA386710>: Failed to resolve 'api-t1.fyers.in' ([Errno 11001] getaddrinfo failed)\"))"},"timestamp":"2025-11-11 10:49:44,386+0530","service":"FyersAPI"}
{"level":"ERROR","location":"[get_call:164] fyersModel","message":{"API":"/history","error":"HTTPSConnectionPool(host='api-t1.fyers.in', port=443): Max retries exceeded with url: /data/history?symbol=NSE%3AIDEA-EQ&resolution=5&date_format=1&range_from=2025-11-04&range_to=2025-11-11&cont_flag=1 (Caused by NameResolutionError(\"<urllib3.connection.HTTPSConnection object at 0x0000013ADA405890>: Failed to resolve 'api-t1.fyers.in' ([Errno 11001] getaddrinfo failed)\"))"},"timestamp":"2025-11-11 10:49:44,395+0530","service":"FyersAPI"}
{"level":"ERROR","location":"[get_call:164] fyersModel","message":{"API":"/history","error":"HTTPSConnectionPool(host='api-t1.fyers.in', port=443): Max retries exceeded with url: /data/history?symbol=NSE%3AKEC-EQ&resolution=5&date_format=1&range_from=2025-11-04&range_to=2025-11-11&cont_flag=1 (Caused by NameResolutionError(\"<urllib3.connection.HTTPSConnection object at 0x0000013ADA35B150>: Failed to resolve 'api-t1.fyers.in' ([Errno 11001] getaddrinfo failed)\"))"},"timestamp":"2025-11-11 10:49:44,400+0530","service":"FyersAPI"}
{"level":"ERROR","location":"[get_call:164] fyersModel","message":{"API":"/history","error":"HTTPSConnectionPool(host='api-t1.fyers.in', port=443): Max retries exceeded with url: /data/history?symbol=NSE%3AHEG-EQ&resolution=5&date_format=1&range_from=2025-11-04&range_to=2025-11-11&cont_flag=1 (Caused by NameResolutionError(\"<urllib3.connection.HTTPSConnection object at 0x0000013ADA09DED0>: Failed to resolve 'api-t1.fyers.in' ([Errno 11001] getaddrinfo failed)\"))"},"timestamp":"2025-11-11 10:49:44,405+0530","service":"FyersAPI"}
{"level":"ERROR","location":"[get_call:164] fyersModel","message":{"API":"/history","error":"HTTPSConnectionPool(host='api-t1.fyers.in', port=443): Max retries exceeded with url: /data/history?symbol=NSE%3AINTELLECT-EQ&resolution=5&date_format=1&range_from=2025-11-04&range_to=2025-11-11&cont_flag=1 (Caused by NameResolutionError(\"<urllib3.connection.HTTPSConnection object at 0x0000013ADA41FCD0>: Failed to resolve 'api-t1.fyers.in' ([Errno 11001] getaddrinfo failed)\"))"},"timestamp":"2025-11-11 10:49:44,410+0530","service":"FyersAPI"}
{"level":"ERROR","location":"[get_call:164] fyersModel","message":{"API":"/history","error":"HTTPSConnectionPool(host='api-t1.fyers.in', port=443): Max retries exceeded with url: /data/history?symbol=NSE%3AJSL-EQ&resolution=5&date_format=1&range_from=2025-11-04&range_to=2025-11-11&cont_flag=1 (Caused by NameResolutionError(\"<urllib3.connection.HTTPSConnection object at 0x0000013ADA413B90>: Failed to resolve 'api-t1.fyers.in' ([Errno 11001] getaddrinfo failed)\"))"},"timestamp":"2025-11-11 10:49:54,413+0530","service":"FyersAPI"}
{"level":"ERROR","location":"[get_call:164] fyersModel","message":{"API":"/history","error":"HTTPSConnectionPool(host='api-t1.fyers.in', port=443): Max retries exceeded with url: /data/history?symbol=NSE%3AMMTC-EQ&resolution=5&date_format=1&range_from=2025-11-04&range_to=2025-11-11&cont_flag=1 (Caused by NameResolutionError(\"<urllib3.connection.HTTPSConnection object at 0x0000013ADA3F7F90>: Failed to resolve 'api-t1.fyers.in' ([Errno 11001] getaddrinfo failed)\"))"},"timestamp":"2025-11-11 10:49:54,421+0530","service":"FyersAPI"}
{"level":"ERROR","location":"[get_call:164] fyersModel","message":{"API":"/history","error":"HTTPSConnectionPool(host='api-t1.fyers.in', port=443): Max retries exceeded with url: /data/history?symbol=NSE%3AIDEA-EQ&resolution=5&date_format=1&range_from=2025-11-04&range_to=2025-11-11&cont_flag=1 (Caused by NameResolutionError(\"<urllib3.connection.HTTPSConnection object at 0x0000013ADA413510>: Failed to resolve 'api-t1.fyers.in' ([Errno 11001] getaddrinfo failed)\"))"},"timestamp":"2025-11-11 10:49:54,430+0530","service":"FyersAPI"}
{"level":"ERROR","location":"[get_call:164] fyersModel","message":{"API":"/history","error":"HTTPSConnectionPool(host='api-t1.fyers.in', port=443): Max retries exceeded with url: /data/history?symbol=NSE%3AKEC-EQ&resolution=5&date_format=1&range_from=2025-11-04&range_to=2025-11-11&cont_flag=1 (Caused by NameResolutionError(\"<urllib3.connection.HTTPSConnection object at 0x0000013ADA30F610>: Failed to resolve 'api-t1.fyers.in' ([Errno 11001] getaddrinfo failed)\"))"},"timestamp":"2025-11-11 10:49:54,435+0530","service":"FyersAPI"}
{"level":"ERROR","location":"[get_call:164] fyersModel","message":{"API":"/history","error":"HTTPSConnectionPool(host='api-t1.fyers.in', port=443): Max retries exceeded with url: /data/history?symbol=NSE%3AHEG-EQ&resolution=5&date_format=1&range_from=2025-11-04&range_to=2025-11-11&cont_flag=1 (Caused by NameResolutionError(\"<urllib3.connection.HTTPSConnection object at 0x0000013ADA407650>: Failed to resolve 'api-t1.fyers.in' ([Errno 11001] getaddrinfo failed)\"))"},"timestamp":"2025-11-11 10:49:54,435+0530","service":"FyersAPI"}
{"level":"ERROR","location":"[get_call:164] fyersModel","message":{"API":"/history","error":"HTTPSConnectionPool(host='api-t1.fyers.in', port=443): Max retries exceeded with url: /data/history?symbol=NSE%3AINTELLECT-EQ&resolution=5&date_format=1&range_from=2025-11-04&range_to=2025-11-11&cont_flag=1 (Caused by NameResolutionError(\"<urllib3.connection.HTTPSConnection object at 0x0000013ADA41D9D0>: Failed to resolve 'api-t1.fyers.in' ([Errno 11001] getaddrinfo failed)\"))"},"timestamp":"2025-11-11 10:49:54,444+0530","service":"FyersAPI"}
{"level":"ERROR","location":"[get_call:164] fyersModel","message":{"API":"/history","error":"HTTPSConnectionPool(host='api-t1.fyers.in', port=443): Max retries exceeded with url: /data/history?symbol=NSE%3AJSL-EQ&resolution=5&date_format=1&range_from=2025-11-04&range_to=2025-11-11&cont_flag=1 (Caused by NameResolutionError(\"<urllib3.connection.HTTPSConnection object at 0x0000013ADA427410>: Failed to resolve 'api-t1.fyers.in' ([Errno 11001] getaddrinfo failed)\"))"},"timestamp":"2025-11-11 10:50:04,452+0530","service":"FyersAPI"}
{"level":"ERROR","location":"[get_call:164] fyersModel","message":{"API":"/history","error":"HTTPSConnectionPool(host='api-t1.fyers.in', port=443): Max retries exceeded with url: /data/history?symbol=NSE%3AMMTC-EQ&resolution=5&date_format=1&range_from=2025-11-04&range_to=2025-11-11&cont_flag=1 (Caused by NameResolutionError(\"<urllib3.connection.HTTPSConnection object at 0x0000013ADA35B610>: Failed to resolve 'api-t1.fyers.in' ([Errno 11001] getaddrinfo failed)\"))"},"timestamp":"2025-11-11 10:50:04,457+0530","service":"FyersAPI"}
{"level":"ERROR","location":"[get_call:164] fyersModel","message":{"API":"/history","error":"HTTPSConnectionPool(host='api-t1.fyers.in', port=443): Max retries exceeded with url: /data/history?symbol=NSE%3AIDEA-EQ&resolution=5&date_format=1&range_from=2025-11-04&range_to=2025-11-11&cont_flag=1 (Caused by NameResolutionError(\"<urllib3.connection.HTTPSConnection object at 0x0000013ADA41EE90>: Failed to resolve 'api-t1.fyers.in' ([Errno 11001] getaddrinfo failed)\"))"},"timestamp":"2025-11-11 10:50:04,467+0530","service":"FyersAPI"}
{"level":"ERROR","location":"[get_call:164] fyersModel","message":{"API":"/history","error":"HTTPSConnectionPool(host='api-t1.fyers.in', port=443): Max retries exceeded with url: /data/history?symbol=NSE%3AKEC-EQ&resolution=5&date_format=1&range_from=2025-11-04&range_to=2025-11-11&cont_flag=1 (Caused by NameResolutionError(\"<urllib3.connection.HTTPSConnection object at 0x0000013ADA30F290>: Failed to resolve 'api-t1.fyers.in' ([Errno 11001] getaddrinfo failed)\"))"},"timestamp":"2025-11-11 10:50:04,472+0530","service":"FyersAPI"}
{"level":"ERROR","location":"[get_call:164] fyersModel","message":{"API":"/history","error":"HTTPSConnectionPool(host='api-t1.fyers.in', port=443): Max retries exceeded with url: /data/history?symbol=NSE%3AHEG-EQ&resolution=5&date_format=1&range_from=2025-11-04&range_to=2025-11-11&cont_flag=1 (Caused by NameResolutionError(\"<urllib3.connection.HTTPSConnection object at 0x0000013ADA406190>: Failed to resolve 'api-t1.fyers.in' ([Errno 11001] getaddrinfo failed)\"))"},"timestamp":"2025-11-11 10:50:04,475+0530","service":"FyersAPI"}
{"level":"ERROR","location":"[get_call:164] fyersModel","message":{"API":"/history","error":"HTTPSConnectionPool(host='api-t1.fyers.in', port=443): Max retries exceeded with url: /data/history?symbol=NSE%3AINTELLECT-EQ&resolution=5&date_format=1&range_from=2025-11-04&range_to=2025-11-11&cont_flag=1 (Caused by NameResolutionError(\"<urllib3.connection.HTTPSConnection object at 0x0000013ADA425550>: Failed to resolve 'api-t1.fyers.in' ([Errno 11001] getaddrinfo failed)\"))"},"timestamp":"2025-11-11 10:50:04,478+0530","service":"FyersAPI"}
{"level":"ERROR","location":"[get_call:164] fyersModel","message":{"API":"/history","error":"HTTPSConnectionPool(host='api-t1.fyers.in', port=443): Max retries exceeded with url: /data/history?symbol=NSE%3AJSL-EQ&resolution=5&date_format=1&range_from=2025-11-04&range_to=2025-11-11&cont_flag=1 (Caused by NameResolutionError(\"<urllib3.connection.HTTPSConnection object at 0x0000013ADA0A5A90>: Failed to resolve 'api-t1.fyers.in' ([Errno 11001] getaddrinfo failed)\"))"},"timestamp":"2025-11-11 10:50:14,488+0530","service":"FyersAPI"}
{"level":"ERROR","location":"[get_call:164] fyersModel","message":{"API":"/history","error":"HTTPSConnectionPool(host='api-t1.fyers.in', port=443): Max retries exceeded with url: /data/history?symbol=NSE%3AMMTC-EQ&resolution=5&date_format=1&range_from=2025-11-04&range_to=2025-11-11&cont_flag=1 (Caused by NameResolutionError(\"<urllib3.connection.HTTPSConnection object at 0x0000013ADA412DD0>: Failed to resolve 'api-t1.fyers.in' ([Errno 11001] getaddrinfo failed)\"))"},"timestamp":"2025-11-11 10:50:14,498+0530","service":"FyersAPI"}
{"level":"ERROR","location":"[get_call:164] fyersModel","message":{"API":"/history","error":"HTTPSConnectionPool(host='api-t1.fyers.in', port=443): Max retries exceeded with url: /data/history?symbol=NSE%3AIDEA-EQ&resolution=5&date_format=1&range_from=2025-11-04&range_to=2025-11-11&cont_flag=1 (Caused by NameResolutionError(\"<urllib3.connection.HTTPSConnection object at 0x0000013ADA30FC90>: Failed to resolve 'api-t1.fyers.in' ([Errno 11001] getaddrinfo failed)\"))"},"timestamp":"2025-11-11 10:50:14,512+0530","service":"FyersAPI"}
{"level":"ERROR","location":"[get_call:164] fyersModel","message":{"API":"/history","error":"HTTPSConnectionPool(host='api-t1.fyers.in', port=443): Max retries exceeded with url: /data/history?symbol=NSE%3AKEC-EQ&resolution=5&date_format=1&range_from=2025-11-04&range_to=2025-11-11&cont_flag=1 (Caused by NameResolutionError(\"<urllib3.connection.HTTPSConnection object at 0x0000013ADA41C850>: Failed to resolve 'api-t1.fyers.in' ([Errno 11001] getaddrinfo failed)\"))"},"timestamp":"2025-11-11 10:50:14,522+0530","service":"FyersAPI"}
{"level":"ERROR","location":"[get_call:164] fyersModel","message":{"API":"/history","error":"HTTPSConnectionPool(host='api-t1.fyers.in', port=443): Max retries exceeded with url: /data/history?symbol=NSE%3AHEG-EQ&resolution=5&date_format=1&range_from=2025-11-04&range_to=2025-11-11&cont_flag=1 (Caused by NameResolutionError(\"<urllib3.connection.HTTPSConnection object at 0x0000013ADA4268D0>: Failed to resolve 'api-t1.fyers.in' ([Errno 11001] getaddrinfo failed)\"))"},"timestamp":"2025-11-11 10:50:14,531+0530","service":"FyersAPI"}
{"level":"ERROR","location":"[get_call:164] fyersModel","message":{"API":"/history","error":"HTTPSConnectionPool(host='api-t1.fyers.in', port=443): Max retries exceeded with url: /data/history?symbol=NSE%3AINTELLECT-EQ&resolution=5&date_format=1&range_from=2025-11-04&range_to=2025-11-11&cont_flag=1 (Caused by NameResolutionError(\"<urllib3.connection.HTTPSConnection object at 0x0000013ADA08C8D0>: Failed to resolve 'api-t1.fyers.in' ([Errno 11001] getaddrinfo failed)\"))"},"timestamp":"2025-11-11 10:50:14,545+0530","service":"FyersAPI"}
{"level":"ERROR","location":"[get_call:164] fyersModel","message":{"API":"/history","error":"HTTPSConnectionPool(host='api-t1.fyers.in', port=443): Max retries exceeded with url: /data/history?symbol=NSE%3AJSL-EQ&resolution=5&date_format=1&range_from=2025-11-04&range_to=2025-11-11&cont_flag=1 (Caused by NameResolutionError(\"<urllib3.connection.HTTPSConnection object at 0x0000013ADA30D710>: Failed to resolve 'api-t1.fyers.in' ([Errno 11001] getaddrinfo failed)\"))"},"timestamp":"2025-11-11 10:50:24,559+0530","service":"FyersAPI"}
{"level":"ERROR","location":"[get_call:164] fyersModel","message":{"API":"/history","error":"HTTPSConnectionPool(host='api-t1.fyers.in', port=443): Max retries exceeded with url: /data/history?symbol=NSE%3AMMTC-EQ&resolution=5&date_format=1&range_from=2025-11-04&range_to=2025-11-11&cont_flag=1 (Caused by NameResolutionError(\"<urllib3.connection.HTTPSConnection object at 0x0000013ADA413450>: Failed to resolve 'api-t1.fyers.in' ([Errno 11001] getaddrinfo failed)\"))"},"timestamp":"2025-11-11 10:50:24,562+0530","service":"FyersAPI"}
{"level":"ERROR","location":"[get_call:164] fyersModel","message":{"API":"/history","error":"HTTPSConnectionPool(host='api-t1.fyers.in', port=443): Max retries exceeded with url: /data/history?symbol=NSE%3AIDEA-EQ&resolution=5&date_format=1&range_from=2025-11-04&range_to=2025-11-11&cont_flag=1 (Caused by NameResolutionError(\"<urllib3.connection.HTTPSConnection object at 0x0000013ADA406ED0>: Failed to resolve 'api-t1.fyers.in' ([Errno 11001] getaddrinfo failed)\"))"},"timestamp":"2025-11-11 10:50:24,569+0530","service":"FyersAPI"}
{"level":"ERROR","location":"[get_call:164] fyersModel","message":{"API":"/history","error":"HTTPSConnectionPool(host='api-t1.fyers.in', port=443): Max retries exceeded with url: /data/history?symbol=NSE%3AKEC-EQ&resolution=5&date_format=1&range_from=2025-11-04&range_to=2025-11-11&cont_flag=1 (Caused by NameResolutionError(\"<urllib3.connection.HTTPSConnection object at 0x0000013ADA426A10>: Failed to resolve 'api-t1.fyers.in' ([Errno 11001] getaddrinfo failed)\"))"},"timestamp":"2025-11-11 10:50:24,573+0530","service":"FyersAPI"}
{"level":"ERROR","location":"[get_call:164] fyersModel","message":{"API":"/history","error":"HTTPSConnectionPool(host='api-t1.fyers.in', port=443): Max retries exceeded with url: /data/history?symbol=NSE%3AHEG-EQ&resolution=5&date_format=1&range_from=2025-11-04&range_to=2025-11-11&cont_flag=1 (Caused by NameResolutionError(\"<urllib3.connection.HTTPSConnection object at 0x0000013ADA43DED0>: Failed to resolve 'api-t1.fyers.in' ([Errno 11001] getaddrinfo failed)\"))"},"timestamp":"2025-11-11 10:50:24,579+0530","service":"FyersAPI"}
{"level":"ERROR","location":"[get_call:164] fyersModel","message":{"API":"/history","error":"HTTPSConnectionPool(host='api-t1.fyers.in', port=443): Max retries exceeded with url: /data/history?symbol=NSE%3AINTELLECT-EQ&resolution=5&date_format=1&range_from=2025-11-04&range_to=2025-11-11&cont_flag=1 (Caused by NameResolutionError(\"<urllib3.connection.HTTPSConnection object at 0x0000013ADA406450>: Failed to resolve 'api-t1.fyers.in' ([Errno 11001] getaddrinfo failed)\"))"},"timestamp":"2025-11-11 10:50:24,583+0530","service":"FyersAPI"}
{"level":"ERROR","location":"[get_call:164] fyersModel","message":{"API":"/history","error":"HTTPSConnectionPool(host='api-t1.fyers.in', port=443): Max retries exceeded with url: /data/history?symbol=NSE%3AJSL-EQ&resolution=5&date_format=1&range_from=2025-11-04&range_to=2025-11-11&cont_flag=1 (Caused by NameResolutionError(\"<urllib3.connection.HTTPSConnection object at 0x0000013ADA4125D0>: Failed to resolve 'api-t1.fyers.in' ([Errno 11001] getaddrinfo failed)\"))"},"timestamp":"2025-11-11 10:50:34,588+0530","service":"FyersAPI"}
{"level":"ERROR","location":"[get_call:164] fyersModel","message":{"API":"/history","error":"HTTPSConnectionPool(host='api-t1.fyers.in', port=443): Max retries exceeded with url: /data/history?symbol=NSE%3AMMTC-EQ&resolution=5&date_format=1&range_from=2025-11-04&range_to=2025-11-11&cont_flag=1 (Caused by NameResolutionError(\"<urllib3.connection.HTTPSConnection object at 0x0000013ADA30FAD0>: Failed to resolve 'api-t1.fyers.in' ([Errno 11001] getaddrinfo failed)\"))"},"timestamp":"2025-11-11 10:50:34,595+0530","service":"FyersAPI"}
{"level":"ERROR","location":"[get_call:164] fyersModel","message":{"API":"/history","error":"HTTPSConnectionPool(host='api-t1.fyers.in', port=443): Max retries exceeded with url: /data/history?symbol=NSE%3AIDEA-EQ&resolution=5&date_format=1&range_from=2025-11-04&range_to=2025-11-11&cont_flag=1 (Caused by NameResolutionError(\"<urllib3.connection.HTTPSConnection object at 0x0000013ADA386410>: Failed to resolve 'api-t1.fyers.in' ([Errno 11001] getaddrinfo failed)\"))"},"timestamp":"2025-11-11 10:50:34,600+0530","service":"FyersAPI"}
{"level":"ERROR","location":"[get_call:164] fyersModel","message":{"API":"/history","error":"HTTPSConnectionPool(host='api-t1.fyers.in', port=443): Max retries exceeded with url: /data/history?symbol=NSE%3AKEC-EQ&resolution=5&date_format=1&range_from=2025-11-04&range_to=2025-11-11&cont_flag=1 (Caused by NameResolutionError(\"<urllib3.connection.HTTPSConnection object at 0x0000013ADA43CB50>: Failed to resolve 'api-t1.fyers.in' ([Errno 11001] getaddrinfo failed)\"))"},"timestamp":"2025-11-11 10:50:34,606+0530","service":"FyersAPI"}
{"level":"ERROR","location":"[get_call:164] fyersModel","message":{"API":"/history","error":"HTTPSConnectionPool(host='api-t1.fyers.in', port=443): Max retries exceeded with url: /data/history?symbol=NSE%3AHEG-EQ&resolution=5&date_format=1&range_from=2025-11-04&range_to=2025-11-11&cont_flag=1 (Caused by NameResolutionError(\"<urllib3.connection.HTTPSConnection object at 0x0000013ADA385CD0>: Failed to resolve 'api-t1.fyers.in' ([Errno 11001] getaddrinfo failed)\"))"},"timestamp":"2025-11-11 10:50:34,610+0530","service":"FyersAPI"}
{"level":"ERROR","location":"[get_call:164] fyersModel","message":{"API":"/history","error":"HTTPSConnectionPool(host='api-t1.fyers.in', port=443): Max retries exceeded with url: /data/history?symbol=NSE%3AINTELLECT-EQ&resolution=5&date_format=1&range_from=2025-11-04&range_to=2025-11-11&cont_flag=1 (Caused by NameResolutionError(\"<urllib3.connection.HTTPSConnection object at 0x0000013ADA41D690>: Failed to resolve 'api-t1.fyers.in' ([Errno 11001] getaddrinfo failed)\"))"},"timestamp":"2025-11-11 10:50:34,618+0530","service":"FyersAPI"}
{"level":"ERROR","location":"[get_call:164] fyersModel","message":{"API":"/history","error":"HTTPSConnectionPool(host='api-t1.fyers.in', port=443): Max retries exceeded with url: /data/history?symbol=NSE%3AJSL-EQ&resolution=5&date_format=1&range_from=2025-11-04&range_to=2025-11-11&cont_flag=1 (Caused by NameResolutionError(\"<urllib3.connection.HTTPSConnection object at 0x0000013ADA30FAD0>: Failed to resolve 'api-t1.fyers.in' ([Errno 11001] getaddrinfo failed)\"))"},"timestamp":"2025-11-11 10:50:44,626+0530","service":"FyersAPI"}
{"level":"ERROR","location":"[get_call:164] fyersModel","message":{"API":"/history","error":"HTTPSConnectionPool(host='api-t1.fyers.in', port=443): Max retries exceeded with url: /data/history?symbol=NSE%3AMMTC-EQ&resolution=5&date_format=1&range_from=2025-11-04&range_to=2025-11-11&cont_flag=1 (Caused by NameResolutionError(\"<urllib3.connection.HTTPSConnection object at 0x0000013ADA4133D0>: Failed to resolve 'api-t1.fyers.in' ([Errno 11001] getaddrinfo failed)\"))"},"timestamp":"2025-11-11 10:50:44,633+0530","service":"FyersAPI"}
{"level":"ERROR","location":"[get_call:164] fyersModel","message":{"API":"/history","error":"HTTPSConnectionPool(host='api-t1.fyers.in', port=443): Max retries exceeded with url: /data/history?symbol=NSE%3AIDEA-EQ&resolution=5&date_format=1&range_from=2025-11-04&range_to=2025-11-11&cont_flag=1 (Caused by NameResolutionError(\"<urllib3.connection.HTTPSConnection object at 0x0000013ADA305110>: Failed to resolve 'api-t1.fyers.in' ([Errno 11001] getaddrinfo failed)\"))"},"timestamp":"2025-11-11 10:50:44,641+0530","service":"FyersAPI"}
{"level":"ERROR","location":"[get_call:164] fyersModel","message":{"API":"/history","error":"HTTPSConnectionPool(host='api-t1.fyers.in', port=443): Max retries exceeded with url: /data/history?symbol=NSE%3AKEC-EQ&resolution=5&date_format=1&range_from=2025-11-04&range_to=2025-11-11&cont_flag=1 (Caused by NameResolutionError(\"<urllib3.connection.HTTPSConnection object at 0x0000013AC7B1C590>: Failed to resolve 'api-t1.fyers.in' ([Errno 11001] getaddrinfo failed)\"))"},"timestamp":"2025-11-11 10:50:44,642+0530","service":"FyersAPI"}
{"level":"ERROR","location":"[get_call:164] fyersModel","message":{"API":"/history","error":"HTTPSConnectionPool(host='api-t1.fyers.in', port=443): Max retries exceeded with url: /data/history?symbol=NSE%3AHEG-EQ&resolution=5&date_format=1&range_from=2025-11-04&range_to=2025-11-11&cont_flag=1 (Caused by NameResolutionError(\"<urllib3.connection.HTTPSConnection object at 0x0000013ADA43C990>: Failed to resolve 'api-t1.fyers.in' ([Errno 11001] getaddrinfo failed)\"))"},"timestamp":"2025-11-11 10:50:44,688+0530","service":"FyersAPI"}
{"level":"ERROR","location":"[get_call:164] fyersModel","message":{"API":"/history","error":"HTTPSConnectionPool(host='api-t1.fyers.in', port=443): Max retries exceeded with url: /data/history?symbol=NSE%3AINTELLECT-EQ&resolution=5&date_format=1&range_from=2025-11-04&range_to=2025-11-11&cont_flag=1 (Caused by NameResolutionError(\"<urllib3.connection.HTTPSConnection object at 0x0000013ADA3043D0>: Failed to resolve 'api-t1.fyers.in' ([Errno 11001] getaddrinfo failed)\"))"},"timestamp":"2025-11-11 10:50:44,714+0530","service":"FyersAPI"}
{"level":"ERROR","location":"[get_call:164] fyersModel","message":{"API":"/history","error":"HTTPSConnectionPool(host='api-t1.fyers.in', port=443): Max retries exceeded with url: /data/history?symbol=NSE%3AJSL-EQ&resolution=5&date_format=1&range_from=2025-11-04&range_to=2025-11-11&cont_flag=1 (Caused by NameResolutionError(\"<urllib3.connection.HTTPSConnection object at 0x0000013ADA424B10>: Failed to resolve 'api-t1.fyers.in' ([Errno 11001] getaddrinfo failed)\"))"},"timestamp":"2025-11-11 10:50:54,748+0530","service":"FyersAPI"}
{"level":"ERROR","location":"[get_call:164] fyersModel","message":{"API":"/history","error":"HTTPSConnectionPool(host='api-t1.fyers.in', port=443): Max retries exceeded with url: /data/history?symbol=NSE%3AMMTC-EQ&resolution=5&date_format=1&range_from=2025-11-04&range_to=2025-11-11&cont_flag=1 (Caused by NameResolutionError(\"<urllib3.connection.HTTPSConnection object at 0x0000013ADA424E50>: Failed to resolve 'api-t1.fyers.in' ([Errno 11001] getaddrinfo failed)\"))"},"timestamp":"2025-11-11 10:50:54,748+0530","service":"FyersAPI"}
{"level":"ERROR","location":"[get_call:164] fyersModel","message":{"API":"/history","error":"HTTPSConnectionPool(host='api-t1.fyers.in', port=443): Max retries exceeded with url: /data/history?symbol=NSE%3AIDEA-EQ&resolution=5&date_format=1&range_from=2025-11-04&range_to=2025-11-11&cont_flag=1 (Caused by NameResolutionError(\"<urllib3.connection.HTTPSConnection object at 0x0000013ADA406950>: Failed to resolve 'api-t1.fyers.in' ([Errno 11001] getaddrinfo failed)\"))"},"timestamp":"2025-11-11 10:50:54,760+0530","service":"FyersAPI"}
{"level":"ERROR","location":"[get_call:164] fyersModel","message":{"API":"/history","error":"HTTPSConnectionPool(host='api-t1.fyers.in', port=443): Max retries exceeded with url: /data/history?symbol=NSE%3AKEC-EQ&resolution=5&date_format=1&range_from=2025-11-04&range_to=2025-11-11&cont_flag=1 (Caused by NameResolutionError(\"<urllib3.connection.HTTPSConnection object at 0x0000013ADA424950>: Failed to resolve 'api-t1.fyers.in' ([Errno 11001] getaddrinfo failed)\"))"},"timestamp":"2025-11-11 10:50:54,766+0530","service":"FyersAPI"}
{"level":"ERROR","location":"[get_call:164] fyersModel","message":{"API":"/history","error":"HTTPSConnectionPool(host='api-t1.fyers.in', port=443): Max retries exceeded with url: /data/history?symbol=NSE%3AHEG-EQ&resolution=5&date_format=1&range_from=2025-11-04&range_to=2025-11-11&cont_flag=1 (Caused by NameResolutionError(\"<urllib3.connection.HTTPSConnection object at 0x0000013ADA358050>: Failed to resolve 'api-t1.fyers.in' ([Errno 11001] getaddrinfo failed)\"))"},"timestamp":"2025-11-11 10:50:54,766+0530","service":"FyersAPI"}
{"level":"ERROR","location":"[get_call:164] fyersModel","message":{"API":"/history","error":"HTTPSConnectionPool(host='api-t1.fyers.in', port=443): Max retries exceeded with url: /data/history?symbol=NSE%3AINTELLECT-EQ&resolution=5&date_format=1&range_from=2025-11-04&range_to=2025-11-11&cont_flag=1 (Caused by NameResolutionError(\"<urllib3.connection.HTTPSConnection object at 0x0000013ADA0A1410>: Failed to resolve 'api-t1.fyers.in' ([Errno 11001] getaddrinfo failed)\"))"},"timestamp":"2025-11-11 10:50:54,775+0530","service":"FyersAPI"}
{"level":"ERROR","location":"[get_call:164] fyersModel","message":{"API":"/history","error":"HTTPSConnectionPool(host='api-t1.fyers.in', port=443): Max retries exceeded with url: /data/history?symbol=NSE%3AJSL-EQ&resolution=5&date_format=1&range_from=2025-11-04&range_to=2025-11-11&cont_flag=1 (Caused by NameResolutionError(\"<urllib3.connection.HTTPSConnection object at 0x0000013ADA43EC50>: Failed to resolve 'api-t1.fyers.in' ([Errno 11001] getaddrinfo failed)\"))"},"timestamp":"2025-11-11 10:51:04,780+0530","service":"FyersAPI"}
{"level":"ERROR","location":"[get_call:164] fyersModel","message":{"API":"/history","error":"HTTPSConnectionPool(host='api-t1.fyers.in', port=443): Max retries exceeded with url: /data/history?symbol=NSE%3AMMTC-EQ&resolution=5&date_format=1&range_from=2025-11-04&range_to=2025-11-11&cont_flag=1 (Caused by NameResolutionError(\"<urllib3.connection.HTTPSConnection object at 0x0000013ADA407FD0>: Failed to resolve 'api-t1.fyers.in' ([Errno 11001] getaddrinfo failed)\"))"},"timestamp":"2025-11-11 10:51:04,788+0530","service":"FyersAPI"}
{"level":"ERROR","location":"[get_call:164] fyersModel","message":{"API":"/history","error":"HTTPSConnectionPool(host='api-t1.fyers.in', port=443): Max retries exceeded with url: /data/history?symbol=NSE%3AIDEA-EQ&resolution=5&date_format=1&range_from=2025-11-04&range_to=2025-11-11&cont_flag=1 (Caused by NameResolutionError(\"<urllib3.connection.HTTPSConnection object at 0x0000013AD9B28790>: Failed to resolve 'api-t1.fyers.in' ([Errno 11001] getaddrinfo failed)\"))"},"timestamp":"2025-11-11 10:51:04,797+0530","service":"FyersAPI"}
{"level":"ERROR","location":"[get_call:164] fyersModel","message":{"API":"/history","error":"HTTPSConnectionPool(host='api-t1.fyers.in', port=443): Max retries exceeded with url: /data/history?symbol=NSE%3AKEC-EQ&resolution=5&date_format=1&range_from=2025-11-04&range_to=2025-11-11&cont_flag=1 (Caused by NameResolutionError(\"<urllib3.connection.HTTPSConnection object at 0x0000013ADA4076D0>: Failed to resolve 'api-t1.fyers.in' ([Errno 11001] getaddrinfo failed)\"))"},"timestamp":"2025-11-11 10:51:04,804+0530","service":"FyersAPI"}
{"level":"ERROR","location":"[get_call:164] fyersModel","message":{"API":"/history","error":"HTTPSConnectionPool(host='api-t1.fyers.in', port=443): Max retries exceeded with url: /data/history?symbol=NSE%3AHEG-EQ&resolution=5&date_format=1&range_from=2025-11-04&range_to=2025-11-11&cont_flag=1 (Caused by NameResolutionError(\"<urllib3.connection.HTTPSConnection object at 0x0000013ADA43F550>: Failed to resolve 'api-t1.fyers.in' ([Errno 11001] getaddrinfo failed)\"))"},"timestamp":"2025-11-11 10:51:04,812+0530","service":"FyersAPI"}
{"level":"ERROR","location":"[get_call:164] fyersModel","message":{"API":"/history","error":"HTTPSConnectionPool(host='api-t1.fyers.in', port=443): Max retries exceeded with url: /data/history?symbol=NSE%3AINTELLECT-EQ&resolution=5&date_format=1&range_from=2025-11-04&range_to=2025-11-11&cont_flag=1 (Caused by NameResolutionError(\"<urllib3.connection.HTTPSConnection object at 0x0000013ADA43C6D0>: Failed to resolve 'api-t1.fyers.in' ([Errno 11001] getaddrinfo failed)\"))"},"timestamp":"2025-11-11 10:51:04,819+0530","service":"FyersAPI"}
{"level":"ERROR","location":"[get_call:164] fyersModel","message":{"API":"/history","error":"HTTPSConnectionPool(host='api-t1.fyers.in', port=443): Max retries exceeded with url: /data/history?symbol=NSE%3AJSL-EQ&resolution=5&date_format=1&range_from=2025-11-04&range_to=2025-11-11&cont_flag=1 (Caused by NameResolutionError(\"<urllib3.connection.HTTPSConnection object at 0x0000013ADA4260D0>: Failed to resolve 'api-t1.fyers.in' ([Errno 11001] getaddrinfo failed)\"))"},"timestamp":"2025-11-11 10:51:14,826+0530","service":"FyersAPI"}
{"level":"ERROR","location":"[get_call:164] fyersModel","message":{"API":"/history","error":"HTTPSConnectionPool(host='api-t1.fyers.in', port=443): Max retries exceeded with url: /data/history?symbol=NSE%3AMMTC-EQ&resolution=5&date_format=1&range_from=2025-11-04&range_to=2025-11-11&cont_flag=1 (Caused by NameResolutionError(\"<urllib3.connection.HTTPSConnection object at 0x0000013ADA3470D0>: Failed to resolve 'api-t1.fyers.in' ([Errno 11001] getaddrinfo failed)\"))"},"timestamp":"2025-11-11 10:51:14,834+0530","service":"FyersAPI"}
{"level":"ERROR","location":"[get_call:164] fyersModel","message":{"API":"/history","error":"HTTPSConnectionPool(host='api-t1.fyers.in', port=443): Max retries exceeded with url: /data/history?symbol=NSE%3AIDEA-EQ&resolution=5&date_format=1&range_from=2025-11-04&range_to=2025-11-11&cont_flag=1 (Caused by NameResolutionError(\"<urllib3.connection.HTTPSConnection object at 0x0000013ADA407FD0>: Failed to resolve 'api-t1.fyers.in' ([Errno 11001] getaddrinfo failed)\"))"},"timestamp":"2025-11-11 10:51:14,839+0530","service":"FyersAPI"}
{"level":"ERROR","location":"[get_call:164] fyersModel","message":{"API":"/history","error":"HTTPSConnectionPool(host='api-t1.fyers.in', port=443): Max retries exceeded with url: /data/history?symbol=NSE%3AKEC-EQ&resolution=5&date_format=1&range_from=2025-11-04&range_to=2025-11-11&cont_flag=1 (Caused by NameResolutionError(\"<urllib3.connection.HTTPSConnection object at 0x0000013ADA43CBD0>: Failed to resolve 'api-t1.fyers.in' ([Errno 11001] getaddrinfo failed)\"))"},"timestamp":"2025-11-11 10:51:14,842+0530","service":"FyersAPI"}
{"level":"ERROR","location":"[get_call:164] fyersModel","message":{"API":"/history","error":"HTTPSConnectionPool(host='api-t1.fyers.in', port=443): Max retries exceeded with url: /data/history?symbol=NSE%3AHEG-EQ&resolution=5&date_format=1&range_from=2025-11-04&range_to=2025-11-11&cont_flag=1 (Caused by NameResolutionError(\"<urllib3.connection.HTTPSConnection object at 0x0000013ADA43C750>: Failed to resolve 'api-t1.fyers.in' ([Errno 11001] getaddrinfo failed)\"))"},"timestamp":"2025-11-11 10:51:14,847+0530","service":"FyersAPI"}
{"level":"ERROR","location":"[get_call:164] fyersModel","message":{"API":"/history","error":"HTTPSConnectionPool(host='api-t1.fyers.in', port=443): Max retries exceeded with url: /data/history?symbol=NSE%3AINTELLECT-EQ&resolution=5&date_format=1&range_from=2025-11-04&range_to=2025-11-11&cont_flag=1 (Caused by NameResolutionError(\"<urllib3.connection.HTTPSConnection object at 0x0000013ADA424F10>: Failed to resolve 'api-t1.fyers.in' ([Errno 11001] getaddrinfo failed)\"))"},"timestamp":"2025-11-11 10:51:14,850+0530","service":"FyersAPI"}
{"level":"ERROR","location":"[get_call:164] fyersModel","message":{"API":"/history","error":"HTTPSConnectionPool(host='api-t1.fyers.in', port=443): Max retries exceeded with url: /data/history?symbol=NSE%3AJSL-EQ&resolution=5&date_format=1&range_from=2025-11-04&range_to=2025-11-11&cont_flag=1 (Caused by NameResolutionError(\"<urllib3.connection.HTTPSConnection object at 0x0000013ADA30D290>: Failed to resolve 'api-t1.fyers.in' ([Errno 11001] getaddrinfo failed)\"))"},"timestamp":"2025-11-11 10:51:24,856+0530","service":"FyersAPI"}
{"level":"ERROR","location":"[get_call:164] fyersModel","message":{"API":"/history","error":"HTTPSConnectionPool(host='api-t1.fyers.in', port=443): Max retries exceeded with url: /data/history?symbol=NSE%3AMMTC-EQ&resolution=5&date_format=1&range_from=2025-11-04&range_to=2025-11-11&cont_flag=1 (Caused by NameResolutionError(\"<urllib3.connection.HTTPSConnection object at 0x0000013ADA43FB10>: Failed to resolve 'api-t1.fyers.in' ([Errno 11001] getaddrinfo failed)\"))"},"timestamp":"2025-11-11 10:51:24,864+0530","service":"FyersAPI"}
{"level":"ERROR","location":"[get_call:164] fyersModel","message":{"API":"/history","error":"HTTPSConnectionPool(host='api-t1.fyers.in', port=443): Max retries exceeded with url: /data/history?symbol=NSE%3AIDEA-EQ&resolution=5&date_format=1&range_from=2025-11-04&range_to=2025-11-11&cont_flag=1 (Caused by NameResolutionError(\"<urllib3.connection.HTTPSConnection object at 0x0000013ADA43C1D0>: Failed to resolve 'api-t1.fyers.in' ([Errno 11001] getaddrinfo failed)\"))"},"timestamp":"2025-11-11 10:51:24,875+0530","service":"FyersAPI"}
{"level":"ERROR","location":"[get_call:164] fyersModel","message":{"API":"/history","error":"HTTPSConnectionPool(host='api-t1.fyers.in', port=443): Max retries exceeded with url: /data/history?symbol=NSE%3AKEC-EQ&resolution=5&date_format=1&range_from=2025-11-04&range_to=2025-11-11&cont_flag=1 (Caused by NameResolutionError(\"<urllib3.connection.HTTPSConnection object at 0x0000013ADA386110>: Failed to resolve 'api-t1.fyers.in' ([Errno 11001] getaddrinfo failed)\"))"},"timestamp":"2025-11-11 10:51:24,880+0530","service":"FyersAPI"}
{"level":"ERROR","location":"[get_call:164] fyersModel","message":{"API":"/history","error":"HTTPSConnectionPool(host='api-t1.fyers.in', port=443): Max retries exceeded with url: /data/history?symbol=NSE%3AHEG-EQ&resolution=5&date_format=1&range_from=2025-11-04&range_to=2025-11-11&cont_flag=1 (Caused by NameResolutionError(\"<urllib3.connection.HTTPSConnection object at 0x0000013ADA413390>: Failed to resolve 'api-t1.fyers.in' ([Errno 11001] getaddrinfo failed)\"))"},"timestamp":"2025-11-11 10:51:24,885+0530","service":"FyersAPI"}
{"level":"ERROR","location":"[get_call:164] fyersModel","message":{"API":"/history","error":"HTTPSConnectionPool(host='api-t1.fyers.in', port=443): Max retries exceeded with url: /data/history?symbol=NSE%3AINTELLECT-EQ&resolution=5&date_format=1&range_from=2025-11-04&range_to=2025-11-11&cont_flag=1 (Caused by NameResolutionError(\"<urllib3.connection.HTTPSConnection object at 0x0000013ADA344D10>: Failed to resolve 'api-t1.fyers.in' ([Errno 11001] getaddrinfo failed)\"))"},"timestamp":"2025-11-11 10:51:24,889+0530","service":"FyersAPI"}
{"level":"ERROR","location":"[get_call:164] fyersModel","message":{"API":"/history","error":"HTTPSConnectionPool(host='api-t1.fyers.in', port=443): Max retries exceeded with url: /data/history?symbol=NSE%3AJSL-EQ&resolution=5&date_format=1&range_from=2025-11-04&range_to=2025-11-11&cont_flag=1 (Caused by NameResolutionError(\"<urllib3.connection.HTTPSConnection object at 0x0000013ADA08CA50>: Failed to resolve 'api-t1.fyers.in' ([Errno 11001] getaddrinfo failed)\"))"},"timestamp":"2025-11-11 10:51:34,895+0530","service":"FyersAPI"}
{"level":"ERROR","location":"[get_call:164] fyersModel","message":{"API":"/history","error":"HTTPSConnectionPool(host='api-t1.fyers.in', port=443): Max retries exceeded with url: /data/history?symbol=NSE%3AMMTC-EQ&resolution=5&date_format=1&range_from=2025-11-04&range_to=2025-11-11&cont_flag=1 (Caused by NameResolutionError(\"<urllib3.connection.HTTPSConnection object at 0x0000013ADA4119D0>: Failed to resolve 'api-t1.fyers.in' ([Errno 11001] getaddrinfo failed)\"))"},"timestamp":"2025-11-11 10:51:34,902+0530","service":"FyersAPI"}
{"level":"ERROR","location":"[get_call:164] fyersModel","message":{"API":"/history","error":"HTTPSConnectionPool(host='api-t1.fyers.in', port=443): Max retries exceeded with url: /data/history?symbol=NSE%3AIDEA-EQ&resolution=5&date_format=1&range_from=2025-11-04&range_to=2025-11-11&cont_flag=1 (Caused by NameResolutionError(\"<urllib3.connection.HTTPSConnection object at 0x0000013ADA307790>: Failed to resolve 'api-t1.fyers.in' ([Errno 11001] getaddrinfo failed)\"))"},"timestamp":"2025-11-11 10:51:34,907+0530","service":"FyersAPI"}
{"level":"ERROR","location":"[get_call:164] fyersModel","message":{"API":"/history","error":"HTTPSConnectionPool(host='api-t1.fyers.in', port=443): Max retries exceeded with url: /data/history?symbol=NSE%3AKEC-EQ&resolution=5&date_format=1&range_from=2025-11-04&range_to=2025-11-11&cont_flag=1 (Caused by NameResolutionError(\"<urllib3.connection.HTTPSConnection object at 0x0000013ADA43E190>: Failed to resolve 'api-t1.fyers.in' ([Errno 11001] getaddrinfo failed)\"))"},"timestamp":"2025-11-11 10:51:34,911+0530","service":"FyersAPI"}
{"level":"ERROR","location":"[get_call:164] fyersModel","message":{"API":"/history","error":"HTTPSConnectionPool(host='api-t1.fyers.in', port=443): Max retries exceeded with url: /data/history?symbol=NSE%3AHEG-EQ&resolution=5&date_format=1&range_from=2025-11-04&range_to=2025-11-11&cont_flag=1 (Caused by NameResolutionError(\"<urllib3.connection.HTTPSConnection object at 0x0000013ADA424B50>: Failed to resolve 'api-t1.fyers.in' ([Errno 11001] getaddrinfo failed)\"))"},"timestamp":"2025-11-11 10:51:34,915+0530","service":"FyersAPI"}
{"level":"ERROR","location":"[get_call:164] fyersModel","message":{"API":"/history","error":"HTTPSConnectionPool(host='api-t1.fyers.in', port=443): Max retries exceeded with url: /data/history?symbol=NSE%3AINTELLECT-EQ&resolution=5&date_format=1&range_from=2025-11-04&range_to=2025-11-11&cont_flag=1 (Caused by NameResolutionError(\"<urllib3.connection.HTTPSConnection object at 0x0000013ADA0A1810>: Failed to resolve 'api-t1.fyers.in' ([Errno 11001] getaddrinfo failed)\"))"},"timestamp":"2025-11-11 10:51:34,919+0530","service":"FyersAPI"}
{"level":"ERROR","location":"[get_call:164] fyersModel","message":{"API":"/history","error":"HTTPSConnectionPool(host='api-t1.fyers.in', port=443): Max retries exceeded with url: /data/history?symbol=NSE%3AJSL-EQ&resolution=5&date_format=1&range_from=2025-11-04&range_to=2025-11-11&cont_flag=1 (Caused by NameResolutionError(\"<urllib3.connection.HTTPSConnection object at 0x0000013ADA3F6CD0>: Failed to resolve 'api-t1.fyers.in' ([Errno 11001] getaddrinfo failed)\"))"},"timestamp":"2025-11-11 10:51:44,924+0530","service":"FyersAPI"}
{"level":"ERROR","location":"[get_call:164] fyersModel","message":{"API":"/history","error":"HTTPSConnectionPool(host='api-t1.fyers.in', port=443): Max retries exceeded with url: /data/history?symbol=NSE%3AMMTC-EQ&resolution=5&date_format=1&range_from=2025-11-04&range_to=2025-11-11&cont_flag=1 (Caused by NameResolutionError(\"<urllib3.connection.HTTPSConnection object at 0x0000013ADA43D3D0>: Failed to resolve 'api-t1.fyers.in' ([Errno 11001] getaddrinfo failed)\"))"},"timestamp":"2025-11-11 10:51:44,930+0530","service":"FyersAPI"}
{"level":"ERROR","location":"[get_call:164] fyersModel","message":{"API":"/history","error":"HTTPSConnectionPool(host='api-t1.fyers.in', port=443): Max retries exceeded with url: /data/history?symbol=NSE%3AIDEA-EQ&resolution=5&date_format=1&range_from=2025-11-04&range_to=2025-11-11&cont_flag=1 (Caused by NameResolutionError(\"<urllib3.connection.HTTPSConnection object at 0x0000013ADA411E90>: Failed to resolve 'api-t1.fyers.in' ([Errno 11001] getaddrinfo failed)\"))"},"timestamp":"2025-11-11 10:51:44,936+0530","service":"FyersAPI"}
{"level":"ERROR","location":"[get_call:164] fyersModel","message":{"API":"/history","error":"HTTPSConnectionPool(host='api-t1.fyers.in', port=443): Max retries exceeded with url: /data/history?symbol=NSE%3AKEC-EQ&resolution=5&date_format=1&range_from=2025-11-04&range_to=2025-11-11&cont_flag=1 (Caused by NameResolutionError(\"<urllib3.connection.HTTPSConnection object at 0x0000013ADA404450>: Failed to resolve 'api-t1.fyers.in' ([Errno 11001] getaddrinfo failed)\"))"},"timestamp":"2025-11-11 10:51:44,942+0530","service":"FyersAPI"}
{"level":"ERROR","location":"[get_call:164] fyersModel","message":{"API":"/history","error":"HTTPSConnectionPool(host='api-t1.fyers.in', port=443): Max retries exceeded with url: /data/history?symbol=NSE%3AHEG-EQ&resolution=5&date_format=1&range_from=2025-11-04&range_to=2025-11-11&cont_flag=1 (Caused by NameResolutionError(\"<urllib3.connection.HTTPSConnection object at 0x0000013ADA30FE90>: Failed to resolve 'api-t1.fyers.in' ([Errno 11001] getaddrinfo failed)\"))"},"timestamp":"2025-11-11 10:51:44,948+0530","service":"FyersAPI"}
{"level":"ERROR","location":"[get_call:164] fyersModel","message":{"API":"/history","error":"HTTPSConnectionPool(host='api-t1.fyers.in', port=443): Max retries exceeded with url: /data/history?symbol=NSE%3AINTELLECT-EQ&resolution=5&date_format=1&range_from=2025-11-04&range_to=2025-11-11&cont_flag=1 (Caused by NameResolutionError(\"<urllib3.connection.HTTPSConnection object at 0x0000013ADA413910>: Failed to resolve 'api-t1.fyers.in' ([Errno 11001] getaddrinfo failed)\"))"},"timestamp":"2025-11-11 10:51:44,954+0530","service":"FyersAPI"}
{"level":"ERROR","location":"[get_call:164] fyersModel","message":{"API":"/history","error":"HTTPSConnectionPool(host='api-t1.fyers.in', port=443): Max retries exceeded with url: /data/history?symbol=NSE%3AJSL-EQ&resolution=5&date_format=1&range_from=2025-11-04&range_to=2025-11-11&cont_flag=1 (Caused by NameResolutionError(\"<urllib3.connection.HTTPSConnection object at 0x0000013ADA386550>: Failed to resolve 'api-t1.fyers.in' ([Errno 11001] getaddrinfo failed)\"))"},"timestamp":"2025-11-11 10:51:54,956+0530","service":"FyersAPI"}
{"level":"ERROR","location":"[get_call:164] fyersModel","message":{"API":"/history","error":"HTTPSConnectionPool(host='api-t1.fyers.in', port=443): Max retries exceeded with url: /data/history?symbol=NSE%3AMMTC-EQ&resolution=5&date_format=1&range_from=2025-11-04&range_to=2025-11-11&cont_flag=1 (Caused by NameResolutionError(\"<urllib3.connection.HTTPSConnection object at 0x0000013ADA43C550>: Failed to resolve 'api-t1.fyers.in' ([Errno 11001] getaddrinfo failed)\"))"},"timestamp":"2025-11-11 10:51:54,965+0530","service":"FyersAPI"}
{"level":"ERROR","location":"[get_call:164] fyersModel","message":{"API":"/history","error":"HTTPSConnectionPool(host='api-t1.fyers.in', port=443): Max retries exceeded with url: /data/history?symbol=NSE%3AIDEA-EQ&resolution=5&date_format=1&range_from=2025-11-04&range_to=2025-11-11&cont_flag=1 (Caused by NameResolutionError(\"<urllib3.connection.HTTPSConnection object at 0x0000013ADA427A90>: Failed to resolve 'api-t1.fyers.in' ([Errno 11001] getaddrinfo failed)\"))"},"timestamp":"2025-11-11 10:51:54,972+0530","service":"FyersAPI"}
{"level":"ERROR","location":"[get_call:164] fyersModel","message":{"API":"/history","error":"HTTPSConnectionPool(host='api-t1.fyers.in', port=443): Max retries exceeded with url: /data/history?symbol=NSE%3AKEC-EQ&resolution=5&date_format=1&range_from=2025-11-04&range_to=2025-11-11&cont_flag=1 (Caused by NameResolutionError(\"<urllib3.connection.HTTPSConnection object at 0x0000013ADA30CE90>: Failed to resolve 'api-t1.fyers.in' ([Errno 11001] getaddrinfo failed)\"))"},"timestamp":"2025-11-11 10:51:54,973+0530","service":"FyersAPI"}
{"level":"ERROR","location":"[get_call:164] fyersModel","message":{"API":"/history","error":"HTTPSConnectionPool(host='api-t1.fyers.in', port=443): Max retries exceeded with url: /data/history?symbol=NSE%3AHEG-EQ&resolution=5&date_format=1&range_from=2025-11-04&range_to=2025-11-11&cont_flag=1 (Caused by NameResolutionError(\"<urllib3.connection.HTTPSConnection object at 0x0000013ADA09DC90>: Failed to resolve 'api-t1.fyers.in' ([Errno 11001] getaddrinfo failed)\"))"},"timestamp":"2025-11-11 10:51:54,980+0530","service":"FyersAPI"}
{"level":"ERROR","location":"[get_call:164] fyersModel","message":{"API":"/history","error":"HTTPSConnectionPool(host='api-t1.fyers.in', port=443): Max retries exceeded with url: /data/history?symbol=NSE%3AINTELLECT-EQ&resolution=5&date_format=1&range_from=2025-11-04&range_to=2025-11-11&cont_flag=1 (Caused by NameResolutionError(\"<urllib3.connection.HTTPSConnection object at 0x0000013ADA43E690>: Failed to resolve 'api-t1.fyers.in' ([Errno 11001] getaddrinfo failed)\"))"},"timestamp":"2025-11-11 10:51:54,980+0530","service":"FyersAPI"}
{"level":"ERROR","location":"[get_call:164] fyersModel","message":{"API":"/history","error":"HTTPSConnectionPool(host='api-t1.fyers.in', port=443): Max retries exceeded with url: /data/history?symbol=NSE%3AJSL-EQ&resolution=5&date_format=1&range_from=2025-11-04&range_to=2025-11-11&cont_flag=1 (Caused by NameResolutionError(\"<urllib3.connection.HTTPSConnection object at 0x0000013ADA43FFD0>: Failed to resolve 'api-t1.fyers.in' ([Errno 11001] getaddrinfo failed)\"))"},"timestamp":"2025-11-11 10:52:04,993+0530","service":"FyersAPI"}
{"level":"ERROR","location":"[get_call:164] fyersModel","message":{"API":"/history","error":"HTTPSConnectionPool(host='api-t1.fyers.in', port=443): Max retries exceeded with url: /data/history?symbol=NSE%3AMMTC-EQ&resolution=5&date_format=1&range_from=2025-11-04&range_to=2025-11-11&cont_flag=1 (Caused by NameResolutionError(\"<urllib3.connection.HTTPSConnection object at 0x0000013ADA30D190>: Failed to resolve 'api-t1.fyers.in' ([Errno 11001] getaddrinfo failed)\"))"},"timestamp":"2025-11-11 10:52:04,999+0530","service":"FyersAPI"}
{"level":"ERROR","location":"[get_call:164] fyersModel","message":{"API":"/history","error":"HTTPSConnectionPool(host='api-t1.fyers.in', port=443): Max retries exceeded with url: /data/history?symbol=NSE%3AIDEA-EQ&resolution=5&date_format=1&range_from=2025-11-04&range_to=2025-11-11&cont_flag=1 (Caused by NameResolutionError(\"<urllib3.connection.HTTPSConnection object at 0x0000013ADA410C50>: Failed to resolve 'api-t1.fyers.in' ([Errno 11001] getaddrinfo failed)\"))"},"timestamp":"2025-11-11 10:52:05,004+0530","service":"FyersAPI"}
{"level":"ERROR","location":"[get_call:164] fyersModel","message":{"API":"/history","error":"HTTPSConnectionPool(host='api-t1.fyers.in', port=443): Max retries exceeded with url: /data/history?symbol=NSE%3AKEC-EQ&resolution=5&date_format=1&range_from=2025-11-04&range_to=2025-11-11&cont_flag=1 (Caused by NameResolutionError(\"<urllib3.connection.HTTPSConnection object at 0x0000013ADA3F7750>: Failed to resolve 'api-t1.fyers.in' ([Errno 11001] getaddrinfo failed)\"))"},"timestamp":"2025-11-11 10:52:05,008+0530","service":"FyersAPI"}
{"level":"ERROR","location":"[get_call:164] fyersModel","message":{"API":"/history","error":"HTTPSConnectionPool(host='api-t1.fyers.in', port=443): Max retries exceeded with url: /data/history?symbol=NSE%3AHEG-EQ&resolution=5&date_format=1&range_from=2025-11-04&range_to=2025-11-11&cont_flag=1 (Caused by NameResolutionError(\"<urllib3.connection.HTTPSConnection object at 0x0000013ADA43CE50>: Failed to resolve 'api-t1.fyers.in' ([Errno 11001] getaddrinfo failed)\"))"},"timestamp":"2025-11-11 10:52:05,015+0530","service":"FyersAPI"}
{"level":"ERROR","location":"[get_call:164] fyersModel","message":{"API":"/history","error":"HTTPSConnectionPool(host='api-t1.fyers.in', port=443): Max retries exceeded with url: /data/history?symbol=NSE%3AINTELLECT-EQ&resolution=5&date_format=1&range_from=2025-11-04&range_to=2025-11-11&cont_flag=1 (Caused by NameResolutionError(\"<urllib3.connection.HTTPSConnection object at 0x0000013ADA43D250>: Failed to resolve 'api-t1.fyers.in' ([Errno 11001] getaddrinfo failed)\"))"},"timestamp":"2025-11-11 10:52:05,015+0530","service":"FyersAPI"}
{"level":"ERROR","location":"[get_call:164] fyersModel","message":{"API":"/history","error":"HTTPSConnectionPool(host='api-t1.fyers.in', port=443): Max retries exceeded with url: /data/history?symbol=NSE%3AJSL-EQ&resolution=5&date_format=1&range_from=2025-11-04&range_to=2025-11-11&cont_flag=1 (Caused by NameResolutionError(\"<urllib3.connection.HTTPSConnection object at 0x0000013AD9B28790>: Failed to resolve 'api-t1.fyers.in' ([Errno 11001] getaddrinfo failed)\"))"},"timestamp":"2025-11-11 10:52:15,027+0530","service":"FyersAPI"}
{"level":"ERROR","location":"[get_call:164] fyersModel","message":{"API":"/history","error":"HTTPSConnectionPool(host='api-t1.fyers.in', port=443): Max retries exceeded with url: /data/history?symbol=NSE%3AMMTC-EQ&resolution=5&date_format=1&range_from=2025-11-04&range_to=2025-11-11&cont_flag=1 (Caused by NameResolutionError(\"<urllib3.connection.HTTPSConnection object at 0x0000013ADA412010>: Failed to resolve 'api-t1.fyers.in' ([Errno 11001] getaddrinfo failed)\"))"},"timestamp":"2025-11-11 10:52:15,035+0530","service":"FyersAPI"}
{"level":"ERROR","location":"[get_call:164] fyersModel","message":{"API":"/history","error":"HTTPSConnectionPool(host='api-t1.fyers.in', port=443): Max retries exceeded with url: /data/history?symbol=NSE%3AIDEA-EQ&resolution=5&date_format=1&range_from=2025-11-04&range_to=2025-11-11&cont_flag=1 (Caused by NameResolutionError(\"<urllib3.connection.HTTPSConnection object at 0x0000013ADA41C650>: Failed to resolve 'api-t1.fyers.in' ([Errno 11001] getaddrinfo failed)\"))"},"timestamp":"2025-11-11 10:52:15,048+0530","service":"FyersAPI"}
{"level":"ERROR","location":"[get_call:164] fyersModel","message":{"API":"/history","error":"HTTPSConnectionPool(host='api-t1.fyers.in', port=443): Max retries exceeded with url: /data/history?symbol=NSE%3AKEC-EQ&resolution=5&date_format=1&range_from=2025-11-04&range_to=2025-11-11&cont_flag=1 (Caused by NameResolutionError(\"<urllib3.connection.HTTPSConnection object at 0x0000013ADA424810>: Failed to resolve 'api-t1.fyers.in' ([Errno 11001] getaddrinfo failed)\"))"},"timestamp":"2025-11-11 10:52:15,058+0530","service":"FyersAPI"}
{"level":"ERROR","location":"[get_call:164] fyersModel","message":{"API":"/history","error":"HTTPSConnectionPool(host='api-t1.fyers.in', port=443): Max retries exceeded with url: /data/history?symbol=NSE%3AHEG-EQ&resolution=5&date_format=1&range_from=2025-11-04&range_to=2025-11-11&cont_flag=1 (Caused by NameResolutionError(\"<urllib3.connection.HTTPSConnection object at 0x0000013ADA30D190>: Failed to resolve 'api-t1.fyers.in' ([Errno 11001] getaddrinfo failed)\"))"},"timestamp":"2025-11-11 10:52:15,063+0530","service":"FyersAPI"}
{"level":"ERROR","location":"[get_call:164] fyersModel","message":{"API":"/history","error":"HTTPSConnectionPool(host='api-t1.fyers.in', port=443): Max retries exceeded with url: /data/history?symbol=NSE%3AINTELLECT-EQ&resolution=5&date_format=1&range_from=2025-11-04&range_to=2025-11-11&cont_flag=1 (Caused by NameResolutionError(\"<urllib3.connection.HTTPSConnection object at 0x0000013ADA43C7D0>: Failed to resolve 'api-t1.fyers.in' ([Errno 11001] getaddrinfo failed)\"))"},"timestamp":"2025-11-11 10:52:15,066+0530","service":"FyersAPI"}
{"level":"ERROR","location":"[get_call:164] fyersModel","message":{"API":"/history","error":"HTTPSConnectionPool(host='api-t1.fyers.in', port=443): Max retries exceeded with url: /data/history?symbol=NSE%3AJSL-EQ&resolution=5&date_format=1&range_from=2025-11-04&range_to=2025-11-11&cont_flag=1 (Caused by NameResolutionError(\"<urllib3.connection.HTTPSConnection object at 0x0000013ADA413610>: Failed to resolve 'api-t1.fyers.in' ([Errno 11001] getaddrinfo failed)\"))"},"timestamp":"2025-11-11 10:52:25,076+0530","service":"FyersAPI"}
{"level":"ERROR","location":"[get_call:164] fyersModel","message":{"API":"/history","error":"HTTPSConnectionPool(host='api-t1.fyers.in', port=443): Max retries exceeded with url: /data/history?symbol=NSE%3AMMTC-EQ&resolution=5&date_format=1&range_from=2025-11-04&range_to=2025-11-11&cont_flag=1 (Caused by NameResolutionError(\"<urllib3.connection.HTTPSConnection object at 0x0000013ADA41C150>: Failed to resolve 'api-t1.fyers.in' ([Errno 11001] getaddrinfo failed)\"))"},"timestamp":"2025-11-11 10:52:25,081+0530","service":"FyersAPI"}
{"level":"ERROR","location":"[get_call:164] fyersModel","message":{"API":"/history","error":"HTTPSConnectionPool(host='api-t1.fyers.in', port=443): Max retries exceeded with url: /data/history?symbol=NSE%3AIDEA-EQ&resolution=5&date_format=1&range_from=2025-11-04&range_to=2025-11-11&cont_flag=1 (Caused by NameResolutionError(\"<urllib3.connection.HTTPSConnection object at 0x0000013AD960D690>: Failed to resolve 'api-t1.fyers.in' ([Errno 11001] getaddrinfo failed)\"))"},"timestamp":"2025-11-11 10:52:25,084+0530","service":"FyersAPI"}
{"level":"ERROR","location":"[get_call:164] fyersModel","message":{"API":"/history","error":"HTTPSConnectionPool(host='api-t1.fyers.in', port=443): Max retries exceeded with url: /data/history?symbol=NSE%3AKEC-EQ&resolution=5&date_format=1&range_from=2025-11-04&range_to=2025-11-11&cont_flag=1 (Caused by NameResolutionError(\"<urllib3.connection.HTTPSConnection object at 0x0000013ADA406D10>: Failed to resolve 'api-t1.fyers.in' ([Errno 11001] getaddrinfo failed)\"))"},"timestamp":"2025-11-11 10:52:25,090+0530","service":"FyersAPI"}
{"level":"ERROR","location":"[get_call:164] fyersModel","message":{"API":"/history","error":"HTTPSConnectionPool(host='api-t1.fyers.in', port=443): Max retries exceeded with url: /data/history?symbol=NSE%3AHEG-EQ&resolution=5&date_format=1&range_from=2025-11-04&range_to=2025-11-11&cont_flag=1 (Caused by NameResolutionError(\"<urllib3.connection.HTTPSConnection object at 0x0000013ADA43DC50>: Failed to resolve 'api-t1.fyers.in' ([Errno 11001] getaddrinfo failed)\"))"},"timestamp":"2025-11-11 10:52:25,090+0530","service":"FyersAPI"}
{"level":"ERROR","location":"[get_call:164] fyersModel","message":{"API":"/history","error":"HTTPSConnectionPool(host='api-t1.fyers.in', port=443): Max retries exceeded with url: /data/history?symbol=NSE%3AINTELLECT-EQ&resolution=5&date_format=1&range_from=2025-11-04&range_to=2025-11-11&cont_flag=1 (Caused by NameResolutionError(\"<urllib3.connection.HTTPSConnection object at 0x0000013ADA30F310>: Failed to resolve 'api-t1.fyers.in' ([Errno 11001] getaddrinfo failed)\"))"},"timestamp":"2025-11-11 10:52:25,101+0530","service":"FyersAPI"}
{"level":"ERROR","location":"[get_call:164] fyersModel","message":{"API":"/history","error":"HTTPSConnectionPool(host='api-t1.fyers.in', port=443): Max retries exceeded with url: /data/history?symbol=NSE%3AJSL-EQ&resolution=5&date_format=1&range_from=2025-11-04&range_to=2025-11-11&cont_flag=1 (Caused by NameResolutionError(\"<urllib3.connection.HTTPSConnection object at 0x0000013ADA424210>: Failed to resolve 'api-t1.fyers.in' ([Errno 11001] getaddrinfo failed)\"))"},"timestamp":"2025-11-11 10:52:35,115+0530","service":"FyersAPI"}
{"level":"ERROR","location":"[get_call:164] fyersModel","message":{"API":"/history","error":"HTTPSConnectionPool(host='api-t1.fyers.in', port=443): Max retries exceeded with url: /data/history?symbol=NSE%3AMMTC-EQ&resolution=5&date_format=1&range_from=2025-11-04&range_to=2025-11-11&cont_flag=1 (Caused by NameResolutionError(\"<urllib3.connection.HTTPSConnection object at 0x0000013AD7548850>: Failed to resolve 'api-t1.fyers.in' ([Errno 11001] getaddrinfo failed)\"))"},"timestamp":"2025-11-11 10:52:35,118+0530","service":"FyersAPI"}
{"level":"ERROR","location":"[get_call:164] fyersModel","message":{"API":"/history","error":"HTTPSConnectionPool(host='api-t1.fyers.in', port=443): Max retries exceeded with url: /data/history?symbol=NSE%3AIDEA-EQ&resolution=5&date_format=1&range_from=2025-11-04&range_to=2025-11-11&cont_flag=1 (Caused by NameResolutionError(\"<urllib3.connection.HTTPSConnection object at 0x0000013ADA41E050>: Failed to resolve 'api-t1.fyers.in' ([Errno 11001] getaddrinfo failed)\"))"},"timestamp":"2025-11-11 10:52:35,124+0530","service":"FyersAPI"}
{"level":"ERROR","location":"[get_call:164] fyersModel","message":{"API":"/history","error":"HTTPSConnectionPool(host='api-t1.fyers.in', port=443): Max retries exceeded with url: /data/history?symbol=NSE%3AKEC-EQ&resolution=5&date_format=1&range_from=2025-11-04&range_to=2025-11-11&cont_flag=1 (Caused by NameResolutionError(\"<urllib3.connection.HTTPSConnection object at 0x0000013ADA41EB90>: Failed to resolve 'api-t1.fyers.in' ([Errno 11001] getaddrinfo failed)\"))"},"timestamp":"2025-11-11 10:52:35,124+0530","service":"FyersAPI"}
{"level":"ERROR","location":"[get_call:164] fyersModel","message":{"API":"/history","error":"HTTPSConnectionPool(host='api-t1.fyers.in', port=443): Max retries exceeded with url: /data/history?symbol=NSE%3AHEG-EQ&resolution=5&date_format=1&range_from=2025-11-04&range_to=2025-11-11&cont_flag=1 (Caused by NameResolutionError(\"<urllib3.connection.HTTPSConnection object at 0x0000013ADA413F10>: Failed to resolve 'api-t1.fyers.in' ([Errno 11001] getaddrinfo failed)\"))"},"timestamp":"2025-11-11 10:52:35,134+0530","service":"FyersAPI"}
{"level":"ERROR","location":"[get_call:164] fyersModel","message":{"API":"/history","error":"HTTPSConnectionPool(host='api-t1.fyers.in', port=443): Max retries exceeded with url: /data/history?symbol=NSE%3AINTELLECT-EQ&resolution=5&date_format=1&range_from=2025-11-04&range_to=2025-11-11&cont_flag=1 (Caused by NameResolutionError(\"<urllib3.connection.HTTPSConnection object at 0x0000013ADA30F310>: Failed to resolve 'api-t1.fyers.in' ([Errno 11001] getaddrinfo failed)\"))"},"timestamp":"2025-11-11 10:52:35,141+0530","service":"FyersAPI"}
{"level":"ERROR","location":"[get_call:164] fyersModel","message":{"API":"/history","error":"HTTPSConnectionPool(host='api-t1.fyers.in', port=443): Max retries exceeded with url: /data/history?symbol=NSE%3AJSL-EQ&resolution=5&date_format=1&range_from=2025-11-04&range_to=2025-11-11&cont_flag=1 (Caused by NameResolutionError(\"<urllib3.connection.HTTPSConnection object at 0x0000013ADA30D490>: Failed to resolve 'api-t1.fyers.in' ([Errno 11001] getaddrinfo failed)\"))"},"timestamp":"2025-11-11 10:52:45,147+0530","service":"FyersAPI"}
{"level":"ERROR","location":"[get_call:164] fyersModel","message":{"API":"/history","error":"HTTPSConnectionPool(host='api-t1.fyers.in', port=443): Max retries exceeded with url: /data/history?symbol=NSE%3AMMTC-EQ&resolution=5&date_format=1&range_from=2025-11-04&range_to=2025-11-11&cont_flag=1 (Caused by NameResolutionError(\"<urllib3.connection.HTTPSConnection object at 0x0000013ADA359790>: Failed to resolve 'api-t1.fyers.in' ([Errno 11001] getaddrinfo failed)\"))"},"timestamp":"2025-11-11 10:52:45,155+0530","service":"FyersAPI"}
{"level":"ERROR","location":"[get_call:164] fyersModel","message":{"API":"/history","error":"HTTPSConnectionPool(host='api-t1.fyers.in', port=443): Max retries exceeded with url: /data/history?symbol=NSE%3AIDEA-EQ&resolution=5&date_format=1&range_from=2025-11-04&range_to=2025-11-11&cont_flag=1 (Caused by NameResolutionError(\"<urllib3.connection.HTTPSConnection object at 0x0000013ADA412810>: Failed to resolve 'api-t1.fyers.in' ([Errno 11001] getaddrinfo failed)\"))"},"timestamp":"2025-11-11 10:52:45,163+0530","service":"FyersAPI"}
{"level":"ERROR","location":"[get_call:164] fyersModel","message":{"API":"/history","error":"HTTPSConnectionPool(host='api-t1.fyers.in', port=443): Max retries exceeded with url: /data/history?symbol=NSE%3AKEC-EQ&resolution=5&date_format=1&range_from=2025-11-04&range_to=2025-11-11&cont_flag=1 (Caused by NameResolutionError(\"<urllib3.connection.HTTPSConnection object at 0x0000013ADA41D350>: Failed to resolve 'api-t1.fyers.in' ([Errno 11001] getaddrinfo failed)\"))"},"timestamp":"2025-11-11 10:52:45,167+0530","service":"FyersAPI"}
{"level":"ERROR","location":"[get_call:164] fyersModel","message":{"API":"/history","error":"HTTPSConnectionPool(host='api-t1.fyers.in', port=443): Max retries exceeded with url: /data/history?symbol=NSE%3AHEG-EQ&resolution=5&date_format=1&range_from=2025-11-04&range_to=2025-11-11&cont_flag=1 (Caused by NameResolutionError(\"<urllib3.connection.HTTPSConnection object at 0x0000013ADA41CE10>: Failed to resolve 'api-t1.fyers.in' ([Errno 11001] getaddrinfo failed)\"))"},"timestamp":"2025-11-11 10:52:45,171+0530","service":"FyersAPI"}
{"level":"ERROR","location":"[get_call:164] fyersModel","message":{"API":"/history","error":"HTTPSConnectionPool(host='api-t1.fyers.in', port=443): Max retries exceeded with url: /data/history?symbol=NSE%3AINTELLECT-EQ&resolution=5&date_format=1&range_from=2025-11-04&range_to=2025-11-11&cont_flag=1 (Caused by NameResolutionError(\"<urllib3.connection.HTTPSConnection object at 0x0000013ADA385B10>: Failed to resolve 'api-t1.fyers.in' ([Errno 11001] getaddrinfo failed)\"))"},"timestamp":"2025-11-11 10:52:45,174+0530","service":"FyersAPI"}
{"level":"ERROR","location":"[get_call:164] fyersModel","message":{"API":"/history","error":"HTTPSConnectionPool(host='api-t1.fyers.in', port=443): Max retries exceeded with url: /data/history?symbol=NSE%3AJSL-EQ&resolution=5&date_format=1&range_from=2025-11-04&range_to=2025-11-11&cont_flag=1 (Caused by NameResolutionError(\"<urllib3.connection.HTTPSConnection object at 0x0000013ADA3853D0>: Failed to resolve 'api-t1.fyers.in' ([Errno 11001] getaddrinfo failed)\"))"},"timestamp":"2025-11-11 10:52:55,185+0530","service":"FyersAPI"}
{"level":"ERROR","location":"[get_call:164] fyersModel","message":{"API":"/history","error":"HTTPSConnectionPool(host='api-t1.fyers.in', port=443): Max retries exceeded with url: /data/history?symbol=NSE%3AMMTC-EQ&resolution=5&date_format=1&range_from=2025-11-04&range_to=2025-11-11&cont_flag=1 (Caused by NameResolutionError(\"<urllib3.connection.HTTPSConnection object at 0x0000013ADA41F650>: Failed to resolve 'api-t1.fyers.in' ([Errno 11001] getaddrinfo failed)\"))"},"timestamp":"2025-11-11 10:52:55,190+0530","service":"FyersAPI"}
{"level":"ERROR","location":"[get_call:164] fyersModel","message":{"API":"/history","error":"HTTPSConnectionPool(host='api-t1.fyers.in', port=443): Max retries exceeded with url: /data/history?symbol=NSE%3AIDEA-EQ&resolution=5&date_format=1&range_from=2025-11-04&range_to=2025-11-11&cont_flag=1 (Caused by NameResolutionError(\"<urllib3.connection.HTTPSConnection object at 0x0000013ADA41CED0>: Failed to resolve 'api-t1.fyers.in' ([Errno 11001] getaddrinfo failed)\"))"},"timestamp":"2025-11-11 10:52:55,195+0530","service":"FyersAPI"}
{"level":"ERROR","location":"[get_call:164] fyersModel","message":{"API":"/history","error":"HTTPSConnectionPool(host='api-t1.fyers.in', port=443): Max retries exceeded with url: /data/history?symbol=NSE%3AKEC-EQ&resolution=5&date_format=1&range_from=2025-11-04&range_to=2025-11-11&cont_flag=1 (Caused by NameResolutionError(\"<urllib3.connection.HTTPSConnection object at 0x0000013ADA413990>: Failed to resolve 'api-t1.fyers.in' ([Errno 11001] getaddrinfo failed)\"))"},"timestamp":"2025-11-11 10:52:55,199+0530","service":"FyersAPI"}
{"level":"ERROR","location":"[get_call:164] fyersModel","message":{"API":"/history","error":"HTTPSConnectionPool(host='api-t1.fyers.in', port=443): Max retries exceeded with url: /data/history?symbol=NSE%3AHEG-EQ&resolution=5&date_format=1&range_from=2025-11-04&range_to=2025-11-11&cont_flag=1 (Caused by NameResolutionError(\"<urllib3.connection.HTTPSConnection object at 0x0000013ADA35AFD0>: Failed to resolve 'api-t1.fyers.in' ([Errno 11001] getaddrinfo failed)\"))"},"timestamp":"2025-11-11 10:52:55,201+0530","service":"FyersAPI"}
{"level":"ERROR","location":"[get_call:164] fyersModel","message":{"API":"/history","error":"HTTPSConnectionPool(host='api-t1.fyers.in', port=443): Max retries exceeded with url: /data/history?symbol=NSE%3AINTELLECT-EQ&resolution=5&date_format=1&range_from=2025-11-04&range_to=2025-11-11&cont_flag=1 (Caused by NameResolutionError(\"<urllib3.connection.HTTPSConnection object at 0x0000013ADA35B690>: Failed to resolve 'api-t1.fyers.in' ([Errno 11001] getaddrinfo failed)\"))"},"timestamp":"2025-11-11 10:52:55,207+0530","service":"FyersAPI"}
{"level":"ERROR","location":"[get_call:164] fyersModel","message":{"API":"/history","error":"HTTPSConnectionPool(host='api-t1.fyers.in', port=443): Max retries exceeded with url: /data/history?symbol=NSE%3AJSL-EQ&resolution=5&date_format=1&range_from=2025-11-04&range_to=2025-11-11&cont_flag=1 (Caused by NameResolutionError(\"<urllib3.connection.HTTPSConnection object at 0x0000013ADA411A90>: Failed to resolve 'api-t1.fyers.in' ([Errno 11001] getaddrinfo failed)\"))"},"timestamp":"2025-11-11 10:53:05,215+0530","service":"FyersAPI"}
{"level":"ERROR","location":"[get_call:164] fyersModel","message":{"API":"/history","error":"HTTPSConnectionPool(host='api-t1.fyers.in', port=443): Max retries exceeded with url: /data/history?symbol=NSE%3AMMTC-EQ&resolution=5&date_format=1&range_from=2025-11-04&range_to=2025-11-11&cont_flag=1 (Caused by NameResolutionError(\"<urllib3.connection.HTTPSConnection object at 0x0000013ADA307710>: Failed to resolve 'api-t1.fyers.in' ([Errno 11001] getaddrinfo failed)\"))"},"timestamp":"2025-11-11 10:53:05,222+0530","service":"FyersAPI"}
{"level":"ERROR","location":"[get_call:164] fyersModel","message":{"API":"/history","error":"HTTPSConnectionPool(host='api-t1.fyers.in', port=443): Max retries exceeded with url: /data/history?symbol=NSE%3AIDEA-EQ&resolution=5&date_format=1&range_from=2025-11-04&range_to=2025-11-11&cont_flag=1 (Caused by NameResolutionError(\"<urllib3.connection.HTTPSConnection object at 0x0000013ADA41CF10>: Failed to resolve 'api-t1.fyers.in' ([Errno 11001] getaddrinfo failed)\"))"},"timestamp":"2025-11-11 10:53:05,232+0530","service":"FyersAPI"}
{"level":"ERROR","location":"[get_call:164] fyersModel","message":{"API":"/history","error":"HTTPSConnectionPool(host='api-t1.fyers.in', port=443): Max retries exceeded with url: /data/history?symbol=NSE%3AKEC-EQ&resolution=5&date_format=1&range_from=2025-11-04&range_to=2025-11-11&cont_flag=1 (Caused by NameResolutionError(\"<urllib3.connection.HTTPSConnection object at 0x0000013AD7992A50>: Failed to resolve 'api-t1.fyers.in' ([Errno 11001] getaddrinfo failed)\"))"},"timestamp":"2025-11-11 10:53:05,236+0530","service":"FyersAPI"}
{"level":"ERROR","location":"[get_call:164] fyersModel","message":{"API":"/history","error":"HTTPSConnectionPool(host='api-t1.fyers.in', port=443): Max retries exceeded with url: /data/history?symbol=NSE%3AHEG-EQ&resolution=5&date_format=1&range_from=2025-11-04&range_to=2025-11-11&cont_flag=1 (Caused by NameResolutionError(\"<urllib3.connection.HTTPSConnection object at 0x0000013ADA43D1D0>: Failed to resolve 'api-t1.fyers.in' ([Errno 11001] getaddrinfo failed)\"))"},"timestamp":"2025-11-11 10:53:05,245+0530","service":"FyersAPI"}
{"level":"ERROR","location":"[get_call:164] fyersModel","message":{"API":"/history","error":"HTTPSConnectionPool(host='api-t1.fyers.in', port=443): Max retries exceeded with url: /data/history?symbol=NSE%3AINTELLECT-EQ&resolution=5&date_format=1&range_from=2025-11-04&range_to=2025-11-11&cont_flag=1 (Caused by NameResolutionError(\"<urllib3.connection.HTTPSConnection object at 0x0000013AD6600250>: Failed to resolve 'api-t1.fyers.in' ([Errno 11001] getaddrinfo failed)\"))"},"timestamp":"2025-11-11 10:53:05,248+0530","service":"FyersAPI"}
{"level":"ERROR","location":"[get_call:164] fyersModel","message":{"API":"/history","error":"HTTPSConnectionPool(host='api-t1.fyers.in', port=443): Max retries exceeded with url: /data/history?symbol=NSE%3AJSL-EQ&resolution=5&date_format=1&range_from=2025-11-04&range_to=2025-11-11&cont_flag=1 (Caused by NameResolutionError(\"<urllib3.connection.HTTPSConnection object at 0x0000013ADA41E5D0>: Failed to resolve 'api-t1.fyers.in' ([Errno 11001] getaddrinfo failed)\"))"},"timestamp":"2025-11-11 10:53:15,256+0530","service":"FyersAPI"}
{"level":"ERROR","location":"[get_call:164] fyersModel","message":{"API":"/history","error":"HTTPSConnectionPool(host='api-t1.fyers.in', port=443): Max retries exceeded with url: /data/history?symbol=NSE%3AMMTC-EQ&resolution=5&date_format=1&range_from=2025-11-04&range_to=2025-11-11&cont_flag=1 (Caused by NameResolutionError(\"<urllib3.connection.HTTPSConnection object at 0x0000013ADA41C8D0>: Failed to resolve 'api-t1.fyers.in' ([Errno 11001] getaddrinfo failed)\"))"},"timestamp":"2025-11-11 10:53:15,261+0530","service":"FyersAPI"}
{"level":"ERROR","location":"[get_call:164] fyersModel","message":{"API":"/history","error":"HTTPSConnectionPool(host='api-t1.fyers.in', port=443): Max retries exceeded with url: /data/history?symbol=NSE%3AIDEA-EQ&resolution=5&date_format=1&range_from=2025-11-04&range_to=2025-11-11&cont_flag=1 (Caused by NameResolutionError(\"<urllib3.connection.HTTPSConnection object at 0x0000013ADA413110>: Failed to resolve 'api-t1.fyers.in' ([Errno 11001] getaddrinfo failed)\"))"},"timestamp":"2025-11-11 10:53:15,268+0530","service":"FyersAPI"}
{"level":"ERROR","location":"[get_call:164] fyersModel","message":{"API":"/history","error":"HTTPSConnectionPool(host='api-t1.fyers.in', port=443): Max retries exceeded with url: /data/history?symbol=NSE%3AKEC-EQ&resolution=5&date_format=1&range_from=2025-11-04&range_to=2025-11-11&cont_flag=1 (Caused by NameResolutionError(\"<urllib3.connection.HTTPSConnection object at 0x0000013ADA43E050>: Failed to resolve 'api-t1.fyers.in' ([Errno 11001] getaddrinfo failed)\"))"},"timestamp":"2025-11-11 10:53:15,274+0530","service":"FyersAPI"}
{"level":"ERROR","location":"[get_call:164] fyersModel","message":{"API":"/history","error":"HTTPSConnectionPool(host='api-t1.fyers.in', port=443): Max retries exceeded with url: /data/history?symbol=NSE%3AHEG-EQ&resolution=5&date_format=1&range_from=2025-11-04&range_to=2025-11-11&cont_flag=1 (Caused by NameResolutionError(\"<urllib3.connection.HTTPSConnection object at 0x0000013ADA30C190>: Failed to resolve 'api-t1.fyers.in' ([Errno 11001] getaddrinfo failed)\"))"},"timestamp":"2025-11-11 10:53:15,278+0530","service":"FyersAPI"}
{"level":"ERROR","location":"[get_call:164] fyersModel","message":{"API":"/history","error":"HTTPSConnectionPool(host='api-t1.fyers.in', port=443): Max retries exceeded with url: /data/history?symbol=NSE%3AINTELLECT-EQ&resolution=5&date_format=1&range_from=2025-11-04&range_to=2025-11-11&cont_flag=1 (Caused by NameResolutionError(\"<urllib3.connection.HTTPSConnection object at 0x0000013ADA412D50>: Failed to resolve 'api-t1.fyers.in' ([Errno 11001] getaddrinfo failed)\"))"},"timestamp":"2025-11-11 10:53:15,286+0530","service":"FyersAPI"}
{"level":"ERROR","location":"[get_call:164] fyersModel","message":{"API":"/history","error":"HTTPSConnectionPool(host='api-t1.fyers.in', port=443): Max retries exceeded with url: /data/history?symbol=NSE%3AJSL-EQ&resolution=5&date_format=1&range_from=2025-11-04&range_to=2025-11-11&cont_flag=1 (Caused by NameResolutionError(\"<urllib3.connection.HTTPSConnection object at 0x0000013ADA43C2D0>: Failed to resolve 'api-t1.fyers.in' ([Errno 11001] getaddrinfo failed)\"))"},"timestamp":"2025-11-11 10:53:25,293+0530","service":"FyersAPI"}
{"level":"ERROR","location":"[get_call:164] fyersModel","message":{"API":"/history","error":"HTTPSConnectionPool(host='api-t1.fyers.in', port=443): Max retries exceeded with url: /data/history?symbol=NSE%3AMMTC-EQ&resolution=5&date_format=1&range_from=2025-11-04&range_to=2025-11-11&cont_flag=1 (Caused by NameResolutionError(\"<urllib3.connection.HTTPSConnection object at 0x0000013ADA41EE50>: Failed to resolve 'api-t1.fyers.in' ([Errno 11001] getaddrinfo failed)\"))"},"timestamp":"2025-11-11 10:53:25,298+0530","service":"FyersAPI"}
{"level":"ERROR","location":"[get_call:164] fyersModel","message":{"API":"/history","error":"HTTPSConnectionPool(host='api-t1.fyers.in', port=443): Max retries exceeded with url: /data/history?symbol=NSE%3AIDEA-EQ&resolution=5&date_format=1&range_from=2025-11-04&range_to=2025-11-11&cont_flag=1 (Caused by NameResolutionError(\"<urllib3.connection.HTTPSConnection object at 0x0000013ADA41D3D0>: Failed to resolve 'api-t1.fyers.in' ([Errno 11001] getaddrinfo failed)\"))"},"timestamp":"2025-11-11 10:53:25,371+0530","service":"FyersAPI"}
{"level":"ERROR","location":"[get_call:164] fyersModel","message":{"API":"/history","error":"HTTPSConnectionPool(host='api-t1.fyers.in', port=443): Max retries exceeded with url: /data/history?symbol=NSE%3AKEC-EQ&resolution=5&date_format=1&range_from=2025-11-04&range_to=2025-11-11&cont_flag=1 (Caused by NameResolutionError(\"<urllib3.connection.HTTPSConnection object at 0x0000013ADA3043D0>: Failed to resolve 'api-t1.fyers.in' ([Errno 11001] getaddrinfo failed)\"))"},"timestamp":"2025-11-11 10:53:25,401+0530","service":"FyersAPI"}
{"level":"ERROR","location":"[get_call:164] fyersModel","message":{"API":"/history","error":"HTTPSConnectionPool(host='api-t1.fyers.in', port=443): Max retries exceeded with url: /data/history?symbol=NSE%3AHEG-EQ&resolution=5&date_format=1&range_from=2025-11-04&range_to=2025-11-11&cont_flag=1 (Caused by NameResolutionError(\"<urllib3.connection.HTTPSConnection object at 0x0000013ADA413290>: Failed to resolve 'api-t1.fyers.in' ([Errno 11001] getaddrinfo failed)\"))"},"timestamp":"2025-11-11 10:53:25,414+0530","service":"FyersAPI"}
{"level":"ERROR","location":"[get_call:164] fyersModel","message":{"API":"/history","error":"HTTPSConnectionPool(host='api-t1.fyers.in', port=443): Max retries exceeded with url: /data/history?symbol=NSE%3AINTELLECT-EQ&resolution=5&date_format=1&range_from=2025-11-04&range_to=2025-11-11&cont_flag=1 (Caused by NameResolutionError(\"<urllib3.connection.HTTPSConnection object at 0x0000013ADA411A50>: Failed to resolve 'api-t1.fyers.in' ([Errno 11001] getaddrinfo failed)\"))"},"timestamp":"2025-11-11 10:53:25,419+0530","service":"FyersAPI"}
{"level":"ERROR","location":"[get_call:164] fyersModel","message":{"API":"/history","error":"HTTPSConnectionPool(host='api-t1.fyers.in', port=443): Max retries exceeded with url: /data/history?symbol=NSE%3AJSL-EQ&resolution=5&date_format=1&range_from=2025-11-04&range_to=2025-11-11&cont_flag=1 (Caused by NameResolutionError(\"<urllib3.connection.HTTPSConnection object at 0x0000013ADA0AEE50>: Failed to resolve 'api-t1.fyers.in' ([Errno 11001] getaddrinfo failed)\"))"},"timestamp":"2025-11-11 10:53:35,428+0530","service":"FyersAPI"}
{"level":"ERROR","location":"[get_call:164] fyersModel","message":{"API":"/history","error":"HTTPSConnectionPool(host='api-t1.fyers.in', port=443): Max retries exceeded with url: /data/history?symbol=NSE%3AMMTC-EQ&resolution=5&date_format=1&range_from=2025-11-04&range_to=2025-11-11&cont_flag=1 (Caused by NameResolutionError(\"<urllib3.connection.HTTPSConnection object at 0x0000013ADA41E9D0>: Failed to resolve 'api-t1.fyers.in' ([Errno 11001] getaddrinfo failed)\"))"},"timestamp":"2025-11-11 10:53:35,428+0530","service":"FyersAPI"}
{"level":"ERROR","location":"[get_call:164] fyersModel","message":{"API":"/history","error":"HTTPSConnectionPool(host='api-t1.fyers.in', port=443): Max retries exceeded with url: /data/history?symbol=NSE%3AIDEA-EQ&resolution=5&date_format=1&range_from=2025-11-04&range_to=2025-11-11&cont_flag=1 (Caused by NameResolutionError(\"<urllib3.connection.HTTPSConnection object at 0x0000013ADA407550>: Failed to resolve 'api-t1.fyers.in' ([Errno 11001] getaddrinfo failed)\"))"},"timestamp":"2025-11-11 10:53:35,439+0530","service":"FyersAPI"}
{"level":"ERROR","location":"[get_call:164] fyersModel","message":{"API":"/history","error":"HTTPSConnectionPool(host='api-t1.fyers.in', port=443): Max retries exceeded with url: /data/history?symbol=NSE%3AKEC-EQ&resolution=5&date_format=1&range_from=2025-11-04&range_to=2025-11-11&cont_flag=1 (Caused by NameResolutionError(\"<urllib3.connection.HTTPSConnection object at 0x0000013ADA43FD90>: Failed to resolve 'api-t1.fyers.in' ([Errno 11001] getaddrinfo failed)\"))"},"timestamp":"2025-11-11 10:53:35,445+0530","service":"FyersAPI"}
{"level":"ERROR","location":"[get_call:164] fyersModel","message":{"API":"/history","error":"HTTPSConnectionPool(host='api-t1.fyers.in', port=443): Max retries exceeded with url: /data/history?symbol=NSE%3AHEG-EQ&resolution=5&date_format=1&range_from=2025-11-04&range_to=2025-11-11&cont_flag=1 (Caused by NameResolutionError(\"<urllib3.connection.HTTPSConnection object at 0x0000013ADA413310>: Failed to resolve 'api-t1.fyers.in' ([Errno 11001] getaddrinfo failed)\"))"},"timestamp":"2025-11-11 10:53:35,453+0530","service":"FyersAPI"}
{"level":"ERROR","location":"[get_call:164] fyersModel","message":{"API":"/history","error":"HTTPSConnectionPool(host='api-t1.fyers.in', port=443): Max retries exceeded with url: /data/history?symbol=NSE%3AINTELLECT-EQ&resolution=5&date_format=1&range_from=2025-11-04&range_to=2025-11-11&cont_flag=1 (Caused by NameResolutionError(\"<urllib3.connection.HTTPSConnection object at 0x0000013ADA0A66D0>: Failed to resolve 'api-t1.fyers.in' ([Errno 11001] getaddrinfo failed)\"))"},"timestamp":"2025-11-11 10:53:35,461+0530","service":"FyersAPI"}
{"level":"ERROR","location":"[get_call:164] fyersModel","message":{"API":"/history","error":"HTTPSConnectionPool(host='api-t1.fyers.in', port=443): Max retries exceeded with url: /data/history?symbol=NSE%3AJSL-EQ&resolution=5&date_format=1&range_from=2025-11-04&range_to=2025-11-11&cont_flag=1 (Caused by NameResolutionError(\"<urllib3.connection.HTTPSConnection object at 0x0000013ADA41EB90>: Failed to resolve 'api-t1.fyers.in' ([Errno 11001] getaddrinfo failed)\"))"},"timestamp":"2025-11-11 10:53:45,479+0530","service":"FyersAPI"}
{"level":"ERROR","location":"[get_call:164] fyersModel","message":{"API":"/history","error":"HTTPSConnectionPool(host='api-t1.fyers.in', port=443): Max retries exceeded with url: /data/history?symbol=NSE%3AMMTC-EQ&resolution=5&date_format=1&range_from=2025-11-04&range_to=2025-11-11&cont_flag=1 (Caused by NameResolutionError(\"<urllib3.connection.HTTPSConnection object at 0x0000013ADA304690>: Failed to resolve 'api-t1.fyers.in' ([Errno 11001] getaddrinfo failed)\"))"},"timestamp":"2025-11-11 10:53:45,491+0530","service":"FyersAPI"}
{"level":"ERROR","location":"[get_call:164] fyersModel","message":{"API":"/history","error":"HTTPSConnectionPool(host='api-t1.fyers.in', port=443): Max retries exceeded with url: /data/history?symbol=NSE%3AIDEA-EQ&resolution=5&date_format=1&range_from=2025-11-04&range_to=2025-11-11&cont_flag=1 (Caused by NameResolutionError(\"<urllib3.connection.HTTPSConnection object at 0x0000013ADA09D750>: Failed to resolve 'api-t1.fyers.in' ([Errno 11001] getaddrinfo failed)\"))"},"timestamp":"2025-11-11 10:53:45,498+0530","service":"FyersAPI"}
{"level":"ERROR","location":"[get_call:164] fyersModel","message":{"API":"/history","error":"HTTPSConnectionPool(host='api-t1.fyers.in', port=443): Max retries exceeded with url: /data/history?symbol=NSE%3AKEC-EQ&resolution=5&date_format=1&range_from=2025-11-04&range_to=2025-11-11&cont_flag=1 (Caused by NameResolutionError(\"<urllib3.connection.HTTPSConnection object at 0x0000013ADA411E10>: Failed to resolve 'api-t1.fyers.in' ([Errno 11001] getaddrinfo failed)\"))"},"timestamp":"2025-11-11 10:53:45,504+0530","service":"FyersAPI"}
{"level":"ERROR","location":"[get_call:164] fyersModel","message":{"API":"/history","error":"HTTPSConnectionPool(host='api-t1.fyers.in', port=443): Max retries exceeded with url: /data/history?symbol=NSE%3AHEG-EQ&resolution=5&date_format=1&range_from=2025-11-04&range_to=2025-11-11&cont_flag=1 (Caused by NameResolutionError(\"<urllib3.connection.HTTPSConnection object at 0x0000013ADA405AD0>: Failed to resolve 'api-t1.fyers.in' ([Errno 11001] getaddrinfo failed)\"))"},"timestamp":"2025-11-11 10:53:45,508+0530","service":"FyersAPI"}
{"level":"ERROR","location":"[get_call:164] fyersModel","message":{"API":"/history","error":"HTTPSConnectionPool(host='api-t1.fyers.in', port=443): Max retries exceeded with url: /data/history?symbol=NSE%3AINTELLECT-EQ&resolution=5&date_format=1&range_from=2025-11-04&range_to=2025-11-11&cont_flag=1 (Caused by NameResolutionError(\"<urllib3.connection.HTTPSConnection object at 0x0000013ADA41E4D0>: Failed to resolve 'api-t1.fyers.in' ([Errno 11001] getaddrinfo failed)\"))"},"timestamp":"2025-11-11 10:53:45,512+0530","service":"FyersAPI"}
{"level":"ERROR","location":"[get_call:164] fyersModel","message":{"API":"/history","error":"HTTPSConnectionPool(host='api-t1.fyers.in', port=443): Max retries exceeded with url: /data/history?symbol=NSE%3AJSL-EQ&resolution=5&date_format=1&range_from=2025-11-04&range_to=2025-11-11&cont_flag=1 (Caused by NameResolutionError(\"<urllib3.connection.HTTPSConnection object at 0x0000013ADA41E310>: Failed to resolve 'api-t1.fyers.in' ([Errno 11001] getaddrinfo failed)\"))"},"timestamp":"2025-11-11 10:53:55,520+0530","service":"FyersAPI"}
{"level":"ERROR","location":"[get_call:164] fyersModel","message":{"API":"/history","error":"HTTPSConnectionPool(host='api-t1.fyers.in', port=443): Max retries exceeded with url: /data/history?symbol=NSE%3AMMTC-EQ&resolution=5&date_format=1&range_from=2025-11-04&range_to=2025-11-11&cont_flag=1 (Caused by NameResolutionError(\"<urllib3.connection.HTTPSConnection object at 0x0000013ADA30FCD0>: Failed to resolve 'api-t1.fyers.in' ([Errno 11001] getaddrinfo failed)\"))"},"timestamp":"2025-11-11 10:53:55,528+0530","service":"FyersAPI"}
{"level":"ERROR","location":"[get_call:164] fyersModel","message":{"API":"/history","error":"HTTPSConnectionPool(host='api-t1.fyers.in', port=443): Max retries exceeded with url: /data/history?symbol=NSE%3AIDEA-EQ&resolution=5&date_format=1&range_from=2025-11-04&range_to=2025-11-11&cont_flag=1 (Caused by NameResolutionError(\"<urllib3.connection.HTTPSConnection object at 0x0000013ADA43DCD0>: Failed to resolve 'api-t1.fyers.in' ([Errno 11001] getaddrinfo failed)\"))"},"timestamp":"2025-11-11 10:53:55,534+0530","service":"FyersAPI"}
{"level":"ERROR","location":"[get_call:164] fyersModel","message":{"API":"/history","error":"HTTPSConnectionPool(host='api-t1.fyers.in', port=443): Max retries exceeded with url: /data/history?symbol=NSE%3AKEC-EQ&resolution=5&date_format=1&range_from=2025-11-04&range_to=2025-11-11&cont_flag=1 (Caused by NameResolutionError(\"<urllib3.connection.HTTPSConnection object at 0x0000013ADA413890>: Failed to resolve 'api-t1.fyers.in' ([Errno 11001] getaddrinfo failed)\"))"},"timestamp":"2025-11-11 10:53:55,538+0530","service":"FyersAPI"}
{"level":"ERROR","location":"[get_call:164] fyersModel","message":{"API":"/history","error":"HTTPSConnectionPool(host='api-t1.fyers.in', port=443): Max retries exceeded with url: /data/history?symbol=NSE%3AHEG-EQ&resolution=5&date_format=1&range_from=2025-11-04&range_to=2025-11-11&cont_flag=1 (Caused by NameResolutionError(\"<urllib3.connection.HTTPSConnection object at 0x0000013ADA0A3810>: Failed to resolve 'api-t1.fyers.in' ([Errno 11001] getaddrinfo failed)\"))"},"timestamp":"2025-11-11 10:53:55,544+0530","service":"FyersAPI"}
{"level":"ERROR","location":"[get_call:164] fyersModel","message":{"API":"/history","error":"HTTPSConnectionPool(host='api-t1.fyers.in', port=443): Max retries exceeded with url: /data/history?symbol=NSE%3AINTELLECT-EQ&resolution=5&date_format=1&range_from=2025-11-04&range_to=2025-11-11&cont_flag=1 (Caused by NameResolutionError(\"<urllib3.connection.HTTPSConnection object at 0x0000013ADA41E910>: Failed to resolve 'api-t1.fyers.in' ([Errno 11001] getaddrinfo failed)\"))"},"timestamp":"2025-11-11 10:53:55,552+0530","service":"FyersAPI"}
{"level":"ERROR","location":"[get_call:164] fyersModel","message":{"API":"/history","error":"HTTPSConnectionPool(host='api-t1.fyers.in', port=443): Max retries exceeded with url: /data/history?symbol=NSE%3AJSL-EQ&resolution=5&date_format=1&range_from=2025-11-04&range_to=2025-11-11&cont_flag=1 (Caused by NameResolutionError(\"<urllib3.connection.HTTPSConnection object at 0x0000013ADA427C90>: Failed to resolve 'api-t1.fyers.in' ([Errno 11001] getaddrinfo failed)\"))"},"timestamp":"2025-11-11 10:54:05,561+0530","service":"FyersAPI"}
{"level":"ERROR","location":"[get_call:164] fyersModel","message":{"API":"/history","error":"HTTPSConnectionPool(host='api-t1.fyers.in', port=443): Max retries exceeded with url: /data/history?symbol=NSE%3AMMTC-EQ&resolution=5&date_format=1&range_from=2025-11-04&range_to=2025-11-11&cont_flag=1 (Caused by NameResolutionError(\"<urllib3.connection.HTTPSConnection object at 0x0000013ADA26A2D0>: Failed to resolve 'api-t1.fyers.in' ([Errno 11001] getaddrinfo failed)\"))"},"timestamp":"2025-11-11 10:54:05,567+0530","service":"FyersAPI"}
{"level":"ERROR","location":"[get_call:164] fyersModel","message":{"API":"/history","error":"HTTPSConnectionPool(host='api-t1.fyers.in', port=443): Max retries exceeded with url: /data/history?symbol=NSE%3AIDEA-EQ&resolution=5&date_format=1&range_from=2025-11-04&range_to=2025-11-11&cont_flag=1 (Caused by NameResolutionError(\"<urllib3.connection.HTTPSConnection object at 0x0000013ADA413A90>: Failed to resolve 'api-t1.fyers.in' ([Errno 11001] getaddrinfo failed)\"))"},"timestamp":"2025-11-11 10:54:05,575+0530","service":"FyersAPI"}
{"level":"ERROR","location":"[get_call:164] fyersModel","message":{"API":"/history","error":"HTTPSConnectionPool(host='api-t1.fyers.in', port=443): Max retries exceeded with url: /data/history?symbol=NSE%3AKEC-EQ&resolution=5&date_format=1&range_from=2025-11-04&range_to=2025-11-11&cont_flag=1 (Caused by NameResolutionError(\"<urllib3.connection.HTTPSConnection object at 0x0000013ADA41EA10>: Failed to resolve 'api-t1.fyers.in' ([Errno 11001] getaddrinfo failed)\"))"},"timestamp":"2025-11-11 10:54:05,579+0530","service":"FyersAPI"}
{"level":"ERROR","location":"[get_call:164] fyersModel","message":{"API":"/history","error":"HTTPSConnectionPool(host='api-t1.fyers.in', port=443): Max retries exceeded with url: /data/history?symbol=NSE%3AHEG-EQ&resolution=5&date_format=1&range_from=2025-11-04&range_to=2025-11-11&cont_flag=1 (Caused by NameResolutionError(\"<urllib3.connection.HTTPSConnection object at 0x0000013ADA43D810>: Failed to resolve 'api-t1.fyers.in' ([Errno 11001] getaddrinfo failed)\"))"},"timestamp":"2025-11-11 10:54:05,585+0530","service":"FyersAPI"}
{"level":"ERROR","location":"[get_call:164] fyersModel","message":{"API":"/history","error":"HTTPSConnectionPool(host='api-t1.fyers.in', port=443): Max retries exceeded with url: /data/history?symbol=NSE%3AINTELLECT-EQ&resolution=5&date_format=1&range_from=2025-11-04&range_to=2025-11-11&cont_flag=1 (Caused by NameResolutionError(\"<urllib3.connection.HTTPSConnection object at 0x0000013ADA425750>: Failed to resolve 'api-t1.fyers.in' ([Errno 11001] getaddrinfo failed)\"))"},"timestamp":"2025-11-11 10:54:05,592+0530","service":"FyersAPI"}
{"level":"ERROR","location":"[get_call:164] fyersModel","message":{"API":"/history","error":"HTTPSConnectionPool(host='api-t1.fyers.in', port=443): Max retries exceeded with url: /data/history?symbol=NSE%3AJSL-EQ&resolution=5&date_format=1&range_from=2025-11-04&range_to=2025-11-11&cont_flag=1 (Caused by NameResolutionError(\"<urllib3.connection.HTTPSConnection object at 0x0000013AD6C6E150>: Failed to resolve 'api-t1.fyers.in' ([Errno 11001] getaddrinfo failed)\"))"},"timestamp":"2025-11-11 10:54:15,600+0530","service":"FyersAPI"}
{"level":"ERROR","location":"[get_call:164] fyersModel","message":{"API":"/history","error":"HTTPSConnectionPool(host='api-t1.fyers.in', port=443): Max retries exceeded with url: /data/history?symbol=NSE%3AMMTC-EQ&resolution=5&date_format=1&range_from=2025-11-04&range_to=2025-11-11&cont_flag=1 (Caused by NameResolutionError(\"<urllib3.connection.HTTPSConnection object at 0x0000013ADA43D610>: Failed to resolve 'api-t1.fyers.in' ([Errno 11001] getaddrinfo failed)\"))"},"timestamp":"2025-11-11 10:54:15,605+0530","service":"FyersAPI"}
{"level":"ERROR","location":"[get_call:164] fyersModel","message":{"API":"/history","error":"HTTPSConnectionPool(host='api-t1.fyers.in', port=443): Max retries exceeded with url: /data/history?symbol=NSE%3AIDEA-EQ&resolution=5&date_format=1&range_from=2025-11-04&range_to=2025-11-11&cont_flag=1 (Caused by NameResolutionError(\"<urllib3.connection.HTTPSConnection object at 0x0000013ADA4123D0>: Failed to resolve 'api-t1.fyers.in' ([Errno 11001] getaddrinfo failed)\"))"},"timestamp":"2025-11-11 10:54:15,612+0530","service":"FyersAPI"}
{"level":"ERROR","location":"[get_call:164] fyersModel","message":{"API":"/history","error":"HTTPSConnectionPool(host='api-t1.fyers.in', port=443): Max retries exceeded with url: /data/history?symbol=NSE%3AKEC-EQ&resolution=5&date_format=1&range_from=2025-11-04&range_to=2025-11-11&cont_flag=1 (Caused by NameResolutionError(\"<urllib3.connection.HTTPSConnection object at 0x0000013AC7B1C590>: Failed to resolve 'api-t1.fyers.in' ([Errno 11001] getaddrinfo failed)\"))"},"timestamp":"2025-11-11 10:54:15,612+0530","service":"FyersAPI"}
{"level":"ERROR","location":"[get_call:164] fyersModel","message":{"API":"/history","error":"HTTPSConnectionPool(host='api-t1.fyers.in', port=443): Max retries exceeded with url: /data/history?symbol=NSE%3AHEG-EQ&resolution=5&date_format=1&range_from=2025-11-04&range_to=2025-11-11&cont_flag=1 (Caused by NameResolutionError(\"<urllib3.connection.HTTPSConnection object at 0x0000013ADA307BD0>: Failed to resolve 'api-t1.fyers.in' ([Errno 11001] getaddrinfo failed)\"))"},"timestamp":"2025-11-11 10:54:15,619+0530","service":"FyersAPI"}
{"level":"ERROR","location":"[get_call:164] fyersModel","message":{"API":"/history","error":"HTTPSConnectionPool(host='api-t1.fyers.in', port=443): Max retries exceeded with url: /data/history?symbol=NSE%3AINTELLECT-EQ&resolution=5&date_format=1&range_from=2025-11-04&range_to=2025-11-11&cont_flag=1 (Caused by NameResolutionError(\"<urllib3.connection.HTTPSConnection object at 0x0000013AD75BFE10>: Failed to resolve 'api-t1.fyers.in' ([Errno 11001] getaddrinfo failed)\"))"},"timestamp":"2025-11-11 10:54:15,624+0530","service":"FyersAPI"}
{"level":"ERROR","location":"[get_call:164] fyersModel","message":{"API":"/history","error":"HTTPSConnectionPool(host='api-t1.fyers.in', port=443): Max retries exceeded with url: /data/history?symbol=NSE%3AJSL-EQ&resolution=5&date_format=1&range_from=2025-11-04&range_to=2025-11-11&cont_flag=1 (Caused by NameResolutionError(\"<urllib3.connection.HTTPSConnection object at 0x0000013ADA425E90>: Failed to resolve 'api-t1.fyers.in' ([Errno 11001] getaddrinfo failed)\"))"},"timestamp":"2025-11-11 10:54:25,633+0530","service":"FyersAPI"}
{"level":"ERROR","location":"[get_call:164] fyersModel","message":{"API":"/history","error":"HTTPSConnectionPool(host='api-t1.fyers.in', port=443): Max retries exceeded with url: /data/history?symbol=NSE%3AMMTC-EQ&resolution=5&date_format=1&range_from=2025-11-04&range_to=2025-11-11&cont_flag=1 (Caused by NameResolutionError(\"<urllib3.connection.HTTPSConnection object at 0x0000013ADA424DD0>: Failed to resolve 'api-t1.fyers.in' ([Errno 11001] getaddrinfo failed)\"))"},"timestamp":"2025-11-11 10:54:25,637+0530","service":"FyersAPI"}
{"level":"ERROR","location":"[get_call:164] fyersModel","message":{"API":"/history","error":"HTTPSConnectionPool(host='api-t1.fyers.in', port=443): Max retries exceeded with url: /data/history?symbol=NSE%3AIDEA-EQ&resolution=5&date_format=1&range_from=2025-11-04&range_to=2025-11-11&cont_flag=1 (Caused by NameResolutionError(\"<urllib3.connection.HTTPSConnection object at 0x0000013ADA406F10>: Failed to resolve 'api-t1.fyers.in' ([Errno 11001] getaddrinfo failed)\"))"},"timestamp":"2025-11-11 10:54:25,644+0530","service":"FyersAPI"}
{"level":"ERROR","location":"[get_call:164] fyersModel","message":{"API":"/history","error":"HTTPSConnectionPool(host='api-t1.fyers.in', port=443): Max retries exceeded with url: /data/history?symbol=NSE%3AKEC-EQ&resolution=5&date_format=1&range_from=2025-11-04&range_to=2025-11-11&cont_flag=1 (Caused by NameResolutionError(\"<urllib3.connection.HTTPSConnection object at 0x0000013ADA43EC10>: Failed to resolve 'api-t1.fyers.in' ([Errno 11001] getaddrinfo failed)\"))"},"timestamp":"2025-11-11 10:54:25,651+0530","service":"FyersAPI"}
{"level":"ERROR","location":"[get_call:164] fyersModel","message":{"API":"/history","error":"HTTPSConnectionPool(host='api-t1.fyers.in', port=443): Max retries exceeded with url: /data/history?symbol=NSE%3AHEG-EQ&resolution=5&date_format=1&range_from=2025-11-04&range_to=2025-11-11&cont_flag=1 (Caused by NameResolutionError(\"<urllib3.connection.HTTPSConnection object at 0x0000013ADA41F610>: Failed to resolve 'api-t1.fyers.in' ([Errno 11001] getaddrinfo failed)\"))"},"timestamp":"2025-11-11 10:54:25,656+0530","service":"FyersAPI"}
{"level":"ERROR","location":"[get_call:164] fyersModel","message":{"API":"/history","error":"HTTPSConnectionPool(host='api-t1.fyers.in', port=443): Max retries exceeded with url: /data/history?symbol=NSE%3AINTELLECT-EQ&resolution=5&date_format=1&range_from=2025-11-04&range_to=2025-11-11&cont_flag=1 (Caused by NameResolutionError(\"<urllib3.connection.HTTPSConnection object at 0x0000013ADA406950>: Failed to resolve 'api-t1.fyers.in' ([Errno 11001] getaddrinfo failed)\"))"},"timestamp":"2025-11-11 10:54:25,660+0530","service":"FyersAPI"}
{"level":"ERROR","location":"[get_call:164] fyersModel","message":{"API":"/history","error":"HTTPSConnectionPool(host='api-t1.fyers.in', port=443): Max retries exceeded with url: /data/history?symbol=NSE%3AJSL-EQ&resolution=5&date_format=1&range_from=2025-11-04&range_to=2025-11-11&cont_flag=1 (Caused by NameResolutionError(\"<urllib3.connection.HTTPSConnection object at 0x0000013ADA43ED10>: Failed to resolve 'api-t1.fyers.in' ([Errno 11001] getaddrinfo failed)\"))"},"timestamp":"2025-11-11 10:54:35,668+0530","service":"FyersAPI"}
{"level":"ERROR","location":"[get_call:164] fyersModel","message":{"API":"/history","error":"HTTPSConnectionPool(host='api-t1.fyers.in', port=443): Max retries exceeded with url: /data/history?symbol=NSE%3AMMTC-EQ&resolution=5&date_format=1&range_from=2025-11-04&range_to=2025-11-11&cont_flag=1 (Caused by NameResolutionError(\"<urllib3.connection.HTTPSConnection object at 0x0000013ADA08D1D0>: Failed to resolve 'api-t1.fyers.in' ([Errno 11001] getaddrinfo failed)\"))"},"timestamp":"2025-11-11 10:54:35,674+0530","service":"FyersAPI"}
{"level":"ERROR","location":"[get_call:164] fyersModel","message":{"API":"/history","error":"HTTPSConnectionPool(host='api-t1.fyers.in', port=443): Max retries exceeded with url: /data/history?symbol=NSE%3AIDEA-EQ&resolution=5&date_format=1&range_from=2025-11-04&range_to=2025-11-11&cont_flag=1 (Caused by NameResolutionError(\"<urllib3.connection.HTTPSConnection object at 0x0000013ADA426550>: Failed to resolve 'api-t1.fyers.in' ([Errno 11001] getaddrinfo failed)\"))"},"timestamp":"2025-11-11 10:54:35,677+0530","service":"FyersAPI"}
{"level":"ERROR","location":"[get_call:164] fyersModel","message":{"API":"/history","error":"HTTPSConnectionPool(host='api-t1.fyers.in', port=443): Max retries exceeded with url: /data/history?symbol=NSE%3AKEC-EQ&resolution=5&date_format=1&range_from=2025-11-04&range_to=2025-11-11&cont_flag=1 (Caused by NameResolutionError(\"<urllib3.connection.HTTPSConnection object at 0x0000013ADA41D390>: Failed to resolve 'api-t1.fyers.in' ([Errno 11001] getaddrinfo failed)\"))"},"timestamp":"2025-11-11 10:54:35,683+0530","service":"FyersAPI"}
{"level":"ERROR","location":"[get_call:164] fyersModel","message":{"API":"/history","error":"HTTPSConnectionPool(host='api-t1.fyers.in', port=443): Max retries exceeded with url: /data/history?symbol=NSE%3AHEG-EQ&resolution=5&date_format=1&range_from=2025-11-04&range_to=2025-11-11&cont_flag=1 (Caused by NameResolutionError(\"<urllib3.connection.HTTPSConnection object at 0x0000013ADA08FE50>: Failed to resolve 'api-t1.fyers.in' ([Errno 11001] getaddrinfo failed)\"))"},"timestamp":"2025-11-11 10:54:35,688+0530","service":"FyersAPI"}
{"level":"ERROR","location":"[get_call:164] fyersModel","message":{"API":"/history","error":"HTTPSConnectionPool(host='api-t1.fyers.in', port=443): Max retries exceeded with url: /data/history?symbol=NSE%3AINTELLECT-EQ&resolution=5&date_format=1&range_from=2025-11-04&range_to=2025-11-11&cont_flag=1 (Caused by NameResolutionError(\"<urllib3.connection.HTTPSConnection object at 0x0000013ADA4278D0>: Failed to resolve 'api-t1.fyers.in' ([Errno 11001] getaddrinfo failed)\"))"},"timestamp":"2025-11-11 10:54:35,693+0530","service":"FyersAPI"}
{"level":"ERROR","location":"[get_call:164] fyersModel","message":{"API":"/history","error":"HTTPSConnectionPool(host='api-t1.fyers.in', port=443): Max retries exceeded with url: /data/history?symbol=NSE%3AJSL-EQ&resolution=5&date_format=1&range_from=2025-11-04&range_to=2025-11-11&cont_flag=1 (Caused by NameResolutionError(\"<urllib3.connection.HTTPSConnection object at 0x0000013ADA426710>: Failed to resolve 'api-t1.fyers.in' ([Errno 11001] getaddrinfo failed)\"))"},"timestamp":"2025-11-11 10:54:45,696+0530","service":"FyersAPI"}
{"level":"ERROR","location":"[get_call:164] fyersModel","message":{"API":"/history","error":"HTTPSConnectionPool(host='api-t1.fyers.in', port=443): Max retries exceeded with url: /data/history?symbol=NSE%3AMMTC-EQ&resolution=5&date_format=1&range_from=2025-11-04&range_to=2025-11-11&cont_flag=1 (Caused by NameResolutionError(\"<urllib3.connection.HTTPSConnection object at 0x0000013ADA43CF10>: Failed to resolve 'api-t1.fyers.in' ([Errno 11001] getaddrinfo failed)\"))"},"timestamp":"2025-11-11 10:54:45,707+0530","service":"FyersAPI"}
{"level":"ERROR","location":"[get_call:164] fyersModel","message":{"API":"/history","error":"HTTPSConnectionPool(host='api-t1.fyers.in', port=443): Max retries exceeded with url: /data/history?symbol=NSE%3AIDEA-EQ&resolution=5&date_format=1&range_from=2025-11-04&range_to=2025-11-11&cont_flag=1 (Caused by NameResolutionError(\"<urllib3.connection.HTTPSConnection object at 0x0000013ADA407FD0>: Failed to resolve 'api-t1.fyers.in' ([Errno 11001] getaddrinfo failed)\"))"},"timestamp":"2025-11-11 10:54:45,712+0530","service":"FyersAPI"}
{"level":"ERROR","location":"[get_call:164] fyersModel","message":{"API":"/history","error":"HTTPSConnectionPool(host='api-t1.fyers.in', port=443): Max retries exceeded with url: /data/history?symbol=NSE%3AKEC-EQ&resolution=5&date_format=1&range_from=2025-11-04&range_to=2025-11-11&cont_flag=1 (Caused by NameResolutionError(\"<urllib3.connection.HTTPSConnection object at 0x0000013ADA406190>: Failed to resolve 'api-t1.fyers.in' ([Errno 11001] getaddrinfo failed)\"))"},"timestamp":"2025-11-11 10:54:45,717+0530","service":"FyersAPI"}
{"level":"ERROR","location":"[get_call:164] fyersModel","message":{"API":"/history","error":"HTTPSConnectionPool(host='api-t1.fyers.in', port=443): Max retries exceeded with url: /data/history?symbol=NSE%3AHEG-EQ&resolution=5&date_format=1&range_from=2025-11-04&range_to=2025-11-11&cont_flag=1 (Caused by NameResolutionError(\"<urllib3.connection.HTTPSConnection object at 0x0000013ADA3F6810>: Failed to resolve 'api-t1.fyers.in' ([Errno 11001] getaddrinfo failed)\"))"},"timestamp":"2025-11-11 10:54:45,721+0530","service":"FyersAPI"}
{"level":"ERROR","location":"[get_call:164] fyersModel","message":{"API":"/history","error":"HTTPSConnectionPool(host='api-t1.fyers.in', port=443): Max retries exceeded with url: /data/history?symbol=NSE%3AINTELLECT-EQ&resolution=5&date_format=1&range_from=2025-11-04&range_to=2025-11-11&cont_flag=1 (Caused by NameResolutionError(\"<urllib3.connection.HTTPSConnection object at 0x0000013ADA4252D0>: Failed to resolve 'api-t1.fyers.in' ([Errno 11001] getaddrinfo failed)\"))"},"timestamp":"2025-11-11 10:54:45,727+0530","service":"FyersAPI"}
{"level":"ERROR","location":"[get_call:164] fyersModel","message":{"API":"/history","error":"HTTPSConnectionPool(host='api-t1.fyers.in', port=443): Max retries exceeded with url: /data/history?symbol=NSE%3AJSL-EQ&resolution=5&date_format=1&range_from=2025-11-04&range_to=2025-11-11&cont_flag=1 (Caused by NameResolutionError(\"<urllib3.connection.HTTPSConnection object at 0x0000013ADA26A2D0>: Failed to resolve 'api-t1.fyers.in' ([Errno 11001] getaddrinfo failed)\"))"},"timestamp":"2025-11-11 10:54:55,733+0530","service":"FyersAPI"}
{"level":"ERROR","location":"[get_call:164] fyersModel","message":{"API":"/history","error":"HTTPSConnectionPool(host='api-t1.fyers.in', port=443): Max retries exceeded with url: /data/history?symbol=NSE%3AMMTC-EQ&resolution=5&date_format=1&range_from=2025-11-04&range_to=2025-11-11&cont_flag=1 (Caused by NameResolutionError(\"<urllib3.connection.HTTPSConnection object at 0x0000013ADA43E690>: Failed to resolve 'api-t1.fyers.in' ([Errno 11001] getaddrinfo failed)\"))"},"timestamp":"2025-11-11 10:54:55,741+0530","service":"FyersAPI"}
{"level":"ERROR","location":"[get_call:164] fyersModel","message":{"API":"/history","error":"HTTPSConnectionPool(host='api-t1.fyers.in', port=443): Max retries exceeded with url: /data/history?symbol=NSE%3AIDEA-EQ&resolution=5&date_format=1&range_from=2025-11-04&range_to=2025-11-11&cont_flag=1 (Caused by NameResolutionError(\"<urllib3.connection.HTTPSConnection object at 0x0000013ADA386E10>: Failed to resolve 'api-t1.fyers.in' ([Errno 11001] getaddrinfo failed)\"))"},"timestamp":"2025-11-11 10:54:55,747+0530","service":"FyersAPI"}
{"level":"ERROR","location":"[get_call:164] fyersModel","message":{"API":"/history","error":"HTTPSConnectionPool(host='api-t1.fyers.in', port=443): Max retries exceeded with url: /data/history?symbol=NSE%3AKEC-EQ&resolution=5&date_format=1&range_from=2025-11-04&range_to=2025-11-11&cont_flag=1 (Caused by NameResolutionError(\"<urllib3.connection.HTTPSConnection object at 0x0000013ADA424390>: Failed to resolve 'api-t1.fyers.in' ([Errno 11001] getaddrinfo failed)\"))"},"timestamp":"2025-11-11 10:54:55,751+0530","service":"FyersAPI"}
{"level":"ERROR","location":"[get_call:164] fyersModel","message":{"API":"/history","error":"HTTPSConnectionPool(host='api-t1.fyers.in', port=443): Max retries exceeded with url: /data/history?symbol=NSE%3AHEG-EQ&resolution=5&date_format=1&range_from=2025-11-04&range_to=2025-11-11&cont_flag=1 (Caused by NameResolutionError(\"<urllib3.connection.HTTPSConnection object at 0x0000013ADA425990>: Failed to resolve 'api-t1.fyers.in' ([Errno 11001] getaddrinfo failed)\"))"},"timestamp":"2025-11-11 10:54:55,754+0530","service":"FyersAPI"}
{"level":"ERROR","location":"[get_call:164] fyersModel","message":{"API":"/history","error":"HTTPSConnectionPool(host='api-t1.fyers.in', port=443): Max retries exceeded with url: /data/history?symbol=NSE%3AINTELLECT-EQ&resolution=5&date_format=1&range_from=2025-11-04&range_to=2025-11-11&cont_flag=1 (Caused by NameResolutionError(\"<urllib3.connection.HTTPSConnection object at 0x0000013ADA3F79D0>: Failed to resolve 'api-t1.fyers.in' ([Errno 11001] getaddrinfo failed)\"))"},"timestamp":"2025-11-11 10:54:55,760+0530","service":"FyersAPI"}
{"level":"ERROR","location":"[get_call:164] fyersModel","message":{"API":"/history","error":"HTTPSConnectionPool(host='api-t1.fyers.in', port=443): Max retries exceeded with url: /data/history?symbol=NSE%3AJSL-EQ&resolution=5&date_format=1&range_from=2025-11-04&range_to=2025-11-11&cont_flag=1 (Caused by NameResolutionError(\"<urllib3.connection.HTTPSConnection object at 0x0000013ADA41CBD0>: Failed to resolve 'api-t1.fyers.in' ([Errno 11001] getaddrinfo failed)\"))"},"timestamp":"2025-11-11 10:55:05,765+0530","service":"FyersAPI"}
{"level":"ERROR","location":"[get_call:164] fyersModel","message":{"API":"/history","error":"HTTPSConnectionPool(host='api-t1.fyers.in', port=443): Max retries exceeded with url: /data/history?symbol=NSE%3AMMTC-EQ&resolution=5&date_format=1&range_from=2025-11-04&range_to=2025-11-11&cont_flag=1 (Caused by NameResolutionError(\"<urllib3.connection.HTTPSConnection object at 0x0000013ADA43D1D0>: Failed to resolve 'api-t1.fyers.in' ([Errno 11001] getaddrinfo failed)\"))"},"timestamp":"2025-11-11 10:55:05,774+0530","service":"FyersAPI"}
{"level":"ERROR","location":"[get_call:164] fyersModel","message":{"API":"/history","error":"HTTPSConnectionPool(host='api-t1.fyers.in', port=443): Max retries exceeded with url: /data/history?symbol=NSE%3AIDEA-EQ&resolution=5&date_format=1&range_from=2025-11-04&range_to=2025-11-11&cont_flag=1 (Caused by NameResolutionError(\"<urllib3.connection.HTTPSConnection object at 0x0000013ADA407A90>: Failed to resolve 'api-t1.fyers.in' ([Errno 11001] getaddrinfo failed)\"))"},"timestamp":"2025-11-11 10:55:05,779+0530","service":"FyersAPI"}
{"level":"ERROR","location":"[get_call:164] fyersModel","message":{"API":"/history","error":"HTTPSConnectionPool(host='api-t1.fyers.in', port=443): Max retries exceeded with url: /data/history?symbol=NSE%3AKEC-EQ&resolution=5&date_format=1&range_from=2025-11-04&range_to=2025-11-11&cont_flag=1 (Caused by NameResolutionError(\"<urllib3.connection.HTTPSConnection object at 0x0000013ADA3F75D0>: Failed to resolve 'api-t1.fyers.in' ([Errno 11001] getaddrinfo failed)\"))"},"timestamp":"2025-11-11 10:55:05,779+0530","service":"FyersAPI"}
{"level":"ERROR","location":"[get_call:164] fyersModel","message":{"API":"/history","error":"HTTPSConnectionPool(host='api-t1.fyers.in', port=443): Max retries exceeded with url: /data/history?symbol=NSE%3AHEG-EQ&resolution=5&date_format=1&range_from=2025-11-04&range_to=2025-11-11&cont_flag=1 (Caused by NameResolutionError(\"<urllib3.connection.HTTPSConnection object at 0x0000013ADA4246D0>: Failed to resolve 'api-t1.fyers.in' ([Errno 11001] getaddrinfo failed)\"))"},"timestamp":"2025-11-11 10:55:05,787+0530","service":"FyersAPI"}
{"level":"ERROR","location":"[get_call:164] fyersModel","message":{"API":"/history","error":"HTTPSConnectionPool(host='api-t1.fyers.in', port=443): Max retries exceeded with url: /data/history?symbol=NSE%3AINTELLECT-EQ&resolution=5&date_format=1&range_from=2025-11-04&range_to=2025-11-11&cont_flag=1 (Caused by NameResolutionError(\"<urllib3.connection.HTTPSConnection object at 0x0000013ADA427890>: Failed to resolve 'api-t1.fyers.in' ([Errno 11001] getaddrinfo failed)\"))"},"timestamp":"2025-11-11 10:55:05,793+0530","service":"FyersAPI"}
{"level":"ERROR","location":"[get_call:164] fyersModel","message":{"API":"/history","error":"HTTPSConnectionPool(host='api-t1.fyers.in', port=443): Max retries exceeded with url: /data/history?symbol=NSE%3AJSL-EQ&resolution=5&date_format=1&range_from=2025-11-04&range_to=2025-11-11&cont_flag=1 (Caused by NameResolutionError(\"<urllib3.connection.HTTPSConnection object at 0x0000013ADA41C190>: Failed to resolve 'api-t1.fyers.in' ([Errno 11001] getaddrinfo failed)\"))"},"timestamp":"2025-11-11 10:55:15,798+0530","service":"FyersAPI"}
{"level":"ERROR","location":"[get_call:164] fyersModel","message":{"API":"/history","error":"HTTPSConnectionPool(host='api-t1.fyers.in', port=443): Max retries exceeded with url: /data/history?symbol=NSE%3AMMTC-EQ&resolution=5&date_format=1&range_from=2025-11-04&range_to=2025-11-11&cont_flag=1 (Caused by NameResolutionError(\"<urllib3.connection.HTTPSConnection object at 0x0000013AD9B22610>: Failed to resolve 'api-t1.fyers.in' ([Errno 11001] getaddrinfo failed)\"))"},"timestamp":"2025-11-11 10:55:15,809+0530","service":"FyersAPI"}
{"level":"ERROR","location":"[get_call:164] fyersModel","message":{"API":"/history","error":"HTTPSConnectionPool(host='api-t1.fyers.in', port=443): Max retries exceeded with url: /data/history?symbol=NSE%3AIDEA-EQ&resolution=5&date_format=1&range_from=2025-11-04&range_to=2025-11-11&cont_flag=1 (Caused by NameResolutionError(\"<urllib3.connection.HTTPSConnection object at 0x0000013ADA426890>: Failed to resolve 'api-t1.fyers.in' ([Errno 11001] getaddrinfo failed)\"))"},"timestamp":"2025-11-11 10:55:15,811+0530","service":"FyersAPI"}
{"level":"ERROR","location":"[get_call:164] fyersModel","message":{"API":"/history","error":"HTTPSConnectionPool(host='api-t1.fyers.in', port=443): Max retries exceeded with url: /data/history?symbol=NSE%3AKEC-EQ&resolution=5&date_format=1&range_from=2025-11-04&range_to=2025-11-11&cont_flag=1 (Caused by NameResolutionError(\"<urllib3.connection.HTTPSConnection object at 0x0000013ADA4245D0>: Failed to resolve 'api-t1.fyers.in' ([Errno 11001] getaddrinfo failed)\"))"},"timestamp":"2025-11-11 10:55:15,819+0530","service":"FyersAPI"}
{"level":"ERROR","location":"[get_call:164] fyersModel","message":{"API":"/history","error":"HTTPSConnectionPool(host='api-t1.fyers.in', port=443): Max retries exceeded with url: /data/history?symbol=NSE%3AHEG-EQ&resolution=5&date_format=1&range_from=2025-11-04&range_to=2025-11-11&cont_flag=1 (Caused by NameResolutionError(\"<urllib3.connection.HTTPSConnection object at 0x0000013ADA43C250>: Failed to resolve 'api-t1.fyers.in' ([Errno 11001] getaddrinfo failed)\"))"},"timestamp":"2025-11-11 10:55:15,822+0530","service":"FyersAPI"}
{"level":"ERROR","location":"[get_call:164] fyersModel","message":{"API":"/history","error":"HTTPSConnectionPool(host='api-t1.fyers.in', port=443): Max retries exceeded with url: /data/history?symbol=NSE%3AINTELLECT-EQ&resolution=5&date_format=1&range_from=2025-11-04&range_to=2025-11-11&cont_flag=1 (Caused by NameResolutionError(\"<urllib3.connection.HTTPSConnection object at 0x0000013ADA09EB10>: Failed to resolve 'api-t1.fyers.in' ([Errno 11001] getaddrinfo failed)\"))"},"timestamp":"2025-11-11 10:55:15,829+0530","service":"FyersAPI"}
{"level":"ERROR","location":"[get_call:164] fyersModel","message":{"API":"/history","error":"HTTPSConnectionPool(host='api-t1.fyers.in', port=443): Max retries exceeded with url: /data/history?symbol=NSE%3AJSL-EQ&resolution=5&date_format=1&range_from=2025-11-04&range_to=2025-11-11&cont_flag=1 (Caused by NameResolutionError(\"<urllib3.connection.HTTPSConnection object at 0x0000013ADA412610>: Failed to resolve 'api-t1.fyers.in' ([Errno 11001] getaddrinfo failed)\"))"},"timestamp":"2025-11-11 10:55:25,842+0530","service":"FyersAPI"}
{"level":"ERROR","location":"[get_call:164] fyersModel","message":{"API":"/history","error":"HTTPSConnectionPool(host='api-t1.fyers.in', port=443): Max retries exceeded with url: /data/history?symbol=NSE%3AMMTC-EQ&resolution=5&date_format=1&range_from=2025-11-04&range_to=2025-11-11&cont_flag=1 (Caused by NameResolutionError(\"<urllib3.connection.HTTPSConnection object at 0x0000013ADA43F0D0>: Failed to resolve 'api-t1.fyers.in' ([Errno 11001] getaddrinfo failed)\"))"},"timestamp":"2025-11-11 10:55:25,850+0530","service":"FyersAPI"}
{"level":"ERROR","location":"[get_call:164] fyersModel","message":{"API":"/history","error":"HTTPSConnectionPool(host='api-t1.fyers.in', port=443): Max retries exceeded with url: /data/history?symbol=NSE%3AIDEA-EQ&resolution=5&date_format=1&range_from=2025-11-04&range_to=2025-11-11&cont_flag=1 (Caused by NameResolutionError(\"<urllib3.connection.HTTPSConnection object at 0x0000013ADA424B90>: Failed to resolve 'api-t1.fyers.in' ([Errno 11001] getaddrinfo failed)\"))"},"timestamp":"2025-11-11 10:55:25,855+0530","service":"FyersAPI"}
{"level":"ERROR","location":"[get_call:164] fyersModel","message":{"API":"/history","error":"HTTPSConnectionPool(host='api-t1.fyers.in', port=443): Max retries exceeded with url: /data/history?symbol=NSE%3AKEC-EQ&resolution=5&date_format=1&range_from=2025-11-04&range_to=2025-11-11&cont_flag=1 (Caused by NameResolutionError(\"<urllib3.connection.HTTPSConnection object at 0x0000013ADA426E90>: Failed to resolve 'api-t1.fyers.in' ([Errno 11001] getaddrinfo failed)\"))"},"timestamp":"2025-11-11 10:55:25,855+0530","service":"FyersAPI"}
{"level":"ERROR","location":"[get_call:164] fyersModel","message":{"API":"/history","error":"HTTPSConnectionPool(host='api-t1.fyers.in', port=443): Max retries exceeded with url: /data/history?symbol=NSE%3AHEG-EQ&resolution=5&date_format=1&range_from=2025-11-04&range_to=2025-11-11&cont_flag=1 (Caused by NameResolutionError(\"<urllib3.connection.HTTPSConnection object at 0x0000013ADA41ECD0>: Failed to resolve 'api-t1.fyers.in' ([Errno 11001] getaddrinfo failed)\"))"},"timestamp":"2025-11-11 10:55:25,867+0530","service":"FyersAPI"}
{"level":"ERROR","location":"[get_call:164] fyersModel","message":{"API":"/history","error":"HTTPSConnectionPool(host='api-t1.fyers.in', port=443): Max retries exceeded with url: /data/history?symbol=NSE%3AINTELLECT-EQ&resolution=5&date_format=1&range_from=2025-11-04&range_to=2025-11-11&cont_flag=1 (Caused by NameResolutionError(\"<urllib3.connection.HTTPSConnection object at 0x0000013ADA4121D0>: Failed to resolve 'api-t1.fyers.in' ([Errno 11001] getaddrinfo failed)\"))"},"timestamp":"2025-11-11 10:55:25,870+0530","service":"FyersAPI"}
{"level":"ERROR","location":"[get_call:164] fyersModel","message":{"API":"/history","error":"HTTPSConnectionPool(host='api-t1.fyers.in', port=443): Max retries exceeded with url: /data/history?symbol=NSE%3AJSL-EQ&resolution=5&date_format=1&range_from=2025-11-04&range_to=2025-11-11&cont_flag=1 (Caused by NameResolutionError(\"<urllib3.connection.HTTPSConnection object at 0x0000013AD75BFE10>: Failed to resolve 'api-t1.fyers.in' ([Errno 11001] getaddrinfo failed)\"))"},"timestamp":"2025-11-11 10:55:35,877+0530","service":"FyersAPI"}
{"level":"ERROR","location":"[get_call:164] fyersModel","message":{"API":"/history","error":"HTTPSConnectionPool(host='api-t1.fyers.in', port=443): Max retries exceeded with url: /data/history?symbol=NSE%3AMMTC-EQ&resolution=5&date_format=1&range_from=2025-11-04&range_to=2025-11-11&cont_flag=1 (Caused by NameResolutionError(\"<urllib3.connection.HTTPSConnection object at 0x0000013ADA41ED10>: Failed to resolve 'api-t1.fyers.in' ([Errno 11001] getaddrinfo failed)\"))"},"timestamp":"2025-11-11 10:55:35,882+0530","service":"FyersAPI"}
{"level":"ERROR","location":"[get_call:164] fyersModel","message":{"API":"/history","error":"HTTPSConnectionPool(host='api-t1.fyers.in', port=443): Max retries exceeded with url: /data/history?symbol=NSE%3AIDEA-EQ&resolution=5&date_format=1&range_from=2025-11-04&range_to=2025-11-11&cont_flag=1 (Caused by NameResolutionError(\"<urllib3.connection.HTTPSConnection object at 0x0000013ADA427850>: Failed to resolve 'api-t1.fyers.in' ([Errno 11001] getaddrinfo failed)\"))"},"timestamp":"2025-11-11 10:55:35,891+0530","service":"FyersAPI"}
{"level":"ERROR","location":"[get_call:164] fyersModel","message":{"API":"/history","error":"HTTPSConnectionPool(host='api-t1.fyers.in', port=443): Max retries exceeded with url: /data/history?symbol=NSE%3AKEC-EQ&resolution=5&date_format=1&range_from=2025-11-04&range_to=2025-11-11&cont_flag=1 (Caused by NameResolutionError(\"<urllib3.connection.HTTPSConnection object at 0x0000013ADA426CD0>: Failed to resolve 'api-t1.fyers.in' ([Errno 11001] getaddrinfo failed)\"))"},"timestamp":"2025-11-11 10:55:35,893+0530","service":"FyersAPI"}
{"level":"ERROR","location":"[get_call:164] fyersModel","message":{"API":"/history","error":"HTTPSConnectionPool(host='api-t1.fyers.in', port=443): Max retries exceeded with url: /data/history?symbol=NSE%3AHEG-EQ&resolution=5&date_format=1&range_from=2025-11-04&range_to=2025-11-11&cont_flag=1 (Caused by NameResolutionError(\"<urllib3.connection.HTTPSConnection object at 0x0000013ADA0AD050>: Failed to resolve 'api-t1.fyers.in' ([Errno 11001] getaddrinfo failed)\"))"},"timestamp":"2025-11-11 10:55:35,901+0530","service":"FyersAPI"}
{"level":"ERROR","location":"[get_call:164] fyersModel","message":{"API":"/history","error":"HTTPSConnectionPool(host='api-t1.fyers.in', port=443): Max retries exceeded with url: /data/history?symbol=NSE%3AINTELLECT-EQ&resolution=5&date_format=1&range_from=2025-11-04&range_to=2025-11-11&cont_flag=1 (Caused by NameResolutionError(\"<urllib3.connection.HTTPSConnection object at 0x0000013ADA0A66D0>: Failed to resolve 'api-t1.fyers.in' ([Errno 11001] getaddrinfo failed)\"))"},"timestamp":"2025-11-11 10:55:35,903+0530","service":"FyersAPI"}
{"level":"ERROR","location":"[get_call:164] fyersModel","message":{"API":"/history","error":"HTTPSConnectionPool(host='api-t1.fyers.in', port=443): Max retries exceeded with url: /data/history?symbol=NSE%3AJSL-EQ&resolution=5&date_format=1&range_from=2025-11-04&range_to=2025-11-11&cont_flag=1 (Caused by NameResolutionError(\"<urllib3.connection.HTTPSConnection object at 0x0000013ADA424710>: Failed to resolve 'api-t1.fyers.in' ([Errno 11001] getaddrinfo failed)\"))"},"timestamp":"2025-11-11 10:55:45,909+0530","service":"FyersAPI"}
{"level":"ERROR","location":"[get_call:164] fyersModel","message":{"API":"/history","error":"HTTPSConnectionPool(host='api-t1.fyers.in', port=443): Max retries exceeded with url: /data/history?symbol=NSE%3AMMTC-EQ&resolution=5&date_format=1&range_from=2025-11-04&range_to=2025-11-11&cont_flag=1 (Caused by NameResolutionError(\"<urllib3.connection.HTTPSConnection object at 0x0000013ADA427610>: Failed to resolve 'api-t1.fyers.in' ([Errno 11001] getaddrinfo failed)\"))"},"timestamp":"2025-11-11 10:55:45,918+0530","service":"FyersAPI"}
{"level":"ERROR","location":"[get_call:164] fyersModel","message":{"API":"/history","error":"HTTPSConnectionPool(host='api-t1.fyers.in', port=443): Max retries exceeded with url: /data/history?symbol=NSE%3AIDEA-EQ&resolution=5&date_format=1&range_from=2025-11-04&range_to=2025-11-11&cont_flag=1 (Caused by NameResolutionError(\"<urllib3.connection.HTTPSConnection object at 0x0000013ADA407C10>: Failed to resolve 'api-t1.fyers.in' ([Errno 11001] getaddrinfo failed)\"))"},"timestamp":"2025-11-11 10:55:45,922+0530","service":"FyersAPI"}
{"level":"ERROR","location":"[get_call:164] fyersModel","message":{"API":"/history","error":"HTTPSConnectionPool(host='api-t1.fyers.in', port=443): Max retries exceeded with url: /data/history?symbol=NSE%3AKEC-EQ&resolution=5&date_format=1&range_from=2025-11-04&range_to=2025-11-11&cont_flag=1 (Caused by NameResolutionError(\"<urllib3.connection.HTTPSConnection object at 0x0000013ADA41E690>: Failed to resolve 'api-t1.fyers.in' ([Errno 11001] getaddrinfo failed)\"))"},"timestamp":"2025-11-11 10:55:45,925+0530","service":"FyersAPI"}
{"level":"ERROR","location":"[get_call:164] fyersModel","message":{"API":"/history","error":"HTTPSConnectionPool(host='api-t1.fyers.in', port=443): Max retries exceeded with url: /data/history?symbol=NSE%3AHEG-EQ&resolution=5&date_format=1&range_from=2025-11-04&range_to=2025-11-11&cont_flag=1 (Caused by NameResolutionError(\"<urllib3.connection.HTTPSConnection object at 0x0000013ADA30C710>: Failed to resolve 'api-t1.fyers.in' ([Errno 11001] getaddrinfo failed)\"))"},"timestamp":"2025-11-11 10:55:45,925+0530","service":"FyersAPI"}
{"level":"ERROR","location":"[get_call:164] fyersModel","message":{"API":"/history","error":"HTTPSConnectionPool(host='api-t1.fyers.in', port=443): Max retries exceeded with url: /data/history?symbol=NSE%3AINTELLECT-EQ&resolution=5&date_format=1&range_from=2025-11-04&range_to=2025-11-11&cont_flag=1 (Caused by NameResolutionError(\"<urllib3.connection.HTTPSConnection object at 0x0000013ADA412010>: Failed to resolve 'api-t1.fyers.in' ([Errno 11001] getaddrinfo failed)\"))"},"timestamp":"2025-11-11 10:55:45,936+0530","service":"FyersAPI"}
{"level":"ERROR","location":"[get_call:164] fyersModel","message":{"API":"/history","error":"HTTPSConnectionPool(host='api-t1.fyers.in', port=443): Max retries exceeded with url: /data/history?symbol=NSE%3AJSL-EQ&resolution=5&date_format=1&range_from=2025-11-04&range_to=2025-11-11&cont_flag=1 (Caused by NameResolutionError(\"<urllib3.connection.HTTPSConnection object at 0x0000013ADA41F190>: Failed to resolve 'api-t1.fyers.in' ([Errno 11001] getaddrinfo failed)\"))"},"timestamp":"2025-11-11 10:55:55,943+0530","service":"FyersAPI"}
{"level":"ERROR","location":"[get_call:164] fyersModel","message":{"API":"/history","error":"HTTPSConnectionPool(host='api-t1.fyers.in', port=443): Max retries exceeded with url: /data/history?symbol=NSE%3AMMTC-EQ&resolution=5&date_format=1&range_from=2025-11-04&range_to=2025-11-11&cont_flag=1 (Caused by NameResolutionError(\"<urllib3.connection.HTTPSConnection object at 0x0000013ADA4243D0>: Failed to resolve 'api-t1.fyers.in' ([Errno 11001] getaddrinfo failed)\"))"},"timestamp":"2025-11-11 10:55:55,949+0530","service":"FyersAPI"}
{"level":"ERROR","location":"[get_call:164] fyersModel","message":{"API":"/history","error":"HTTPSConnectionPool(host='api-t1.fyers.in', port=443): Max retries exceeded with url: /data/history?symbol=NSE%3AIDEA-EQ&resolution=5&date_format=1&range_from=2025-11-04&range_to=2025-11-11&cont_flag=1 (Caused by NameResolutionError(\"<urllib3.connection.HTTPSConnection object at 0x0000013ADA404910>: Failed to resolve 'api-t1.fyers.in' ([Errno 11001] getaddrinfo failed)\"))"},"timestamp":"2025-11-11 10:55:55,958+0530","service":"FyersAPI"}
{"level":"ERROR","location":"[get_call:164] fyersModel","message":{"API":"/history","error":"HTTPSConnectionPool(host='api-t1.fyers.in', port=443): Max retries exceeded with url: /data/history?symbol=NSE%3AKEC-EQ&resolution=5&date_format=1&range_from=2025-11-04&range_to=2025-11-11&cont_flag=1 (Caused by NameResolutionError(\"<urllib3.connection.HTTPSConnection object at 0x0000013ADA0AD510>: Failed to resolve 'api-t1.fyers.in' ([Errno 11001] getaddrinfo failed)\"))"},"timestamp":"2025-11-11 10:55:55,963+0530","service":"FyersAPI"}
{"level":"ERROR","location":"[get_call:164] fyersModel","message":{"API":"/history","error":"HTTPSConnectionPool(host='api-t1.fyers.in', port=443): Max retries exceeded with url: /data/history?symbol=NSE%3AHEG-EQ&resolution=5&date_format=1&range_from=2025-11-04&range_to=2025-11-11&cont_flag=1 (Caused by NameResolutionError(\"<urllib3.connection.HTTPSConnection object at 0x0000013ADA43F0D0>: Failed to resolve 'api-t1.fyers.in' ([Errno 11001] getaddrinfo failed)\"))"},"timestamp":"2025-11-11 10:55:55,968+0530","service":"FyersAPI"}
{"level":"ERROR","location":"[get_call:164] fyersModel","message":{"API":"/history","error":"HTTPSConnectionPool(host='api-t1.fyers.in', port=443): Max retries exceeded with url: /data/history?symbol=NSE%3AINTELLECT-EQ&resolution=5&date_format=1&range_from=2025-11-04&range_to=2025-11-11&cont_flag=1 (Caused by NameResolutionError(\"<urllib3.connection.HTTPSConnection object at 0x0000013ADA404990>: Failed to resolve 'api-t1.fyers.in' ([Errno 11001] getaddrinfo failed)\"))"},"timestamp":"2025-11-11 10:55:55,979+0530","service":"FyersAPI"}
{"level":"ERROR","location":"[get_call:164] fyersModel","message":{"API":"/history","error":"HTTPSConnectionPool(host='api-t1.fyers.in', port=443): Max retries exceeded with url: /data/history?symbol=NSE%3AJSL-EQ&resolution=5&date_format=1&range_from=2025-11-04&range_to=2025-11-11&cont_flag=1 (Caused by NameResolutionError(\"<urllib3.connection.HTTPSConnection object at 0x0000013ADA424C90>: Failed to resolve 'api-t1.fyers.in' ([Errno 11001] getaddrinfo failed)\"))"},"timestamp":"2025-11-11 10:56:05,986+0530","service":"FyersAPI"}
{"level":"ERROR","location":"[get_call:164] fyersModel","message":{"API":"/history","error":"HTTPSConnectionPool(host='api-t1.fyers.in', port=443): Max retries exceeded with url: /data/history?symbol=NSE%3AMMTC-EQ&resolution=5&date_format=1&range_from=2025-11-04&range_to=2025-11-11&cont_flag=1 (Caused by NameResolutionError(\"<urllib3.connection.HTTPSConnection object at 0x0000013ADA369A50>: Failed to resolve 'api-t1.fyers.in' ([Errno 11001] getaddrinfo failed)\"))"},"timestamp":"2025-11-11 10:56:05,992+0530","service":"FyersAPI"}
{"level":"ERROR","location":"[get_call:164] fyersModel","message":{"API":"/history","error":"HTTPSConnectionPool(host='api-t1.fyers.in', port=443): Max retries exceeded with url: /data/history?symbol=NSE%3AIDEA-EQ&resolution=5&date_format=1&range_from=2025-11-04&range_to=2025-11-11&cont_flag=1 (Caused by NameResolutionError(\"<urllib3.connection.HTTPSConnection object at 0x0000013ADA410450>: Failed to resolve 'api-t1.fyers.in' ([Errno 11001] getaddrinfo failed)\"))"},"timestamp":"2025-11-11 10:56:05,997+0530","service":"FyersAPI"}
{"level":"ERROR","location":"[get_call:164] fyersModel","message":{"API":"/history","error":"HTTPSConnectionPool(host='api-t1.fyers.in', port=443): Max retries exceeded with url: /data/history?symbol=NSE%3AKEC-EQ&resolution=5&date_format=1&range_from=2025-11-04&range_to=2025-11-11&cont_flag=1 (Caused by NameResolutionError(\"<urllib3.connection.HTTPSConnection object at 0x0000013ADA3F7D90>: Failed to resolve 'api-t1.fyers.in' ([Errno 11001] getaddrinfo failed)\"))"},"timestamp":"2025-11-11 10:56:06,003+0530","service":"FyersAPI"}
{"level":"ERROR","location":"[get_call:164] fyersModel","message":{"API":"/history","error":"HTTPSConnectionPool(host='api-t1.fyers.in', port=443): Max retries exceeded with url: /data/history?symbol=NSE%3AHEG-EQ&resolution=5&date_format=1&range_from=2025-11-04&range_to=2025-11-11&cont_flag=1 (Caused by NameResolutionError(\"<urllib3.connection.HTTPSConnection object at 0x0000013ADA0A3DD0>: Failed to resolve 'api-t1.fyers.in' ([Errno 11001] getaddrinfo failed)\"))"},"timestamp":"2025-11-11 10:56:06,005+0530","service":"FyersAPI"}
{"level":"ERROR","location":"[get_call:164] fyersModel","message":{"API":"/history","error":"HTTPSConnectionPool(host='api-t1.fyers.in', port=443): Max retries exceeded with url: /data/history?symbol=NSE%3AINTELLECT-EQ&resolution=5&date_format=1&range_from=2025-11-04&range_to=2025-11-11&cont_flag=1 (Caused by NameResolutionError(\"<urllib3.connection.HTTPSConnection object at 0x0000013ADA410E90>: Failed to resolve 'api-t1.fyers.in' ([Errno 11001] getaddrinfo failed)\"))"},"timestamp":"2025-11-11 10:56:06,051+0530","service":"FyersAPI"}
{"level":"ERROR","location":"[get_call:164] fyersModel","message":{"API":"/history","error":"HTTPSConnectionPool(host='api-t1.fyers.in', port=443): Max retries exceeded with url: /data/history?symbol=NSE%3AJSL-EQ&resolution=5&date_format=1&range_from=2025-11-04&range_to=2025-11-11&cont_flag=1 (Caused by NameResolutionError(\"<urllib3.connection.HTTPSConnection object at 0x0000013ADA09F550>: Failed to resolve 'api-t1.fyers.in' ([Errno 11001] getaddrinfo failed)\"))"},"timestamp":"2025-11-11 10:56:16,072+0530","service":"FyersAPI"}
{"level":"ERROR","location":"[get_call:164] fyersModel","message":{"API":"/history","error":"HTTPSConnectionPool(host='api-t1.fyers.in', port=443): Max retries exceeded with url: /data/history?symbol=NSE%3AMMTC-EQ&resolution=5&date_format=1&range_from=2025-11-04&range_to=2025-11-11&cont_flag=1 (Caused by NameResolutionError(\"<urllib3.connection.HTTPSConnection object at 0x0000013ADA405350>: Failed to resolve 'api-t1.fyers.in' ([Errno 11001] getaddrinfo failed)\"))"},"timestamp":"2025-11-11 10:56:16,079+0530","service":"FyersAPI"}
{"level":"ERROR","location":"[get_call:164] fyersModel","message":{"API":"/history","error":"HTTPSConnectionPool(host='api-t1.fyers.in', port=443): Max retries exceeded with url: /data/history?symbol=NSE%3AIDEA-EQ&resolution=5&date_format=1&range_from=2025-11-04&range_to=2025-11-11&cont_flag=1 (Caused by NameResolutionError(\"<urllib3.connection.HTTPSConnection object at 0x0000013ADA4265D0>: Failed to resolve 'api-t1.fyers.in' ([Errno 11001] getaddrinfo failed)\"))"},"timestamp":"2025-11-11 10:56:16,087+0530","service":"FyersAPI"}
{"level":"ERROR","location":"[get_call:164] fyersModel","message":{"API":"/history","error":"HTTPSConnectionPool(host='api-t1.fyers.in', port=443): Max retries exceeded with url: /data/history?symbol=NSE%3AKEC-EQ&resolution=5&date_format=1&range_from=2025-11-04&range_to=2025-11-11&cont_flag=1 (Caused by NameResolutionError(\"<urllib3.connection.HTTPSConnection object at 0x0000013ADA406250>: Failed to resolve 'api-t1.fyers.in' ([Errno 11001] getaddrinfo failed)\"))"},"timestamp":"2025-11-11 10:56:16,093+0530","service":"FyersAPI"}
{"level":"ERROR","location":"[get_call:164] fyersModel","message":{"API":"/history","error":"HTTPSConnectionPool(host='api-t1.fyers.in', port=443): Max retries exceeded with url: /data/history?symbol=NSE%3AHEG-EQ&resolution=5&date_format=1&range_from=2025-11-04&range_to=2025-11-11&cont_flag=1 (Caused by NameResolutionError(\"<urllib3.connection.HTTPSConnection object at 0x0000013ADA0A5A90>: Failed to resolve 'api-t1.fyers.in' ([Errno 11001] getaddrinfo failed)\"))"},"timestamp":"2025-11-11 10:56:16,095+0530","service":"FyersAPI"}
{"level":"ERROR","location":"[get_call:164] fyersModel","message":{"API":"/history","error":"HTTPSConnectionPool(host='api-t1.fyers.in', port=443): Max retries exceeded with url: /data/history?symbol=NSE%3AINTELLECT-EQ&resolution=5&date_format=1&range_from=2025-11-04&range_to=2025-11-11&cont_flag=1 (Caused by NameResolutionError(\"<urllib3.connection.HTTPSConnection object at 0x0000013ADA0ADB90>: Failed to resolve 'api-t1.fyers.in' ([Errno 11001] getaddrinfo failed)\"))"},"timestamp":"2025-11-11 10:56:16,105+0530","service":"FyersAPI"}
{"level":"ERROR","location":"[get_call:164] fyersModel","message":{"API":"/history","error":"HTTPSConnectionPool(host='api-t1.fyers.in', port=443): Max retries exceeded with url: /data/history?symbol=NSE%3AJSL-EQ&resolution=5&date_format=1&range_from=2025-11-04&range_to=2025-11-11&cont_flag=1 (Caused by NameResolutionError(\"<urllib3.connection.HTTPSConnection object at 0x0000013ADA410C90>: Failed to resolve 'api-t1.fyers.in' ([Errno 11001] getaddrinfo failed)\"))"},"timestamp":"2025-11-11 10:56:26,112+0530","service":"FyersAPI"}
{"level":"ERROR","location":"[get_call:164] fyersModel","message":{"API":"/history","error":"HTTPSConnectionPool(host='api-t1.fyers.in', port=443): Max retries exceeded with url: /data/history?symbol=NSE%3AMMTC-EQ&resolution=5&date_format=1&range_from=2025-11-04&range_to=2025-11-11&cont_flag=1 (Caused by NameResolutionError(\"<urllib3.connection.HTTPSConnection object at 0x0000013ADA425690>: Failed to resolve 'api-t1.fyers.in' ([Errno 11001] getaddrinfo failed)\"))"},"timestamp":"2025-11-11 10:56:26,118+0530","service":"FyersAPI"}
{"level":"ERROR","location":"[get_call:164] fyersModel","message":{"API":"/history","error":"HTTPSConnectionPool(host='api-t1.fyers.in', port=443): Max retries exceeded with url: /data/history?symbol=NSE%3AIDEA-EQ&resolution=5&date_format=1&range_from=2025-11-04&range_to=2025-11-11&cont_flag=1 (Caused by NameResolutionError(\"<urllib3.connection.HTTPSConnection object at 0x0000013AD9C1B8D0>: Failed to resolve 'api-t1.fyers.in' ([Errno 11001] getaddrinfo failed)\"))"},"timestamp":"2025-11-11 10:56:26,128+0530","service":"FyersAPI"}
{"level":"ERROR","location":"[get_call:164] fyersModel","message":{"API":"/history","error":"HTTPSConnectionPool(host='api-t1.fyers.in', port=443): Max retries exceeded with url: /data/history?symbol=NSE%3AKEC-EQ&resolution=5&date_format=1&range_from=2025-11-04&range_to=2025-11-11&cont_flag=1 (Caused by NameResolutionError(\"<urllib3.connection.HTTPSConnection object at 0x0000013ADA410910>: Failed to resolve 'api-t1.fyers.in' ([Errno 11001] getaddrinfo failed)\"))"},"timestamp":"2025-11-11 10:56:26,131+0530","service":"FyersAPI"}
{"level":"ERROR","location":"[get_call:164] fyersModel","message":{"API":"/history","error":"HTTPSConnectionPool(host='api-t1.fyers.in', port=443): Max retries exceeded with url: /data/history?symbol=NSE%3AHEG-EQ&resolution=5&date_format=1&range_from=2025-11-04&range_to=2025-11-11&cont_flag=1 (Caused by NameResolutionError(\"<urllib3.connection.HTTPSConnection object at 0x0000013ADA425690>: Failed to resolve 'api-t1.fyers.in' ([Errno 11001] getaddrinfo failed)\"))"},"timestamp":"2025-11-11 10:56:26,139+0530","service":"FyersAPI"}
{"level":"ERROR","location":"[get_call:164] fyersModel","message":{"API":"/history","error":"HTTPSConnectionPool(host='api-t1.fyers.in', port=443): Max retries exceeded with url: /data/history?symbol=NSE%3AINTELLECT-EQ&resolution=5&date_format=1&range_from=2025-11-04&range_to=2025-11-11&cont_flag=1 (Caused by NameResolutionError(\"<urllib3.connection.HTTPSConnection object at 0x0000013ADA08C1D0>: Failed to resolve 'api-t1.fyers.in' ([Errno 11001] getaddrinfo failed)\"))"},"timestamp":"2025-11-11 10:56:26,144+0530","service":"FyersAPI"}
{"level":"ERROR","location":"[get_call:164] fyersModel","message":{"API":"/history","error":"HTTPSConnectionPool(host='api-t1.fyers.in', port=443): Max retries exceeded with url: /data/history?symbol=NSE%3AJSL-EQ&resolution=5&date_format=1&range_from=2025-11-04&range_to=2025-11-11&cont_flag=1 (Caused by NameResolutionError(\"<urllib3.connection.HTTPSConnection object at 0x0000013ADA407D90>: Failed to resolve 'api-t1.fyers.in' ([Errno 11001] getaddrinfo failed)\"))"},"timestamp":"2025-11-11 10:56:36,150+0530","service":"FyersAPI"}
{"level":"ERROR","location":"[get_call:164] fyersModel","message":{"API":"/history","error":"HTTPSConnectionPool(host='api-t1.fyers.in', port=443): Max retries exceeded with url: /data/history?symbol=NSE%3AMMTC-EQ&resolution=5&date_format=1&range_from=2025-11-04&range_to=2025-11-11&cont_flag=1 (Caused by NameResolutionError(\"<urllib3.connection.HTTPSConnection object at 0x0000013ADA09DC90>: Failed to resolve 'api-t1.fyers.in' ([Errno 11001] getaddrinfo failed)\"))"},"timestamp":"2025-11-11 10:56:36,157+0530","service":"FyersAPI"}
{"level":"ERROR","location":"[get_call:164] fyersModel","message":{"API":"/history","error":"HTTPSConnectionPool(host='api-t1.fyers.in', port=443): Max retries exceeded with url: /data/history?symbol=NSE%3AIDEA-EQ&resolution=5&date_format=1&range_from=2025-11-04&range_to=2025-11-11&cont_flag=1 (Caused by NameResolutionError(\"<urllib3.connection.HTTPSConnection object at 0x0000013ADA0A0A50>: Failed to resolve 'api-t1.fyers.in' ([Errno 11001] getaddrinfo failed)\"))"},"timestamp":"2025-11-11 10:56:36,164+0530","service":"FyersAPI"}
{"level":"ERROR","location":"[get_call:164] fyersModel","message":{"API":"/history","error":"HTTPSConnectionPool(host='api-t1.fyers.in', port=443): Max retries exceeded with url: /data/history?symbol=NSE%3AKEC-EQ&resolution=5&date_format=1&range_from=2025-11-04&range_to=2025-11-11&cont_flag=1 (Caused by NameResolutionError(\"<urllib3.connection.HTTPSConnection object at 0x0000013ADA079C90>: Failed to resolve 'api-t1.fyers.in' ([Errno 11001] getaddrinfo failed)\"))"},"timestamp":"2025-11-11 10:56:36,167+0530","service":"FyersAPI"}
{"level":"ERROR","location":"[get_call:164] fyersModel","message":{"API":"/history","error":"HTTPSConnectionPool(host='api-t1.fyers.in', port=443): Max retries exceeded with url: /data/history?symbol=NSE%3AHEG-EQ&resolution=5&date_format=1&range_from=2025-11-04&range_to=2025-11-11&cont_flag=1 (Caused by NameResolutionError(\"<urllib3.connection.HTTPSConnection object at 0x0000013ADA411290>: Failed to resolve 'api-t1.fyers.in' ([Errno 11001] getaddrinfo failed)\"))"},"timestamp":"2025-11-11 10:56:36,173+0530","service":"FyersAPI"}
{"level":"ERROR","location":"[get_call:164] fyersModel","message":{"API":"/history","error":"HTTPSConnectionPool(host='api-t1.fyers.in', port=443): Max retries exceeded with url: /data/history?symbol=NSE%3AINTELLECT-EQ&resolution=5&date_format=1&range_from=2025-11-04&range_to=2025-11-11&cont_flag=1 (Caused by NameResolutionError(\"<urllib3.connection.HTTPSConnection object at 0x0000013ADA407690>: Failed to resolve 'api-t1.fyers.in' ([Errno 11001] getaddrinfo failed)\"))"},"timestamp":"2025-11-11 10:56:36,178+0530","service":"FyersAPI"}
{"level":"ERROR","location":"[get_call:164] fyersModel","message":{"API":"/history","error":"HTTPSConnectionPool(host='api-t1.fyers.in', port=443): Max retries exceeded with url: /data/history?symbol=NSE%3AJSL-EQ&resolution=5&date_format=1&range_from=2025-11-04&range_to=2025-11-11&cont_flag=1 (Caused by NameResolutionError(\"<urllib3.connection.HTTPSConnection object at 0x0000013ADA41D850>: Failed to resolve 'api-t1.fyers.in' ([Errno 11001] getaddrinfo failed)\"))"},"timestamp":"2025-11-11 10:56:46,190+0530","service":"FyersAPI"}
{"level":"ERROR","location":"[get_call:164] fyersModel","message":{"API":"/history","error":"HTTPSConnectionPool(host='api-t1.fyers.in', port=443): Max retries exceeded with url: /data/history?symbol=NSE%3AMMTC-EQ&resolution=5&date_format=1&range_from=2025-11-04&range_to=2025-11-11&cont_flag=1 (Caused by NameResolutionError(\"<urllib3.connection.HTTPSConnection object at 0x0000013ADA411E10>: Failed to resolve 'api-t1.fyers.in' ([Errno 11001] getaddrinfo failed)\"))"},"timestamp":"2025-11-11 10:56:46,196+0530","service":"FyersAPI"}
{"level":"ERROR","location":"[get_call:164] fyersModel","message":{"API":"/history","error":"HTTPSConnectionPool(host='api-t1.fyers.in', port=443): Max retries exceeded with url: /data/history?symbol=NSE%3AIDEA-EQ&resolution=5&date_format=1&range_from=2025-11-04&range_to=2025-11-11&cont_flag=1 (Caused by NameResolutionError(\"<urllib3.connection.HTTPSConnection object at 0x0000013ADA0AC850>: Failed to resolve 'api-t1.fyers.in' ([Errno 11001] getaddrinfo failed)\"))"},"timestamp":"2025-11-11 10:56:46,202+0530","service":"FyersAPI"}
{"level":"ERROR","location":"[get_call:164] fyersModel","message":{"API":"/history","error":"HTTPSConnectionPool(host='api-t1.fyers.in', port=443): Max retries exceeded with url: /data/history?symbol=NSE%3AKEC-EQ&resolution=5&date_format=1&range_from=2025-11-04&range_to=2025-11-11&cont_flag=1 (Caused by NameResolutionError(\"<urllib3.connection.HTTPSConnection object at 0x0000013ADA387550>: Failed to resolve 'api-t1.fyers.in' ([Errno 11001] getaddrinfo failed)\"))"},"timestamp":"2025-11-11 10:56:46,207+0530","service":"FyersAPI"}
{"level":"ERROR","location":"[get_call:164] fyersModel","message":{"API":"/history","error":"HTTPSConnectionPool(host='api-t1.fyers.in', port=443): Max retries exceeded with url: /data/history?symbol=NSE%3AHEG-EQ&resolution=5&date_format=1&range_from=2025-11-04&range_to=2025-11-11&cont_flag=1 (Caused by NameResolutionError(\"<urllib3.connection.HTTPSConnection object at 0x0000013ADA4272D0>: Failed to resolve 'api-t1.fyers.in' ([Errno 11001] getaddrinfo failed)\"))"},"timestamp":"2025-11-11 10:56:46,212+0530","service":"FyersAPI"}
{"level":"ERROR","location":"[get_call:164] fyersModel","message":{"API":"/history","error":"HTTPSConnectionPool(host='api-t1.fyers.in', port=443): Max retries exceeded with url: /data/history?symbol=NSE%3AINTELLECT-EQ&resolution=5&date_format=1&range_from=2025-11-04&range_to=2025-11-11&cont_flag=1 (Caused by NameResolutionError(\"<urllib3.connection.HTTPSConnection object at 0x0000013ADA41C890>: Failed to resolve 'api-t1.fyers.in' ([Errno 11001] getaddrinfo failed)\"))"},"timestamp":"2025-11-11 10:56:46,216+0530","service":"FyersAPI"}
{"level":"ERROR","location":"[get_call:164] fyersModel","message":{"API":"/history","error":"HTTPSConnectionPool(host='api-t1.fyers.in', port=443): Max retries exceeded with url: /data/history?symbol=NSE%3AJSL-EQ&resolution=5&date_format=1&range_from=2025-11-04&range_to=2025-11-11&cont_flag=1 (Caused by NameResolutionError(\"<urllib3.connection.HTTPSConnection object at 0x0000013ADA4268D0>: Failed to resolve 'api-t1.fyers.in' ([Errno 11001] getaddrinfo failed)\"))"},"timestamp":"2025-11-11 10:56:56,225+0530","service":"FyersAPI"}
{"level":"ERROR","location":"[get_call:164] fyersModel","message":{"API":"/history","error":"HTTPSConnectionPool(host='api-t1.fyers.in', port=443): Max retries exceeded with url: /data/history?symbol=NSE%3AMMTC-EQ&resolution=5&date_format=1&range_from=2025-11-04&range_to=2025-11-11&cont_flag=1 (Caused by NameResolutionError(\"<urllib3.connection.HTTPSConnection object at 0x0000013ADA405990>: Failed to resolve 'api-t1.fyers.in' ([Errno 11001] getaddrinfo failed)\"))"},"timestamp":"2025-11-11 10:56:56,231+0530","service":"FyersAPI"}
{"level":"ERROR","location":"[get_call:164] fyersModel","message":{"API":"/history","error":"HTTPSConnectionPool(host='api-t1.fyers.in', port=443): Max retries exceeded with url: /data/history?symbol=NSE%3AIDEA-EQ&resolution=5&date_format=1&range_from=2025-11-04&range_to=2025-11-11&cont_flag=1 (Caused by NameResolutionError(\"<urllib3.connection.HTTPSConnection object at 0x0000013ADA08FB10>: Failed to resolve 'api-t1.fyers.in' ([Errno 11001] getaddrinfo failed)\"))"},"timestamp":"2025-11-11 10:56:56,238+0530","service":"FyersAPI"}
{"level":"ERROR","location":"[get_call:164] fyersModel","message":{"API":"/history","error":"HTTPSConnectionPool(host='api-t1.fyers.in', port=443): Max retries exceeded with url: /data/history?symbol=NSE%3AKEC-EQ&resolution=5&date_format=1&range_from=2025-11-04&range_to=2025-11-11&cont_flag=1 (Caused by NameResolutionError(\"<urllib3.connection.HTTPSConnection object at 0x0000013ADA411A90>: Failed to resolve 'api-t1.fyers.in' ([Errno 11001] getaddrinfo failed)\"))"},"timestamp":"2025-11-11 10:56:56,243+0530","service":"FyersAPI"}
{"level":"ERROR","location":"[get_call:164] fyersModel","message":{"API":"/history","error":"HTTPSConnectionPool(host='api-t1.fyers.in', port=443): Max retries exceeded with url: /data/history?symbol=NSE%3AHEG-EQ&resolution=5&date_format=1&range_from=2025-11-04&range_to=2025-11-11&cont_flag=1 (Caused by NameResolutionError(\"<urllib3.connection.HTTPSConnection object at 0x0000013ADA41C1D0>: Failed to resolve 'api-t1.fyers.in' ([Errno 11001] getaddrinfo failed)\"))"},"timestamp":"2025-11-11 10:56:56,243+0530","service":"FyersAPI"}
{"level":"ERROR","location":"[get_call:164] fyersModel","message":{"API":"/history","error":"HTTPSConnectionPool(host='api-t1.fyers.in', port=443): Max retries exceeded with url: /data/history?symbol=NSE%3AINTELLECT-EQ&resolution=5&date_format=1&range_from=2025-11-04&range_to=2025-11-11&cont_flag=1 (Caused by NameResolutionError(\"<urllib3.connection.HTTPSConnection object at 0x0000013ADA3F78D0>: Failed to resolve 'api-t1.fyers.in' ([Errno 11001] getaddrinfo failed)\"))"},"timestamp":"2025-11-11 10:56:56,253+0530","service":"FyersAPI"}
{"level":"ERROR","location":"[get_call:164] fyersModel","message":{"API":"/history","error":"HTTPSConnectionPool(host='api-t1.fyers.in', port=443): Max retries exceeded with url: /data/history?symbol=NSE%3AJSL-EQ&resolution=5&date_format=1&range_from=2025-11-04&range_to=2025-11-11&cont_flag=1 (Caused by NameResolutionError(\"<urllib3.connection.HTTPSConnection object at 0x0000013ADA0A0650>: Failed to resolve 'api-t1.fyers.in' ([Errno 11001] getaddrinfo failed)\"))"},"timestamp":"2025-11-11 10:57:06,263+0530","service":"FyersAPI"}
{"level":"ERROR","location":"[get_call:164] fyersModel","message":{"API":"/history","error":"HTTPSConnectionPool(host='api-t1.fyers.in', port=443): Max retries exceeded with url: /data/history?symbol=NSE%3AMMTC-EQ&resolution=5&date_format=1&range_from=2025-11-04&range_to=2025-11-11&cont_flag=1 (Caused by NameResolutionError(\"<urllib3.connection.HTTPSConnection object at 0x0000013ADA412010>: Failed to resolve 'api-t1.fyers.in' ([Errno 11001] getaddrinfo failed)\"))"},"timestamp":"2025-11-11 10:57:06,269+0530","service":"FyersAPI"}
{"level":"ERROR","location":"[get_call:164] fyersModel","message":{"API":"/history","error":"HTTPSConnectionPool(host='api-t1.fyers.in', port=443): Max retries exceeded with url: /data/history?symbol=NSE%3AIDEA-EQ&resolution=5&date_format=1&range_from=2025-11-04&range_to=2025-11-11&cont_flag=1 (Caused by NameResolutionError(\"<urllib3.connection.HTTPSConnection object at 0x0000013ADA405850>: Failed to resolve 'api-t1.fyers.in' ([Errno 11001] getaddrinfo failed)\"))"},"timestamp":"2025-11-11 10:57:06,277+0530","service":"FyersAPI"}
{"level":"ERROR","location":"[get_call:164] fyersModel","message":{"API":"/history","error":"HTTPSConnectionPool(host='api-t1.fyers.in', port=443): Max retries exceeded with url: /data/history?symbol=NSE%3AKEC-EQ&resolution=5&date_format=1&range_from=2025-11-04&range_to=2025-11-11&cont_flag=1 (Caused by NameResolutionError(\"<urllib3.connection.HTTPSConnection object at 0x0000013ADA427A90>: Failed to resolve 'api-t1.fyers.in' ([Errno 11001] getaddrinfo failed)\"))"},"timestamp":"2025-11-11 10:57:06,281+0530","service":"FyersAPI"}
{"level":"ERROR","location":"[get_call:164] fyersModel","message":{"API":"/history","error":"HTTPSConnectionPool(host='api-t1.fyers.in', port=443): Max retries exceeded with url: /data/history?symbol=NSE%3AHEG-EQ&resolution=5&date_format=1&range_from=2025-11-04&range_to=2025-11-11&cont_flag=1 (Caused by NameResolutionError(\"<urllib3.connection.HTTPSConnection object at 0x0000013ADA43E690>: Failed to resolve 'api-t1.fyers.in' ([Errno 11001] getaddrinfo failed)\"))"},"timestamp":"2025-11-11 10:57:06,286+0530","service":"FyersAPI"}
{"level":"ERROR","location":"[get_call:164] fyersModel","message":{"API":"/history","error":"HTTPSConnectionPool(host='api-t1.fyers.in', port=443): Max retries exceeded with url: /data/history?symbol=NSE%3AINTELLECT-EQ&resolution=5&date_format=1&range_from=2025-11-04&range_to=2025-11-11&cont_flag=1 (Caused by NameResolutionError(\"<urllib3.connection.HTTPSConnection object at 0x0000013ADA427010>: Failed to resolve 'api-t1.fyers.in' ([Errno 11001] getaddrinfo failed)\"))"},"timestamp":"2025-11-11 10:57:06,293+0530","service":"FyersAPI"}
{"level":"ERROR","location":"[get_call:164] fyersModel","message":{"API":"/history","error":"HTTPSConnectionPool(host='api-t1.fyers.in', port=443): Max retries exceeded with url: /data/history?symbol=NSE%3AJSL-EQ&resolution=5&date_format=1&range_from=2025-11-04&range_to=2025-11-11&cont_flag=1 (Caused by NameResolutionError(\"<urllib3.connection.HTTPSConnection object at 0x0000013ADA4067D0>: Failed to resolve 'api-t1.fyers.in' ([Errno 11001] getaddrinfo failed)\"))"},"timestamp":"2025-11-11 10:57:16,298+0530","service":"FyersAPI"}
{"level":"ERROR","location":"[get_call:164] fyersModel","message":{"API":"/history","error":"HTTPSConnectionPool(host='api-t1.fyers.in', port=443): Max retries exceeded with url: /data/history?symbol=NSE%3AMMTC-EQ&resolution=5&date_format=1&range_from=2025-11-04&range_to=2025-11-11&cont_flag=1 (Caused by NameResolutionError(\"<urllib3.connection.HTTPSConnection object at 0x0000013ADA4129D0>: Failed to resolve 'api-t1.fyers.in' ([Errno 11001] getaddrinfo failed)\"))"},"timestamp":"2025-11-11 10:57:16,301+0530","service":"FyersAPI"}
{"level":"ERROR","location":"[get_call:164] fyersModel","message":{"API":"/history","error":"HTTPSConnectionPool(host='api-t1.fyers.in', port=443): Max retries exceeded with url: /data/history?symbol=NSE%3AIDEA-EQ&resolution=5&date_format=1&range_from=2025-11-04&range_to=2025-11-11&cont_flag=1 (Caused by NameResolutionError(\"<urllib3.connection.HTTPSConnection object at 0x0000013ADA41E290>: Failed to resolve 'api-t1.fyers.in' ([Errno 11001] getaddrinfo failed)\"))"},"timestamp":"2025-11-11 10:57:16,309+0530","service":"FyersAPI"}
{"level":"ERROR","location":"[get_call:164] fyersModel","message":{"API":"/history","error":"HTTPSConnectionPool(host='api-t1.fyers.in', port=443): Max retries exceeded with url: /data/history?symbol=NSE%3AKEC-EQ&resolution=5&date_format=1&range_from=2025-11-04&range_to=2025-11-11&cont_flag=1 (Caused by NameResolutionError(\"<urllib3.connection.HTTPSConnection object at 0x0000013ADA43C590>: Failed to resolve 'api-t1.fyers.in' ([Errno 11001] getaddrinfo failed)\"))"},"timestamp":"2025-11-11 10:57:16,319+0530","service":"FyersAPI"}
{"level":"ERROR","location":"[get_call:164] fyersModel","message":{"API":"/history","error":"HTTPSConnectionPool(host='api-t1.fyers.in', port=443): Max retries exceeded with url: /data/history?symbol=NSE%3AHEG-EQ&resolution=5&date_format=1&range_from=2025-11-04&range_to=2025-11-11&cont_flag=1 (Caused by NameResolutionError(\"<urllib3.connection.HTTPSConnection object at 0x0000013ADA413810>: Failed to resolve 'api-t1.fyers.in' ([Errno 11001] getaddrinfo failed)\"))"},"timestamp":"2025-11-11 10:57:16,323+0530","service":"FyersAPI"}
{"level":"ERROR","location":"[get_call:164] fyersModel","message":{"API":"/history","error":"HTTPSConnectionPool(host='api-t1.fyers.in', port=443): Max retries exceeded with url: /data/history?symbol=NSE%3AINTELLECT-EQ&resolution=5&date_format=1&range_from=2025-11-04&range_to=2025-11-11&cont_flag=1 (Caused by NameResolutionError(\"<urllib3.connection.HTTPSConnection object at 0x0000013ADA4108D0>: Failed to resolve 'api-t1.fyers.in' ([Errno 11001] getaddrinfo failed)\"))"},"timestamp":"2025-11-11 10:57:16,331+0530","service":"FyersAPI"}
{"level":"ERROR","location":"[get_call:164] fyersModel","message":{"API":"/history","error":"HTTPSConnectionPool(host='api-t1.fyers.in', port=443): Max retries exceeded with url: /data/history?symbol=NSE%3AJSL-EQ&resolution=5&date_format=1&range_from=2025-11-04&range_to=2025-11-11&cont_flag=1 (Caused by NameResolutionError(\"<urllib3.connection.HTTPSConnection object at 0x0000013AD8F56290>: Failed to resolve 'api-t1.fyers.in' ([Errno 11001] getaddrinfo failed)\"))"},"timestamp":"2025-11-11 10:57:26,334+0530","service":"FyersAPI"}
{"level":"ERROR","location":"[get_call:164] fyersModel","message":{"API":"/history","error":"HTTPSConnectionPool(host='api-t1.fyers.in', port=443): Max retries exceeded with url: /data/history?symbol=NSE%3AMMTC-EQ&resolution=5&date_format=1&range_from=2025-11-04&range_to=2025-11-11&cont_flag=1 (Caused by NameResolutionError(\"<urllib3.connection.HTTPSConnection object at 0x0000013ADA426C50>: Failed to resolve 'api-t1.fyers.in' ([Errno 11001] getaddrinfo failed)\"))"},"timestamp":"2025-11-11 10:57:26,344+0530","service":"FyersAPI"}
{"level":"ERROR","location":"[get_call:164] fyersModel","message":{"API":"/history","error":"HTTPSConnectionPool(host='api-t1.fyers.in', port=443): Max retries exceeded with url: /data/history?symbol=NSE%3AIDEA-EQ&resolution=5&date_format=1&range_from=2025-11-04&range_to=2025-11-11&cont_flag=1 (Caused by NameResolutionError(\"<urllib3.connection.HTTPSConnection object at 0x0000013ADA3855D0>: Failed to resolve 'api-t1.fyers.in' ([Errno 11001] getaddrinfo failed)\"))"},"timestamp":"2025-11-11 10:57:26,352+0530","service":"FyersAPI"}
{"level":"ERROR","location":"[get_call:164] fyersModel","message":{"API":"/history","error":"HTTPSConnectionPool(host='api-t1.fyers.in', port=443): Max retries exceeded with url: /data/history?symbol=NSE%3AKEC-EQ&resolution=5&date_format=1&range_from=2025-11-04&range_to=2025-11-11&cont_flag=1 (Caused by NameResolutionError(\"<urllib3.connection.HTTPSConnection object at 0x0000013ADA386A10>: Failed to resolve 'api-t1.fyers.in' ([Errno 11001] getaddrinfo failed)\"))"},"timestamp":"2025-11-11 10:57:26,360+0530","service":"FyersAPI"}
{"level":"ERROR","location":"[get_call:164] fyersModel","message":{"API":"/history","error":"HTTPSConnectionPool(host='api-t1.fyers.in', port=443): Max retries exceeded with url: /data/history?symbol=NSE%3AHEG-EQ&resolution=5&date_format=1&range_from=2025-11-04&range_to=2025-11-11&cont_flag=1 (Caused by NameResolutionError(\"<urllib3.connection.HTTPSConnection object at 0x0000013ADA405A10>: Failed to resolve 'api-t1.fyers.in' ([Errno 11001] getaddrinfo failed)\"))"},"timestamp":"2025-11-11 10:57:26,360+0530","service":"FyersAPI"}
{"level":"ERROR","location":"[get_call:164] fyersModel","message":{"API":"/history","error":"HTTPSConnectionPool(host='api-t1.fyers.in', port=443): Max retries exceeded with url: /data/history?symbol=NSE%3AINTELLECT-EQ&resolution=5&date_format=1&range_from=2025-11-04&range_to=2025-11-11&cont_flag=1 (Caused by NameResolutionError(\"<urllib3.connection.HTTPSConnection object at 0x0000013ADA358510>: Failed to resolve 'api-t1.fyers.in' ([Errno 11001] getaddrinfo failed)\"))"},"timestamp":"2025-11-11 10:57:26,368+0530","service":"FyersAPI"}
{"level":"ERROR","location":"[get_call:164] fyersModel","message":{"API":"/history","error":"HTTPSConnectionPool(host='api-t1.fyers.in', port=443): Max retries exceeded with url: /data/history?symbol=NSE%3AJSL-EQ&resolution=5&date_format=1&range_from=2025-11-04&range_to=2025-11-11&cont_flag=1 (Caused by NameResolutionError(\"<urllib3.connection.HTTPSConnection object at 0x0000013ADA41F690>: Failed to resolve 'api-t1.fyers.in' ([Errno 11001] getaddrinfo failed)\"))"},"timestamp":"2025-11-11 10:57:36,378+0530","service":"FyersAPI"}
{"level":"ERROR","location":"[get_call:164] fyersModel","message":{"API":"/history","error":"HTTPSConnectionPool(host='api-t1.fyers.in', port=443): Max retries exceeded with url: /data/history?symbol=NSE%3AMMTC-EQ&resolution=5&date_format=1&range_from=2025-11-04&range_to=2025-11-11&cont_flag=1 (Caused by NameResolutionError(\"<urllib3.connection.HTTPSConnection object at 0x0000013ADA411E10>: Failed to resolve 'api-t1.fyers.in' ([Errno 11001] getaddrinfo failed)\"))"},"timestamp":"2025-11-11 10:57:36,382+0530","service":"FyersAPI"}
{"level":"ERROR","location":"[get_call:164] fyersModel","message":{"API":"/history","error":"HTTPSConnectionPool(host='api-t1.fyers.in', port=443): Max retries exceeded with url: /data/history?symbol=NSE%3AIDEA-EQ&resolution=5&date_format=1&range_from=2025-11-04&range_to=2025-11-11&cont_flag=1 (Caused by NameResolutionError(\"<urllib3.connection.HTTPSConnection object at 0x0000013ADA30E110>: Failed to resolve 'api-t1.fyers.in' ([Errno 11001] getaddrinfo failed)\"))"},"timestamp":"2025-11-11 10:57:36,391+0530","service":"FyersAPI"}
{"level":"ERROR","location":"[get_call:164] fyersModel","message":{"API":"/history","error":"HTTPSConnectionPool(host='api-t1.fyers.in', port=443): Max retries exceeded with url: /data/history?symbol=NSE%3AKEC-EQ&resolution=5&date_format=1&range_from=2025-11-04&range_to=2025-11-11&cont_flag=1 (Caused by NameResolutionError(\"<urllib3.connection.HTTPSConnection object at 0x0000013ADA411A90>: Failed to resolve 'api-t1.fyers.in' ([Errno 11001] getaddrinfo failed)\"))"},"timestamp":"2025-11-11 10:57:36,400+0530","service":"FyersAPI"}
{"level":"ERROR","location":"[get_call:164] fyersModel","message":{"API":"/history","error":"HTTPSConnectionPool(host='api-t1.fyers.in', port=443): Max retries exceeded with url: /data/history?symbol=NSE%3AHEG-EQ&resolution=5&date_format=1&range_from=2025-11-04&range_to=2025-11-11&cont_flag=1 (Caused by NameResolutionError(\"<urllib3.connection.HTTPSConnection object at 0x0000013ADA406A10>: Failed to resolve 'api-t1.fyers.in' ([Errno 11001] getaddrinfo failed)\"))"},"timestamp":"2025-11-11 10:57:36,404+0530","service":"FyersAPI"}
{"level":"ERROR","location":"[get_call:164] fyersModel","message":{"API":"/history","error":"HTTPSConnectionPool(host='api-t1.fyers.in', port=443): Max retries exceeded with url: /data/history?symbol=NSE%3AINTELLECT-EQ&resolution=5&date_format=1&range_from=2025-11-04&range_to=2025-11-11&cont_flag=1 (Caused by NameResolutionError(\"<urllib3.connection.HTTPSConnection object at 0x0000013ADA307610>: Failed to resolve 'api-t1.fyers.in' ([Errno 11001] getaddrinfo failed)\"))"},"timestamp":"2025-11-11 10:57:36,411+0530","service":"FyersAPI"}
{"level":"ERROR","location":"[get_call:164] fyersModel","message":{"API":"/history","error":"HTTPSConnectionPool(host='api-t1.fyers.in', port=443): Max retries exceeded with url: /data/history?symbol=NSE%3AJSL-EQ&resolution=5&date_format=1&range_from=2025-11-04&range_to=2025-11-11&cont_flag=1 (Caused by NameResolutionError(\"<urllib3.connection.HTTPSConnection object at 0x0000013ADA43E0D0>: Failed to resolve 'api-t1.fyers.in' ([Errno 11001] getaddrinfo failed)\"))"},"timestamp":"2025-11-11 10:57:46,420+0530","service":"FyersAPI"}
{"level":"ERROR","location":"[get_call:164] fyersModel","message":{"API":"/history","error":"HTTPSConnectionPool(host='api-t1.fyers.in', port=443): Max retries exceeded with url: /data/history?symbol=NSE%3AMMTC-EQ&resolution=5&date_format=1&range_from=2025-11-04&range_to=2025-11-11&cont_flag=1 (Caused by NameResolutionError(\"<urllib3.connection.HTTPSConnection object at 0x0000013ADA386110>: Failed to resolve 'api-t1.fyers.in' ([Errno 11001] getaddrinfo failed)\"))"},"timestamp":"2025-11-11 10:57:46,430+0530","service":"FyersAPI"}
{"level":"ERROR","location":"[get_call:164] fyersModel","message":{"API":"/history","error":"HTTPSConnectionPool(host='api-t1.fyers.in', port=443): Max retries exceeded with url: /data/history?symbol=NSE%3AIDEA-EQ&resolution=5&date_format=1&range_from=2025-11-04&range_to=2025-11-11&cont_flag=1 (Caused by NameResolutionError(\"<urllib3.connection.HTTPSConnection object at 0x0000013ADA41DCD0>: Failed to resolve 'api-t1.fyers.in' ([Errno 11001] getaddrinfo failed)\"))"},"timestamp":"2025-11-11 10:57:46,440+0530","service":"FyersAPI"}
{"level":"ERROR","location":"[get_call:164] fyersModel","message":{"API":"/history","error":"HTTPSConnectionPool(host='api-t1.fyers.in', port=443): Max retries exceeded with url: /data/history?symbol=NSE%3AKEC-EQ&resolution=5&date_format=1&range_from=2025-11-04&range_to=2025-11-11&cont_flag=1 (Caused by NameResolutionError(\"<urllib3.connection.HTTPSConnection object at 0x0000013ADA41C250>: Failed to resolve 'api-t1.fyers.in' ([Errno 11001] getaddrinfo failed)\"))"},"timestamp":"2025-11-11 10:57:46,442+0530","service":"FyersAPI"}
{"level":"ERROR","location":"[get_call:164] fyersModel","message":{"API":"/history","error":"HTTPSConnectionPool(host='api-t1.fyers.in', port=443): Max retries exceeded with url: /data/history?symbol=NSE%3AHEG-EQ&resolution=5&date_format=1&range_from=2025-11-04&range_to=2025-11-11&cont_flag=1 (Caused by NameResolutionError(\"<urllib3.connection.HTTPSConnection object at 0x0000013ADA404D10>: Failed to resolve 'api-t1.fyers.in' ([Errno 11001] getaddrinfo failed)\"))"},"timestamp":"2025-11-11 10:57:46,448+0530","service":"FyersAPI"}
{"level":"ERROR","location":"[get_call:164] fyersModel","message":{"API":"/history","error":"HTTPSConnectionPool(host='api-t1.fyers.in', port=443): Max retries exceeded with url: /data/history?symbol=NSE%3AINTELLECT-EQ&resolution=5&date_format=1&range_from=2025-11-04&range_to=2025-11-11&cont_flag=1 (Caused by NameResolutionError(\"<urllib3.connection.HTTPSConnection object at 0x0000013ADA43F150>: Failed to resolve 'api-t1.fyers.in' ([Errno 11001] getaddrinfo failed)\"))"},"timestamp":"2025-11-11 10:57:46,456+0530","service":"FyersAPI"}
{"level":"ERROR","location":"[get_call:164] fyersModel","message":{"API":"/history","error":"HTTPSConnectionPool(host='api-t1.fyers.in', port=443): Max retries exceeded with url: /data/history?symbol=NSE%3AJSL-EQ&resolution=5&date_format=1&range_from=2025-11-04&range_to=2025-11-11&cont_flag=1 (Caused by NameResolutionError(\"<urllib3.connection.HTTPSConnection object at 0x0000013ADA413950>: Failed to resolve 'api-t1.fyers.in' ([Errno 11001] getaddrinfo failed)\"))"},"timestamp":"2025-11-11 10:57:56,464+0530","service":"FyersAPI"}
{"level":"ERROR","location":"[get_call:164] fyersModel","message":{"API":"/history","error":"HTTPSConnectionPool(host='api-t1.fyers.in', port=443): Max retries exceeded with url: /data/history?symbol=NSE%3AMMTC-EQ&resolution=5&date_format=1&range_from=2025-11-04&range_to=2025-11-11&cont_flag=1 (Caused by NameResolutionError(\"<urllib3.connection.HTTPSConnection object at 0x0000013ADA0AC850>: Failed to resolve 'api-t1.fyers.in' ([Errno 11001] getaddrinfo failed)\"))"},"timestamp":"2025-11-11 10:57:56,473+0530","service":"FyersAPI"}
{"level":"ERROR","location":"[get_call:164] fyersModel","message":{"API":"/history","error":"HTTPSConnectionPool(host='api-t1.fyers.in', port=443): Max retries exceeded with url: /data/history?symbol=NSE%3AIDEA-EQ&resolution=5&date_format=1&range_from=2025-11-04&range_to=2025-11-11&cont_flag=1 (Caused by NameResolutionError(\"<urllib3.connection.HTTPSConnection object at 0x0000013ADA412DD0>: Failed to resolve 'api-t1.fyers.in' ([Errno 11001] getaddrinfo failed)\"))"},"timestamp":"2025-11-11 10:57:56,476+0530","service":"FyersAPI"}
{"level":"ERROR","location":"[get_call:164] fyersModel","message":{"API":"/history","error":"HTTPSConnectionPool(host='api-t1.fyers.in', port=443): Max retries exceeded with url: /data/history?symbol=NSE%3AKEC-EQ&resolution=5&date_format=1&range_from=2025-11-04&range_to=2025-11-11&cont_flag=1 (Caused by NameResolutionError(\"<urllib3.connection.HTTPSConnection object at 0x0000013ADA43F510>: Failed to resolve 'api-t1.fyers.in' ([Errno 11001] getaddrinfo failed)\"))"},"timestamp":"2025-11-11 10:57:56,484+0530","service":"FyersAPI"}
{"level":"ERROR","location":"[get_call:164] fyersModel","message":{"API":"/history","error":"HTTPSConnectionPool(host='api-t1.fyers.in', port=443): Max retries exceeded with url: /data/history?symbol=NSE%3AHEG-EQ&resolution=5&date_format=1&range_from=2025-11-04&range_to=2025-11-11&cont_flag=1 (Caused by NameResolutionError(\"<urllib3.connection.HTTPSConnection object at 0x0000013ADA43D1D0>: Failed to resolve 'api-t1.fyers.in' ([Errno 11001] getaddrinfo failed)\"))"},"timestamp":"2025-11-11 10:57:56,486+0530","service":"FyersAPI"}
{"level":"ERROR","location":"[get_call:164] fyersModel","message":{"API":"/history","error":"HTTPSConnectionPool(host='api-t1.fyers.in', port=443): Max retries exceeded with url: /data/history?symbol=NSE%3AINTELLECT-EQ&resolution=5&date_format=1&range_from=2025-11-04&range_to=2025-11-11&cont_flag=1 (Caused by NameResolutionError(\"<urllib3.connection.HTTPSConnection object at 0x0000013ADA3F77D0>: Failed to resolve 'api-t1.fyers.in' ([Errno 11001] getaddrinfo failed)\"))"},"timestamp":"2025-11-11 10:57:56,494+0530","service":"FyersAPI"}
{"level":"ERROR","location":"[get_call:164] fyersModel","message":{"API":"/history","error":"HTTPSConnectionPool(host='api-t1.fyers.in', port=443): Max retries exceeded with url: /data/history?symbol=NSE%3AJSL-EQ&resolution=5&date_format=1&range_from=2025-11-04&range_to=2025-11-11&cont_flag=1 (Caused by NameResolutionError(\"<urllib3.connection.HTTPSConnection object at 0x0000013ADA41EC10>: Failed to resolve 'api-t1.fyers.in' ([Errno 11001] getaddrinfo failed)\"))"},"timestamp":"2025-11-11 10:58:06,500+0530","service":"FyersAPI"}
{"level":"ERROR","location":"[get_call:164] fyersModel","message":{"API":"/history","error":"HTTPSConnectionPool(host='api-t1.fyers.in', port=443): Max retries exceeded with url: /data/history?symbol=NSE%3AMMTC-EQ&resolution=5&date_format=1&range_from=2025-11-04&range_to=2025-11-11&cont_flag=1 (Caused by NameResolutionError(\"<urllib3.connection.HTTPSConnection object at 0x0000013ADA3855D0>: Failed to resolve 'api-t1.fyers.in' ([Errno 11001] getaddrinfo failed)\"))"},"timestamp":"2025-11-11 10:58:06,507+0530","service":"FyersAPI"}
{"level":"ERROR","location":"[get_call:164] fyersModel","message":{"API":"/history","error":"HTTPSConnectionPool(host='api-t1.fyers.in', port=443): Max retries exceeded with url: /data/history?symbol=NSE%3AIDEA-EQ&resolution=5&date_format=1&range_from=2025-11-04&range_to=2025-11-11&cont_flag=1 (Caused by NameResolutionError(\"<urllib3.connection.HTTPSConnection object at 0x0000013ADA43D3D0>: Failed to resolve 'api-t1.fyers.in' ([Errno 11001] getaddrinfo failed)\"))"},"timestamp":"2025-11-11 10:58:06,517+0530","service":"FyersAPI"}
{"level":"ERROR","location":"[get_call:164] fyersModel","message":{"API":"/history","error":"HTTPSConnectionPool(host='api-t1.fyers.in', port=443): Max retries exceeded with url: /data/history?symbol=NSE%3AKEC-EQ&resolution=5&date_format=1&range_from=2025-11-04&range_to=2025-11-11&cont_flag=1 (Caused by NameResolutionError(\"<urllib3.connection.HTTPSConnection object at 0x0000013ADA43EF50>: Failed to resolve 'api-t1.fyers.in' ([Errno 11001] getaddrinfo failed)\"))"},"timestamp":"2025-11-11 10:58:06,521+0530","service":"FyersAPI"}
{"level":"ERROR","location":"[get_call:164] fyersModel","message":{"API":"/history","error":"HTTPSConnectionPool(host='api-t1.fyers.in', port=443): Max retries exceeded with url: /data/history?symbol=NSE%3AHEG-EQ&resolution=5&date_format=1&range_from=2025-11-04&range_to=2025-11-11&cont_flag=1 (Caused by NameResolutionError(\"<urllib3.connection.HTTPSConnection object at 0x0000013ADA411290>: Failed to resolve 'api-t1.fyers.in' ([Errno 11001] getaddrinfo failed)\"))"},"timestamp":"2025-11-11 10:58:06,523+0530","service":"FyersAPI"}
{"level":"ERROR","location":"[get_call:164] fyersModel","message":{"API":"/history","error":"HTTPSConnectionPool(host='api-t1.fyers.in', port=443): Max retries exceeded with url: /data/history?symbol=NSE%3AINTELLECT-EQ&resolution=5&date_format=1&range_from=2025-11-04&range_to=2025-11-11&cont_flag=1 (Caused by NameResolutionError(\"<urllib3.connection.HTTPSConnection object at 0x0000013ADA41C450>: Failed to resolve 'api-t1.fyers.in' ([Errno 11001] getaddrinfo failed)\"))"},"timestamp":"2025-11-11 10:58:06,531+0530","service":"FyersAPI"}
{"level":"ERROR","location":"[get_call:164] fyersModel","message":{"API":"/history","error":"HTTPSConnectionPool(host='api-t1.fyers.in', port=443): Max retries exceeded with url: /data/history?symbol=NSE%3AJSL-EQ&resolution=5&date_format=1&range_from=2025-11-04&range_to=2025-11-11&cont_flag=1 (Caused by NameResolutionError(\"<urllib3.connection.HTTPSConnection object at 0x0000013ADA413250>: Failed to resolve 'api-t1.fyers.in' ([Errno 11001] getaddrinfo failed)\"))"},"timestamp":"2025-11-11 10:58:16,539+0530","service":"FyersAPI"}
{"level":"ERROR","location":"[get_call:164] fyersModel","message":{"API":"/history","error":"HTTPSConnectionPool(host='api-t1.fyers.in', port=443): Max retries exceeded with url: /data/history?symbol=NSE%3AMMTC-EQ&resolution=5&date_format=1&range_from=2025-11-04&range_to=2025-11-11&cont_flag=1 (Caused by NameResolutionError(\"<urllib3.connection.HTTPSConnection object at 0x0000013ADA410910>: Failed to resolve 'api-t1.fyers.in' ([Errno 11001] getaddrinfo failed)\"))"},"timestamp":"2025-11-11 10:58:16,548+0530","service":"FyersAPI"}
{"level":"ERROR","location":"[get_call:164] fyersModel","message":{"API":"/history","error":"HTTPSConnectionPool(host='api-t1.fyers.in', port=443): Max retries exceeded with url: /data/history?symbol=NSE%3AIDEA-EQ&resolution=5&date_format=1&range_from=2025-11-04&range_to=2025-11-11&cont_flag=1 (Caused by NameResolutionError(\"<urllib3.connection.HTTPSConnection object at 0x0000013ADA43D490>: Failed to resolve 'api-t1.fyers.in' ([Errno 11001] getaddrinfo failed)\"))"},"timestamp":"2025-11-11 10:58:16,557+0530","service":"FyersAPI"}
{"level":"ERROR","location":"[get_call:164] fyersModel","message":{"API":"/history","error":"HTTPSConnectionPool(host='api-t1.fyers.in', port=443): Max retries exceeded with url: /data/history?symbol=NSE%3AKEC-EQ&resolution=5&date_format=1&range_from=2025-11-04&range_to=2025-11-11&cont_flag=1 (Caused by NameResolutionError(\"<urllib3.connection.HTTPSConnection object at 0x0000013ADA3064D0>: Failed to resolve 'api-t1.fyers.in' ([Errno 11001] getaddrinfo failed)\"))"},"timestamp":"2025-11-11 10:58:16,562+0530","service":"FyersAPI"}
{"level":"ERROR","location":"[get_call:164] fyersModel","message":{"API":"/history","error":"HTTPSConnectionPool(host='api-t1.fyers.in', port=443): Max retries exceeded with url: /data/history?symbol=NSE%3AHEG-EQ&resolution=5&date_format=1&range_from=2025-11-04&range_to=2025-11-11&cont_flag=1 (Caused by NameResolutionError(\"<urllib3.connection.HTTPSConnection object at 0x0000013ADA41E010>: Failed to resolve 'api-t1.fyers.in' ([Errno 11001] getaddrinfo failed)\"))"},"timestamp":"2025-11-11 10:58:16,564+0530","service":"FyersAPI"}
{"level":"ERROR","location":"[get_call:164] fyersModel","message":{"API":"/history","error":"HTTPSConnectionPool(host='api-t1.fyers.in', port=443): Max retries exceeded with url: /data/history?symbol=NSE%3AINTELLECT-EQ&resolution=5&date_format=1&range_from=2025-11-04&range_to=2025-11-11&cont_flag=1 (Caused by NameResolutionError(\"<urllib3.connection.HTTPSConnection object at 0x0000013AC7E2FAD0>: Failed to resolve 'api-t1.fyers.in' ([Errno 11001] getaddrinfo failed)\"))"},"timestamp":"2025-11-11 10:58:16,571+0530","service":"FyersAPI"}
{"level":"ERROR","location":"[get_call:164] fyersModel","message":{"API":"/history","error":"HTTPSConnectionPool(host='api-t1.fyers.in', port=443): Max retries exceeded with url: /data/history?symbol=NSE%3AJSL-EQ&resolution=5&date_format=1&range_from=2025-11-04&range_to=2025-11-11&cont_flag=1 (Caused by NameResolutionError(\"<urllib3.connection.HTTPSConnection object at 0x0000013ADA41C210>: Failed to resolve 'api-t1.fyers.in' ([Errno 11001] getaddrinfo failed)\"))"},"timestamp":"2025-11-11 10:58:26,576+0530","service":"FyersAPI"}
{"level":"ERROR","location":"[get_call:164] fyersModel","message":{"API":"/history","error":"HTTPSConnectionPool(host='api-t1.fyers.in', port=443): Max retries exceeded with url: /data/history?symbol=NSE%3AMMTC-EQ&resolution=5&date_format=1&range_from=2025-11-04&range_to=2025-11-11&cont_flag=1 (Caused by NameResolutionError(\"<urllib3.connection.HTTPSConnection object at 0x0000013ADA43D610>: Failed to resolve 'api-t1.fyers.in' ([Errno 11001] getaddrinfo failed)\"))"},"timestamp":"2025-11-11 10:58:26,581+0530","service":"FyersAPI"}
{"level":"ERROR","location":"[get_call:164] fyersModel","message":{"API":"/history","error":"HTTPSConnectionPool(host='api-t1.fyers.in', port=443): Max retries exceeded with url: /data/history?symbol=NSE%3AIDEA-EQ&resolution=5&date_format=1&range_from=2025-11-04&range_to=2025-11-11&cont_flag=1 (Caused by NameResolutionError(\"<urllib3.connection.HTTPSConnection object at 0x0000013ADA43C510>: Failed to resolve 'api-t1.fyers.in' ([Errno 11001] getaddrinfo failed)\"))"},"timestamp":"2025-11-11 10:58:26,589+0530","service":"FyersAPI"}
{"level":"ERROR","location":"[get_call:164] fyersModel","message":{"API":"/history","error":"HTTPSConnectionPool(host='api-t1.fyers.in', port=443): Max retries exceeded with url: /data/history?symbol=NSE%3AKEC-EQ&resolution=5&date_format=1&range_from=2025-11-04&range_to=2025-11-11&cont_flag=1 (Caused by NameResolutionError(\"<urllib3.connection.HTTPSConnection object at 0x0000013ADA412850>: Failed to resolve 'api-t1.fyers.in' ([Errno 11001] getaddrinfo failed)\"))"},"timestamp":"2025-11-11 10:58:26,597+0530","service":"FyersAPI"}
{"level":"ERROR","location":"[get_call:164] fyersModel","message":{"API":"/history","error":"HTTPSConnectionPool(host='api-t1.fyers.in', port=443): Max retries exceeded with url: /data/history?symbol=NSE%3AHEG-EQ&resolution=5&date_format=1&range_from=2025-11-04&range_to=2025-11-11&cont_flag=1 (Caused by NameResolutionError(\"<urllib3.connection.HTTPSConnection object at 0x0000013ADA406FD0>: Failed to resolve 'api-t1.fyers.in' ([Errno 11001] getaddrinfo failed)\"))"},"timestamp":"2025-11-11 10:58:26,601+0530","service":"FyersAPI"}
{"level":"ERROR","location":"[get_call:164] fyersModel","message":{"API":"/history","error":"HTTPSConnectionPool(host='api-t1.fyers.in', port=443): Max retries exceeded with url: /data/history?symbol=NSE%3AINTELLECT-EQ&resolution=5&date_format=1&range_from=2025-11-04&range_to=2025-11-11&cont_flag=1 (Caused by NameResolutionError(\"<urllib3.connection.HTTPSConnection object at 0x0000013ADA412690>: Failed to resolve 'api-t1.fyers.in' ([Errno 11001] getaddrinfo failed)\"))"},"timestamp":"2025-11-11 10:58:26,610+0530","service":"FyersAPI"}
{"level":"ERROR","location":"[get_call:164] fyersModel","message":{"API":"/history","error":"HTTPSConnectionPool(host='api-t1.fyers.in', port=443): Max retries exceeded with url: /data/history?symbol=NSE%3AJSL-EQ&resolution=5&date_format=1&range_from=2025-11-04&range_to=2025-11-11&cont_flag=1 (Caused by NameResolutionError(\"<urllib3.connection.HTTPSConnection object at 0x0000013AD7992AD0>: Failed to resolve 'api-t1.fyers.in' ([Errno 11001] getaddrinfo failed)\"))"},"timestamp":"2025-11-11 10:58:36,615+0530","service":"FyersAPI"}
{"level":"ERROR","location":"[get_call:164] fyersModel","message":{"API":"/history","error":"HTTPSConnectionPool(host='api-t1.fyers.in', port=443): Max retries exceeded with url: /data/history?symbol=NSE%3AMMTC-EQ&resolution=5&date_format=1&range_from=2025-11-04&range_to=2025-11-11&cont_flag=1 (Caused by NameResolutionError(\"<urllib3.connection.HTTPSConnection object at 0x0000013ADA43DA50>: Failed to resolve 'api-t1.fyers.in' ([Errno 11001] getaddrinfo failed)\"))"},"timestamp":"2025-11-11 10:58:36,622+0530","service":"FyersAPI"}
{"level":"ERROR","location":"[get_call:164] fyersModel","message":{"API":"/history","error":"HTTPSConnectionPool(host='api-t1.fyers.in', port=443): Max retries exceeded with url: /data/history?symbol=NSE%3AIDEA-EQ&resolution=5&date_format=1&range_from=2025-11-04&range_to=2025-11-11&cont_flag=1 (Caused by NameResolutionError(\"<urllib3.connection.HTTPSConnection object at 0x0000013ADA41FF10>: Failed to resolve 'api-t1.fyers.in' ([Errno 11001] getaddrinfo failed)\"))"},"timestamp":"2025-11-11 10:58:36,631+0530","service":"FyersAPI"}
{"level":"ERROR","location":"[get_call:164] fyersModel","message":{"API":"/history","error":"HTTPSConnectionPool(host='api-t1.fyers.in', port=443): Max retries exceeded with url: /data/history?symbol=NSE%3AKEC-EQ&resolution=5&date_format=1&range_from=2025-11-04&range_to=2025-11-11&cont_flag=1 (Caused by NameResolutionError(\"<urllib3.connection.HTTPSConnection object at 0x0000013ADA405B10>: Failed to resolve 'api-t1.fyers.in' ([Errno 11001] getaddrinfo failed)\"))"},"timestamp":"2025-11-11 10:58:36,636+0530","service":"FyersAPI"}
{"level":"ERROR","location":"[get_call:164] fyersModel","message":{"API":"/history","error":"HTTPSConnectionPool(host='api-t1.fyers.in', port=443): Max retries exceeded with url: /data/history?symbol=NSE%3AHEG-EQ&resolution=5&date_format=1&range_from=2025-11-04&range_to=2025-11-11&cont_flag=1 (Caused by NameResolutionError(\"<urllib3.connection.HTTPSConnection object at 0x0000013ADA35BC10>: Failed to resolve 'api-t1.fyers.in' ([Errno 11001] getaddrinfo failed)\"))"},"timestamp":"2025-11-11 10:58:36,639+0530","service":"FyersAPI"}
{"level":"ERROR","location":"[get_call:164] fyersModel","message":{"API":"/history","error":"HTTPSConnectionPool(host='api-t1.fyers.in', port=443): Max retries exceeded with url: /data/history?symbol=NSE%3AINTELLECT-EQ&resolution=5&date_format=1&range_from=2025-11-04&range_to=2025-11-11&cont_flag=1 (Caused by NameResolutionError(\"<urllib3.connection.HTTPSConnection object at 0x0000013ADA41C510>: Failed to resolve 'api-t1.fyers.in' ([Errno 11001] getaddrinfo failed)\"))"},"timestamp":"2025-11-11 10:58:36,645+0530","service":"FyersAPI"}
{"level":"ERROR","location":"[get_call:164] fyersModel","message":{"API":"/history","error":"HTTPSConnectionPool(host='api-t1.fyers.in', port=443): Max retries exceeded with url: /data/history?symbol=NSE%3AJSL-EQ&resolution=5&date_format=1&range_from=2025-11-04&range_to=2025-11-11&cont_flag=1 (Caused by NameResolutionError(\"<urllib3.connection.HTTPSConnection object at 0x0000013ADA43E710>: Failed to resolve 'api-t1.fyers.in' ([Errno 11001] getaddrinfo failed)\"))"},"timestamp":"2025-11-11 10:58:46,655+0530","service":"FyersAPI"}
{"level":"ERROR","location":"[get_call:164] fyersModel","message":{"API":"/history","error":"HTTPSConnectionPool(host='api-t1.fyers.in', port=443): Max retries exceeded with url: /data/history?symbol=NSE%3AMMTC-EQ&resolution=5&date_format=1&range_from=2025-11-04&range_to=2025-11-11&cont_flag=1 (Caused by NameResolutionError(\"<urllib3.connection.HTTPSConnection object at 0x0000013AD7ACC650>: Failed to resolve 'api-t1.fyers.in' ([Errno 11001] getaddrinfo failed)\"))"},"timestamp":"2025-11-11 10:58:46,660+0530","service":"FyersAPI"}
{"level":"ERROR","location":"[get_call:164] fyersModel","message":{"API":"/history","error":"HTTPSConnectionPool(host='api-t1.fyers.in', port=443): Max retries exceeded with url: /data/history?symbol=NSE%3AIDEA-EQ&resolution=5&date_format=1&range_from=2025-11-04&range_to=2025-11-11&cont_flag=1 (Caused by NameResolutionError(\"<urllib3.connection.HTTPSConnection object at 0x0000013ADA4118D0>: Failed to resolve 'api-t1.fyers.in' ([Errno 11001] getaddrinfo failed)\"))"},"timestamp":"2025-11-11 10:58:46,666+0530","service":"FyersAPI"}
{"level":"ERROR","location":"[get_call:164] fyersModel","message":{"API":"/history","error":"HTTPSConnectionPool(host='api-t1.fyers.in', port=443): Max retries exceeded with url: /data/history?symbol=NSE%3AKEC-EQ&resolution=5&date_format=1&range_from=2025-11-04&range_to=2025-11-11&cont_flag=1 (Caused by NameResolutionError(\"<urllib3.connection.HTTPSConnection object at 0x0000013ADA08CA50>: Failed to resolve 'api-t1.fyers.in' ([Errno 11001] getaddrinfo failed)\"))"},"timestamp":"2025-11-11 10:58:46,670+0530","service":"FyersAPI"}
{"level":"ERROR","location":"[get_call:164] fyersModel","message":{"API":"/history","error":"HTTPSConnectionPool(host='api-t1.fyers.in', port=443): Max retries exceeded with url: /data/history?symbol=NSE%3AHEG-EQ&resolution=5&date_format=1&range_from=2025-11-04&range_to=2025-11-11&cont_flag=1 (Caused by NameResolutionError(\"<urllib3.connection.HTTPSConnection object at 0x0000013ADA43EC10>: Failed to resolve 'api-t1.fyers.in' ([Errno 11001] getaddrinfo failed)\"))"},"timestamp":"2025-11-11 10:58:46,675+0530","service":"FyersAPI"}
{"level":"ERROR","location":"[get_call:164] fyersModel","message":{"API":"/history","error":"HTTPSConnectionPool(host='api-t1.fyers.in', port=443): Max retries exceeded with url: /data/history?symbol=NSE%3AINTELLECT-EQ&resolution=5&date_format=1&range_from=2025-11-04&range_to=2025-11-11&cont_flag=1 (Caused by NameResolutionError(\"<urllib3.connection.HTTPSConnection object at 0x0000013ADA43CF50>: Failed to resolve 'api-t1.fyers.in' ([Errno 11001] getaddrinfo failed)\"))"},"timestamp":"2025-11-11 10:58:46,682+0530","service":"FyersAPI"}
{"level":"ERROR","location":"[get_call:164] fyersModel","message":{"API":"/history","error":"HTTPSConnectionPool(host='api-t1.fyers.in', port=443): Max retries exceeded with url: /data/history?symbol=NSE%3AJSL-EQ&resolution=5&date_format=1&range_from=2025-11-04&range_to=2025-11-11&cont_flag=1 (Caused by NameResolutionError(\"<urllib3.connection.HTTPSConnection object at 0x0000013ADA41F650>: Failed to resolve 'api-t1.fyers.in' ([Errno 11001] getaddrinfo failed)\"))"},"timestamp":"2025-11-11 10:58:56,688+0530","service":"FyersAPI"}
{"level":"ERROR","location":"[get_call:164] fyersModel","message":{"API":"/history","error":"HTTPSConnectionPool(host='api-t1.fyers.in', port=443): Max retries exceeded with url: /data/history?symbol=NSE%3AMMTC-EQ&resolution=5&date_format=1&range_from=2025-11-04&range_to=2025-11-11&cont_flag=1 (Caused by NameResolutionError(\"<urllib3.connection.HTTPSConnection object at 0x0000013ADA410C50>: Failed to resolve 'api-t1.fyers.in' ([Errno 11001] getaddrinfo failed)\"))"},"timestamp":"2025-11-11 10:58:56,694+0530","service":"FyersAPI"}
{"level":"ERROR","location":"[get_call:164] fyersModel","message":{"API":"/history","error":"HTTPSConnectionPool(host='api-t1.fyers.in', port=443): Max retries exceeded with url: /data/history?symbol=NSE%3AIDEA-EQ&resolution=5&date_format=1&range_from=2025-11-04&range_to=2025-11-11&cont_flag=1 (Caused by NameResolutionError(\"<urllib3.connection.HTTPSConnection object at 0x0000013ADA424B50>: Failed to resolve 'api-t1.fyers.in' ([Errno 11001] getaddrinfo failed)\"))"},"timestamp":"2025-11-11 10:58:56,698+0530","service":"FyersAPI"}
{"level":"ERROR","location":"[get_call:164] fyersModel","message":{"API":"/history","error":"HTTPSConnectionPool(host='api-t1.fyers.in', port=443): Max retries exceeded with url: /data/history?symbol=NSE%3AKEC-EQ&resolution=5&date_format=1&range_from=2025-11-04&range_to=2025-11-11&cont_flag=1 (Caused by NameResolutionError(\"<urllib3.connection.HTTPSConnection object at 0x0000013ADA35AED0>: Failed to resolve 'api-t1.fyers.in' ([Errno 11001] getaddrinfo failed)\"))"},"timestamp":"2025-11-11 10:58:56,704+0530","service":"FyersAPI"}
{"level":"ERROR","location":"[get_call:164] fyersModel","message":{"API":"/history","error":"HTTPSConnectionPool(host='api-t1.fyers.in', port=443): Max retries exceeded with url: /data/history?symbol=NSE%3AHEG-EQ&resolution=5&date_format=1&range_from=2025-11-04&range_to=2025-11-11&cont_flag=1 (Caused by NameResolutionError(\"<urllib3.connection.HTTPSConnection object at 0x0000013ADA41EE50>: Failed to resolve 'api-t1.fyers.in' ([Errno 11001] getaddrinfo failed)\"))"},"timestamp":"2025-11-11 10:58:56,708+0530","service":"FyersAPI"}
{"level":"ERROR","location":"[get_call:164] fyersModel","message":{"API":"/history","error":"HTTPSConnectionPool(host='api-t1.fyers.in', port=443): Max retries exceeded with url: /data/history?symbol=NSE%3AINTELLECT-EQ&resolution=5&date_format=1&range_from=2025-11-04&range_to=2025-11-11&cont_flag=1 (Caused by NameResolutionError(\"<urllib3.connection.HTTPSConnection object at 0x0000013ADA43CBD0>: Failed to resolve 'api-t1.fyers.in' ([Errno 11001] getaddrinfo failed)\"))"},"timestamp":"2025-11-11 10:58:56,712+0530","service":"FyersAPI"}
{"level":"ERROR","location":"[get_call:164] fyersModel","message":{"API":"/history","error":"HTTPSConnectionPool(host='api-t1.fyers.in', port=443): Max retries exceeded with url: /data/history?symbol=NSE%3AJSL-EQ&resolution=5&date_format=1&range_from=2025-11-04&range_to=2025-11-11&cont_flag=1 (Caused by NameResolutionError(\"<urllib3.connection.HTTPSConnection object at 0x0000013ADA43F310>: Failed to resolve 'api-t1.fyers.in' ([Errno 11001] getaddrinfo failed)\"))"},"timestamp":"2025-11-11 10:59:06,721+0530","service":"FyersAPI"}
{"level":"ERROR","location":"[get_call:164] fyersModel","message":{"API":"/history","error":"HTTPSConnectionPool(host='api-t1.fyers.in', port=443): Max retries exceeded with url: /data/history?symbol=NSE%3AMMTC-EQ&resolution=5&date_format=1&range_from=2025-11-04&range_to=2025-11-11&cont_flag=1 (Caused by NameResolutionError(\"<urllib3.connection.HTTPSConnection object at 0x0000013ADA427710>: Failed to resolve 'api-t1.fyers.in' ([Errno 11001] getaddrinfo failed)\"))"},"timestamp":"2025-11-11 10:59:06,728+0530","service":"FyersAPI"}
{"level":"ERROR","location":"[get_call:164] fyersModel","message":{"API":"/history","error":"HTTPSConnectionPool(host='api-t1.fyers.in', port=443): Max retries exceeded with url: /data/history?symbol=NSE%3AIDEA-EQ&resolution=5&date_format=1&range_from=2025-11-04&range_to=2025-11-11&cont_flag=1 (Caused by NameResolutionError(\"<urllib3.connection.HTTPSConnection object at 0x0000013ADA413350>: Failed to resolve 'api-t1.fyers.in' ([Errno 11001] getaddrinfo failed)\"))"},"timestamp":"2025-11-11 10:59:06,736+0530","service":"FyersAPI"}
{"level":"ERROR","location":"[get_call:164] fyersModel","message":{"API":"/history","error":"HTTPSConnectionPool(host='api-t1.fyers.in', port=443): Max retries exceeded with url: /data/history?symbol=NSE%3AKEC-EQ&resolution=5&date_format=1&range_from=2025-11-04&range_to=2025-11-11&cont_flag=1 (Caused by NameResolutionError(\"<urllib3.connection.HTTPSConnection object at 0x0000013ADA43C6D0>: Failed to resolve 'api-t1.fyers.in' ([Errno 11001] getaddrinfo failed)\"))"},"timestamp":"2025-11-11 10:59:06,744+0530","service":"FyersAPI"}
{"level":"ERROR","location":"[get_call:164] fyersModel","message":{"API":"/history","error":"HTTPSConnectionPool(host='api-t1.fyers.in', port=443): Max retries exceeded with url: /data/history?symbol=NSE%3AHEG-EQ&resolution=5&date_format=1&range_from=2025-11-04&range_to=2025-11-11&cont_flag=1 (Caused by NameResolutionError(\"<urllib3.connection.HTTPSConnection object at 0x0000013ADA43D8D0>: Failed to resolve 'api-t1.fyers.in' ([Errno 11001] getaddrinfo failed)\"))"},"timestamp":"2025-11-11 10:59:06,750+0530","service":"FyersAPI"}
{"level":"ERROR","location":"[get_call:164] fyersModel","message":{"API":"/history","error":"HTTPSConnectionPool(host='api-t1.fyers.in', port=443): Max retries exceeded with url: /data/history?symbol=NSE%3AINTELLECT-EQ&resolution=5&date_format=1&range_from=2025-11-04&range_to=2025-11-11&cont_flag=1 (Caused by NameResolutionError(\"<urllib3.connection.HTTPSConnection object at 0x0000013ADA41F0D0>: Failed to resolve 'api-t1.fyers.in' ([Errno 11001] getaddrinfo failed)\"))"},"timestamp":"2025-11-11 10:59:06,753+0530","service":"FyersAPI"}
{"level":"ERROR","location":"[get_call:164] fyersModel","message":{"API":"/history","error":"HTTPSConnectionPool(host='api-t1.fyers.in', port=443): Max retries exceeded with url: /data/history?symbol=NSE%3AJSL-EQ&resolution=5&date_format=1&range_from=2025-11-04&range_to=2025-11-11&cont_flag=1 (Caused by NameResolutionError(\"<urllib3.connection.HTTPSConnection object at 0x0000013ADA2A3010>: Failed to resolve 'api-t1.fyers.in' ([Errno 11001] getaddrinfo failed)\"))"},"timestamp":"2025-11-11 10:59:16,761+0530","service":"FyersAPI"}
{"level":"ERROR","location":"[get_call:164] fyersModel","message":{"API":"/history","error":"HTTPSConnectionPool(host='api-t1.fyers.in', port=443): Max retries exceeded with url: /data/history?symbol=NSE%3AMMTC-EQ&resolution=5&date_format=1&range_from=2025-11-04&range_to=2025-11-11&cont_flag=1 (Caused by NameResolutionError(\"<urllib3.connection.HTTPSConnection object at 0x0000013ADA41E190>: Failed to resolve 'api-t1.fyers.in' ([Errno 11001] getaddrinfo failed)\"))"},"timestamp":"2025-11-11 10:59:16,767+0530","service":"FyersAPI"}
{"level":"ERROR","location":"[get_call:164] fyersModel","message":{"API":"/history","error":"HTTPSConnectionPool(host='api-t1.fyers.in', port=443): Max retries exceeded with url: /data/history?symbol=NSE%3AIDEA-EQ&resolution=5&date_format=1&range_from=2025-11-04&range_to=2025-11-11&cont_flag=1 (Caused by NameResolutionError(\"<urllib3.connection.HTTPSConnection object at 0x0000013AD9C3F2D0>: Failed to resolve 'api-t1.fyers.in' ([Errno 11001] getaddrinfo failed)\"))"},"timestamp":"2025-11-11 10:59:16,773+0530","service":"FyersAPI"}
{"level":"ERROR","location":"[get_call:164] fyersModel","message":{"API":"/history","error":"HTTPSConnectionPool(host='api-t1.fyers.in', port=443): Max retries exceeded with url: /data/history?symbol=NSE%3AKEC-EQ&resolution=5&date_format=1&range_from=2025-11-04&range_to=2025-11-11&cont_flag=1 (Caused by NameResolutionError(\"<urllib3.connection.HTTPSConnection object at 0x0000013ADA405A50>: Failed to resolve 'api-t1.fyers.in' ([Errno 11001] getaddrinfo failed)\"))"},"timestamp":"2025-11-11 10:59:16,778+0530","service":"FyersAPI"}
{"level":"ERROR","location":"[get_call:164] fyersModel","message":{"API":"/history","error":"HTTPSConnectionPool(host='api-t1.fyers.in', port=443): Max retries exceeded with url: /data/history?symbol=NSE%3AHEG-EQ&resolution=5&date_format=1&range_from=2025-11-04&range_to=2025-11-11&cont_flag=1 (Caused by NameResolutionError(\"<urllib3.connection.HTTPSConnection object at 0x0000013ADA43C510>: Failed to resolve 'api-t1.fyers.in' ([Errno 11001] getaddrinfo failed)\"))"},"timestamp":"2025-11-11 10:59:16,783+0530","service":"FyersAPI"}
{"level":"ERROR","location":"[get_call:164] fyersModel","message":{"API":"/history","error":"HTTPSConnectionPool(host='api-t1.fyers.in', port=443): Max retries exceeded with url: /data/history?symbol=NSE%3AINTELLECT-EQ&resolution=5&date_format=1&range_from=2025-11-04&range_to=2025-11-11&cont_flag=1 (Caused by NameResolutionError(\"<urllib3.connection.HTTPSConnection object at 0x0000013ADA426190>: Failed to resolve 'api-t1.fyers.in' ([Errno 11001] getaddrinfo failed)\"))"},"timestamp":"2025-11-11 10:59:16,787+0530","service":"FyersAPI"}
{"level":"ERROR","location":"[get_call:164] fyersModel","message":{"API":"/history","error":"HTTPSConnectionPool(host='api-t1.fyers.in', port=443): Max retries exceeded with url: /data/history?symbol=NSE%3AJSL-EQ&resolution=5&date_format=1&range_from=2025-11-04&range_to=2025-11-11&cont_flag=1 (Caused by NameResolutionError(\"<urllib3.connection.HTTPSConnection object at 0x0000013ADA30FDD0>: Failed to resolve 'api-t1.fyers.in' ([Errno 11001] getaddrinfo failed)\"))"},"timestamp":"2025-11-11 10:59:26,797+0530","service":"FyersAPI"}
{"level":"ERROR","location":"[get_call:164] fyersModel","message":{"API":"/history","error":"HTTPSConnectionPool(host='api-t1.fyers.in', port=443): Max retries exceeded with url: /data/history?symbol=NSE%3AMMTC-EQ&resolution=5&date_format=1&range_from=2025-11-04&range_to=2025-11-11&cont_flag=1 (Caused by NameResolutionError(\"<urllib3.connection.HTTPSConnection object at 0x0000013ADA43D110>: Failed to resolve 'api-t1.fyers.in' ([Errno 11001] getaddrinfo failed)\"))"},"timestamp":"2025-11-11 10:59:26,803+0530","service":"FyersAPI"}
{"level":"ERROR","location":"[get_call:164] fyersModel","message":{"API":"/history","error":"HTTPSConnectionPool(host='api-t1.fyers.in', port=443): Max retries exceeded with url: /data/history?symbol=NSE%3AIDEA-EQ&resolution=5&date_format=1&range_from=2025-11-04&range_to=2025-11-11&cont_flag=1 (Caused by NameResolutionError(\"<urllib3.connection.HTTPSConnection object at 0x0000013ADA43D750>: Failed to resolve 'api-t1.fyers.in' ([Errno 11001] getaddrinfo failed)\"))"},"timestamp":"2025-11-11 10:59:26,810+0530","service":"FyersAPI"}
{"level":"ERROR","location":"[get_call:164] fyersModel","message":{"API":"/history","error":"HTTPSConnectionPool(host='api-t1.fyers.in', port=443): Max retries exceeded with url: /data/history?symbol=NSE%3AKEC-EQ&resolution=5&date_format=1&range_from=2025-11-04&range_to=2025-11-11&cont_flag=1 (Caused by NameResolutionError(\"<urllib3.connection.HTTPSConnection object at 0x0000013ADA3F7D90>: Failed to resolve 'api-t1.fyers.in' ([Errno 11001] getaddrinfo failed)\"))"},"timestamp":"2025-11-11 10:59:26,814+0530","service":"FyersAPI"}
{"level":"ERROR","location":"[get_call:164] fyersModel","message":{"API":"/history","error":"HTTPSConnectionPool(host='api-t1.fyers.in', port=443): Max retries exceeded with url: /data/history?symbol=NSE%3AHEG-EQ&resolution=5&date_format=1&range_from=2025-11-04&range_to=2025-11-11&cont_flag=1 (Caused by NameResolutionError(\"<urllib3.connection.HTTPSConnection object at 0x0000013ADA425B50>: Failed to resolve 'api-t1.fyers.in' ([Errno 11001] getaddrinfo failed)\"))"},"timestamp":"2025-11-11 10:59:26,820+0530","service":"FyersAPI"}
{"level":"ERROR","location":"[get_call:164] fyersModel","message":{"API":"/history","error":"HTTPSConnectionPool(host='api-t1.fyers.in', port=443): Max retries exceeded with url: /data/history?symbol=NSE%3AINTELLECT-EQ&resolution=5&date_format=1&range_from=2025-11-04&range_to=2025-11-11&cont_flag=1 (Caused by NameResolutionError(\"<urllib3.connection.HTTPSConnection object at 0x0000013ADA41E190>: Failed to resolve 'api-t1.fyers.in' ([Errno 11001] getaddrinfo failed)\"))"},"timestamp":"2025-11-11 10:59:26,822+0530","service":"FyersAPI"}
{"level":"ERROR","location":"[get_call:164] fyersModel","message":{"API":"/history","error":"HTTPSConnectionPool(host='api-t1.fyers.in', port=443): Max retries exceeded with url: /data/history?symbol=NSE%3AJSL-EQ&resolution=5&date_format=1&range_from=2025-11-04&range_to=2025-11-11&cont_flag=1 (Caused by NameResolutionError(\"<urllib3.connection.HTTPSConnection object at 0x0000013ADA41E010>: Failed to resolve 'api-t1.fyers.in' ([Errno 11001] getaddrinfo failed)\"))"},"timestamp":"2025-11-11 10:59:36,834+0530","service":"FyersAPI"}
{"level":"ERROR","location":"[get_call:164] fyersModel","message":{"API":"/history","error":"HTTPSConnectionPool(host='api-t1.fyers.in', port=443): Max retries exceeded with url: /data/history?symbol=NSE%3AMMTC-EQ&resolution=5&date_format=1&range_from=2025-11-04&range_to=2025-11-11&cont_flag=1 (Caused by NameResolutionError(\"<urllib3.connection.HTTPSConnection object at 0x0000013ADA425E50>: Failed to resolve 'api-t1.fyers.in' ([Errno 11001] getaddrinfo failed)\"))"},"timestamp":"2025-11-11 10:59:36,839+0530","service":"FyersAPI"}
{"level":"ERROR","location":"[get_call:164] fyersModel","message":{"API":"/history","error":"HTTPSConnectionPool(host='api-t1.fyers.in', port=443): Max retries exceeded with url: /data/history?symbol=NSE%3AIDEA-EQ&resolution=5&date_format=1&range_from=2025-11-04&range_to=2025-11-11&cont_flag=1 (Caused by NameResolutionError(\"<urllib3.connection.HTTPSConnection object at 0x0000013ADA425990>: Failed to resolve 'api-t1.fyers.in' ([Errno 11001] getaddrinfo failed)\"))"},"timestamp":"2025-11-11 10:59:36,848+0530","service":"FyersAPI"}
{"level":"ERROR","location":"[get_call:164] fyersModel","message":{"API":"/history","error":"HTTPSConnectionPool(host='api-t1.fyers.in', port=443): Max retries exceeded with url: /data/history?symbol=NSE%3AKEC-EQ&resolution=5&date_format=1&range_from=2025-11-04&range_to=2025-11-11&cont_flag=1 (Caused by NameResolutionError(\"<urllib3.connection.HTTPSConnection object at 0x0000013ADA08C8D0>: Failed to resolve 'api-t1.fyers.in' ([Errno 11001] getaddrinfo failed)\"))"},"timestamp":"2025-11-11 10:59:36,858+0530","service":"FyersAPI"}
{"level":"ERROR","location":"[get_call:164] fyersModel","message":{"API":"/history","error":"HTTPSConnectionPool(host='api-t1.fyers.in', port=443): Max retries exceeded with url: /data/history?symbol=NSE%3AHEG-EQ&resolution=5&date_format=1&range_from=2025-11-04&range_to=2025-11-11&cont_flag=1 (Caused by NameResolutionError(\"<urllib3.connection.HTTPSConnection object at 0x0000013ADA43C0D0>: Failed to resolve 'api-t1.fyers.in' ([Errno 11001] getaddrinfo failed)\"))"},"timestamp":"2025-11-11 10:59:36,865+0530","service":"FyersAPI"}
{"level":"ERROR","location":"[get_call:164] fyersModel","message":{"API":"/history","error":"HTTPSConnectionPool(host='api-t1.fyers.in', port=443): Max retries exceeded with url: /data/history?symbol=NSE%3AINTELLECT-EQ&resolution=5&date_format=1&range_from=2025-11-04&range_to=2025-11-11&cont_flag=1 (Caused by NameResolutionError(\"<urllib3.connection.HTTPSConnection object at 0x0000013ADA099710>: Failed to resolve 'api-t1.fyers.in' ([Errno 11001] getaddrinfo failed)\"))"},"timestamp":"2025-11-11 10:59:36,872+0530","service":"FyersAPI"}
{"level":"ERROR","location":"[get_call:164] fyersModel","message":{"API":"/history","error":"HTTPSConnectionPool(host='api-t1.fyers.in', port=443): Max retries exceeded with url: /data/history?symbol=NSE%3AJSL-EQ&resolution=5&date_format=1&range_from=2025-11-04&range_to=2025-11-11&cont_flag=1 (Caused by NameResolutionError(\"<urllib3.connection.HTTPSConnection object at 0x0000013ADA35AFD0>: Failed to resolve 'api-t1.fyers.in' ([Errno 11001] getaddrinfo failed)\"))"},"timestamp":"2025-11-11 10:59:46,879+0530","service":"FyersAPI"}
{"level":"ERROR","location":"[get_call:164] fyersModel","message":{"API":"/history","error":"HTTPSConnectionPool(host='api-t1.fyers.in', port=443): Max retries exceeded with url: /data/history?symbol=NSE%3AMMTC-EQ&resolution=5&date_format=1&range_from=2025-11-04&range_to=2025-11-11&cont_flag=1 (Caused by NameResolutionError(\"<urllib3.connection.HTTPSConnection object at 0x0000013ADA424290>: Failed to resolve 'api-t1.fyers.in' ([Errno 11001] getaddrinfo failed)\"))"},"timestamp":"2025-11-11 10:59:46,884+0530","service":"FyersAPI"}
{"level":"ERROR","location":"[get_call:164] fyersModel","message":{"API":"/history","error":"HTTPSConnectionPool(host='api-t1.fyers.in', port=443): Max retries exceeded with url: /data/history?symbol=NSE%3AIDEA-EQ&resolution=5&date_format=1&range_from=2025-11-04&range_to=2025-11-11&cont_flag=1 (Caused by NameResolutionError(\"<urllib3.connection.HTTPSConnection object at 0x0000013ADA424110>: Failed to resolve 'api-t1.fyers.in' ([Errno 11001] getaddrinfo failed)\"))"},"timestamp":"2025-11-11 10:59:46,890+0530","service":"FyersAPI"}
{"level":"ERROR","location":"[get_call:164] fyersModel","message":{"API":"/history","error":"HTTPSConnectionPool(host='api-t1.fyers.in', port=443): Max retries exceeded with url: /data/history?symbol=NSE%3AKEC-EQ&resolution=5&date_format=1&range_from=2025-11-04&range_to=2025-11-11&cont_flag=1 (Caused by NameResolutionError(\"<urllib3.connection.HTTPSConnection object at 0x0000013ADA405550>: Failed to resolve 'api-t1.fyers.in' ([Errno 11001] getaddrinfo failed)\"))"},"timestamp":"2025-11-11 10:59:46,892+0530","service":"FyersAPI"}
{"level":"ERROR","location":"[get_call:164] fyersModel","message":{"API":"/history","error":"HTTPSConnectionPool(host='api-t1.fyers.in', port=443): Max retries exceeded with url: /data/history?symbol=NSE%3AHEG-EQ&resolution=5&date_format=1&range_from=2025-11-04&range_to=2025-11-11&cont_flag=1 (Caused by NameResolutionError(\"<urllib3.connection.HTTPSConnection object at 0x0000013ADA412D50>: Failed to resolve 'api-t1.fyers.in' ([Errno 11001] getaddrinfo failed)\"))"},"timestamp":"2025-11-11 10:59:46,899+0530","service":"FyersAPI"}
{"level":"ERROR","location":"[get_call:164] fyersModel","message":{"API":"/history","error":"HTTPSConnectionPool(host='api-t1.fyers.in', port=443): Max retries exceeded with url: /data/history?symbol=NSE%3AINTELLECT-EQ&resolution=5&date_format=1&range_from=2025-11-04&range_to=2025-11-11&cont_flag=1 (Caused by NameResolutionError(\"<urllib3.connection.HTTPSConnection object at 0x0000013ADA426250>: Failed to resolve 'api-t1.fyers.in' ([Errno 11001] getaddrinfo failed)\"))"},"timestamp":"2025-11-11 10:59:46,904+0530","service":"FyersAPI"}
{"level":"ERROR","location":"[get_call:164] fyersModel","message":{"API":"/history","error":"HTTPSConnectionPool(host='api-t1.fyers.in', port=443): Max retries exceeded with url: /data/history?symbol=NSE%3AJSL-EQ&resolution=5&date_format=1&range_from=2025-11-04&range_to=2025-11-11&cont_flag=1 (Caused by NameResolutionError(\"<urllib3.connection.HTTPSConnection object at 0x0000013ADA426B50>: Failed to resolve 'api-t1.fyers.in' ([Errno 11001] getaddrinfo failed)\"))"},"timestamp":"2025-11-11 10:59:56,909+0530","service":"FyersAPI"}
{"level":"ERROR","location":"[get_call:164] fyersModel","message":{"API":"/history","error":"HTTPSConnectionPool(host='api-t1.fyers.in', port=443): Max retries exceeded with url: /data/history?symbol=NSE%3AMMTC-EQ&resolution=5&date_format=1&range_from=2025-11-04&range_to=2025-11-11&cont_flag=1 (Caused by NameResolutionError(\"<urllib3.connection.HTTPSConnection object at 0x0000013ADA307910>: Failed to resolve 'api-t1.fyers.in' ([Errno 11001] getaddrinfo failed)\"))"},"timestamp":"2025-11-11 10:59:56,915+0530","service":"FyersAPI"}
{"level":"ERROR","location":"[get_call:164] fyersModel","message":{"API":"/history","error":"HTTPSConnectionPool(host='api-t1.fyers.in', port=443): Max retries exceeded with url: /data/history?symbol=NSE%3AIDEA-EQ&resolution=5&date_format=1&range_from=2025-11-04&range_to=2025-11-11&cont_flag=1 (Caused by NameResolutionError(\"<urllib3.connection.HTTPSConnection object at 0x0000013ADA404A50>: Failed to resolve 'api-t1.fyers.in' ([Errno 11001] getaddrinfo failed)\"))"},"timestamp":"2025-11-11 10:59:56,923+0530","service":"FyersAPI"}
{"level":"ERROR","location":"[get_call:164] fyersModel","message":{"API":"/history","error":"HTTPSConnectionPool(host='api-t1.fyers.in', port=443): Max retries exceeded with url: /data/history?symbol=NSE%3AKEC-EQ&resolution=5&date_format=1&range_from=2025-11-04&range_to=2025-11-11&cont_flag=1 (Caused by NameResolutionError(\"<urllib3.connection.HTTPSConnection object at 0x0000013ADA43ED50>: Failed to resolve 'api-t1.fyers.in' ([Errno 11001] getaddrinfo failed)\"))"},"timestamp":"2025-11-11 10:59:56,928+0530","service":"FyersAPI"}
{"level":"ERROR","location":"[get_call:164] fyersModel","message":{"API":"/history","error":"HTTPSConnectionPool(host='api-t1.fyers.in', port=443): Max retries exceeded with url: /data/history?symbol=NSE%3AHEG-EQ&resolution=5&date_format=1&range_from=2025-11-04&range_to=2025-11-11&cont_flag=1 (Caused by NameResolutionError(\"<urllib3.connection.HTTPSConnection object at 0x0000013ADA3F7650>: Failed to resolve 'api-t1.fyers.in' ([Errno 11001] getaddrinfo failed)\"))"},"timestamp":"2025-11-11 10:59:56,935+0530","service":"FyersAPI"}
{"level":"ERROR","location":"[get_call:164] fyersModel","message":{"API":"/history","error":"HTTPSConnectionPool(host='api-t1.fyers.in', port=443): Max retries exceeded with url: /data/history?symbol=NSE%3AINTELLECT-EQ&resolution=5&date_format=1&range_from=2025-11-04&range_to=2025-11-11&cont_flag=1 (Caused by NameResolutionError(\"<urllib3.connection.HTTPSConnection object at 0x0000013ADA411FD0>: Failed to resolve 'api-t1.fyers.in' ([Errno 11001] getaddrinfo failed)\"))"},"timestamp":"2025-11-11 10:59:56,942+0530","service":"FyersAPI"}
{"level":"ERROR","location":"[get_call:164] fyersModel","message":{"API":"/history","error":"HTTPSConnectionPool(host='api-t1.fyers.in', port=443): Max retries exceeded with url: /data/history?symbol=NSE%3AJSL-EQ&resolution=5&date_format=1&range_from=2025-11-04&range_to=2025-11-11&cont_flag=1 (Caused by NameResolutionError(\"<urllib3.connection.HTTPSConnection object at 0x0000013ADA3064D0>: Failed to resolve 'api-t1.fyers.in' ([Errno 11001] getaddrinfo failed)\"))"},"timestamp":"2025-11-11 11:00:06,947+0530","service":"FyersAPI"}
{"level":"ERROR","location":"[get_call:164] fyersModel","message":{"API":"/history","error":"HTTPSConnectionPool(host='api-t1.fyers.in', port=443): Max retries exceeded with url: /data/history?symbol=NSE%3AMMTC-EQ&resolution=5&date_format=1&range_from=2025-11-04&range_to=2025-11-11&cont_flag=1 (Caused by NameResolutionError(\"<urllib3.connection.HTTPSConnection object at 0x0000013ADA426790>: Failed to resolve 'api-t1.fyers.in' ([Errno 11001] getaddrinfo failed)\"))"},"timestamp":"2025-11-11 11:00:06,953+0530","service":"FyersAPI"}
{"level":"ERROR","location":"[get_call:164] fyersModel","message":{"API":"/history","error":"HTTPSConnectionPool(host='api-t1.fyers.in', port=443): Max retries exceeded with url: /data/history?symbol=NSE%3AIDEA-EQ&resolution=5&date_format=1&range_from=2025-11-04&range_to=2025-11-11&cont_flag=1 (Caused by NameResolutionError(\"<urllib3.connection.HTTPSConnection object at 0x0000013ADA424190>: Failed to resolve 'api-t1.fyers.in' ([Errno 11001] getaddrinfo failed)\"))"},"timestamp":"2025-11-11 11:00:06,959+0530","service":"FyersAPI"}
{"level":"ERROR","location":"[get_call:164] fyersModel","message":{"API":"/history","error":"HTTPSConnectionPool(host='api-t1.fyers.in', port=443): Max retries exceeded with url: /data/history?symbol=NSE%3AKEC-EQ&resolution=5&date_format=1&range_from=2025-11-04&range_to=2025-11-11&cont_flag=1 (Caused by NameResolutionError(\"<urllib3.connection.HTTPSConnection object at 0x0000013ADA425590>: Failed to resolve 'api-t1.fyers.in' ([Errno 11001] getaddrinfo failed)\"))"},"timestamp":"2025-11-11 11:00:06,962+0530","service":"FyersAPI"}
{"level":"ERROR","location":"[get_call:164] fyersModel","message":{"API":"/history","error":"HTTPSConnectionPool(host='api-t1.fyers.in', port=443): Max retries exceeded with url: /data/history?symbol=NSE%3AHEG-EQ&resolution=5&date_format=1&range_from=2025-11-04&range_to=2025-11-11&cont_flag=1 (Caused by NameResolutionError(\"<urllib3.connection.HTTPSConnection object at 0x0000013ADA424910>: Failed to resolve 'api-t1.fyers.in' ([Errno 11001] getaddrinfo failed)\"))"},"timestamp":"2025-11-11 11:00:06,971+0530","service":"FyersAPI"}
{"level":"ERROR","location":"[get_call:164] fyersModel","message":{"API":"/history","error":"HTTPSConnectionPool(host='api-t1.fyers.in', port=443): Max retries exceeded with url: /data/history?symbol=NSE%3AINTELLECT-EQ&resolution=5&date_format=1&range_from=2025-11-04&range_to=2025-11-11&cont_flag=1 (Caused by NameResolutionError(\"<urllib3.connection.HTTPSConnection object at 0x0000013ADA084B50>: Failed to resolve 'api-t1.fyers.in' ([Errno 11001] getaddrinfo failed)\"))"},"timestamp":"2025-11-11 11:00:06,975+0530","service":"FyersAPI"}
{"level":"ERROR","location":"[get_call:164] fyersModel","message":{"API":"/history","error":"HTTPSConnectionPool(host='api-t1.fyers.in', port=443): Max retries exceeded with url: /data/history?symbol=NSE%3AJSL-EQ&resolution=5&date_format=1&range_from=2025-11-04&range_to=2025-11-11&cont_flag=1 (Caused by NameResolutionError(\"<urllib3.connection.HTTPSConnection object at 0x0000013ADA413610>: Failed to resolve 'api-t1.fyers.in' ([Errno 11001] getaddrinfo failed)\"))"},"timestamp":"2025-11-11 11:00:16,981+0530","service":"FyersAPI"}
{"level":"ERROR","location":"[get_call:164] fyersModel","message":{"API":"/history","error":"HTTPSConnectionPool(host='api-t1.fyers.in', port=443): Max retries exceeded with url: /data/history?symbol=NSE%3AMMTC-EQ&resolution=5&date_format=1&range_from=2025-11-04&range_to=2025-11-11&cont_flag=1 (Caused by NameResolutionError(\"<urllib3.connection.HTTPSConnection object at 0x0000013ADA3F7D50>: Failed to resolve 'api-t1.fyers.in' ([Errno 11001] getaddrinfo failed)\"))"},"timestamp":"2025-11-11 11:00:16,989+0530","service":"FyersAPI"}
{"level":"ERROR","location":"[get_call:164] fyersModel","message":{"API":"/history","error":"HTTPSConnectionPool(host='api-t1.fyers.in', port=443): Max retries exceeded with url: /data/history?symbol=NSE%3AIDEA-EQ&resolution=5&date_format=1&range_from=2025-11-04&range_to=2025-11-11&cont_flag=1 (Caused by NameResolutionError(\"<urllib3.connection.HTTPSConnection object at 0x0000013ADA43F550>: Failed to resolve 'api-t1.fyers.in' ([Errno 11001] getaddrinfo failed)\"))"},"timestamp":"2025-11-11 11:00:16,999+0530","service":"FyersAPI"}
{"level":"ERROR","location":"[get_call:164] fyersModel","message":{"API":"/history","error":"HTTPSConnectionPool(host='api-t1.fyers.in', port=443): Max retries exceeded with url: /data/history?symbol=NSE%3AKEC-EQ&resolution=5&date_format=1&range_from=2025-11-04&range_to=2025-11-11&cont_flag=1 (Caused by NameResolutionError(\"<urllib3.connection.HTTPSConnection object at 0x0000013ADA386E10>: Failed to resolve 'api-t1.fyers.in' ([Errno 11001] getaddrinfo failed)\"))"},"timestamp":"2025-11-11 11:00:17,001+0530","service":"FyersAPI"}
{"level":"ERROR","location":"[get_call:164] fyersModel","message":{"API":"/history","error":"HTTPSConnectionPool(host='api-t1.fyers.in', port=443): Max retries exceeded with url: /data/history?symbol=NSE%3AHEG-EQ&resolution=5&date_format=1&range_from=2025-11-04&range_to=2025-11-11&cont_flag=1 (Caused by NameResolutionError(\"<urllib3.connection.HTTPSConnection object at 0x0000013ADA08FB10>: Failed to resolve 'api-t1.fyers.in' ([Errno 11001] getaddrinfo failed)\"))"},"timestamp":"2025-11-11 11:00:17,005+0530","service":"FyersAPI"}
{"level":"ERROR","location":"[get_call:164] fyersModel","message":{"API":"/history","error":"HTTPSConnectionPool(host='api-t1.fyers.in', port=443): Max retries exceeded with url: /data/history?symbol=NSE%3AINTELLECT-EQ&resolution=5&date_format=1&range_from=2025-11-04&range_to=2025-11-11&cont_flag=1 (Caused by NameResolutionError(\"<urllib3.connection.HTTPSConnection object at 0x0000013ADA0AC850>: Failed to resolve 'api-t1.fyers.in' ([Errno 11001] getaddrinfo failed)\"))"},"timestamp":"2025-11-11 11:00:17,015+0530","service":"FyersAPI"}
{"level":"ERROR","location":"[get_call:164] fyersModel","message":{"API":"/history","error":"HTTPSConnectionPool(host='api-t1.fyers.in', port=443): Max retries exceeded with url: /data/history?symbol=NSE%3AJSL-EQ&resolution=5&date_format=1&range_from=2025-11-04&range_to=2025-11-11&cont_flag=1 (Caused by NameResolutionError(\"<urllib3.connection.HTTPSConnection object at 0x0000013ADA426E90>: Failed to resolve 'api-t1.fyers.in' ([Errno 11001] getaddrinfo failed)\"))"},"timestamp":"2025-11-11 11:00:27,021+0530","service":"FyersAPI"}
{"level":"ERROR","location":"[get_call:164] fyersModel","message":{"API":"/history","error":"HTTPSConnectionPool(host='api-t1.fyers.in', port=443): Max retries exceeded with url: /data/history?symbol=NSE%3AMMTC-EQ&resolution=5&date_format=1&range_from=2025-11-04&range_to=2025-11-11&cont_flag=1 (Caused by NameResolutionError(\"<urllib3.connection.HTTPSConnection object at 0x0000013ADA43E010>: Failed to resolve 'api-t1.fyers.in' ([Errno 11001] getaddrinfo failed)\"))"},"timestamp":"2025-11-11 11:00:27,027+0530","service":"FyersAPI"}
{"level":"ERROR","location":"[get_call:164] fyersModel","message":{"API":"/history","error":"HTTPSConnectionPool(host='api-t1.fyers.in', port=443): Max retries exceeded with url: /data/history?symbol=NSE%3AIDEA-EQ&resolution=5&date_format=1&range_from=2025-11-04&range_to=2025-11-11&cont_flag=1 (Caused by NameResolutionError(\"<urllib3.connection.HTTPSConnection object at 0x0000013ADA427B90>: Failed to resolve 'api-t1.fyers.in' ([Errno 11001] getaddrinfo failed)\"))"},"timestamp":"2025-11-11 11:00:27,035+0530","service":"FyersAPI"}
{"level":"ERROR","location":"[get_call:164] fyersModel","message":{"API":"/history","error":"HTTPSConnectionPool(host='api-t1.fyers.in', port=443): Max retries exceeded with url: /data/history?symbol=NSE%3AKEC-EQ&resolution=5&date_format=1&range_from=2025-11-04&range_to=2025-11-11&cont_flag=1 (Caused by NameResolutionError(\"<urllib3.connection.HTTPSConnection object at 0x0000013ADA424890>: Failed to resolve 'api-t1.fyers.in' ([Errno 11001] getaddrinfo failed)\"))"},"timestamp":"2025-11-11 11:00:27,039+0530","service":"FyersAPI"}
{"level":"ERROR","location":"[get_call:164] fyersModel","message":{"API":"/history","error":"HTTPSConnectionPool(host='api-t1.fyers.in', port=443): Max retries exceeded with url: /data/history?symbol=NSE%3AHEG-EQ&resolution=5&date_format=1&range_from=2025-11-04&range_to=2025-11-11&cont_flag=1 (Caused by NameResolutionError(\"<urllib3.connection.HTTPSConnection object at 0x0000013ADA412190>: Failed to resolve 'api-t1.fyers.in' ([Errno 11001] getaddrinfo failed)\"))"},"timestamp":"2025-11-11 11:00:27,045+0530","service":"FyersAPI"}
{"level":"ERROR","location":"[get_call:164] fyersModel","message":{"API":"/history","error":"HTTPSConnectionPool(host='api-t1.fyers.in', port=443): Max retries exceeded with url: /data/history?symbol=NSE%3AINTELLECT-EQ&resolution=5&date_format=1&range_from=2025-11-04&range_to=2025-11-11&cont_flag=1 (Caused by NameResolutionError(\"<urllib3.connection.HTTPSConnection object at 0x0000013ADA359790>: Failed to resolve 'api-t1.fyers.in' ([Errno 11001] getaddrinfo failed)\"))"},"timestamp":"2025-11-11 11:00:27,052+0530","service":"FyersAPI"}
{"level":"ERROR","location":"[get_call:164] fyersModel","message":{"API":"/history","error":"HTTPSConnectionPool(host='api-t1.fyers.in', port=443): Max retries exceeded with url: /data/history?symbol=NSE%3AJSL-EQ&resolution=5&date_format=1&range_from=2025-11-04&range_to=2025-11-11&cont_flag=1 (Caused by NameResolutionError(\"<urllib3.connection.HTTPSConnection object at 0x0000013ADA3876D0>: Failed to resolve 'api-t1.fyers.in' ([Errno 11001] getaddrinfo failed)\"))"},"timestamp":"2025-11-11 11:00:37,058+0530","service":"FyersAPI"}
{"level":"ERROR","location":"[get_call:164] fyersModel","message":{"API":"/history","error":"HTTPSConnectionPool(host='api-t1.fyers.in', port=443): Max retries exceeded with url: /data/history?symbol=NSE%3AMMTC-EQ&resolution=5&date_format=1&range_from=2025-11-04&range_to=2025-11-11&cont_flag=1 (Caused by NameResolutionError(\"<urllib3.connection.HTTPSConnection object at 0x0000013AC7E2FAD0>: Failed to resolve 'api-t1.fyers.in' ([Errno 11001] getaddrinfo failed)\"))"},"timestamp":"2025-11-11 11:00:37,060+0530","service":"FyersAPI"}
{"level":"ERROR","location":"[get_call:164] fyersModel","message":{"API":"/history","error":"HTTPSConnectionPool(host='api-t1.fyers.in', port=443): Max retries exceeded with url: /data/history?symbol=NSE%3AIDEA-EQ&resolution=5&date_format=1&range_from=2025-11-04&range_to=2025-11-11&cont_flag=1 (Caused by NameResolutionError(\"<urllib3.connection.HTTPSConnection object at 0x0000013ADA304690>: Failed to resolve 'api-t1.fyers.in' ([Errno 11001] getaddrinfo failed)\"))"},"timestamp":"2025-11-11 11:00:37,069+0530","service":"FyersAPI"}
{"level":"ERROR","location":"[get_call:164] fyersModel","message":{"API":"/history","error":"HTTPSConnectionPool(host='api-t1.fyers.in', port=443): Max retries exceeded with url: /data/history?symbol=NSE%3AKEC-EQ&resolution=5&date_format=1&range_from=2025-11-04&range_to=2025-11-11&cont_flag=1 (Caused by NameResolutionError(\"<urllib3.connection.HTTPSConnection object at 0x0000013ADA0A5A90>: Failed to resolve 'api-t1.fyers.in' ([Errno 11001] getaddrinfo failed)\"))"},"timestamp":"2025-11-11 11:00:37,075+0530","service":"FyersAPI"}
{"level":"ERROR","location":"[get_call:164] fyersModel","message":{"API":"/history","error":"HTTPSConnectionPool(host='api-t1.fyers.in', port=443): Max retries exceeded with url: /data/history?symbol=NSE%3AHEG-EQ&resolution=5&date_format=1&range_from=2025-11-04&range_to=2025-11-11&cont_flag=1 (Caused by NameResolutionError(\"<urllib3.connection.HTTPSConnection object at 0x0000013ADA43C090>: Failed to resolve 'api-t1.fyers.in' ([Errno 11001] getaddrinfo failed)\"))"},"timestamp":"2025-11-11 11:00:37,079+0530","service":"FyersAPI"}
{"level":"ERROR","location":"[get_call:164] fyersModel","message":{"API":"/history","error":"HTTPSConnectionPool(host='api-t1.fyers.in', port=443): Max retries exceeded with url: /data/history?symbol=NSE%3AINTELLECT-EQ&resolution=5&date_format=1&range_from=2025-11-04&range_to=2025-11-11&cont_flag=1 (Caused by NameResolutionError(\"<urllib3.connection.HTTPSConnection object at 0x0000013ADA426010>: Failed to resolve 'api-t1.fyers.in' ([Errno 11001] getaddrinfo failed)\"))"},"timestamp":"2025-11-11 11:00:37,083+0530","service":"FyersAPI"}
{"level":"ERROR","location":"[get_call:164] fyersModel","message":{"API":"/history","error":"HTTPSConnectionPool(host='api-t1.fyers.in', port=443): Max retries exceeded with url: /data/history?symbol=NSE%3AJSL-EQ&resolution=5&date_format=1&range_from=2025-11-04&range_to=2025-11-11&cont_flag=1 (Caused by NameResolutionError(\"<urllib3.connection.HTTPSConnection object at 0x0000013ADA41CA90>: Failed to resolve 'api-t1.fyers.in' ([Errno 11001] getaddrinfo failed)\"))"},"timestamp":"2025-11-11 11:00:47,093+0530","service":"FyersAPI"}
{"level":"ERROR","location":"[get_call:164] fyersModel","message":{"API":"/history","error":"HTTPSConnectionPool(host='api-t1.fyers.in', port=443): Max retries exceeded with url: /data/history?symbol=NSE%3AMMTC-EQ&resolution=5&date_format=1&range_from=2025-11-04&range_to=2025-11-11&cont_flag=1 (Caused by NameResolutionError(\"<urllib3.connection.HTTPSConnection object at 0x0000013ADA411C50>: Failed to resolve 'api-t1.fyers.in' ([Errno 11001] getaddrinfo failed)\"))"},"timestamp":"2025-11-11 11:00:47,099+0530","service":"FyersAPI"}
{"level":"ERROR","location":"[get_call:164] fyersModel","message":{"API":"/history","error":"HTTPSConnectionPool(host='api-t1.fyers.in', port=443): Max retries exceeded with url: /data/history?symbol=NSE%3AIDEA-EQ&resolution=5&date_format=1&range_from=2025-11-04&range_to=2025-11-11&cont_flag=1 (Caused by NameResolutionError(\"<urllib3.connection.HTTPSConnection object at 0x0000013ADA08FA90>: Failed to resolve 'api-t1.fyers.in' ([Errno 11001] getaddrinfo failed)\"))"},"timestamp":"2025-11-11 11:00:47,107+0530","service":"FyersAPI"}
{"level":"ERROR","location":"[get_call:164] fyersModel","message":{"API":"/history","error":"HTTPSConnectionPool(host='api-t1.fyers.in', port=443): Max retries exceeded with url: /data/history?symbol=NSE%3AKEC-EQ&resolution=5&date_format=1&range_from=2025-11-04&range_to=2025-11-11&cont_flag=1 (Caused by NameResolutionError(\"<urllib3.connection.HTTPSConnection object at 0x0000013ADA426210>: Failed to resolve 'api-t1.fyers.in' ([Errno 11001] getaddrinfo failed)\"))"},"timestamp":"2025-11-11 11:00:47,109+0530","service":"FyersAPI"}
{"level":"ERROR","location":"[get_call:164] fyersModel","message":{"API":"/history","error":"HTTPSConnectionPool(host='api-t1.fyers.in', port=443): Max retries exceeded with url: /data/history?symbol=NSE%3AHEG-EQ&resolution=5&date_format=1&range_from=2025-11-04&range_to=2025-11-11&cont_flag=1 (Caused by NameResolutionError(\"<urllib3.connection.HTTPSConnection object at 0x0000013ADA347690>: Failed to resolve 'api-t1.fyers.in' ([Errno 11001] getaddrinfo failed)\"))"},"timestamp":"2025-11-11 11:00:47,115+0530","service":"FyersAPI"}
{"level":"ERROR","location":"[get_call:164] fyersModel","message":{"API":"/history","error":"HTTPSConnectionPool(host='api-t1.fyers.in', port=443): Max retries exceeded with url: /data/history?symbol=NSE%3AINTELLECT-EQ&resolution=5&date_format=1&range_from=2025-11-04&range_to=2025-11-11&cont_flag=1 (Caused by NameResolutionError(\"<urllib3.connection.HTTPSConnection object at 0x0000013ADA41FD10>: Failed to resolve 'api-t1.fyers.in' ([Errno 11001] getaddrinfo failed)\"))"},"timestamp":"2025-11-11 11:00:47,115+0530","service":"FyersAPI"}
{"level":"ERROR","location":"[get_call:164] fyersModel","message":{"API":"/history","error":"HTTPSConnectionPool(host='api-t1.fyers.in', port=443): Max retries exceeded with url: /data/history?symbol=NSE%3AJSL-EQ&resolution=5&date_format=1&range_from=2025-11-04&range_to=2025-11-11&cont_flag=1 (Caused by NameResolutionError(\"<urllib3.connection.HTTPSConnection object at 0x0000013ADA43D310>: Failed to resolve 'api-t1.fyers.in' ([Errno 11001] getaddrinfo failed)\"))"},"timestamp":"2025-11-11 11:00:57,127+0530","service":"FyersAPI"}
{"level":"ERROR","location":"[get_call:164] fyersModel","message":{"API":"/history","error":"HTTPSConnectionPool(host='api-t1.fyers.in', port=443): Max retries exceeded with url: /data/history?symbol=NSE%3AMMTC-EQ&resolution=5&date_format=1&range_from=2025-11-04&range_to=2025-11-11&cont_flag=1 (Caused by NameResolutionError(\"<urllib3.connection.HTTPSConnection object at 0x0000013ADA3F7D10>: Failed to resolve 'api-t1.fyers.in' ([Errno 11001] getaddrinfo failed)\"))"},"timestamp":"2025-11-11 11:00:57,133+0530","service":"FyersAPI"}
{"level":"ERROR","location":"[get_call:164] fyersModel","message":{"API":"/history","error":"HTTPSConnectionPool(host='api-t1.fyers.in', port=443): Max retries exceeded with url: /data/history?symbol=NSE%3AIDEA-EQ&resolution=5&date_format=1&range_from=2025-11-04&range_to=2025-11-11&cont_flag=1 (Caused by NameResolutionError(\"<urllib3.connection.HTTPSConnection object at 0x0000013ADA4261D0>: Failed to resolve 'api-t1.fyers.in' ([Errno 11001] getaddrinfo failed)\"))"},"timestamp":"2025-11-11 11:00:57,140+0530","service":"FyersAPI"}
{"level":"ERROR","location":"[get_call:164] fyersModel","message":{"API":"/history","error":"HTTPSConnectionPool(host='api-t1.fyers.in', port=443): Max retries exceeded with url: /data/history?symbol=NSE%3AKEC-EQ&resolution=5&date_format=1&range_from=2025-11-04&range_to=2025-11-11&cont_flag=1 (Caused by NameResolutionError(\"<urllib3.connection.HTTPSConnection object at 0x0000013ADA0A3DD0>: Failed to resolve 'api-t1.fyers.in' ([Errno 11001] getaddrinfo failed)\"))"},"timestamp":"2025-11-11 11:00:57,141+0530","service":"FyersAPI"}
{"level":"ERROR","location":"[get_call:164] fyersModel","message":{"API":"/history","error":"HTTPSConnectionPool(host='api-t1.fyers.in', port=443): Max retries exceeded with url: /data/history?symbol=NSE%3AHEG-EQ&resolution=5&date_format=1&range_from=2025-11-04&range_to=2025-11-11&cont_flag=1 (Caused by NameResolutionError(\"<urllib3.connection.HTTPSConnection object at 0x0000013AD960D690>: Failed to resolve 'api-t1.fyers.in' ([Errno 11001] getaddrinfo failed)\"))"},"timestamp":"2025-11-11 11:00:57,149+0530","service":"FyersAPI"}
{"level":"ERROR","location":"[get_call:164] fyersModel","message":{"API":"/history","error":"HTTPSConnectionPool(host='api-t1.fyers.in', port=443): Max retries exceeded with url: /data/history?symbol=NSE%3AINTELLECT-EQ&resolution=5&date_format=1&range_from=2025-11-04&range_to=2025-11-11&cont_flag=1 (Caused by NameResolutionError(\"<urllib3.connection.HTTPSConnection object at 0x0000013ADA387510>: Failed to resolve 'api-t1.fyers.in' ([Errno 11001] getaddrinfo failed)\"))"},"timestamp":"2025-11-11 11:00:57,153+0530","service":"FyersAPI"}
{"level":"ERROR","location":"[get_call:164] fyersModel","message":{"API":"/history","error":"HTTPSConnectionPool(host='api-t1.fyers.in', port=443): Max retries exceeded with url: /data/history?symbol=NSE%3AJSL-EQ&resolution=5&date_format=1&range_from=2025-11-04&range_to=2025-11-11&cont_flag=1 (Caused by NameResolutionError(\"<urllib3.connection.HTTPSConnection object at 0x0000013ADA08FB10>: Failed to resolve 'api-t1.fyers.in' ([Errno 11001] getaddrinfo failed)\"))"},"timestamp":"2025-11-11 11:01:07,159+0530","service":"FyersAPI"}
{"level":"ERROR","location":"[get_call:164] fyersModel","message":{"API":"/history","error":"HTTPSConnectionPool(host='api-t1.fyers.in', port=443): Max retries exceeded with url: /data/history?symbol=NSE%3AMMTC-EQ&resolution=5&date_format=1&range_from=2025-11-04&range_to=2025-11-11&cont_flag=1 (Caused by NameResolutionError(\"<urllib3.connection.HTTPSConnection object at 0x0000013ADA304ED0>: Failed to resolve 'api-t1.fyers.in' ([Errno 11001] getaddrinfo failed)\"))"},"timestamp":"2025-11-11 11:01:07,173+0530","service":"FyersAPI"}
{"level":"ERROR","location":"[get_call:164] fyersModel","message":{"API":"/history","error":"HTTPSConnectionPool(host='api-t1.fyers.in', port=443): Max retries exceeded with url: /data/history?symbol=NSE%3AIDEA-EQ&resolution=5&date_format=1&range_from=2025-11-04&range_to=2025-11-11&cont_flag=1 (Caused by NameResolutionError(\"<urllib3.connection.HTTPSConnection object at 0x0000013ADA424910>: Failed to resolve 'api-t1.fyers.in' ([Errno 11001] getaddrinfo failed)\"))"},"timestamp":"2025-11-11 11:01:07,181+0530","service":"FyersAPI"}
{"level":"ERROR","location":"[get_call:164] fyersModel","message":{"API":"/history","error":"HTTPSConnectionPool(host='api-t1.fyers.in', port=443): Max retries exceeded with url: /data/history?symbol=NSE%3AKEC-EQ&resolution=5&date_format=1&range_from=2025-11-04&range_to=2025-11-11&cont_flag=1 (Caused by NameResolutionError(\"<urllib3.connection.HTTPSConnection object at 0x0000013ADA43CDD0>: Failed to resolve 'api-t1.fyers.in' ([Errno 11001] getaddrinfo failed)\"))"},"timestamp":"2025-11-11 11:01:07,187+0530","service":"FyersAPI"}
{"level":"ERROR","location":"[get_call:164] fyersModel","message":{"API":"/history","error":"HTTPSConnectionPool(host='api-t1.fyers.in', port=443): Max retries exceeded with url: /data/history?symbol=NSE%3AHEG-EQ&resolution=5&date_format=1&range_from=2025-11-04&range_to=2025-11-11&cont_flag=1 (Caused by NameResolutionError(\"<urllib3.connection.HTTPSConnection object at 0x0000013ADA41FA90>: Failed to resolve 'api-t1.fyers.in' ([Errno 11001] getaddrinfo failed)\"))"},"timestamp":"2025-11-11 11:01:07,196+0530","service":"FyersAPI"}
{"level":"ERROR","location":"[get_call:164] fyersModel","message":{"API":"/history","error":"HTTPSConnectionPool(host='api-t1.fyers.in', port=443): Max retries exceeded with url: /data/history?symbol=NSE%3AINTELLECT-EQ&resolution=5&date_format=1&range_from=2025-11-04&range_to=2025-11-11&cont_flag=1 (Caused by NameResolutionError(\"<urllib3.connection.HTTPSConnection object at 0x0000013ADA425890>: Failed to resolve 'api-t1.fyers.in' ([Errno 11001] getaddrinfo failed)\"))"},"timestamp":"2025-11-11 11:01:07,204+0530","service":"FyersAPI"}
{"level":"ERROR","location":"[get_call:164] fyersModel","message":{"API":"/history","error":"HTTPSConnectionPool(host='api-t1.fyers.in', port=443): Max retries exceeded with url: /data/history?symbol=NSE%3AJSL-EQ&resolution=5&date_format=1&range_from=2025-11-04&range_to=2025-11-11&cont_flag=1 (Caused by NameResolutionError(\"<urllib3.connection.HTTPSConnection object at 0x0000013ADA426750>: Failed to resolve 'api-t1.fyers.in' ([Errno 11001] getaddrinfo failed)\"))"},"timestamp":"2025-11-11 11:01:17,213+0530","service":"FyersAPI"}
{"level":"ERROR","location":"[get_call:164] fyersModel","message":{"API":"/history","error":"HTTPSConnectionPool(host='api-t1.fyers.in', port=443): Max retries exceeded with url: /data/history?symbol=NSE%3AMMTC-EQ&resolution=5&date_format=1&range_from=2025-11-04&range_to=2025-11-11&cont_flag=1 (Caused by NameResolutionError(\"<urllib3.connection.HTTPSConnection object at 0x0000013ADA3F6AD0>: Failed to resolve 'api-t1.fyers.in' ([Errno 11001] getaddrinfo failed)\"))"},"timestamp":"2025-11-11 11:01:17,218+0530","service":"FyersAPI"}
{"level":"ERROR","location":"[get_call:164] fyersModel","message":{"API":"/history","error":"HTTPSConnectionPool(host='api-t1.fyers.in', port=443): Max retries exceeded with url: /data/history?symbol=NSE%3AIDEA-EQ&resolution=5&date_format=1&range_from=2025-11-04&range_to=2025-11-11&cont_flag=1 (Caused by NameResolutionError(\"<urllib3.connection.HTTPSConnection object at 0x0000013ADA413650>: Failed to resolve 'api-t1.fyers.in' ([Errno 11001] getaddrinfo failed)\"))"},"timestamp":"2025-11-11 11:01:17,225+0530","service":"FyersAPI"}
{"level":"ERROR","location":"[get_call:164] fyersModel","message":{"API":"/history","error":"HTTPSConnectionPool(host='api-t1.fyers.in', port=443): Max retries exceeded with url: /data/history?symbol=NSE%3AKEC-EQ&resolution=5&date_format=1&range_from=2025-11-04&range_to=2025-11-11&cont_flag=1 (Caused by NameResolutionError(\"<urllib3.connection.HTTPSConnection object at 0x0000013ADA41EA50>: Failed to resolve 'api-t1.fyers.in' ([Errno 11001] getaddrinfo failed)\"))"},"timestamp":"2025-11-11 11:01:17,228+0530","service":"FyersAPI"}
{"level":"ERROR","location":"[get_call:164] fyersModel","message":{"API":"/history","error":"HTTPSConnectionPool(host='api-t1.fyers.in', port=443): Max retries exceeded with url: /data/history?symbol=NSE%3AHEG-EQ&resolution=5&date_format=1&range_from=2025-11-04&range_to=2025-11-11&cont_flag=1 (Caused by NameResolutionError(\"<urllib3.connection.HTTPSConnection object at 0x0000013ADA410550>: Failed to resolve 'api-t1.fyers.in' ([Errno 11001] getaddrinfo failed)\"))"},"timestamp":"2025-11-11 11:01:17,236+0530","service":"FyersAPI"}
{"level":"ERROR","location":"[get_call:164] fyersModel","message":{"API":"/history","error":"HTTPSConnectionPool(host='api-t1.fyers.in', port=443): Max retries exceeded with url: /data/history?symbol=NSE%3AINTELLECT-EQ&resolution=5&date_format=1&range_from=2025-11-04&range_to=2025-11-11&cont_flag=1 (Caused by NameResolutionError(\"<urllib3.connection.HTTPSConnection object at 0x0000013ADA08D1D0>: Failed to resolve 'api-t1.fyers.in' ([Errno 11001] getaddrinfo failed)\"))"},"timestamp":"2025-11-11 11:01:17,242+0530","service":"FyersAPI"}
{"level":"ERROR","location":"[get_call:164] fyersModel","message":{"API":"/history","error":"HTTPSConnectionPool(host='api-t1.fyers.in', port=443): Max retries exceeded with url: /data/history?symbol=NSE%3AJSL-EQ&resolution=5&date_format=1&range_from=2025-11-04&range_to=2025-11-11&cont_flag=1 (Caused by NameResolutionError(\"<urllib3.connection.HTTPSConnection object at 0x0000013AD65F5110>: Failed to resolve 'api-t1.fyers.in' ([Errno 11001] getaddrinfo failed)\"))"},"timestamp":"2025-11-11 11:01:27,247+0530","service":"FyersAPI"}
{"level":"ERROR","location":"[get_call:164] fyersModel","message":{"API":"/history","error":"HTTPSConnectionPool(host='api-t1.fyers.in', port=443): Max retries exceeded with url: /data/history?symbol=NSE%3AMMTC-EQ&resolution=5&date_format=1&range_from=2025-11-04&range_to=2025-11-11&cont_flag=1 (Caused by NameResolutionError(\"<urllib3.connection.HTTPSConnection object at 0x0000013ADA425990>: Failed to resolve 'api-t1.fyers.in' ([Errno 11001] getaddrinfo failed)\"))"},"timestamp":"2025-11-11 11:01:27,252+0530","service":"FyersAPI"}
{"level":"ERROR","location":"[get_call:164] fyersModel","message":{"API":"/history","error":"HTTPSConnectionPool(host='api-t1.fyers.in', port=443): Max retries exceeded with url: /data/history?symbol=NSE%3AIDEA-EQ&resolution=5&date_format=1&range_from=2025-11-04&range_to=2025-11-11&cont_flag=1 (Caused by NameResolutionError(\"<urllib3.connection.HTTPSConnection object at 0x0000013ADA43DDD0>: Failed to resolve 'api-t1.fyers.in' ([Errno 11001] getaddrinfo failed)\"))"},"timestamp":"2025-11-11 11:01:27,260+0530","service":"FyersAPI"}
{"level":"ERROR","location":"[get_call:164] fyersModel","message":{"API":"/history","error":"HTTPSConnectionPool(host='api-t1.fyers.in', port=443): Max retries exceeded with url: /data/history?symbol=NSE%3AKEC-EQ&resolution=5&date_format=1&range_from=2025-11-04&range_to=2025-11-11&cont_flag=1 (Caused by NameResolutionError(\"<urllib3.connection.HTTPSConnection object at 0x0000013ADA08D010>: Failed to resolve 'api-t1.fyers.in' ([Errno 11001] getaddrinfo failed)\"))"},"timestamp":"2025-11-11 11:01:27,268+0530","service":"FyersAPI"}
{"level":"ERROR","location":"[get_call:164] fyersModel","message":{"API":"/history","error":"HTTPSConnectionPool(host='api-t1.fyers.in', port=443): Max retries exceeded with url: /data/history?symbol=NSE%3AHEG-EQ&resolution=5&date_format=1&range_from=2025-11-04&range_to=2025-11-11&cont_flag=1 (Caused by NameResolutionError(\"<urllib3.connection.HTTPSConnection object at 0x0000013ADA358250>: Failed to resolve 'api-t1.fyers.in' ([Errno 11001] getaddrinfo failed)\"))"},"timestamp":"2025-11-11 11:01:27,268+0530","service":"FyersAPI"}
{"level":"ERROR","location":"[get_call:164] fyersModel","message":{"API":"/history","error":"HTTPSConnectionPool(host='api-t1.fyers.in', port=443): Max retries exceeded with url: /data/history?symbol=NSE%3AINTELLECT-EQ&resolution=5&date_format=1&range_from=2025-11-04&range_to=2025-11-11&cont_flag=1 (Caused by NameResolutionError(\"<urllib3.connection.HTTPSConnection object at 0x0000013ADA3F7C90>: Failed to resolve 'api-t1.fyers.in' ([Errno 11001] getaddrinfo failed)\"))"},"timestamp":"2025-11-11 11:01:27,277+0530","service":"FyersAPI"}
{"level":"ERROR","location":"[get_call:164] fyersModel","message":{"API":"/history","error":"HTTPSConnectionPool(host='api-t1.fyers.in', port=443): Max retries exceeded with url: /data/history?symbol=NSE%3AJSL-EQ&resolution=5&date_format=1&range_from=2025-11-04&range_to=2025-11-11&cont_flag=1 (Caused by NameResolutionError(\"<urllib3.connection.HTTPSConnection object at 0x0000013ADA43E350>: Failed to resolve 'api-t1.fyers.in' ([Errno 11001] getaddrinfo failed)\"))"},"timestamp":"2025-11-11 11:01:37,292+0530","service":"FyersAPI"}
{"level":"ERROR","location":"[get_call:164] fyersModel","message":{"API":"/history","error":"HTTPSConnectionPool(host='api-t1.fyers.in', port=443): Max retries exceeded with url: /data/history?symbol=NSE%3AMMTC-EQ&resolution=5&date_format=1&range_from=2025-11-04&range_to=2025-11-11&cont_flag=1 (Caused by NameResolutionError(\"<urllib3.connection.HTTPSConnection object at 0x0000013ADA424910>: Failed to resolve 'api-t1.fyers.in' ([Errno 11001] getaddrinfo failed)\"))"},"timestamp":"2025-11-11 11:01:37,299+0530","service":"FyersAPI"}
{"level":"ERROR","location":"[get_call:164] fyersModel","message":{"API":"/history","error":"HTTPSConnectionPool(host='api-t1.fyers.in', port=443): Max retries exceeded with url: /data/history?symbol=NSE%3AIDEA-EQ&resolution=5&date_format=1&range_from=2025-11-04&range_to=2025-11-11&cont_flag=1 (Caused by NameResolutionError(\"<urllib3.connection.HTTPSConnection object at 0x0000013ADA427450>: Failed to resolve 'api-t1.fyers.in' ([Errno 11001] getaddrinfo failed)\"))"},"timestamp":"2025-11-11 11:01:37,307+0530","service":"FyersAPI"}
{"level":"ERROR","location":"[get_call:164] fyersModel","message":{"API":"/history","error":"HTTPSConnectionPool(host='api-t1.fyers.in', port=443): Max retries exceeded with url: /data/history?symbol=NSE%3AKEC-EQ&resolution=5&date_format=1&range_from=2025-11-04&range_to=2025-11-11&cont_flag=1 (Caused by NameResolutionError(\"<urllib3.connection.HTTPSConnection object at 0x0000013ADA096410>: Failed to resolve 'api-t1.fyers.in' ([Errno 11001] getaddrinfo failed)\"))"},"timestamp":"2025-11-11 11:01:37,314+0530","service":"FyersAPI"}
{"level":"ERROR","location":"[get_call:164] fyersModel","message":{"API":"/history","error":"HTTPSConnectionPool(host='api-t1.fyers.in', port=443): Max retries exceeded with url: /data/history?symbol=NSE%3AHEG-EQ&resolution=5&date_format=1&range_from=2025-11-04&range_to=2025-11-11&cont_flag=1 (Caused by NameResolutionError(\"<urllib3.connection.HTTPSConnection object at 0x0000013ADA387890>: Failed to resolve 'api-t1.fyers.in' ([Errno 11001] getaddrinfo failed)\"))"},"timestamp":"2025-11-11 11:01:37,318+0530","service":"FyersAPI"}
{"level":"ERROR","location":"[get_call:164] fyersModel","message":{"API":"/history","error":"HTTPSConnectionPool(host='api-t1.fyers.in', port=443): Max retries exceeded with url: /data/history?symbol=NSE%3AINTELLECT-EQ&resolution=5&date_format=1&range_from=2025-11-04&range_to=2025-11-11&cont_flag=1 (Caused by NameResolutionError(\"<urllib3.connection.HTTPSConnection object at 0x0000013ADA43FC50>: Failed to resolve 'api-t1.fyers.in' ([Errno 11001] getaddrinfo failed)\"))"},"timestamp":"2025-11-11 11:01:37,324+0530","service":"FyersAPI"}
{"level":"ERROR","location":"[get_call:164] fyersModel","message":{"API":"/history","error":"HTTPSConnectionPool(host='api-t1.fyers.in', port=443): Max retries exceeded with url: /data/history?symbol=NSE%3AJSL-EQ&resolution=5&date_format=1&range_from=2025-11-04&range_to=2025-11-11&cont_flag=1 (Caused by NameResolutionError(\"<urllib3.connection.HTTPSConnection object at 0x0000013ADA08D890>: Failed to resolve 'api-t1.fyers.in' ([Errno 11001] getaddrinfo failed)\"))"},"timestamp":"2025-11-11 11:01:47,332+0530","service":"FyersAPI"}
{"level":"ERROR","location":"[get_call:164] fyersModel","message":{"API":"/history","error":"HTTPSConnectionPool(host='api-t1.fyers.in', port=443): Max retries exceeded with url: /data/history?symbol=NSE%3AMMTC-EQ&resolution=5&date_format=1&range_from=2025-11-04&range_to=2025-11-11&cont_flag=1 (Caused by NameResolutionError(\"<urllib3.connection.HTTPSConnection object at 0x0000013ADA41CA10>: Failed to resolve 'api-t1.fyers.in' ([Errno 11001] getaddrinfo failed)\"))"},"timestamp":"2025-11-11 11:01:47,338+0530","service":"FyersAPI"}
{"level":"ERROR","location":"[get_call:164] fyersModel","message":{"API":"/history","error":"HTTPSConnectionPool(host='api-t1.fyers.in', port=443): Max retries exceeded with url: /data/history?symbol=NSE%3AIDEA-EQ&resolution=5&date_format=1&range_from=2025-11-04&range_to=2025-11-11&cont_flag=1 (Caused by NameResolutionError(\"<urllib3.connection.HTTPSConnection object at 0x0000013AD7548850>: Failed to resolve 'api-t1.fyers.in' ([Errno 11001] getaddrinfo failed)\"))"},"timestamp":"2025-11-11 11:01:47,344+0530","service":"FyersAPI"}
{"level":"ERROR","location":"[get_call:164] fyersModel","message":{"API":"/history","error":"HTTPSConnectionPool(host='api-t1.fyers.in', port=443): Max retries exceeded with url: /data/history?symbol=NSE%3AKEC-EQ&resolution=5&date_format=1&range_from=2025-11-04&range_to=2025-11-11&cont_flag=1 (Caused by NameResolutionError(\"<urllib3.connection.HTTPSConnection object at 0x0000013ADA43DCD0>: Failed to resolve 'api-t1.fyers.in' ([Errno 11001] getaddrinfo failed)\"))"},"timestamp":"2025-11-11 11:01:47,348+0530","service":"FyersAPI"}
{"level":"ERROR","location":"[get_call:164] fyersModel","message":{"API":"/history","error":"HTTPSConnectionPool(host='api-t1.fyers.in', port=443): Max retries exceeded with url: /data/history?symbol=NSE%3AHEG-EQ&resolution=5&date_format=1&range_from=2025-11-04&range_to=2025-11-11&cont_flag=1 (Caused by NameResolutionError(\"<urllib3.connection.HTTPSConnection object at 0x0000013ADA385890>: Failed to resolve 'api-t1.fyers.in' ([Errno 11001] getaddrinfo failed)\"))"},"timestamp":"2025-11-11 11:01:47,353+0530","service":"FyersAPI"}
{"level":"ERROR","location":"[get_call:164] fyersModel","message":{"API":"/history","error":"HTTPSConnectionPool(host='api-t1.fyers.in', port=443): Max retries exceeded with url: /data/history?symbol=NSE%3AINTELLECT-EQ&resolution=5&date_format=1&range_from=2025-11-04&range_to=2025-11-11&cont_flag=1 (Caused by NameResolutionError(\"<urllib3.connection.HTTPSConnection object at 0x0000013ADA09CED0>: Failed to resolve 'api-t1.fyers.in' ([Errno 11001] getaddrinfo failed)\"))"},"timestamp":"2025-11-11 11:01:47,360+0530","service":"FyersAPI"}
{"level":"ERROR","location":"[get_call:164] fyersModel","message":{"API":"/history","error":"HTTPSConnectionPool(host='api-t1.fyers.in', port=443): Max retries exceeded with url: /data/history?symbol=NSE%3AJSL-EQ&resolution=5&date_format=1&range_from=2025-11-04&range_to=2025-11-11&cont_flag=1 (Caused by NameResolutionError(\"<urllib3.connection.HTTPSConnection object at 0x0000013ADA3F7650>: Failed to resolve 'api-t1.fyers.in' ([Errno 11001] getaddrinfo failed)\"))"},"timestamp":"2025-11-11 11:01:57,389+0530","service":"FyersAPI"}
{"level":"ERROR","location":"[get_call:164] fyersModel","message":{"API":"/history","error":"HTTPSConnectionPool(host='api-t1.fyers.in', port=443): Max retries exceeded with url: /data/history?symbol=NSE%3AMMTC-EQ&resolution=5&date_format=1&range_from=2025-11-04&range_to=2025-11-11&cont_flag=1 (Caused by NameResolutionError(\"<urllib3.connection.HTTPSConnection object at 0x0000013ADA3F7750>: Failed to resolve 'api-t1.fyers.in' ([Errno 11001] getaddrinfo failed)\"))"},"timestamp":"2025-11-11 11:01:57,397+0530","service":"FyersAPI"}
{"level":"ERROR","location":"[get_call:164] fyersModel","message":{"API":"/history","error":"HTTPSConnectionPool(host='api-t1.fyers.in', port=443): Max retries exceeded with url: /data/history?symbol=NSE%3AIDEA-EQ&resolution=5&date_format=1&range_from=2025-11-04&range_to=2025-11-11&cont_flag=1 (Caused by NameResolutionError(\"<urllib3.connection.HTTPSConnection object at 0x0000013AD9B20C50>: Failed to resolve 'api-t1.fyers.in' ([Errno 11001] getaddrinfo failed)\"))"},"timestamp":"2025-11-11 11:01:57,405+0530","service":"FyersAPI"}
{"level":"ERROR","location":"[get_call:164] fyersModel","message":{"API":"/history","error":"HTTPSConnectionPool(host='api-t1.fyers.in', port=443): Max retries exceeded with url: /data/history?symbol=NSE%3AKEC-EQ&resolution=5&date_format=1&range_from=2025-11-04&range_to=2025-11-11&cont_flag=1 (Caused by NameResolutionError(\"<urllib3.connection.HTTPSConnection object at 0x0000013ADA35A210>: Failed to resolve 'api-t1.fyers.in' ([Errno 11001] getaddrinfo failed)\"))"},"timestamp":"2025-11-11 11:01:57,409+0530","service":"FyersAPI"}
{"level":"ERROR","location":"[get_call:164] fyersModel","message":{"API":"/history","error":"HTTPSConnectionPool(host='api-t1.fyers.in', port=443): Max retries exceeded with url: /data/history?symbol=NSE%3AHEG-EQ&resolution=5&date_format=1&range_from=2025-11-04&range_to=2025-11-11&cont_flag=1 (Caused by NameResolutionError(\"<urllib3.connection.HTTPSConnection object at 0x0000013ADA43E510>: Failed to resolve 'api-t1.fyers.in' ([Errno 11001] getaddrinfo failed)\"))"},"timestamp":"2025-11-11 11:01:57,415+0530","service":"FyersAPI"}
{"level":"ERROR","location":"[get_call:164] fyersModel","message":{"API":"/history","error":"HTTPSConnectionPool(host='api-t1.fyers.in', port=443): Max retries exceeded with url: /data/history?symbol=NSE%3AINTELLECT-EQ&resolution=5&date_format=1&range_from=2025-11-04&range_to=2025-11-11&cont_flag=1 (Caused by NameResolutionError(\"<urllib3.connection.HTTPSConnection object at 0x0000013ADA426810>: Failed to resolve 'api-t1.fyers.in' ([Errno 11001] getaddrinfo failed)\"))"},"timestamp":"2025-11-11 11:01:57,422+0530","service":"FyersAPI"}
{"level":"ERROR","location":"[get_call:164] fyersModel","message":{"API":"/history","error":"HTTPSConnectionPool(host='api-t1.fyers.in', port=443): Max retries exceeded with url: /data/history?symbol=NSE%3AJSL-EQ&resolution=5&date_format=1&range_from=2025-11-04&range_to=2025-11-11&cont_flag=1 (Caused by NameResolutionError(\"<urllib3.connection.HTTPSConnection object at 0x0000013ADA41DF10>: Failed to resolve 'api-t1.fyers.in' ([Errno 11001] getaddrinfo failed)\"))"},"timestamp":"2025-11-11 11:02:07,428+0530","service":"FyersAPI"}
{"level":"ERROR","location":"[get_call:164] fyersModel","message":{"API":"/history","error":"HTTPSConnectionPool(host='api-t1.fyers.in', port=443): Max retries exceeded with url: /data/history?symbol=NSE%3AMMTC-EQ&resolution=5&date_format=1&range_from=2025-11-04&range_to=2025-11-11&cont_flag=1 (Caused by NameResolutionError(\"<urllib3.connection.HTTPSConnection object at 0x0000013ADA43C5D0>: Failed to resolve 'api-t1.fyers.in' ([Errno 11001] getaddrinfo failed)\"))"},"timestamp":"2025-11-11 11:02:07,433+0530","service":"FyersAPI"}
{"level":"ERROR","location":"[get_call:164] fyersModel","message":{"API":"/history","error":"HTTPSConnectionPool(host='api-t1.fyers.in', port=443): Max retries exceeded with url: /data/history?symbol=NSE%3AIDEA-EQ&resolution=5&date_format=1&range_from=2025-11-04&range_to=2025-11-11&cont_flag=1 (Caused by NameResolutionError(\"<urllib3.connection.HTTPSConnection object at 0x0000013ADA43D350>: Failed to resolve 'api-t1.fyers.in' ([Errno 11001] getaddrinfo failed)\"))"},"timestamp":"2025-11-11 11:02:07,442+0530","service":"FyersAPI"}
{"level":"ERROR","location":"[get_call:164] fyersModel","message":{"API":"/history","error":"HTTPSConnectionPool(host='api-t1.fyers.in', port=443): Max retries exceeded with url: /data/history?symbol=NSE%3AKEC-EQ&resolution=5&date_format=1&range_from=2025-11-04&range_to=2025-11-11&cont_flag=1 (Caused by NameResolutionError(\"<urllib3.connection.HTTPSConnection object at 0x0000013ADA385CD0>: Failed to resolve 'api-t1.fyers.in' ([Errno 11001] getaddrinfo failed)\"))"},"timestamp":"2025-11-11 11:02:07,445+0530","service":"FyersAPI"}
{"level":"ERROR","location":"[get_call:164] fyersModel","message":{"API":"/history","error":"HTTPSConnectionPool(host='api-t1.fyers.in', port=443): Max retries exceeded with url: /data/history?symbol=NSE%3AHEG-EQ&resolution=5&date_format=1&range_from=2025-11-04&range_to=2025-11-11&cont_flag=1 (Caused by NameResolutionError(\"<urllib3.connection.HTTPSConnection object at 0x0000013ADA424D50>: Failed to resolve 'api-t1.fyers.in' ([Errno 11001] getaddrinfo failed)\"))"},"timestamp":"2025-11-11 11:02:07,451+0530","service":"FyersAPI"}
{"level":"ERROR","location":"[get_call:164] fyersModel","message":{"API":"/history","error":"HTTPSConnectionPool(host='api-t1.fyers.in', port=443): Max retries exceeded with url: /data/history?symbol=NSE%3AINTELLECT-EQ&resolution=5&date_format=1&range_from=2025-11-04&range_to=2025-11-11&cont_flag=1 (Caused by NameResolutionError(\"<urllib3.connection.HTTPSConnection object at 0x0000013ADA41CF50>: Failed to resolve 'api-t1.fyers.in' ([Errno 11001] getaddrinfo failed)\"))"},"timestamp":"2025-11-11 11:02:07,456+0530","service":"FyersAPI"}
{"level":"ERROR","location":"[get_call:164] fyersModel","message":{"API":"/history","error":"HTTPSConnectionPool(host='api-t1.fyers.in', port=443): Max retries exceeded with url: /data/history?symbol=NSE%3AJSL-EQ&resolution=5&date_format=1&range_from=2025-11-04&range_to=2025-11-11&cont_flag=1 (Caused by NameResolutionError(\"<urllib3.connection.HTTPSConnection object at 0x0000013ADA426ED0>: Failed to resolve 'api-t1.fyers.in' ([Errno 11001] getaddrinfo failed)\"))"},"timestamp":"2025-11-11 11:02:17,460+0530","service":"FyersAPI"}
{"level":"ERROR","location":"[get_call:164] fyersModel","message":{"API":"/history","error":"HTTPSConnectionPool(host='api-t1.fyers.in', port=443): Max retries exceeded with url: /data/history?symbol=NSE%3AMMTC-EQ&resolution=5&date_format=1&range_from=2025-11-04&range_to=2025-11-11&cont_flag=1 (Caused by NameResolutionError(\"<urllib3.connection.HTTPSConnection object at 0x0000013ADA0ADB90>: Failed to resolve 'api-t1.fyers.in' ([Errno 11001] getaddrinfo failed)\"))"},"timestamp":"2025-11-11 11:02:17,468+0530","service":"FyersAPI"}
{"level":"ERROR","location":"[get_call:164] fyersModel","message":{"API":"/history","error":"HTTPSConnectionPool(host='api-t1.fyers.in', port=443): Max retries exceeded with url: /data/history?symbol=NSE%3AIDEA-EQ&resolution=5&date_format=1&range_from=2025-11-04&range_to=2025-11-11&cont_flag=1 (Caused by NameResolutionError(\"<urllib3.connection.HTTPSConnection object at 0x0000013ADA35B250>: Failed to resolve 'api-t1.fyers.in' ([Errno 11001] getaddrinfo failed)\"))"},"timestamp":"2025-11-11 11:02:17,475+0530","service":"FyersAPI"}
{"level":"ERROR","location":"[get_call:164] fyersModel","message":{"API":"/history","error":"HTTPSConnectionPool(host='api-t1.fyers.in', port=443): Max retries exceeded with url: /data/history?symbol=NSE%3AKEC-EQ&resolution=5&date_format=1&range_from=2025-11-04&range_to=2025-11-11&cont_flag=1 (Caused by NameResolutionError(\"<urllib3.connection.HTTPSConnection object at 0x0000013ADA43D990>: Failed to resolve 'api-t1.fyers.in' ([Errno 11001] getaddrinfo failed)\"))"},"timestamp":"2025-11-11 11:02:17,480+0530","service":"FyersAPI"}
{"level":"ERROR","location":"[get_call:164] fyersModel","message":{"API":"/history","error":"HTTPSConnectionPool(host='api-t1.fyers.in', port=443): Max retries exceeded with url: /data/history?symbol=NSE%3AHEG-EQ&resolution=5&date_format=1&range_from=2025-11-04&range_to=2025-11-11&cont_flag=1 (Caused by NameResolutionError(\"<urllib3.connection.HTTPSConnection object at 0x0000013ADA41E050>: Failed to resolve 'api-t1.fyers.in' ([Errno 11001] getaddrinfo failed)\"))"},"timestamp":"2025-11-11 11:02:17,484+0530","service":"FyersAPI"}
{"level":"ERROR","location":"[get_call:164] fyersModel","message":{"API":"/history","error":"HTTPSConnectionPool(host='api-t1.fyers.in', port=443): Max retries exceeded with url: /data/history?symbol=NSE%3AINTELLECT-EQ&resolution=5&date_format=1&range_from=2025-11-04&range_to=2025-11-11&cont_flag=1 (Caused by NameResolutionError(\"<urllib3.connection.HTTPSConnection object at 0x0000013AD6C0F690>: Failed to resolve 'api-t1.fyers.in' ([Errno 11001] getaddrinfo failed)\"))"},"timestamp":"2025-11-11 11:02:17,485+0530","service":"FyersAPI"}
{"level":"ERROR","location":"[get_call:164] fyersModel","message":{"API":"/history","error":"HTTPSConnectionPool(host='api-t1.fyers.in', port=443): Max retries exceeded with url: /data/history?symbol=NSE%3AJSL-EQ&resolution=5&date_format=1&range_from=2025-11-04&range_to=2025-11-11&cont_flag=1 (Caused by NameResolutionError(\"<urllib3.connection.HTTPSConnection object at 0x0000013ADA43E190>: Failed to resolve 'api-t1.fyers.in' ([Errno 11001] getaddrinfo failed)\"))"},"timestamp":"2025-11-11 11:02:27,494+0530","service":"FyersAPI"}
{"level":"ERROR","location":"[get_call:164] fyersModel","message":{"API":"/history","error":"HTTPSConnectionPool(host='api-t1.fyers.in', port=443): Max retries exceeded with url: /data/history?symbol=NSE%3AMMTC-EQ&resolution=5&date_format=1&range_from=2025-11-04&range_to=2025-11-11&cont_flag=1 (Caused by NameResolutionError(\"<urllib3.connection.HTTPSConnection object at 0x0000013ADA43E350>: Failed to resolve 'api-t1.fyers.in' ([Errno 11001] getaddrinfo failed)\"))"},"timestamp":"2025-11-11 11:02:27,500+0530","service":"FyersAPI"}
{"level":"ERROR","location":"[get_call:164] fyersModel","message":{"API":"/history","error":"HTTPSConnectionPool(host='api-t1.fyers.in', port=443): Max retries exceeded with url: /data/history?symbol=NSE%3AIDEA-EQ&resolution=5&date_format=1&range_from=2025-11-04&range_to=2025-11-11&cont_flag=1 (Caused by NameResolutionError(\"<urllib3.connection.HTTPSConnection object at 0x0000013AD678FD90>: Failed to resolve 'api-t1.fyers.in' ([Errno 11001] getaddrinfo failed)\"))"},"timestamp":"2025-11-11 11:02:27,507+0530","service":"FyersAPI"}
{"level":"ERROR","location":"[get_call:164] fyersModel","message":{"API":"/history","error":"HTTPSConnectionPool(host='api-t1.fyers.in', port=443): Max retries exceeded with url: /data/history?symbol=NSE%3AKEC-EQ&resolution=5&date_format=1&range_from=2025-11-04&range_to=2025-11-11&cont_flag=1 (Caused by NameResolutionError(\"<urllib3.connection.HTTPSConnection object at 0x0000013ADA41C310>: Failed to resolve 'api-t1.fyers.in' ([Errno 11001] getaddrinfo failed)\"))"},"timestamp":"2025-11-11 11:02:27,517+0530","service":"FyersAPI"}
{"level":"ERROR","location":"[get_call:164] fyersModel","message":{"API":"/history","error":"HTTPSConnectionPool(host='api-t1.fyers.in', port=443): Max retries exceeded with url: /data/history?symbol=NSE%3AHEG-EQ&resolution=5&date_format=1&range_from=2025-11-04&range_to=2025-11-11&cont_flag=1 (Caused by NameResolutionError(\"<urllib3.connection.HTTPSConnection object at 0x0000013ADA413A90>: Failed to resolve 'api-t1.fyers.in' ([Errno 11001] getaddrinfo failed)\"))"},"timestamp":"2025-11-11 11:02:27,524+0530","service":"FyersAPI"}
{"level":"ERROR","location":"[get_call:164] fyersModel","message":{"API":"/history","error":"HTTPSConnectionPool(host='api-t1.fyers.in', port=443): Max retries exceeded with url: /data/history?symbol=NSE%3AINTELLECT-EQ&resolution=5&date_format=1&range_from=2025-11-04&range_to=2025-11-11&cont_flag=1 (Caused by NameResolutionError(\"<urllib3.connection.HTTPSConnection object at 0x0000013ADA0A6310>: Failed to resolve 'api-t1.fyers.in' ([Errno 11001] getaddrinfo failed)\"))"},"timestamp":"2025-11-11 11:02:27,530+0530","service":"FyersAPI"}
{"level":"ERROR","location":"[get_call:164] fyersModel","message":{"API":"/history","error":"HTTPSConnectionPool(host='api-t1.fyers.in', port=443): Max retries exceeded with url: /data/history?symbol=NSE%3AJSL-EQ&resolution=5&date_format=1&range_from=2025-11-04&range_to=2025-11-11&cont_flag=1 (Caused by NameResolutionError(\"<urllib3.connection.HTTPSConnection object at 0x0000013ADA43F110>: Failed to resolve 'api-t1.fyers.in' ([Errno 11001] getaddrinfo failed)\"))"},"timestamp":"2025-11-11 11:02:37,541+0530","service":"FyersAPI"}
{"level":"ERROR","location":"[get_call:164] fyersModel","message":{"API":"/history","error":"HTTPSConnectionPool(host='api-t1.fyers.in', port=443): Max retries exceeded with url: /data/history?symbol=NSE%3AMMTC-EQ&resolution=5&date_format=1&range_from=2025-11-04&range_to=2025-11-11&cont_flag=1 (Caused by NameResolutionError(\"<urllib3.connection.HTTPSConnection object at 0x0000013ADA43FED0>: Failed to resolve 'api-t1.fyers.in' ([Errno 11001] getaddrinfo failed)\"))"},"timestamp":"2025-11-11 11:02:37,550+0530","service":"FyersAPI"}
{"level":"ERROR","location":"[get_call:164] fyersModel","message":{"API":"/history","error":"HTTPSConnectionPool(host='api-t1.fyers.in', port=443): Max retries exceeded with url: /data/history?symbol=NSE%3AIDEA-EQ&resolution=5&date_format=1&range_from=2025-11-04&range_to=2025-11-11&cont_flag=1 (Caused by NameResolutionError(\"<urllib3.connection.HTTPSConnection object at 0x0000013ADA41CE90>: Failed to resolve 'api-t1.fyers.in' ([Errno 11001] getaddrinfo failed)\"))"},"timestamp":"2025-11-11 11:02:37,556+0530","service":"FyersAPI"}
{"level":"ERROR","location":"[get_call:164] fyersModel","message":{"API":"/history","error":"HTTPSConnectionPool(host='api-t1.fyers.in', port=443): Max retries exceeded with url: /data/history?symbol=NSE%3AKEC-EQ&resolution=5&date_format=1&range_from=2025-11-04&range_to=2025-11-11&cont_flag=1 (Caused by NameResolutionError(\"<urllib3.connection.HTTPSConnection object at 0x0000013ADA413B90>: Failed to resolve 'api-t1.fyers.in' ([Errno 11001] getaddrinfo failed)\"))"},"timestamp":"2025-11-11 11:02:37,560+0530","service":"FyersAPI"}
{"level":"ERROR","location":"[get_call:164] fyersModel","message":{"API":"/history","error":"HTTPSConnectionPool(host='api-t1.fyers.in', port=443): Max retries exceeded with url: /data/history?symbol=NSE%3AHEG-EQ&resolution=5&date_format=1&range_from=2025-11-04&range_to=2025-11-11&cont_flag=1 (Caused by NameResolutionError(\"<urllib3.connection.HTTPSConnection object at 0x0000013ADA0A2FD0>: Failed to resolve 'api-t1.fyers.in' ([Errno 11001] getaddrinfo failed)\"))"},"timestamp":"2025-11-11 11:02:37,568+0530","service":"FyersAPI"}
{"level":"ERROR","location":"[get_call:164] fyersModel","message":{"API":"/history","error":"HTTPSConnectionPool(host='api-t1.fyers.in', port=443): Max retries exceeded with url: /data/history?symbol=NSE%3AINTELLECT-EQ&resolution=5&date_format=1&range_from=2025-11-04&range_to=2025-11-11&cont_flag=1 (Caused by NameResolutionError(\"<urllib3.connection.HTTPSConnection object at 0x0000013ADA43D090>: Failed to resolve 'api-t1.fyers.in' ([Errno 11001] getaddrinfo failed)\"))"},"timestamp":"2025-11-11 11:02:37,574+0530","service":"FyersAPI"}
{"level":"ERROR","location":"[get_call:164] fyersModel","message":{"API":"/history","error":"HTTPSConnectionPool(host='api-t1.fyers.in', port=443): Max retries exceeded with url: /data/history?symbol=NSE%3AJSL-EQ&resolution=5&date_format=1&range_from=2025-11-04&range_to=2025-11-11&cont_flag=1 (Caused by NameResolutionError(\"<urllib3.connection.HTTPSConnection object at 0x0000013ADA43F9D0>: Failed to resolve 'api-t1.fyers.in' ([Errno 11001] getaddrinfo failed)\"))"},"timestamp":"2025-11-11 11:02:47,581+0530","service":"FyersAPI"}
{"level":"ERROR","location":"[get_call:164] fyersModel","message":{"API":"/history","error":"HTTPSConnectionPool(host='api-t1.fyers.in', port=443): Max retries exceeded with url: /data/history?symbol=NSE%3AMMTC-EQ&resolution=5&date_format=1&range_from=2025-11-04&range_to=2025-11-11&cont_flag=1 (Caused by NameResolutionError(\"<urllib3.connection.HTTPSConnection object at 0x0000013ADA411990>: Failed to resolve 'api-t1.fyers.in' ([Errno 11001] getaddrinfo failed)\"))"},"timestamp":"2025-11-11 11:02:47,581+0530","service":"FyersAPI"}
{"level":"ERROR","location":"[get_call:164] fyersModel","message":{"API":"/history","error":"HTTPSConnectionPool(host='api-t1.fyers.in', port=443): Max retries exceeded with url: /data/history?symbol=NSE%3AIDEA-EQ&resolution=5&date_format=1&range_from=2025-11-04&range_to=2025-11-11&cont_flag=1 (Caused by NameResolutionError(\"<urllib3.connection.HTTPSConnection object at 0x0000013ADA41DA50>: Failed to resolve 'api-t1.fyers.in' ([Errno 11001] getaddrinfo failed)\"))"},"timestamp":"2025-11-11 11:02:47,589+0530","service":"FyersAPI"}
{"level":"ERROR","location":"[get_call:164] fyersModel","message":{"API":"/history","error":"HTTPSConnectionPool(host='api-t1.fyers.in', port=443): Max retries exceeded with url: /data/history?symbol=NSE%3AKEC-EQ&resolution=5&date_format=1&range_from=2025-11-04&range_to=2025-11-11&cont_flag=1 (Caused by NameResolutionError(\"<urllib3.connection.HTTPSConnection object at 0x0000013ADA385210>: Failed to resolve 'api-t1.fyers.in' ([Errno 11001] getaddrinfo failed)\"))"},"timestamp":"2025-11-11 11:02:47,594+0530","service":"FyersAPI"}
{"level":"ERROR","location":"[get_call:164] fyersModel","message":{"API":"/history","error":"HTTPSConnectionPool(host='api-t1.fyers.in', port=443): Max retries exceeded with url: /data/history?symbol=NSE%3AHEG-EQ&resolution=5&date_format=1&range_from=2025-11-04&range_to=2025-11-11&cont_flag=1 (Caused by NameResolutionError(\"<urllib3.connection.HTTPSConnection object at 0x0000013ADA4278D0>: Failed to resolve 'api-t1.fyers.in' ([Errno 11001] getaddrinfo failed)\"))"},"timestamp":"2025-11-11 11:02:47,597+0530","service":"FyersAPI"}
{"level":"ERROR","location":"[get_call:164] fyersModel","message":{"API":"/history","error":"HTTPSConnectionPool(host='api-t1.fyers.in', port=443): Max retries exceeded with url: /data/history?symbol=NSE%3AINTELLECT-EQ&resolution=5&date_format=1&range_from=2025-11-04&range_to=2025-11-11&cont_flag=1 (Caused by NameResolutionError(\"<urllib3.connection.HTTPSConnection object at 0x0000013ADA43F810>: Failed to resolve 'api-t1.fyers.in' ([Errno 11001] getaddrinfo failed)\"))"},"timestamp":"2025-11-11 11:02:47,597+0530","service":"FyersAPI"}
{"level":"ERROR","location":"[get_call:164] fyersModel","message":{"API":"/history","error":"HTTPSConnectionPool(host='api-t1.fyers.in', port=443): Max retries exceeded with url: /data/history?symbol=NSE%3AJSL-EQ&resolution=5&date_format=1&range_from=2025-11-04&range_to=2025-11-11&cont_flag=1 (Caused by NameResolutionError(\"<urllib3.connection.HTTPSConnection object at 0x0000013ADA35BF50>: Failed to resolve 'api-t1.fyers.in' ([Errno 11001] getaddrinfo failed)\"))"},"timestamp":"2025-11-11 11:02:57,614+0530","service":"FyersAPI"}
{"level":"ERROR","location":"[get_call:164] fyersModel","message":{"API":"/history","error":"HTTPSConnectionPool(host='api-t1.fyers.in', port=443): Max retries exceeded with url: /data/history?symbol=NSE%3AMMTC-EQ&resolution=5&date_format=1&range_from=2025-11-04&range_to=2025-11-11&cont_flag=1 (Caused by NameResolutionError(\"<urllib3.connection.HTTPSConnection object at 0x0000013ADA09A610>: Failed to resolve 'api-t1.fyers.in' ([Errno 11001] getaddrinfo failed)\"))"},"timestamp":"2025-11-11 11:02:57,619+0530","service":"FyersAPI"}
{"level":"ERROR","location":"[get_call:164] fyersModel","message":{"API":"/history","error":"HTTPSConnectionPool(host='api-t1.fyers.in', port=443): Max retries exceeded with url: /data/history?symbol=NSE%3AIDEA-EQ&resolution=5&date_format=1&range_from=2025-11-04&range_to=2025-11-11&cont_flag=1 (Caused by NameResolutionError(\"<urllib3.connection.HTTPSConnection object at 0x0000013ADA405D90>: Failed to resolve 'api-t1.fyers.in' ([Errno 11001] getaddrinfo failed)\"))"},"timestamp":"2025-11-11 11:02:57,628+0530","service":"FyersAPI"}
{"level":"ERROR","location":"[get_call:164] fyersModel","message":{"API":"/history","error":"HTTPSConnectionPool(host='api-t1.fyers.in', port=443): Max retries exceeded with url: /data/history?symbol=NSE%3AKEC-EQ&resolution=5&date_format=1&range_from=2025-11-04&range_to=2025-11-11&cont_flag=1 (Caused by NameResolutionError(\"<urllib3.connection.HTTPSConnection object at 0x0000013ADA0A25D0>: Failed to resolve 'api-t1.fyers.in' ([Errno 11001] getaddrinfo failed)\"))"},"timestamp":"2025-11-11 11:02:57,630+0530","service":"FyersAPI"}
{"level":"ERROR","location":"[get_call:164] fyersModel","message":{"API":"/history","error":"HTTPSConnectionPool(host='api-t1.fyers.in', port=443): Max retries exceeded with url: /data/history?symbol=NSE%3AHEG-EQ&resolution=5&date_format=1&range_from=2025-11-04&range_to=2025-11-11&cont_flag=1 (Caused by NameResolutionError(\"<urllib3.connection.HTTPSConnection object at 0x0000013ADA4130D0>: Failed to resolve 'api-t1.fyers.in' ([Errno 11001] getaddrinfo failed)\"))"},"timestamp":"2025-11-11 11:02:57,636+0530","service":"FyersAPI"}
{"level":"ERROR","location":"[get_call:164] fyersModel","message":{"API":"/history","error":"HTTPSConnectionPool(host='api-t1.fyers.in', port=443): Max retries exceeded with url: /data/history?symbol=NSE%3AINTELLECT-EQ&resolution=5&date_format=1&range_from=2025-11-04&range_to=2025-11-11&cont_flag=1 (Caused by NameResolutionError(\"<urllib3.connection.HTTPSConnection object at 0x0000013ADA43F010>: Failed to resolve 'api-t1.fyers.in' ([Errno 11001] getaddrinfo failed)\"))"},"timestamp":"2025-11-11 11:02:57,642+0530","service":"FyersAPI"}
{"level":"ERROR","location":"[get_call:164] fyersModel","message":{"API":"/history","error":"HTTPSConnectionPool(host='api-t1.fyers.in', port=443): Max retries exceeded with url: /data/history?symbol=NSE%3AJSL-EQ&resolution=5&date_format=1&range_from=2025-11-04&range_to=2025-11-11&cont_flag=1 (Caused by NameResolutionError(\"<urllib3.connection.HTTPSConnection object at 0x0000013ADA0A6610>: Failed to resolve 'api-t1.fyers.in' ([Errno 11001] getaddrinfo failed)\"))"},"timestamp":"2025-11-11 11:03:07,646+0530","service":"FyersAPI"}
{"level":"ERROR","location":"[get_call:164] fyersModel","message":{"API":"/history","error":"HTTPSConnectionPool(host='api-t1.fyers.in', port=443): Max retries exceeded with url: /data/history?symbol=NSE%3AMMTC-EQ&resolution=5&date_format=1&range_from=2025-11-04&range_to=2025-11-11&cont_flag=1 (Caused by NameResolutionError(\"<urllib3.connection.HTTPSConnection object at 0x0000013ADA406210>: Failed to resolve 'api-t1.fyers.in' ([Errno 11001] getaddrinfo failed)\"))"},"timestamp":"2025-11-11 11:03:07,656+0530","service":"FyersAPI"}
{"level":"ERROR","location":"[get_call:164] fyersModel","message":{"API":"/history","error":"HTTPSConnectionPool(host='api-t1.fyers.in', port=443): Max retries exceeded with url: /data/history?symbol=NSE%3AIDEA-EQ&resolution=5&date_format=1&range_from=2025-11-04&range_to=2025-11-11&cont_flag=1 (Caused by NameResolutionError(\"<urllib3.connection.HTTPSConnection object at 0x0000013ADA09FA90>: Failed to resolve 'api-t1.fyers.in' ([Errno 11001] getaddrinfo failed)\"))"},"timestamp":"2025-11-11 11:03:07,666+0530","service":"FyersAPI"}
{"level":"ERROR","location":"[get_call:164] fyersModel","message":{"API":"/history","error":"HTTPSConnectionPool(host='api-t1.fyers.in', port=443): Max retries exceeded with url: /data/history?symbol=NSE%3AKEC-EQ&resolution=5&date_format=1&range_from=2025-11-04&range_to=2025-11-11&cont_flag=1 (Caused by NameResolutionError(\"<urllib3.connection.HTTPSConnection object at 0x0000013ADA41E690>: Failed to resolve 'api-t1.fyers.in' ([Errno 11001] getaddrinfo failed)\"))"},"timestamp":"2025-11-11 11:03:07,670+0530","service":"FyersAPI"}
{"level":"ERROR","location":"[get_call:164] fyersModel","message":{"API":"/history","error":"HTTPSConnectionPool(host='api-t1.fyers.in', port=443): Max retries exceeded with url: /data/history?symbol=NSE%3AHEG-EQ&resolution=5&date_format=1&range_from=2025-11-04&range_to=2025-11-11&cont_flag=1 (Caused by NameResolutionError(\"<urllib3.connection.HTTPSConnection object at 0x0000013ADA43F010>: Failed to resolve 'api-t1.fyers.in' ([Errno 11001] getaddrinfo failed)\"))"},"timestamp":"2025-11-11 11:03:07,681+0530","service":"FyersAPI"}
{"level":"ERROR","location":"[get_call:164] fyersModel","message":{"API":"/history","error":"HTTPSConnectionPool(host='api-t1.fyers.in', port=443): Max retries exceeded with url: /data/history?symbol=NSE%3AINTELLECT-EQ&resolution=5&date_format=1&range_from=2025-11-04&range_to=2025-11-11&cont_flag=1 (Caused by NameResolutionError(\"<urllib3.connection.HTTPSConnection object at 0x0000013ADA4129D0>: Failed to resolve 'api-t1.fyers.in' ([Errno 11001] getaddrinfo failed)\"))"},"timestamp":"2025-11-11 11:03:07,683+0530","service":"FyersAPI"}
{"level":"ERROR","location":"[get_call:164] fyersModel","message":{"API":"/history","error":"HTTPSConnectionPool(host='api-t1.fyers.in', port=443): Max retries exceeded with url: /data/history?symbol=NSE%3AJSL-EQ&resolution=5&date_format=1&range_from=2025-11-04&range_to=2025-11-11&cont_flag=1 (Caused by NameResolutionError(\"<urllib3.connection.HTTPSConnection object at 0x0000013ADA0A3810>: Failed to resolve 'api-t1.fyers.in' ([Errno 11001] getaddrinfo failed)\"))"},"timestamp":"2025-11-11 11:03:17,688+0530","service":"FyersAPI"}
{"level":"ERROR","location":"[get_call:164] fyersModel","message":{"API":"/history","error":"HTTPSConnectionPool(host='api-t1.fyers.in', port=443): Max retries exceeded with url: /data/history?symbol=NSE%3AMMTC-EQ&resolution=5&date_format=1&range_from=2025-11-04&range_to=2025-11-11&cont_flag=1 (Caused by NameResolutionError(\"<urllib3.connection.HTTPSConnection object at 0x0000013AD9C59D90>: Failed to resolve 'api-t1.fyers.in' ([Errno 11001] getaddrinfo failed)\"))"},"timestamp":"2025-11-11 11:03:17,700+0530","service":"FyersAPI"}
{"level":"ERROR","location":"[get_call:164] fyersModel","message":{"API":"/history","error":"HTTPSConnectionPool(host='api-t1.fyers.in', port=443): Max retries exceeded with url: /data/history?symbol=NSE%3AIDEA-EQ&resolution=5&date_format=1&range_from=2025-11-04&range_to=2025-11-11&cont_flag=1 (Caused by NameResolutionError(\"<urllib3.connection.HTTPSConnection object at 0x0000013ADA0A3DD0>: Failed to resolve 'api-t1.fyers.in' ([Errno 11001] getaddrinfo failed)\"))"},"timestamp":"2025-11-11 11:03:17,704+0530","service":"FyersAPI"}
{"level":"ERROR","location":"[get_call:164] fyersModel","message":{"API":"/history","error":"HTTPSConnectionPool(host='api-t1.fyers.in', port=443): Max retries exceeded with url: /data/history?symbol=NSE%3AKEC-EQ&resolution=5&date_format=1&range_from=2025-11-04&range_to=2025-11-11&cont_flag=1 (Caused by NameResolutionError(\"<urllib3.connection.HTTPSConnection object at 0x0000013ADA407C50>: Failed to resolve 'api-t1.fyers.in' ([Errno 11001] getaddrinfo failed)\"))"},"timestamp":"2025-11-11 11:03:17,710+0530","service":"FyersAPI"}
{"level":"ERROR","location":"[get_call:164] fyersModel","message":{"API":"/history","error":"HTTPSConnectionPool(host='api-t1.fyers.in', port=443): Max retries exceeded with url: /data/history?symbol=NSE%3AHEG-EQ&resolution=5&date_format=1&range_from=2025-11-04&range_to=2025-11-11&cont_flag=1 (Caused by NameResolutionError(\"<urllib3.connection.HTTPSConnection object at 0x0000013ADA09DC90>: Failed to resolve 'api-t1.fyers.in' ([Errno 11001] getaddrinfo failed)\"))"},"timestamp":"2025-11-11 11:03:17,712+0530","service":"FyersAPI"}
{"level":"ERROR","location":"[get_call:164] fyersModel","message":{"API":"/history","error":"HTTPSConnectionPool(host='api-t1.fyers.in', port=443): Max retries exceeded with url: /data/history?symbol=NSE%3AINTELLECT-EQ&resolution=5&date_format=1&range_from=2025-11-04&range_to=2025-11-11&cont_flag=1 (Caused by NameResolutionError(\"<urllib3.connection.HTTPSConnection object at 0x0000013ADA4123D0>: Failed to resolve 'api-t1.fyers.in' ([Errno 11001] getaddrinfo failed)\"))"},"timestamp":"2025-11-11 11:03:17,718+0530","service":"FyersAPI"}
{"level":"ERROR","location":"[get_call:164] fyersModel","message":{"API":"/history","error":"HTTPSConnectionPool(host='api-t1.fyers.in', port=443): Max retries exceeded with url: /data/history?symbol=NSE%3AJSL-EQ&resolution=5&date_format=1&range_from=2025-11-04&range_to=2025-11-11&cont_flag=1 (Caused by NameResolutionError(\"<urllib3.connection.HTTPSConnection object at 0x0000013ADA41E190>: Failed to resolve 'api-t1.fyers.in' ([Errno 11001] getaddrinfo failed)\"))"},"timestamp":"2025-11-11 11:03:27,724+0530","service":"FyersAPI"}
{"level":"ERROR","location":"[get_call:164] fyersModel","message":{"API":"/history","error":"HTTPSConnectionPool(host='api-t1.fyers.in', port=443): Max retries exceeded with url: /data/history?symbol=NSE%3AMMTC-EQ&resolution=5&date_format=1&range_from=2025-11-04&range_to=2025-11-11&cont_flag=1 (Caused by NameResolutionError(\"<urllib3.connection.HTTPSConnection object at 0x0000013ADA410810>: Failed to resolve 'api-t1.fyers.in' ([Errno 11001] getaddrinfo failed)\"))"},"timestamp":"2025-11-11 11:03:27,731+0530","service":"FyersAPI"}
{"level":"ERROR","location":"[get_call:164] fyersModel","message":{"API":"/history","error":"HTTPSConnectionPool(host='api-t1.fyers.in', port=443): Max retries exceeded with url: /data/history?symbol=NSE%3AIDEA-EQ&resolution=5&date_format=1&range_from=2025-11-04&range_to=2025-11-11&cont_flag=1 (Caused by NameResolutionError(\"<urllib3.connection.HTTPSConnection object at 0x0000013ADA09E710>: Failed to resolve 'api-t1.fyers.in' ([Errno 11001] getaddrinfo failed)\"))"},"timestamp":"2025-11-11 11:03:27,737+0530","service":"FyersAPI"}
{"level":"ERROR","location":"[get_call:164] fyersModel","message":{"API":"/history","error":"HTTPSConnectionPool(host='api-t1.fyers.in', port=443): Max retries exceeded with url: /data/history?symbol=NSE%3AKEC-EQ&resolution=5&date_format=1&range_from=2025-11-04&range_to=2025-11-11&cont_flag=1 (Caused by NameResolutionError(\"<urllib3.connection.HTTPSConnection object at 0x0000013ADA405650>: Failed to resolve 'api-t1.fyers.in' ([Errno 11001] getaddrinfo failed)\"))"},"timestamp":"2025-11-11 11:03:27,741+0530","service":"FyersAPI"}
{"level":"ERROR","location":"[get_call:164] fyersModel","message":{"API":"/history","error":"HTTPSConnectionPool(host='api-t1.fyers.in', port=443): Max retries exceeded with url: /data/history?symbol=NSE%3AHEG-EQ&resolution=5&date_format=1&range_from=2025-11-04&range_to=2025-11-11&cont_flag=1 (Caused by NameResolutionError(\"<urllib3.connection.HTTPSConnection object at 0x0000013ADA386C90>: Failed to resolve 'api-t1.fyers.in' ([Errno 11001] getaddrinfo failed)\"))"},"timestamp":"2025-11-11 11:03:27,745+0530","service":"FyersAPI"}
{"level":"ERROR","location":"[get_call:164] fyersModel","message":{"API":"/history","error":"HTTPSConnectionPool(host='api-t1.fyers.in', port=443): Max retries exceeded with url: /data/history?symbol=NSE%3AINTELLECT-EQ&resolution=5&date_format=1&range_from=2025-11-04&range_to=2025-11-11&cont_flag=1 (Caused by NameResolutionError(\"<urllib3.connection.HTTPSConnection object at 0x0000013ADA41F550>: Failed to resolve 'api-t1.fyers.in' ([Errno 11001] getaddrinfo failed)\"))"},"timestamp":"2025-11-11 11:03:27,749+0530","service":"FyersAPI"}
{"level":"ERROR","location":"[get_call:164] fyersModel","message":{"API":"/history","error":"HTTPSConnectionPool(host='api-t1.fyers.in', port=443): Max retries exceeded with url: /data/history?symbol=NSE%3AJSL-EQ&resolution=5&date_format=1&range_from=2025-11-04&range_to=2025-11-11&cont_flag=1 (Caused by NameResolutionError(\"<urllib3.connection.HTTPSConnection object at 0x0000013ADA386CD0>: Failed to resolve 'api-t1.fyers.in' ([Errno 11001] getaddrinfo failed)\"))"},"timestamp":"2025-11-11 11:03:37,761+0530","service":"FyersAPI"}
{"level":"ERROR","location":"[get_call:164] fyersModel","message":{"API":"/history","error":"HTTPSConnectionPool(host='api-t1.fyers.in', port=443): Max retries exceeded with url: /data/history?symbol=NSE%3AMMTC-EQ&resolution=5&date_format=1&range_from=2025-11-04&range_to=2025-11-11&cont_flag=1 (Caused by NameResolutionError(\"<urllib3.connection.HTTPSConnection object at 0x0000013ADA4048D0>: Failed to resolve 'api-t1.fyers.in' ([Errno 11001] getaddrinfo failed)\"))"},"timestamp":"2025-11-11 11:03:37,769+0530","service":"FyersAPI"}
{"level":"ERROR","location":"[get_call:164] fyersModel","message":{"API":"/history","error":"HTTPSConnectionPool(host='api-t1.fyers.in', port=443): Max retries exceeded with url: /data/history?symbol=NSE%3AIDEA-EQ&resolution=5&date_format=1&range_from=2025-11-04&range_to=2025-11-11&cont_flag=1 (Caused by NameResolutionError(\"<urllib3.connection.HTTPSConnection object at 0x0000013ADA0A66D0>: Failed to resolve 'api-t1.fyers.in' ([Errno 11001] getaddrinfo failed)\"))"},"timestamp":"2025-11-11 11:03:37,778+0530","service":"FyersAPI"}
{"level":"ERROR","location":"[get_call:164] fyersModel","message":{"API":"/history","error":"HTTPSConnectionPool(host='api-t1.fyers.in', port=443): Max retries exceeded with url: /data/history?symbol=NSE%3AKEC-EQ&resolution=5&date_format=1&range_from=2025-11-04&range_to=2025-11-11&cont_flag=1 (Caused by NameResolutionError(\"<urllib3.connection.HTTPSConnection object at 0x0000013ADA3F7B90>: Failed to resolve 'api-t1.fyers.in' ([Errno 11001] getaddrinfo failed)\"))"},"timestamp":"2025-11-11 11:03:37,784+0530","service":"FyersAPI"}
{"level":"ERROR","location":"[get_call:164] fyersModel","message":{"API":"/history","error":"HTTPSConnectionPool(host='api-t1.fyers.in', port=443): Max retries exceeded with url: /data/history?symbol=NSE%3AHEG-EQ&resolution=5&date_format=1&range_from=2025-11-04&range_to=2025-11-11&cont_flag=1 (Caused by NameResolutionError(\"<urllib3.connection.HTTPSConnection object at 0x0000013ADA413ED0>: Failed to resolve 'api-t1.fyers.in' ([Errno 11001] getaddrinfo failed)\"))"},"timestamp":"2025-11-11 11:03:37,789+0530","service":"FyersAPI"}
{"level":"ERROR","location":"[get_call:164] fyersModel","message":{"API":"/history","error":"HTTPSConnectionPool(host='api-t1.fyers.in', port=443): Max retries exceeded with url: /data/history?symbol=NSE%3AINTELLECT-EQ&resolution=5&date_format=1&range_from=2025-11-04&range_to=2025-11-11&cont_flag=1 (Caused by NameResolutionError(\"<urllib3.connection.HTTPSConnection object at 0x0000013ADA3F7F90>: Failed to resolve 'api-t1.fyers.in' ([Errno 11001] getaddrinfo failed)\"))"},"timestamp":"2025-11-11 11:03:37,794+0530","service":"FyersAPI"}
{"level":"ERROR","location":"[get_call:164] fyersModel","message":{"API":"/history","error":"HTTPSConnectionPool(host='api-t1.fyers.in', port=443): Max retries exceeded with url: /data/history?symbol=NSE%3AJSL-EQ&resolution=5&date_format=1&range_from=2025-11-04&range_to=2025-11-11&cont_flag=1 (Caused by NameResolutionError(\"<urllib3.connection.HTTPSConnection object at 0x0000013ADA0A4490>: Failed to resolve 'api-t1.fyers.in' ([Errno 11001] getaddrinfo failed)\"))"},"timestamp":"2025-11-11 11:03:47,801+0530","service":"FyersAPI"}
{"level":"ERROR","location":"[get_call:164] fyersModel","message":{"API":"/history","error":"HTTPSConnectionPool(host='api-t1.fyers.in', port=443): Max retries exceeded with url: /data/history?symbol=NSE%3AMMTC-EQ&resolution=5&date_format=1&range_from=2025-11-04&range_to=2025-11-11&cont_flag=1 (Caused by NameResolutionError(\"<urllib3.connection.HTTPSConnection object at 0x0000013ADA358510>: Failed to resolve 'api-t1.fyers.in' ([Errno 11001] getaddrinfo failed)\"))"},"timestamp":"2025-11-11 11:03:47,808+0530","service":"FyersAPI"}
{"level":"ERROR","location":"[get_call:164] fyersModel","message":{"API":"/history","error":"HTTPSConnectionPool(host='api-t1.fyers.in', port=443): Max retries exceeded with url: /data/history?symbol=NSE%3AIDEA-EQ&resolution=5&date_format=1&range_from=2025-11-04&range_to=2025-11-11&cont_flag=1 (Caused by NameResolutionError(\"<urllib3.connection.HTTPSConnection object at 0x0000013ADA413ED0>: Failed to resolve 'api-t1.fyers.in' ([Errno 11001] getaddrinfo failed)\"))"},"timestamp":"2025-11-11 11:03:47,818+0530","service":"FyersAPI"}
{"level":"ERROR","location":"[get_call:164] fyersModel","message":{"API":"/history","error":"HTTPSConnectionPool(host='api-t1.fyers.in', port=443): Max retries exceeded with url: /data/history?symbol=NSE%3AKEC-EQ&resolution=5&date_format=1&range_from=2025-11-04&range_to=2025-11-11&cont_flag=1 (Caused by NameResolutionError(\"<urllib3.connection.HTTPSConnection object at 0x0000013ADA41E4D0>: Failed to resolve 'api-t1.fyers.in' ([Errno 11001] getaddrinfo failed)\"))"},"timestamp":"2025-11-11 11:03:47,824+0530","service":"FyersAPI"}
{"level":"ERROR","location":"[get_call:164] fyersModel","message":{"API":"/history","error":"HTTPSConnectionPool(host='api-t1.fyers.in', port=443): Max retries exceeded with url: /data/history?symbol=NSE%3AHEG-EQ&resolution=5&date_format=1&range_from=2025-11-04&range_to=2025-11-11&cont_flag=1 (Caused by NameResolutionError(\"<urllib3.connection.HTTPSConnection object at 0x0000013ADA43CC90>: Failed to resolve 'api-t1.fyers.in' ([Errno 11001] getaddrinfo failed)\"))"},"timestamp":"2025-11-11 11:03:47,832+0530","service":"FyersAPI"}
{"level":"ERROR","location":"[get_call:164] fyersModel","message":{"API":"/history","error":"HTTPSConnectionPool(host='api-t1.fyers.in', port=443): Max retries exceeded with url: /data/history?symbol=NSE%3AINTELLECT-EQ&resolution=5&date_format=1&range_from=2025-11-04&range_to=2025-11-11&cont_flag=1 (Caused by NameResolutionError(\"<urllib3.connection.HTTPSConnection object at 0x0000013ADA407850>: Failed to resolve 'api-t1.fyers.in' ([Errno 11001] getaddrinfo failed)\"))"},"timestamp":"2025-11-11 11:03:47,835+0530","service":"FyersAPI"}
{"level":"ERROR","location":"[get_call:164] fyersModel","message":{"API":"/history","error":"HTTPSConnectionPool(host='api-t1.fyers.in', port=443): Max retries exceeded with url: /data/history?symbol=NSE%3AJSL-EQ&resolution=5&date_format=1&range_from=2025-11-04&range_to=2025-11-11&cont_flag=1 (Caused by NameResolutionError(\"<urllib3.connection.HTTPSConnection object at 0x0000013ADA358510>: Failed to resolve 'api-t1.fyers.in' ([Errno 11001] getaddrinfo failed)\"))"},"timestamp":"2025-11-11 11:03:57,843+0530","service":"FyersAPI"}
{"level":"ERROR","location":"[get_call:164] fyersModel","message":{"API":"/history","error":"HTTPSConnectionPool(host='api-t1.fyers.in', port=443): Max retries exceeded with url: /data/history?symbol=NSE%3AMMTC-EQ&resolution=5&date_format=1&range_from=2025-11-04&range_to=2025-11-11&cont_flag=1 (Caused by NameResolutionError(\"<urllib3.connection.HTTPSConnection object at 0x0000013ADA41C550>: Failed to resolve 'api-t1.fyers.in' ([Errno 11001] getaddrinfo failed)\"))"},"timestamp":"2025-11-11 11:03:57,843+0530","service":"FyersAPI"}
{"level":"ERROR","location":"[get_call:164] fyersModel","message":{"API":"/history","error":"HTTPSConnectionPool(host='api-t1.fyers.in', port=443): Max retries exceeded with url: /data/history?symbol=NSE%3AIDEA-EQ&resolution=5&date_format=1&range_from=2025-11-04&range_to=2025-11-11&cont_flag=1 (Caused by NameResolutionError(\"<urllib3.connection.HTTPSConnection object at 0x0000013ADA411E50>: Failed to resolve 'api-t1.fyers.in' ([Errno 11001] getaddrinfo failed)\"))"},"timestamp":"2025-11-11 11:03:57,854+0530","service":"FyersAPI"}
{"level":"ERROR","location":"[get_call:164] fyersModel","message":{"API":"/history","error":"HTTPSConnectionPool(host='api-t1.fyers.in', port=443): Max retries exceeded with url: /data/history?symbol=NSE%3AKEC-EQ&resolution=5&date_format=1&range_from=2025-11-04&range_to=2025-11-11&cont_flag=1 (Caused by NameResolutionError(\"<urllib3.connection.HTTPSConnection object at 0x0000013ADA43C710>: Failed to resolve 'api-t1.fyers.in' ([Errno 11001] getaddrinfo failed)\"))"},"timestamp":"2025-11-11 11:03:57,861+0530","service":"FyersAPI"}
{"level":"ERROR","location":"[get_call:164] fyersModel","message":{"API":"/history","error":"HTTPSConnectionPool(host='api-t1.fyers.in', port=443): Max retries exceeded with url: /data/history?symbol=NSE%3AHEG-EQ&resolution=5&date_format=1&range_from=2025-11-04&range_to=2025-11-11&cont_flag=1 (Caused by NameResolutionError(\"<urllib3.connection.HTTPSConnection object at 0x0000013ADA09FA10>: Failed to resolve 'api-t1.fyers.in' ([Errno 11001] getaddrinfo failed)\"))"},"timestamp":"2025-11-11 11:03:57,869+0530","service":"FyersAPI"}
{"level":"ERROR","location":"[get_call:164] fyersModel","message":{"API":"/history","error":"HTTPSConnectionPool(host='api-t1.fyers.in', port=443): Max retries exceeded with url: /data/history?symbol=NSE%3AINTELLECT-EQ&resolution=5&date_format=1&range_from=2025-11-04&range_to=2025-11-11&cont_flag=1 (Caused by NameResolutionError(\"<urllib3.connection.HTTPSConnection object at 0x0000013ADA411210>: Failed to resolve 'api-t1.fyers.in' ([Errno 11001] getaddrinfo failed)\"))"},"timestamp":"2025-11-11 11:03:57,881+0530","service":"FyersAPI"}
{"level":"ERROR","location":"[get_call:164] fyersModel","message":{"API":"/history","error":"HTTPSConnectionPool(host='api-t1.fyers.in', port=443): Max retries exceeded with url: /data/history?symbol=NSE%3AJSL-EQ&resolution=5&date_format=1&range_from=2025-11-04&range_to=2025-11-11&cont_flag=1 (Caused by NameResolutionError(\"<urllib3.connection.HTTPSConnection object at 0x0000013ADA358350>: Failed to resolve 'api-t1.fyers.in' ([Errno 11001] getaddrinfo failed)\"))"},"timestamp":"2025-11-11 11:04:07,887+0530","service":"FyersAPI"}
{"level":"ERROR","location":"[get_call:164] fyersModel","message":{"API":"/history","error":"HTTPSConnectionPool(host='api-t1.fyers.in', port=443): Max retries exceeded with url: /data/history?symbol=NSE%3AMMTC-EQ&resolution=5&date_format=1&range_from=2025-11-04&range_to=2025-11-11&cont_flag=1 (Caused by NameResolutionError(\"<urllib3.connection.HTTPSConnection object at 0x0000013ADA41F990>: Failed to resolve 'api-t1.fyers.in' ([Errno 11001] getaddrinfo failed)\"))"},"timestamp":"2025-11-11 11:04:07,891+0530","service":"FyersAPI"}
{"level":"ERROR","location":"[get_call:164] fyersModel","message":{"API":"/history","error":"HTTPSConnectionPool(host='api-t1.fyers.in', port=443): Max retries exceeded with url: /data/history?symbol=NSE%3AIDEA-EQ&resolution=5&date_format=1&range_from=2025-11-04&range_to=2025-11-11&cont_flag=1 (Caused by NameResolutionError(\"<urllib3.connection.HTTPSConnection object at 0x0000013ADA404A90>: Failed to resolve 'api-t1.fyers.in' ([Errno 11001] getaddrinfo failed)\"))"},"timestamp":"2025-11-11 11:04:07,897+0530","service":"FyersAPI"}
{"level":"ERROR","location":"[get_call:164] fyersModel","message":{"API":"/history","error":"HTTPSConnectionPool(host='api-t1.fyers.in', port=443): Max retries exceeded with url: /data/history?symbol=NSE%3AKEC-EQ&resolution=5&date_format=1&range_from=2025-11-04&range_to=2025-11-11&cont_flag=1 (Caused by NameResolutionError(\"<urllib3.connection.HTTPSConnection object at 0x0000013AD658EB10>: Failed to resolve 'api-t1.fyers.in' ([Errno 11001] getaddrinfo failed)\"))"},"timestamp":"2025-11-11 11:04:07,903+0530","service":"FyersAPI"}
{"level":"ERROR","location":"[get_call:164] fyersModel","message":{"API":"/history","error":"HTTPSConnectionPool(host='api-t1.fyers.in', port=443): Max retries exceeded with url: /data/history?symbol=NSE%3AHEG-EQ&resolution=5&date_format=1&range_from=2025-11-04&range_to=2025-11-11&cont_flag=1 (Caused by NameResolutionError(\"<urllib3.connection.HTTPSConnection object at 0x0000013ADA407990>: Failed to resolve 'api-t1.fyers.in' ([Errno 11001] getaddrinfo failed)\"))"},"timestamp":"2025-11-11 11:04:07,908+0530","service":"FyersAPI"}
{"level":"ERROR","location":"[get_call:164] fyersModel","message":{"API":"/history","error":"HTTPSConnectionPool(host='api-t1.fyers.in', port=443): Max retries exceeded with url: /data/history?symbol=NSE%3AINTELLECT-EQ&resolution=5&date_format=1&range_from=2025-11-04&range_to=2025-11-11&cont_flag=1 (Caused by NameResolutionError(\"<urllib3.connection.HTTPSConnection object at 0x0000013ADA359790>: Failed to resolve 'api-t1.fyers.in' ([Errno 11001] getaddrinfo failed)\"))"},"timestamp":"2025-11-11 11:04:07,914+0530","service":"FyersAPI"}
{"level":"ERROR","location":"[get_call:164] fyersModel","message":{"API":"/history","error":"HTTPSConnectionPool(host='api-t1.fyers.in', port=443): Max retries exceeded with url: /data/history?symbol=NSE%3AJSL-EQ&resolution=5&date_format=1&range_from=2025-11-04&range_to=2025-11-11&cont_flag=1 (Caused by NameResolutionError(\"<urllib3.connection.HTTPSConnection object at 0x0000013ADA410910>: Failed to resolve 'api-t1.fyers.in' ([Errno 11001] getaddrinfo failed)\"))"},"timestamp":"2025-11-11 11:04:17,923+0530","service":"FyersAPI"}
{"level":"ERROR","location":"[get_call:164] fyersModel","message":{"API":"/history","error":"HTTPSConnectionPool(host='api-t1.fyers.in', port=443): Max retries exceeded with url: /data/history?symbol=NSE%3AMMTC-EQ&resolution=5&date_format=1&range_from=2025-11-04&range_to=2025-11-11&cont_flag=1 (Caused by NameResolutionError(\"<urllib3.connection.HTTPSConnection object at 0x0000013ADA3F7D10>: Failed to resolve 'api-t1.fyers.in' ([Errno 11001] getaddrinfo failed)\"))"},"timestamp":"2025-11-11 11:04:17,928+0530","service":"FyersAPI"}
{"level":"ERROR","location":"[get_call:164] fyersModel","message":{"API":"/history","error":"HTTPSConnectionPool(host='api-t1.fyers.in', port=443): Max retries exceeded with url: /data/history?symbol=NSE%3AIDEA-EQ&resolution=5&date_format=1&range_from=2025-11-04&range_to=2025-11-11&cont_flag=1 (Caused by NameResolutionError(\"<urllib3.connection.HTTPSConnection object at 0x0000013ADA425A10>: Failed to resolve 'api-t1.fyers.in' ([Errno 11001] getaddrinfo failed)\"))"},"timestamp":"2025-11-11 11:04:17,936+0530","service":"FyersAPI"}
{"level":"ERROR","location":"[get_call:164] fyersModel","message":{"API":"/history","error":"HTTPSConnectionPool(host='api-t1.fyers.in', port=443): Max retries exceeded with url: /data/history?symbol=NSE%3AKEC-EQ&resolution=5&date_format=1&range_from=2025-11-04&range_to=2025-11-11&cont_flag=1 (Caused by NameResolutionError(\"<urllib3.connection.HTTPSConnection object at 0x0000013ADA410750>: Failed to resolve 'api-t1.fyers.in' ([Errno 11001] getaddrinfo failed)\"))"},"timestamp":"2025-11-11 11:04:17,939+0530","service":"FyersAPI"}
{"level":"ERROR","location":"[get_call:164] fyersModel","message":{"API":"/history","error":"HTTPSConnectionPool(host='api-t1.fyers.in', port=443): Max retries exceeded with url: /data/history?symbol=NSE%3AHEG-EQ&resolution=5&date_format=1&range_from=2025-11-04&range_to=2025-11-11&cont_flag=1 (Caused by NameResolutionError(\"<urllib3.connection.HTTPSConnection object at 0x0000013ADA358150>: Failed to resolve 'api-t1.fyers.in' ([Errno 11001] getaddrinfo failed)\"))"},"timestamp":"2025-11-11 11:04:17,944+0530","service":"FyersAPI"}
{"level":"ERROR","location":"[get_call:164] fyersModel","message":{"API":"/history","error":"HTTPSConnectionPool(host='api-t1.fyers.in', port=443): Max retries exceeded with url: /data/history?symbol=NSE%3AINTELLECT-EQ&resolution=5&date_format=1&range_from=2025-11-04&range_to=2025-11-11&cont_flag=1 (Caused by NameResolutionError(\"<urllib3.connection.HTTPSConnection object at 0x0000013ADA4072D0>: Failed to resolve 'api-t1.fyers.in' ([Errno 11001] getaddrinfo failed)\"))"},"timestamp":"2025-11-11 11:04:17,949+0530","service":"FyersAPI"}
{"level":"ERROR","location":"[get_call:164] fyersModel","message":{"API":"/history","error":"HTTPSConnectionPool(host='api-t1.fyers.in', port=443): Max retries exceeded with url: /data/history?symbol=NSE%3AJSL-EQ&resolution=5&date_format=1&range_from=2025-11-04&range_to=2025-11-11&cont_flag=1 (Caused by NameResolutionError(\"<urllib3.connection.HTTPSConnection object at 0x0000013ADA43E2D0>: Failed to resolve 'api-t1.fyers.in' ([Errno 11001] getaddrinfo failed)\"))"},"timestamp":"2025-11-11 11:04:27,957+0530","service":"FyersAPI"}
{"level":"ERROR","location":"[get_call:164] fyersModel","message":{"API":"/history","error":"HTTPSConnectionPool(host='api-t1.fyers.in', port=443): Max retries exceeded with url: /data/history?symbol=NSE%3AMMTC-EQ&resolution=5&date_format=1&range_from=2025-11-04&range_to=2025-11-11&cont_flag=1 (Caused by NameResolutionError(\"<urllib3.connection.HTTPSConnection object at 0x0000013ADA41C850>: Failed to resolve 'api-t1.fyers.in' ([Errno 11001] getaddrinfo failed)\"))"},"timestamp":"2025-11-11 11:04:27,964+0530","service":"FyersAPI"}
{"level":"ERROR","location":"[get_call:164] fyersModel","message":{"API":"/history","error":"HTTPSConnectionPool(host='api-t1.fyers.in', port=443): Max retries exceeded with url: /data/history?symbol=NSE%3AIDEA-EQ&resolution=5&date_format=1&range_from=2025-11-04&range_to=2025-11-11&cont_flag=1 (Caused by NameResolutionError(\"<urllib3.connection.HTTPSConnection object at 0x0000013ADA41D350>: Failed to resolve 'api-t1.fyers.in' ([Errno 11001] getaddrinfo failed)\"))"},"timestamp":"2025-11-11 11:04:27,976+0530","service":"FyersAPI"}
{"level":"ERROR","location":"[get_call:164] fyersModel","message":{"API":"/history","error":"HTTPSConnectionPool(host='api-t1.fyers.in', port=443): Max retries exceeded with url: /data/history?symbol=NSE%3AKEC-EQ&resolution=5&date_format=1&range_from=2025-11-04&range_to=2025-11-11&cont_flag=1 (Caused by NameResolutionError(\"<urllib3.connection.HTTPSConnection object at 0x0000013ADA43C6D0>: Failed to resolve 'api-t1.fyers.in' ([Errno 11001] getaddrinfo failed)\"))"},"timestamp":"2025-11-11 11:04:27,980+0530","service":"FyersAPI"}
{"level":"ERROR","location":"[get_call:164] fyersModel","message":{"API":"/history","error":"HTTPSConnectionPool(host='api-t1.fyers.in', port=443): Max retries exceeded with url: /data/history?symbol=NSE%3AHEG-EQ&resolution=5&date_format=1&range_from=2025-11-04&range_to=2025-11-11&cont_flag=1 (Caused by NameResolutionError(\"<urllib3.connection.HTTPSConnection object at 0x0000013ADA407290>: Failed to resolve 'api-t1.fyers.in' ([Errno 11001] getaddrinfo failed)\"))"},"timestamp":"2025-11-11 11:04:27,988+0530","service":"FyersAPI"}
{"level":"ERROR","location":"[get_call:164] fyersModel","message":{"API":"/history","error":"HTTPSConnectionPool(host='api-t1.fyers.in', port=443): Max retries exceeded with url: /data/history?symbol=NSE%3AINTELLECT-EQ&resolution=5&date_format=1&range_from=2025-11-04&range_to=2025-11-11&cont_flag=1 (Caused by NameResolutionError(\"<urllib3.connection.HTTPSConnection object at 0x0000013ADA358A10>: Failed to resolve 'api-t1.fyers.in' ([Errno 11001] getaddrinfo failed)\"))"},"timestamp":"2025-11-11 11:04:27,995+0530","service":"FyersAPI"}
{"level":"ERROR","location":"[get_call:164] fyersModel","message":{"API":"/history","error":"HTTPSConnectionPool(host='api-t1.fyers.in', port=443): Max retries exceeded with url: /data/history?symbol=NSE%3AJSL-EQ&resolution=5&date_format=1&range_from=2025-11-04&range_to=2025-11-11&cont_flag=1 (Caused by NameResolutionError(\"<urllib3.connection.HTTPSConnection object at 0x0000013ADA09EBD0>: Failed to resolve 'api-t1.fyers.in' ([Errno 11001] getaddrinfo failed)\"))"},"timestamp":"2025-11-11 11:04:38,000+0530","service":"FyersAPI"}
{"level":"ERROR","location":"[get_call:164] fyersModel","message":{"API":"/history","error":"HTTPSConnectionPool(host='api-t1.fyers.in', port=443): Max retries exceeded with url: /data/history?symbol=NSE%3AMMTC-EQ&resolution=5&date_format=1&range_from=2025-11-04&range_to=2025-11-11&cont_flag=1 (Caused by NameResolutionError(\"<urllib3.connection.HTTPSConnection object at 0x0000013ADA079C90>: Failed to resolve 'api-t1.fyers.in' ([Errno 11001] getaddrinfo failed)\"))"},"timestamp":"2025-11-11 11:04:38,008+0530","service":"FyersAPI"}
{"level":"ERROR","location":"[get_call:164] fyersModel","message":{"API":"/history","error":"HTTPSConnectionPool(host='api-t1.fyers.in', port=443): Max retries exceeded with url: /data/history?symbol=NSE%3AIDEA-EQ&resolution=5&date_format=1&range_from=2025-11-04&range_to=2025-11-11&cont_flag=1 (Caused by NameResolutionError(\"<urllib3.connection.HTTPSConnection object at 0x0000013ADA0A6450>: Failed to resolve 'api-t1.fyers.in' ([Errno 11001] getaddrinfo failed)\"))"},"timestamp":"2025-11-11 11:04:38,016+0530","service":"FyersAPI"}
{"level":"ERROR","location":"[get_call:164] fyersModel","message":{"API":"/history","error":"HTTPSConnectionPool(host='api-t1.fyers.in', port=443): Max retries exceeded with url: /data/history?symbol=NSE%3AKEC-EQ&resolution=5&date_format=1&range_from=2025-11-04&range_to=2025-11-11&cont_flag=1 (Caused by NameResolutionError(\"<urllib3.connection.HTTPSConnection object at 0x0000013ADA413390>: Failed to resolve 'api-t1.fyers.in' ([Errno 11001] getaddrinfo failed)\"))"},"timestamp":"2025-11-11 11:04:38,020+0530","service":"FyersAPI"}
{"level":"ERROR","location":"[get_call:164] fyersModel","message":{"API":"/history","error":"HTTPSConnectionPool(host='api-t1.fyers.in', port=443): Max retries exceeded with url: /data/history?symbol=NSE%3AHEG-EQ&resolution=5&date_format=1&range_from=2025-11-04&range_to=2025-11-11&cont_flag=1 (Caused by NameResolutionError(\"<urllib3.connection.HTTPSConnection object at 0x0000013AD7992AD0>: Failed to resolve 'api-t1.fyers.in' ([Errno 11001] getaddrinfo failed)\"))"},"timestamp":"2025-11-11 11:04:38,026+0530","service":"FyersAPI"}
{"level":"ERROR","location":"[get_call:164] fyersModel","message":{"API":"/history","error":"HTTPSConnectionPool(host='api-t1.fyers.in', port=443): Max retries exceeded with url: /data/history?symbol=NSE%3AINTELLECT-EQ&resolution=5&date_format=1&range_from=2025-11-04&range_to=2025-11-11&cont_flag=1 (Caused by NameResolutionError(\"<urllib3.connection.HTTPSConnection object at 0x0000013ADA41DBD0>: Failed to resolve 'api-t1.fyers.in' ([Errno 11001] getaddrinfo failed)\"))"},"timestamp":"2025-11-11 11:04:38,109+0530","service":"FyersAPI"}
{"level":"ERROR","location":"[get_call:164] fyersModel","message":{"API":"/history","error":"HTTPSConnectionPool(host='api-t1.fyers.in', port=443): Max retries exceeded with url: /data/history?symbol=NSE%3AJSL-EQ&resolution=5&date_format=1&range_from=2025-11-04&range_to=2025-11-11&cont_flag=1 (Caused by NameResolutionError(\"<urllib3.connection.HTTPSConnection object at 0x0000013ADA424BD0>: Failed to resolve 'api-t1.fyers.in' ([Errno 11001] getaddrinfo failed)\"))"},"timestamp":"2025-11-11 11:04:48,153+0530","service":"FyersAPI"}
{"level":"ERROR","location":"[get_call:164] fyersModel","message":{"API":"/history","error":"HTTPSConnectionPool(host='api-t1.fyers.in', port=443): Max retries exceeded with url: /data/history?symbol=NSE%3AMMTC-EQ&resolution=5&date_format=1&range_from=2025-11-04&range_to=2025-11-11&cont_flag=1 (Caused by NameResolutionError(\"<urllib3.connection.HTTPSConnection object at 0x0000013ADA407190>: Failed to resolve 'api-t1.fyers.in' ([Errno 11001] getaddrinfo failed)\"))"},"timestamp":"2025-11-11 11:04:48,158+0530","service":"FyersAPI"}
{"level":"ERROR","location":"[get_call:164] fyersModel","message":{"API":"/history","error":"HTTPSConnectionPool(host='api-t1.fyers.in', port=443): Max retries exceeded with url: /data/history?symbol=NSE%3AIDEA-EQ&resolution=5&date_format=1&range_from=2025-11-04&range_to=2025-11-11&cont_flag=1 (Caused by NameResolutionError(\"<urllib3.connection.HTTPSConnection object at 0x0000013ADA43E910>: Failed to resolve 'api-t1.fyers.in' ([Errno 11001] getaddrinfo failed)\"))"},"timestamp":"2025-11-11 11:04:48,165+0530","service":"FyersAPI"}
{"level":"ERROR","location":"[get_call:164] fyersModel","message":{"API":"/history","error":"HTTPSConnectionPool(host='api-t1.fyers.in', port=443): Max retries exceeded with url: /data/history?symbol=NSE%3AKEC-EQ&resolution=5&date_format=1&range_from=2025-11-04&range_to=2025-11-11&cont_flag=1 (Caused by NameResolutionError(\"<urllib3.connection.HTTPSConnection object at 0x0000013ADA0A4490>: Failed to resolve 'api-t1.fyers.in' ([Errno 11001] getaddrinfo failed)\"))"},"timestamp":"2025-11-11 11:04:48,169+0530","service":"FyersAPI"}
{"level":"ERROR","location":"[get_call:164] fyersModel","message":{"API":"/history","error":"HTTPSConnectionPool(host='api-t1.fyers.in', port=443): Max retries exceeded with url: /data/history?symbol=NSE%3AHEG-EQ&resolution=5&date_format=1&range_from=2025-11-04&range_to=2025-11-11&cont_flag=1 (Caused by NameResolutionError(\"<urllib3.connection.HTTPSConnection object at 0x0000013ADA4118D0>: Failed to resolve 'api-t1.fyers.in' ([Errno 11001] getaddrinfo failed)\"))"},"timestamp":"2025-11-11 11:04:48,175+0530","service":"FyersAPI"}
{"level":"ERROR","location":"[get_call:164] fyersModel","message":{"API":"/history","error":"HTTPSConnectionPool(host='api-t1.fyers.in', port=443): Max retries exceeded with url: /data/history?symbol=NSE%3AINTELLECT-EQ&resolution=5&date_format=1&range_from=2025-11-04&range_to=2025-11-11&cont_flag=1 (Caused by NameResolutionError(\"<urllib3.connection.HTTPSConnection object at 0x0000013ADA424850>: Failed to resolve 'api-t1.fyers.in' ([Errno 11001] getaddrinfo failed)\"))"},"timestamp":"2025-11-11 11:04:48,177+0530","service":"FyersAPI"}
{"level":"ERROR","location":"[get_call:164] fyersModel","message":{"API":"/history","error":"HTTPSConnectionPool(host='api-t1.fyers.in', port=443): Max retries exceeded with url: /data/history?symbol=NSE%3AJSL-EQ&resolution=5&date_format=1&range_from=2025-11-04&range_to=2025-11-11&cont_flag=1 (Caused by NameResolutionError(\"<urllib3.connection.HTTPSConnection object at 0x0000013ADA35B110>: Failed to resolve 'api-t1.fyers.in' ([Errno 11001] getaddrinfo failed)\"))"},"timestamp":"2025-11-11 11:04:58,188+0530","service":"FyersAPI"}
{"level":"ERROR","location":"[get_call:164] fyersModel","message":{"API":"/history","error":"HTTPSConnectionPool(host='api-t1.fyers.in', port=443): Max retries exceeded with url: /data/history?symbol=NSE%3AMMTC-EQ&resolution=5&date_format=1&range_from=2025-11-04&range_to=2025-11-11&cont_flag=1 (Caused by NameResolutionError(\"<urllib3.connection.HTTPSConnection object at 0x0000013ADA4119D0>: Failed to resolve 'api-t1.fyers.in' ([Errno 11001] getaddrinfo failed)\"))"},"timestamp":"2025-11-11 11:04:58,195+0530","service":"FyersAPI"}
{"level":"ERROR","location":"[get_call:164] fyersModel","message":{"API":"/history","error":"HTTPSConnectionPool(host='api-t1.fyers.in', port=443): Max retries exceeded with url: /data/history?symbol=NSE%3AIDEA-EQ&resolution=5&date_format=1&range_from=2025-11-04&range_to=2025-11-11&cont_flag=1 (Caused by NameResolutionError(\"<urllib3.connection.HTTPSConnection object at 0x0000013ADA3F7D50>: Failed to resolve 'api-t1.fyers.in' ([Errno 11001] getaddrinfo failed)\"))"},"timestamp":"2025-11-11 11:04:58,203+0530","service":"FyersAPI"}
{"level":"ERROR","location":"[get_call:164] fyersModel","message":{"API":"/history","error":"HTTPSConnectionPool(host='api-t1.fyers.in', port=443): Max retries exceeded with url: /data/history?symbol=NSE%3AKEC-EQ&resolution=5&date_format=1&range_from=2025-11-04&range_to=2025-11-11&cont_flag=1 (Caused by NameResolutionError(\"<urllib3.connection.HTTPSConnection object at 0x0000013ADA43FA50>: Failed to resolve 'api-t1.fyers.in' ([Errno 11001] getaddrinfo failed)\"))"},"timestamp":"2025-11-11 11:04:58,211+0530","service":"FyersAPI"}
{"level":"ERROR","location":"[get_call:164] fyersModel","message":{"API":"/history","error":"HTTPSConnectionPool(host='api-t1.fyers.in', port=443): Max retries exceeded with url: /data/history?symbol=NSE%3AHEG-EQ&resolution=5&date_format=1&range_from=2025-11-04&range_to=2025-11-11&cont_flag=1 (Caused by NameResolutionError(\"<urllib3.connection.HTTPSConnection object at 0x0000013ADA406C90>: Failed to resolve 'api-t1.fyers.in' ([Errno 11001] getaddrinfo failed)\"))"},"timestamp":"2025-11-11 11:04:58,217+0530","service":"FyersAPI"}
{"level":"ERROR","location":"[get_call:164] fyersModel","message":{"API":"/history","error":"HTTPSConnectionPool(host='api-t1.fyers.in', port=443): Max retries exceeded with url: /data/history?symbol=NSE%3AINTELLECT-EQ&resolution=5&date_format=1&range_from=2025-11-04&range_to=2025-11-11&cont_flag=1 (Caused by NameResolutionError(\"<urllib3.connection.HTTPSConnection object at 0x0000013ADA0A4490>: Failed to resolve 'api-t1.fyers.in' ([Errno 11001] getaddrinfo failed)\"))"},"timestamp":"2025-11-11 11:04:58,221+0530","service":"FyersAPI"}
{"level":"ERROR","location":"[get_call:164] fyersModel","message":{"API":"/history","error":"HTTPSConnectionPool(host='api-t1.fyers.in', port=443): Max retries exceeded with url: /data/history?symbol=NSE%3AJSL-EQ&resolution=5&date_format=1&range_from=2025-11-04&range_to=2025-11-11&cont_flag=1 (Caused by NameResolutionError(\"<urllib3.connection.HTTPSConnection object at 0x0000013AD91ECE90>: Failed to resolve 'api-t1.fyers.in' ([Errno 11001] getaddrinfo failed)\"))"},"timestamp":"2025-11-11 11:05:08,226+0530","service":"FyersAPI"}
{"level":"ERROR","location":"[get_call:164] fyersModel","message":{"API":"/history","error":"HTTPSConnectionPool(host='api-t1.fyers.in', port=443): Max retries exceeded with url: /data/history?symbol=NSE%3AMMTC-EQ&resolution=5&date_format=1&range_from=2025-11-04&range_to=2025-11-11&cont_flag=1 (Caused by NameResolutionError(\"<urllib3.connection.HTTPSConnection object at 0x0000013ADA09E190>: Failed to resolve 'api-t1.fyers.in' ([Errno 11001] getaddrinfo failed)\"))"},"timestamp":"2025-11-11 11:05:08,230+0530","service":"FyersAPI"}
{"level":"ERROR","location":"[get_call:164] fyersModel","message":{"API":"/history","error":"HTTPSConnectionPool(host='api-t1.fyers.in', port=443): Max retries exceeded with url: /data/history?symbol=NSE%3AIDEA-EQ&resolution=5&date_format=1&range_from=2025-11-04&range_to=2025-11-11&cont_flag=1 (Caused by NameResolutionError(\"<urllib3.connection.HTTPSConnection object at 0x0000013ADA425F10>: Failed to resolve 'api-t1.fyers.in' ([Errno 11001] getaddrinfo failed)\"))"},"timestamp":"2025-11-11 11:05:08,239+0530","service":"FyersAPI"}
{"level":"ERROR","location":"[get_call:164] fyersModel","message":{"API":"/history","error":"HTTPSConnectionPool(host='api-t1.fyers.in', port=443): Max retries exceeded with url: /data/history?symbol=NSE%3AKEC-EQ&resolution=5&date_format=1&range_from=2025-11-04&range_to=2025-11-11&cont_flag=1 (Caused by NameResolutionError(\"<urllib3.connection.HTTPSConnection object at 0x0000013ADA37A990>: Failed to resolve 'api-t1.fyers.in' ([Errno 11001] getaddrinfo failed)\"))"},"timestamp":"2025-11-11 11:05:08,247+0530","service":"FyersAPI"}
{"level":"ERROR","location":"[get_call:164] fyersModel","message":{"API":"/history","error":"HTTPSConnectionPool(host='api-t1.fyers.in', port=443): Max retries exceeded with url: /data/history?symbol=NSE%3AHEG-EQ&resolution=5&date_format=1&range_from=2025-11-04&range_to=2025-11-11&cont_flag=1 (Caused by NameResolutionError(\"<urllib3.connection.HTTPSConnection object at 0x0000013ADA43C210>: Failed to resolve 'api-t1.fyers.in' ([Errno 11001] getaddrinfo failed)\"))"},"timestamp":"2025-11-11 11:05:08,247+0530","service":"FyersAPI"}
{"level":"ERROR","location":"[get_call:164] fyersModel","message":{"API":"/history","error":"HTTPSConnectionPool(host='api-t1.fyers.in', port=443): Max retries exceeded with url: /data/history?symbol=NSE%3AINTELLECT-EQ&resolution=5&date_format=1&range_from=2025-11-04&range_to=2025-11-11&cont_flag=1 (Caused by NameResolutionError(\"<urllib3.connection.HTTPSConnection object at 0x0000013ADA425B90>: Failed to resolve 'api-t1.fyers.in' ([Errno 11001] getaddrinfo failed)\"))"},"timestamp":"2025-11-11 11:05:08,260+0530","service":"FyersAPI"}
{"level":"ERROR","location":"[get_call:164] fyersModel","message":{"API":"/history","error":"HTTPSConnectionPool(host='api-t1.fyers.in', port=443): Max retries exceeded with url: /data/history?symbol=NSE%3AJSL-EQ&resolution=5&date_format=1&range_from=2025-11-04&range_to=2025-11-11&cont_flag=1 (Caused by NameResolutionError(\"<urllib3.connection.HTTPSConnection object at 0x0000013ADA427BD0>: Failed to resolve 'api-t1.fyers.in' ([Errno 11001] getaddrinfo failed)\"))"},"timestamp":"2025-11-11 11:05:18,267+0530","service":"FyersAPI"}
{"level":"ERROR","location":"[get_call:164] fyersModel","message":{"API":"/history","error":"HTTPSConnectionPool(host='api-t1.fyers.in', port=443): Max retries exceeded with url: /data/history?symbol=NSE%3AMMTC-EQ&resolution=5&date_format=1&range_from=2025-11-04&range_to=2025-11-11&cont_flag=1 (Caused by NameResolutionError(\"<urllib3.connection.HTTPSConnection object at 0x0000013AD91ECE90>: Failed to resolve 'api-t1.fyers.in' ([Errno 11001] getaddrinfo failed)\"))"},"timestamp":"2025-11-11 11:05:18,273+0530","service":"FyersAPI"}
{"level":"ERROR","location":"[get_call:164] fyersModel","message":{"API":"/history","error":"HTTPSConnectionPool(host='api-t1.fyers.in', port=443): Max retries exceeded with url: /data/history?symbol=NSE%3AIDEA-EQ&resolution=5&date_format=1&range_from=2025-11-04&range_to=2025-11-11&cont_flag=1 (Caused by NameResolutionError(\"<urllib3.connection.HTTPSConnection object at 0x0000013ADA09F1D0>: Failed to resolve 'api-t1.fyers.in' ([Errno 11001] getaddrinfo failed)\"))"},"timestamp":"2025-11-11 11:05:18,287+0530","service":"FyersAPI"}
{"level":"ERROR","location":"[get_call:164] fyersModel","message":{"API":"/history","error":"HTTPSConnectionPool(host='api-t1.fyers.in', port=443): Max retries exceeded with url: /data/history?symbol=NSE%3AKEC-EQ&resolution=5&date_format=1&range_from=2025-11-04&range_to=2025-11-11&cont_flag=1 (Caused by NameResolutionError(\"<urllib3.connection.HTTPSConnection object at 0x0000013ADA406110>: Failed to resolve 'api-t1.fyers.in' ([Errno 11001] getaddrinfo failed)\"))"},"timestamp":"2025-11-11 11:05:18,292+0530","service":"FyersAPI"}
{"level":"ERROR","location":"[get_call:164] fyersModel","message":{"API":"/history","error":"HTTPSConnectionPool(host='api-t1.fyers.in', port=443): Max retries exceeded with url: /data/history?symbol=NSE%3AHEG-EQ&resolution=5&date_format=1&range_from=2025-11-04&range_to=2025-11-11&cont_flag=1 (Caused by NameResolutionError(\"<urllib3.connection.HTTPSConnection object at 0x0000013AC7B1C550>: Failed to resolve 'api-t1.fyers.in' ([Errno 11001] getaddrinfo failed)\"))"},"timestamp":"2025-11-11 11:05:18,297+0530","service":"FyersAPI"}
{"level":"ERROR","location":"[get_call:164] fyersModel","message":{"API":"/history","error":"HTTPSConnectionPool(host='api-t1.fyers.in', port=443): Max retries exceeded with url: /data/history?symbol=NSE%3AINTELLECT-EQ&resolution=5&date_format=1&range_from=2025-11-04&range_to=2025-11-11&cont_flag=1 (Caused by NameResolutionError(\"<urllib3.connection.HTTPSConnection object at 0x0000013ADA35B890>: Failed to resolve 'api-t1.fyers.in' ([Errno 11001] getaddrinfo failed)\"))"},"timestamp":"2025-11-11 11:05:18,303+0530","service":"FyersAPI"}
{"level":"ERROR","location":"[get_call:164] fyersModel","message":{"API":"/history","error":"HTTPSConnectionPool(host='api-t1.fyers.in', port=443): Max retries exceeded with url: /data/history?symbol=NSE%3AJSL-EQ&resolution=5&date_format=1&range_from=2025-11-04&range_to=2025-11-11&cont_flag=1 (Caused by NameResolutionError(\"<urllib3.connection.HTTPSConnection object at 0x0000013ADA0A22D0>: Failed to resolve 'api-t1.fyers.in' ([Errno 11001] getaddrinfo failed)\"))"},"timestamp":"2025-11-11 11:05:28,310+0530","service":"FyersAPI"}
{"level":"ERROR","location":"[get_call:164] fyersModel","message":{"API":"/history","error":"HTTPSConnectionPool(host='api-t1.fyers.in', port=443): Max retries exceeded with url: /data/history?symbol=NSE%3AMMTC-EQ&resolution=5&date_format=1&range_from=2025-11-04&range_to=2025-11-11&cont_flag=1 (Caused by NameResolutionError(\"<urllib3.connection.HTTPSConnection object at 0x0000013ADA4245D0>: Failed to resolve 'api-t1.fyers.in' ([Errno 11001] getaddrinfo failed)\"))"},"timestamp":"2025-11-11 11:05:28,314+0530","service":"FyersAPI"}
{"level":"ERROR","location":"[get_call:164] fyersModel","message":{"API":"/history","error":"HTTPSConnectionPool(host='api-t1.fyers.in', port=443): Max retries exceeded with url: /data/history?symbol=NSE%3AIDEA-EQ&resolution=5&date_format=1&range_from=2025-11-04&range_to=2025-11-11&cont_flag=1 (Caused by NameResolutionError(\"<urllib3.connection.HTTPSConnection object at 0x0000013ADA426A50>: Failed to resolve 'api-t1.fyers.in' ([Errno 11001] getaddrinfo failed)\"))"},"timestamp":"2025-11-11 11:05:28,324+0530","service":"FyersAPI"}
{"level":"ERROR","location":"[get_call:164] fyersModel","message":{"API":"/history","error":"HTTPSConnectionPool(host='api-t1.fyers.in', port=443): Max retries exceeded with url: /data/history?symbol=NSE%3AKEC-EQ&resolution=5&date_format=1&range_from=2025-11-04&range_to=2025-11-11&cont_flag=1 (Caused by NameResolutionError(\"<urllib3.connection.HTTPSConnection object at 0x0000013AD9B22550>: Failed to resolve 'api-t1.fyers.in' ([Errno 11001] getaddrinfo failed)\"))"},"timestamp":"2025-11-11 11:05:28,327+0530","service":"FyersAPI"}
{"level":"ERROR","location":"[get_call:164] fyersModel","message":{"API":"/history","error":"HTTPSConnectionPool(host='api-t1.fyers.in', port=443): Max retries exceeded with url: /data/history?symbol=NSE%3AHEG-EQ&resolution=5&date_format=1&range_from=2025-11-04&range_to=2025-11-11&cont_flag=1 (Caused by NameResolutionError(\"<urllib3.connection.HTTPSConnection object at 0x0000013ADA08EC50>: Failed to resolve 'api-t1.fyers.in' ([Errno 11001] getaddrinfo failed)\"))"},"timestamp":"2025-11-11 11:05:28,335+0530","service":"FyersAPI"}
{"level":"ERROR","location":"[get_call:164] fyersModel","message":{"API":"/history","error":"HTTPSConnectionPool(host='api-t1.fyers.in', port=443): Max retries exceeded with url: /data/history?symbol=NSE%3AINTELLECT-EQ&resolution=5&date_format=1&range_from=2025-11-04&range_to=2025-11-11&cont_flag=1 (Caused by NameResolutionError(\"<urllib3.connection.HTTPSConnection object at 0x0000013ADA35BBD0>: Failed to resolve 'api-t1.fyers.in' ([Errno 11001] getaddrinfo failed)\"))"},"timestamp":"2025-11-11 11:05:28,339+0530","service":"FyersAPI"}
{"level":"ERROR","location":"[get_call:164] fyersModel","message":{"API":"/history","error":"HTTPSConnectionPool(host='api-t1.fyers.in', port=443): Max retries exceeded with url: /data/history?symbol=NSE%3AJSL-EQ&resolution=5&date_format=1&range_from=2025-11-04&range_to=2025-11-11&cont_flag=1 (Caused by NameResolutionError(\"<urllib3.connection.HTTPSConnection object at 0x0000013ADA407550>: Failed to resolve 'api-t1.fyers.in' ([Errno 11001] getaddrinfo failed)\"))"},"timestamp":"2025-11-11 11:05:38,346+0530","service":"FyersAPI"}
{"level":"ERROR","location":"[get_call:164] fyersModel","message":{"API":"/history","error":"HTTPSConnectionPool(host='api-t1.fyers.in', port=443): Max retries exceeded with url: /data/history?symbol=NSE%3AMMTC-EQ&resolution=5&date_format=1&range_from=2025-11-04&range_to=2025-11-11&cont_flag=1 (Caused by NameResolutionError(\"<urllib3.connection.HTTPSConnection object at 0x0000013ADA427F90>: Failed to resolve 'api-t1.fyers.in' ([Errno 11001] getaddrinfo failed)\"))"},"timestamp":"2025-11-11 11:05:38,353+0530","service":"FyersAPI"}
{"level":"ERROR","location":"[get_call:164] fyersModel","message":{"API":"/history","error":"HTTPSConnectionPool(host='api-t1.fyers.in', port=443): Max retries exceeded with url: /data/history?symbol=NSE%3AIDEA-EQ&resolution=5&date_format=1&range_from=2025-11-04&range_to=2025-11-11&cont_flag=1 (Caused by NameResolutionError(\"<urllib3.connection.HTTPSConnection object at 0x0000013ADA411FD0>: Failed to resolve 'api-t1.fyers.in' ([Errno 11001] getaddrinfo failed)\"))"},"timestamp":"2025-11-11 11:05:38,359+0530","service":"FyersAPI"}
{"level":"ERROR","location":"[get_call:164] fyersModel","message":{"API":"/history","error":"HTTPSConnectionPool(host='api-t1.fyers.in', port=443): Max retries exceeded with url: /data/history?symbol=NSE%3AKEC-EQ&resolution=5&date_format=1&range_from=2025-11-04&range_to=2025-11-11&cont_flag=1 (Caused by NameResolutionError(\"<urllib3.connection.HTTPSConnection object at 0x0000013ADA09E190>: Failed to resolve 'api-t1.fyers.in' ([Errno 11001] getaddrinfo failed)\"))"},"timestamp":"2025-11-11 11:05:38,363+0530","service":"FyersAPI"}
{"level":"ERROR","location":"[get_call:164] fyersModel","message":{"API":"/history","error":"HTTPSConnectionPool(host='api-t1.fyers.in', port=443): Max retries exceeded with url: /data/history?symbol=NSE%3AHEG-EQ&resolution=5&date_format=1&range_from=2025-11-04&range_to=2025-11-11&cont_flag=1 (Caused by NameResolutionError(\"<urllib3.connection.HTTPSConnection object at 0x0000013ADA43CAD0>: Failed to resolve 'api-t1.fyers.in' ([Errno 11001] getaddrinfo failed)\"))"},"timestamp":"2025-11-11 11:05:38,367+0530","service":"FyersAPI"}
{"level":"ERROR","location":"[get_call:164] fyersModel","message":{"API":"/history","error":"HTTPSConnectionPool(host='api-t1.fyers.in', port=443): Max retries exceeded with url: /data/history?symbol=NSE%3AINTELLECT-EQ&resolution=5&date_format=1&range_from=2025-11-04&range_to=2025-11-11&cont_flag=1 (Caused by NameResolutionError(\"<urllib3.connection.HTTPSConnection object at 0x0000013AD91D0290>: Failed to resolve 'api-t1.fyers.in' ([Errno 11001] getaddrinfo failed)\"))"},"timestamp":"2025-11-11 11:05:38,375+0530","service":"FyersAPI"}
{"level":"ERROR","location":"[get_call:164] fyersModel","message":{"API":"/history","error":"HTTPSConnectionPool(host='api-t1.fyers.in', port=443): Max retries exceeded with url: /data/history?symbol=NSE%3AJSL-EQ&resolution=5&date_format=1&range_from=2025-11-04&range_to=2025-11-11&cont_flag=1 (Caused by NameResolutionError(\"<urllib3.connection.HTTPSConnection object at 0x0000013ADA07A1D0>: Failed to resolve 'api-t1.fyers.in' ([Errno 11001] getaddrinfo failed)\"))"},"timestamp":"2025-11-11 11:05:48,382+0530","service":"FyersAPI"}
{"level":"ERROR","location":"[get_call:164] fyersModel","message":{"API":"/history","error":"HTTPSConnectionPool(host='api-t1.fyers.in', port=443): Max retries exceeded with url: /data/history?symbol=NSE%3AMMTC-EQ&resolution=5&date_format=1&range_from=2025-11-04&range_to=2025-11-11&cont_flag=1 (Caused by NameResolutionError(\"<urllib3.connection.HTTPSConnection object at 0x0000013ADA427490>: Failed to resolve 'api-t1.fyers.in' ([Errno 11001] getaddrinfo failed)\"))"},"timestamp":"2025-11-11 11:05:48,387+0530","service":"FyersAPI"}
{"level":"ERROR","location":"[get_call:164] fyersModel","message":{"API":"/history","error":"HTTPSConnectionPool(host='api-t1.fyers.in', port=443): Max retries exceeded with url: /data/history?symbol=NSE%3AIDEA-EQ&resolution=5&date_format=1&range_from=2025-11-04&range_to=2025-11-11&cont_flag=1 (Caused by NameResolutionError(\"<urllib3.connection.HTTPSConnection object at 0x0000013ADA4067D0>: Failed to resolve 'api-t1.fyers.in' ([Errno 11001] getaddrinfo failed)\"))"},"timestamp":"2025-11-11 11:05:48,392+0530","service":"FyersAPI"}
{"level":"ERROR","location":"[get_call:164] fyersModel","message":{"API":"/history","error":"HTTPSConnectionPool(host='api-t1.fyers.in', port=443): Max retries exceeded with url: /data/history?symbol=NSE%3AKEC-EQ&resolution=5&date_format=1&range_from=2025-11-04&range_to=2025-11-11&cont_flag=1 (Caused by NameResolutionError(\"<urllib3.connection.HTTPSConnection object at 0x0000013ADA3F7D50>: Failed to resolve 'api-t1.fyers.in' ([Errno 11001] getaddrinfo failed)\"))"},"timestamp":"2025-11-11 11:05:48,399+0530","service":"FyersAPI"}
{"level":"ERROR","location":"[get_call:164] fyersModel","message":{"API":"/history","error":"HTTPSConnectionPool(host='api-t1.fyers.in', port=443): Max retries exceeded with url: /data/history?symbol=NSE%3AHEG-EQ&resolution=5&date_format=1&range_from=2025-11-04&range_to=2025-11-11&cont_flag=1 (Caused by NameResolutionError(\"<urllib3.connection.HTTPSConnection object at 0x0000013ADA43F150>: Failed to resolve 'api-t1.fyers.in' ([Errno 11001] getaddrinfo failed)\"))"},"timestamp":"2025-11-11 11:05:48,403+0530","service":"FyersAPI"}
{"level":"ERROR","location":"[get_call:164] fyersModel","message":{"API":"/history","error":"HTTPSConnectionPool(host='api-t1.fyers.in', port=443): Max retries exceeded with url: /data/history?symbol=NSE%3AINTELLECT-EQ&resolution=5&date_format=1&range_from=2025-11-04&range_to=2025-11-11&cont_flag=1 (Caused by NameResolutionError(\"<urllib3.connection.HTTPSConnection object at 0x0000013ADA09E190>: Failed to resolve 'api-t1.fyers.in' ([Errno 11001] getaddrinfo failed)\"))"},"timestamp":"2025-11-11 11:05:48,408+0530","service":"FyersAPI"}
{"level":"ERROR","location":"[get_call:164] fyersModel","message":{"API":"/history","error":"HTTPSConnectionPool(host='api-t1.fyers.in', port=443): Max retries exceeded with url: /data/history?symbol=NSE%3AJSL-EQ&resolution=5&date_format=1&range_from=2025-11-04&range_to=2025-11-11&cont_flag=1 (Caused by NameResolutionError(\"<urllib3.connection.HTTPSConnection object at 0x0000013ADA425850>: Failed to resolve 'api-t1.fyers.in' ([Errno 11001] getaddrinfo failed)\"))"},"timestamp":"2025-11-11 11:05:58,413+0530","service":"FyersAPI"}
{"level":"ERROR","location":"[get_call:164] fyersModel","message":{"API":"/history","error":"HTTPSConnectionPool(host='api-t1.fyers.in', port=443): Max retries exceeded with url: /data/history?symbol=NSE%3AMMTC-EQ&resolution=5&date_format=1&range_from=2025-11-04&range_to=2025-11-11&cont_flag=1 (Caused by NameResolutionError(\"<urllib3.connection.HTTPSConnection object at 0x0000013AD7992AD0>: Failed to resolve 'api-t1.fyers.in' ([Errno 11001] getaddrinfo failed)\"))"},"timestamp":"2025-11-11 11:05:58,420+0530","service":"FyersAPI"}
{"level":"ERROR","location":"[get_call:164] fyersModel","message":{"API":"/history","error":"HTTPSConnectionPool(host='api-t1.fyers.in', port=443): Max retries exceeded with url: /data/history?symbol=NSE%3AIDEA-EQ&resolution=5&date_format=1&range_from=2025-11-04&range_to=2025-11-11&cont_flag=1 (Caused by NameResolutionError(\"<urllib3.connection.HTTPSConnection object at 0x0000013ADA43ECD0>: Failed to resolve 'api-t1.fyers.in' ([Errno 11001] getaddrinfo failed)\"))"},"timestamp":"2025-11-11 11:05:58,425+0530","service":"FyersAPI"}
{"level":"ERROR","location":"[get_call:164] fyersModel","message":{"API":"/history","error":"HTTPSConnectionPool(host='api-t1.fyers.in', port=443): Max retries exceeded with url: /data/history?symbol=NSE%3AKEC-EQ&resolution=5&date_format=1&range_from=2025-11-04&range_to=2025-11-11&cont_flag=1 (Caused by NameResolutionError(\"<urllib3.connection.HTTPSConnection object at 0x0000013ADA387810>: Failed to resolve 'api-t1.fyers.in' ([Errno 11001] getaddrinfo failed)\"))"},"timestamp":"2025-11-11 11:05:58,428+0530","service":"FyersAPI"}
{"level":"ERROR","location":"[get_call:164] fyersModel","message":{"API":"/history","error":"HTTPSConnectionPool(host='api-t1.fyers.in', port=443): Max retries exceeded with url: /data/history?symbol=NSE%3AHEG-EQ&resolution=5&date_format=1&range_from=2025-11-04&range_to=2025-11-11&cont_flag=1 (Caused by NameResolutionError(\"<urllib3.connection.HTTPSConnection object at 0x0000013ADA4119D0>: Failed to resolve 'api-t1.fyers.in' ([Errno 11001] getaddrinfo failed)\"))"},"timestamp":"2025-11-11 11:05:58,431+0530","service":"FyersAPI"}
{"level":"ERROR","location":"[get_call:164] fyersModel","message":{"API":"/history","error":"HTTPSConnectionPool(host='api-t1.fyers.in', port=443): Max retries exceeded with url: /data/history?symbol=NSE%3AINTELLECT-EQ&resolution=5&date_format=1&range_from=2025-11-04&range_to=2025-11-11&cont_flag=1 (Caused by NameResolutionError(\"<urllib3.connection.HTTPSConnection object at 0x0000013ADA3079D0>: Failed to resolve 'api-t1.fyers.in' ([Errno 11001] getaddrinfo failed)\"))"},"timestamp":"2025-11-11 11:05:58,437+0530","service":"FyersAPI"}
{"level":"ERROR","location":"[get_call:164] fyersModel","message":{"API":"/history","error":"HTTPSConnectionPool(host='api-t1.fyers.in', port=443): Max retries exceeded with url: /data/history?symbol=NSE%3AJSL-EQ&resolution=5&date_format=1&range_from=2025-11-04&range_to=2025-11-11&cont_flag=1 (Caused by NameResolutionError(\"<urllib3.connection.HTTPSConnection object at 0x0000013ADA41E150>: Failed to resolve 'api-t1.fyers.in' ([Errno 11001] getaddrinfo failed)\"))"},"timestamp":"2025-11-11 11:06:08,447+0530","service":"FyersAPI"}
{"level":"ERROR","location":"[get_call:164] fyersModel","message":{"API":"/history","error":"HTTPSConnectionPool(host='api-t1.fyers.in', port=443): Max retries exceeded with url: /data/history?symbol=NSE%3AMMTC-EQ&resolution=5&date_format=1&range_from=2025-11-04&range_to=2025-11-11&cont_flag=1 (Caused by NameResolutionError(\"<urllib3.connection.HTTPSConnection object at 0x0000013ADA0A3E50>: Failed to resolve 'api-t1.fyers.in' ([Errno 11001] getaddrinfo failed)\"))"},"timestamp":"2025-11-11 11:06:08,454+0530","service":"FyersAPI"}
{"level":"ERROR","location":"[get_call:164] fyersModel","message":{"API":"/history","error":"HTTPSConnectionPool(host='api-t1.fyers.in', port=443): Max retries exceeded with url: /data/history?symbol=NSE%3AIDEA-EQ&resolution=5&date_format=1&range_from=2025-11-04&range_to=2025-11-11&cont_flag=1 (Caused by NameResolutionError(\"<urllib3.connection.HTTPSConnection object at 0x0000013ADA406350>: Failed to resolve 'api-t1.fyers.in' ([Errno 11001] getaddrinfo failed)\"))"},"timestamp":"2025-11-11 11:06:08,459+0530","service":"FyersAPI"}
{"level":"ERROR","location":"[get_call:164] fyersModel","message":{"API":"/history","error":"HTTPSConnectionPool(host='api-t1.fyers.in', port=443): Max retries exceeded with url: /data/history?symbol=NSE%3AKEC-EQ&resolution=5&date_format=1&range_from=2025-11-04&range_to=2025-11-11&cont_flag=1 (Caused by NameResolutionError(\"<urllib3.connection.HTTPSConnection object at 0x0000013ADA43D490>: Failed to resolve 'api-t1.fyers.in' ([Errno 11001] getaddrinfo failed)\"))"},"timestamp":"2025-11-11 11:06:08,466+0530","service":"FyersAPI"}
{"level":"ERROR","location":"[get_call:164] fyersModel","message":{"API":"/history","error":"HTTPSConnectionPool(host='api-t1.fyers.in', port=443): Max retries exceeded with url: /data/history?symbol=NSE%3AHEG-EQ&resolution=5&date_format=1&range_from=2025-11-04&range_to=2025-11-11&cont_flag=1 (Caused by NameResolutionError(\"<urllib3.connection.HTTPSConnection object at 0x0000013ADA411D90>: Failed to resolve 'api-t1.fyers.in' ([Errno 11001] getaddrinfo failed)\"))"},"timestamp":"2025-11-11 11:06:08,474+0530","service":"FyersAPI"}
{"level":"ERROR","location":"[get_call:164] fyersModel","message":{"API":"/history","error":"HTTPSConnectionPool(host='api-t1.fyers.in', port=443): Max retries exceeded with url: /data/history?symbol=NSE%3AINTELLECT-EQ&resolution=5&date_format=1&range_from=2025-11-04&range_to=2025-11-11&cont_flag=1 (Caused by NameResolutionError(\"<urllib3.connection.HTTPSConnection object at 0x0000013ADA426FD0>: Failed to resolve 'api-t1.fyers.in' ([Errno 11001] getaddrinfo failed)\"))"},"timestamp":"2025-11-11 11:06:08,480+0530","service":"FyersAPI"}
{"level":"ERROR","location":"[get_call:164] fyersModel","message":{"API":"/history","error":"HTTPSConnectionPool(host='api-t1.fyers.in', port=443): Max retries exceeded with url: /data/history?symbol=NSE%3AJSL-EQ&resolution=5&date_format=1&range_from=2025-11-04&range_to=2025-11-11&cont_flag=1 (Caused by NameResolutionError(\"<urllib3.connection.HTTPSConnection object at 0x0000013ADA358510>: Failed to resolve 'api-t1.fyers.in' ([Errno 11001] getaddrinfo failed)\"))"},"timestamp":"2025-11-11 11:06:18,489+0530","service":"FyersAPI"}
{"level":"ERROR","location":"[get_call:164] fyersModel","message":{"API":"/history","error":"HTTPSConnectionPool(host='api-t1.fyers.in', port=443): Max retries exceeded with url: /data/history?symbol=NSE%3AMMTC-EQ&resolution=5&date_format=1&range_from=2025-11-04&range_to=2025-11-11&cont_flag=1 (Caused by NameResolutionError(\"<urllib3.connection.HTTPSConnection object at 0x0000013ADA4121D0>: Failed to resolve 'api-t1.fyers.in' ([Errno 11001] getaddrinfo failed)\"))"},"timestamp":"2025-11-11 11:06:18,495+0530","service":"FyersAPI"}
{"level":"ERROR","location":"[get_call:164] fyersModel","message":{"API":"/history","error":"HTTPSConnectionPool(host='api-t1.fyers.in', port=443): Max retries exceeded with url: /data/history?symbol=NSE%3AIDEA-EQ&resolution=5&date_format=1&range_from=2025-11-04&range_to=2025-11-11&cont_flag=1 (Caused by NameResolutionError(\"<urllib3.connection.HTTPSConnection object at 0x0000013ADA43C990>: Failed to resolve 'api-t1.fyers.in' ([Errno 11001] getaddrinfo failed)\"))"},"timestamp":"2025-11-11 11:06:18,500+0530","service":"FyersAPI"}
{"level":"ERROR","location":"[get_call:164] fyersModel","message":{"API":"/history","error":"HTTPSConnectionPool(host='api-t1.fyers.in', port=443): Max retries exceeded with url: /data/history?symbol=NSE%3AKEC-EQ&resolution=5&date_format=1&range_from=2025-11-04&range_to=2025-11-11&cont_flag=1 (Caused by NameResolutionError(\"<urllib3.connection.HTTPSConnection object at 0x0000013ADA407ED0>: Failed to resolve 'api-t1.fyers.in' ([Errno 11001] getaddrinfo failed)\"))"},"timestamp":"2025-11-11 11:06:18,505+0530","service":"FyersAPI"}
{"level":"ERROR","location":"[get_call:164] fyersModel","message":{"API":"/history","error":"HTTPSConnectionPool(host='api-t1.fyers.in', port=443): Max retries exceeded with url: /data/history?symbol=NSE%3AHEG-EQ&resolution=5&date_format=1&range_from=2025-11-04&range_to=2025-11-11&cont_flag=1 (Caused by NameResolutionError(\"<urllib3.connection.HTTPSConnection object at 0x0000013ADA4265D0>: Failed to resolve 'api-t1.fyers.in' ([Errno 11001] getaddrinfo failed)\"))"},"timestamp":"2025-11-11 11:06:18,509+0530","service":"FyersAPI"}
{"level":"ERROR","location":"[get_call:164] fyersModel","message":{"API":"/history","error":"HTTPSConnectionPool(host='api-t1.fyers.in', port=443): Max retries exceeded with url: /data/history?symbol=NSE%3AINTELLECT-EQ&resolution=5&date_format=1&range_from=2025-11-04&range_to=2025-11-11&cont_flag=1 (Caused by NameResolutionError(\"<urllib3.connection.HTTPSConnection object at 0x0000013AD9B20C50>: Failed to resolve 'api-t1.fyers.in' ([Errno 11001] getaddrinfo failed)\"))"},"timestamp":"2025-11-11 11:06:18,509+0530","service":"FyersAPI"}
{"level":"ERROR","location":"[get_call:164] fyersModel","message":{"API":"/history","error":"HTTPSConnectionPool(host='api-t1.fyers.in', port=443): Max retries exceeded with url: /data/history?symbol=NSE%3AJSL-EQ&resolution=5&date_format=1&range_from=2025-11-04&range_to=2025-11-11&cont_flag=1 (Caused by NameResolutionError(\"<urllib3.connection.HTTPSConnection object at 0x0000013ADA3F7950>: Failed to resolve 'api-t1.fyers.in' ([Errno 11001] getaddrinfo failed)\"))"},"timestamp":"2025-11-11 11:06:28,519+0530","service":"FyersAPI"}
{"level":"ERROR","location":"[get_call:164] fyersModel","message":{"API":"/history","error":"HTTPSConnectionPool(host='api-t1.fyers.in', port=443): Max retries exceeded with url: /data/history?symbol=NSE%3AMMTC-EQ&resolution=5&date_format=1&range_from=2025-11-04&range_to=2025-11-11&cont_flag=1 (Caused by NameResolutionError(\"<urllib3.connection.HTTPSConnection object at 0x0000013ADA406690>: Failed to resolve 'api-t1.fyers.in' ([Errno 11001] getaddrinfo failed)\"))"},"timestamp":"2025-11-11 11:06:28,528+0530","service":"FyersAPI"}
{"level":"ERROR","location":"[get_call:164] fyersModel","message":{"API":"/history","error":"HTTPSConnectionPool(host='api-t1.fyers.in', port=443): Max retries exceeded with url: /data/history?symbol=NSE%3AIDEA-EQ&resolution=5&date_format=1&range_from=2025-11-04&range_to=2025-11-11&cont_flag=1 (Caused by NameResolutionError(\"<urllib3.connection.HTTPSConnection object at 0x0000013ADA0A5690>: Failed to resolve 'api-t1.fyers.in' ([Errno 11001] getaddrinfo failed)\"))"},"timestamp":"2025-11-11 11:06:28,543+0530","service":"FyersAPI"}
{"level":"ERROR","location":"[get_call:164] fyersModel","message":{"API":"/history","error":"HTTPSConnectionPool(host='api-t1.fyers.in', port=443): Max retries exceeded with url: /data/history?symbol=NSE%3AKEC-EQ&resolution=5&date_format=1&range_from=2025-11-04&range_to=2025-11-11&cont_flag=1 (Caused by NameResolutionError(\"<urllib3.connection.HTTPSConnection object at 0x0000013ADA411910>: Failed to resolve 'api-t1.fyers.in' ([Errno 11001] getaddrinfo failed)\"))"},"timestamp":"2025-11-11 11:06:28,551+0530","service":"FyersAPI"}
{"level":"ERROR","location":"[get_call:164] fyersModel","message":{"API":"/history","error":"HTTPSConnectionPool(host='api-t1.fyers.in', port=443): Max retries exceeded with url: /data/history?symbol=NSE%3AHEG-EQ&resolution=5&date_format=1&range_from=2025-11-04&range_to=2025-11-11&cont_flag=1 (Caused by NameResolutionError(\"<urllib3.connection.HTTPSConnection object at 0x0000013ADA41F510>: Failed to resolve 'api-t1.fyers.in' ([Errno 11001] getaddrinfo failed)\"))"},"timestamp":"2025-11-11 11:06:28,556+0530","service":"FyersAPI"}
{"level":"ERROR","location":"[get_call:164] fyersModel","message":{"API":"/history","error":"HTTPSConnectionPool(host='api-t1.fyers.in', port=443): Max retries exceeded with url: /data/history?symbol=NSE%3AINTELLECT-EQ&resolution=5&date_format=1&range_from=2025-11-04&range_to=2025-11-11&cont_flag=1 (Caused by NameResolutionError(\"<urllib3.connection.HTTPSConnection object at 0x0000013ADA411090>: Failed to resolve 'api-t1.fyers.in' ([Errno 11001] getaddrinfo failed)\"))"},"timestamp":"2025-11-11 11:06:28,560+0530","service":"FyersAPI"}
{"level":"ERROR","location":"[get_call:164] fyersModel","message":{"API":"/history","error":"HTTPSConnectionPool(host='api-t1.fyers.in', port=443): Max retries exceeded with url: /data/history?symbol=NSE%3AJSL-EQ&resolution=5&date_format=1&range_from=2025-11-04&range_to=2025-11-11&cont_flag=1 (Caused by NameResolutionError(\"<urllib3.connection.HTTPSConnection object at 0x0000013ADA43E390>: Failed to resolve 'api-t1.fyers.in' ([Errno 11001] getaddrinfo failed)\"))"},"timestamp":"2025-11-11 11:06:38,568+0530","service":"FyersAPI"}
{"level":"ERROR","location":"[get_call:164] fyersModel","message":{"API":"/history","error":"HTTPSConnectionPool(host='api-t1.fyers.in', port=443): Max retries exceeded with url: /data/history?symbol=NSE%3AMMTC-EQ&resolution=5&date_format=1&range_from=2025-11-04&range_to=2025-11-11&cont_flag=1 (Caused by NameResolutionError(\"<urllib3.connection.HTTPSConnection object at 0x0000013ADA386350>: Failed to resolve 'api-t1.fyers.in' ([Errno 11001] getaddrinfo failed)\"))"},"timestamp":"2025-11-11 11:06:38,575+0530","service":"FyersAPI"}
{"level":"ERROR","location":"[get_call:164] fyersModel","message":{"API":"/history","error":"HTTPSConnectionPool(host='api-t1.fyers.in', port=443): Max retries exceeded with url: /data/history?symbol=NSE%3AIDEA-EQ&resolution=5&date_format=1&range_from=2025-11-04&range_to=2025-11-11&cont_flag=1 (Caused by NameResolutionError(\"<urllib3.connection.HTTPSConnection object at 0x0000013ADA407550>: Failed to resolve 'api-t1.fyers.in' ([Errno 11001] getaddrinfo failed)\"))"},"timestamp":"2025-11-11 11:06:38,585+0530","service":"FyersAPI"}
{"level":"ERROR","location":"[get_call:164] fyersModel","message":{"API":"/history","error":"HTTPSConnectionPool(host='api-t1.fyers.in', port=443): Max retries exceeded with url: /data/history?symbol=NSE%3AKEC-EQ&resolution=5&date_format=1&range_from=2025-11-04&range_to=2025-11-11&cont_flag=1 (Caused by NameResolutionError(\"<urllib3.connection.HTTPSConnection object at 0x0000013ADA41E7D0>: Failed to resolve 'api-t1.fyers.in' ([Errno 11001] getaddrinfo failed)\"))"},"timestamp":"2025-11-11 11:06:38,587+0530","service":"FyersAPI"}
{"level":"ERROR","location":"[get_call:164] fyersModel","message":{"API":"/history","error":"HTTPSConnectionPool(host='api-t1.fyers.in', port=443): Max retries exceeded with url: /data/history?symbol=NSE%3AHEG-EQ&resolution=5&date_format=1&range_from=2025-11-04&range_to=2025-11-11&cont_flag=1 (Caused by NameResolutionError(\"<urllib3.connection.HTTPSConnection object at 0x0000013ADA406DD0>: Failed to resolve 'api-t1.fyers.in' ([Errno 11001] getaddrinfo failed)\"))"},"timestamp":"2025-11-11 11:06:38,594+0530","service":"FyersAPI"}
{"level":"ERROR","location":"[get_call:164] fyersModel","message":{"API":"/history","error":"HTTPSConnectionPool(host='api-t1.fyers.in', port=443): Max retries exceeded with url: /data/history?symbol=NSE%3AINTELLECT-EQ&resolution=5&date_format=1&range_from=2025-11-04&range_to=2025-11-11&cont_flag=1 (Caused by NameResolutionError(\"<urllib3.connection.HTTPSConnection object at 0x0000013ADA404D10>: Failed to resolve 'api-t1.fyers.in' ([Errno 11001] getaddrinfo failed)\"))"},"timestamp":"2025-11-11 11:06:38,600+0530","service":"FyersAPI"}
{"level":"ERROR","location":"[get_call:164] fyersModel","message":{"API":"/history","error":"HTTPSConnectionPool(host='api-t1.fyers.in', port=443): Max retries exceeded with url: /data/history?symbol=NSE%3AJSL-EQ&resolution=5&date_format=1&range_from=2025-11-04&range_to=2025-11-11&cont_flag=1 (Caused by NameResolutionError(\"<urllib3.connection.HTTPSConnection object at 0x0000013ADA09CED0>: Failed to resolve 'api-t1.fyers.in' ([Errno 11001] getaddrinfo failed)\"))"},"timestamp":"2025-11-11 11:06:48,605+0530","service":"FyersAPI"}
{"level":"ERROR","location":"[get_call:164] fyersModel","message":{"API":"/history","error":"HTTPSConnectionPool(host='api-t1.fyers.in', port=443): Max retries exceeded with url: /data/history?symbol=NSE%3AMMTC-EQ&resolution=5&date_format=1&range_from=2025-11-04&range_to=2025-11-11&cont_flag=1 (Caused by NameResolutionError(\"<urllib3.connection.HTTPSConnection object at 0x0000013ADA358290>: Failed to resolve 'api-t1.fyers.in' ([Errno 11001] getaddrinfo failed)\"))"},"timestamp":"2025-11-11 11:06:48,611+0530","service":"FyersAPI"}
{"level":"ERROR","location":"[get_call:164] fyersModel","message":{"API":"/history","error":"HTTPSConnectionPool(host='api-t1.fyers.in', port=443): Max retries exceeded with url: /data/history?symbol=NSE%3AIDEA-EQ&resolution=5&date_format=1&range_from=2025-11-04&range_to=2025-11-11&cont_flag=1 (Caused by NameResolutionError(\"<urllib3.connection.HTTPSConnection object at 0x0000013ADA2EFBD0>: Failed to resolve 'api-t1.fyers.in' ([Errno 11001] getaddrinfo failed)\"))"},"timestamp":"2025-11-11 11:06:48,617+0530","service":"FyersAPI"}
{"level":"ERROR","location":"[get_call:164] fyersModel","message":{"API":"/history","error":"HTTPSConnectionPool(host='api-t1.fyers.in', port=443): Max retries exceeded with url: /data/history?symbol=NSE%3AKEC-EQ&resolution=5&date_format=1&range_from=2025-11-04&range_to=2025-11-11&cont_flag=1 (Caused by NameResolutionError(\"<urllib3.connection.HTTPSConnection object at 0x0000013ADA085E90>: Failed to resolve 'api-t1.fyers.in' ([Errno 11001] getaddrinfo failed)\"))"},"timestamp":"2025-11-11 11:06:48,621+0530","service":"FyersAPI"}
{"level":"ERROR","location":"[get_call:164] fyersModel","message":{"API":"/history","error":"HTTPSConnectionPool(host='api-t1.fyers.in', port=443): Max retries exceeded with url: /data/history?symbol=NSE%3AHEG-EQ&resolution=5&date_format=1&range_from=2025-11-04&range_to=2025-11-11&cont_flag=1 (Caused by NameResolutionError(\"<urllib3.connection.HTTPSConnection object at 0x0000013ADA358690>: Failed to resolve 'api-t1.fyers.in' ([Errno 11001] getaddrinfo failed)\"))"},"timestamp":"2025-11-11 11:06:48,628+0530","service":"FyersAPI"}
{"level":"ERROR","location":"[get_call:164] fyersModel","message":{"API":"/history","error":"HTTPSConnectionPool(host='api-t1.fyers.in', port=443): Max retries exceeded with url: /data/history?symbol=NSE%3AINTELLECT-EQ&resolution=5&date_format=1&range_from=2025-11-04&range_to=2025-11-11&cont_flag=1 (Caused by NameResolutionError(\"<urllib3.connection.HTTPSConnection object at 0x0000013ADA3F7CD0>: Failed to resolve 'api-t1.fyers.in' ([Errno 11001] getaddrinfo failed)\"))"},"timestamp":"2025-11-11 11:06:48,631+0530","service":"FyersAPI"}
{"level":"ERROR","location":"[get_call:164] fyersModel","message":{"API":"/history","error":"HTTPSConnectionPool(host='api-t1.fyers.in', port=443): Max retries exceeded with url: /data/history?symbol=NSE%3AJSL-EQ&resolution=5&date_format=1&range_from=2025-11-04&range_to=2025-11-11&cont_flag=1 (Caused by NameResolutionError(\"<urllib3.connection.HTTPSConnection object at 0x0000013ADA405A10>: Failed to resolve 'api-t1.fyers.in' ([Errno 11001] getaddrinfo failed)\"))"},"timestamp":"2025-11-11 11:06:58,641+0530","service":"FyersAPI"}
{"level":"ERROR","location":"[get_call:164] fyersModel","message":{"API":"/history","error":"HTTPSConnectionPool(host='api-t1.fyers.in', port=443): Max retries exceeded with url: /data/history?symbol=NSE%3AMMTC-EQ&resolution=5&date_format=1&range_from=2025-11-04&range_to=2025-11-11&cont_flag=1 (Caused by NameResolutionError(\"<urllib3.connection.HTTPSConnection object at 0x0000013ADA413650>: Failed to resolve 'api-t1.fyers.in' ([Errno 11001] getaddrinfo failed)\"))"},"timestamp":"2025-11-11 11:06:58,646+0530","service":"FyersAPI"}
{"level":"ERROR","location":"[get_call:164] fyersModel","message":{"API":"/history","error":"HTTPSConnectionPool(host='api-t1.fyers.in', port=443): Max retries exceeded with url: /data/history?symbol=NSE%3AIDEA-EQ&resolution=5&date_format=1&range_from=2025-11-04&range_to=2025-11-11&cont_flag=1 (Caused by NameResolutionError(\"<urllib3.connection.HTTPSConnection object at 0x0000013ADA41FE10>: Failed to resolve 'api-t1.fyers.in' ([Errno 11001] getaddrinfo failed)\"))"},"timestamp":"2025-11-11 11:06:58,657+0530","service":"FyersAPI"}
{"level":"ERROR","location":"[get_call:164] fyersModel","message":{"API":"/history","error":"HTTPSConnectionPool(host='api-t1.fyers.in', port=443): Max retries exceeded with url: /data/history?symbol=NSE%3AKEC-EQ&resolution=5&date_format=1&range_from=2025-11-04&range_to=2025-11-11&cont_flag=1 (Caused by NameResolutionError(\"<urllib3.connection.HTTPSConnection object at 0x0000013ADA404A90>: Failed to resolve 'api-t1.fyers.in' ([Errno 11001] getaddrinfo failed)\"))"},"timestamp":"2025-11-11 11:06:58,660+0530","service":"FyersAPI"}
{"level":"ERROR","location":"[get_call:164] fyersModel","message":{"API":"/history","error":"HTTPSConnectionPool(host='api-t1.fyers.in', port=443): Max retries exceeded with url: /data/history?symbol=NSE%3AHEG-EQ&resolution=5&date_format=1&range_from=2025-11-04&range_to=2025-11-11&cont_flag=1 (Caused by NameResolutionError(\"<urllib3.connection.HTTPSConnection object at 0x0000013ADA406FD0>: Failed to resolve 'api-t1.fyers.in' ([Errno 11001] getaddrinfo failed)\"))"},"timestamp":"2025-11-11 11:06:58,666+0530","service":"FyersAPI"}
{"level":"ERROR","location":"[get_call:164] fyersModel","message":{"API":"/history","error":"HTTPSConnectionPool(host='api-t1.fyers.in', port=443): Max retries exceeded with url: /data/history?symbol=NSE%3AINTELLECT-EQ&resolution=5&date_format=1&range_from=2025-11-04&range_to=2025-11-11&cont_flag=1 (Caused by NameResolutionError(\"<urllib3.connection.HTTPSConnection object at 0x0000013AC7B1C450>: Failed to resolve 'api-t1.fyers.in' ([Errno 11001] getaddrinfo failed)\"))"},"timestamp":"2025-11-11 11:06:58,674+0530","service":"FyersAPI"}
{"level":"ERROR","location":"[get_call:164] fyersModel","message":{"API":"/history","error":"HTTPSConnectionPool(host='api-t1.fyers.in', port=443): Max retries exceeded with url: /data/history?symbol=NSE%3AJSL-EQ&resolution=5&date_format=1&range_from=2025-11-04&range_to=2025-11-11&cont_flag=1 (Caused by NameResolutionError(\"<urllib3.connection.HTTPSConnection object at 0x0000013ADA411810>: Failed to resolve 'api-t1.fyers.in' ([Errno 11001] getaddrinfo failed)\"))"},"timestamp":"2025-11-11 11:07:08,679+0530","service":"FyersAPI"}
{"level":"ERROR","location":"[get_call:164] fyersModel","message":{"API":"/history","error":"HTTPSConnectionPool(host='api-t1.fyers.in', port=443): Max retries exceeded with url: /data/history?symbol=NSE%3AMMTC-EQ&resolution=5&date_format=1&range_from=2025-11-04&range_to=2025-11-11&cont_flag=1 (Caused by NameResolutionError(\"<urllib3.connection.HTTPSConnection object at 0x0000013ADA41E8D0>: Failed to resolve 'api-t1.fyers.in' ([Errno 11001] getaddrinfo failed)\"))"},"timestamp":"2025-11-11 11:07:08,687+0530","service":"FyersAPI"}
{"level":"ERROR","location":"[get_call:164] fyersModel","message":{"API":"/history","error":"HTTPSConnectionPool(host='api-t1.fyers.in', port=443): Max retries exceeded with url: /data/history?symbol=NSE%3AIDEA-EQ&resolution=5&date_format=1&range_from=2025-11-04&range_to=2025-11-11&cont_flag=1 (Caused by NameResolutionError(\"<urllib3.connection.HTTPSConnection object at 0x0000013ADA08D890>: Failed to resolve 'api-t1.fyers.in' ([Errno 11001] getaddrinfo failed)\"))"},"timestamp":"2025-11-11 11:07:08,694+0530","service":"FyersAPI"}
{"level":"ERROR","location":"[get_call:164] fyersModel","message":{"API":"/history","error":"HTTPSConnectionPool(host='api-t1.fyers.in', port=443): Max retries exceeded with url: /data/history?symbol=NSE%3AKEC-EQ&resolution=5&date_format=1&range_from=2025-11-04&range_to=2025-11-11&cont_flag=1 (Caused by NameResolutionError(\"<urllib3.connection.HTTPSConnection object at 0x0000013ADA358B10>: Failed to resolve 'api-t1.fyers.in' ([Errno 11001] getaddrinfo failed)\"))"},"timestamp":"2025-11-11 11:07:08,699+0530","service":"FyersAPI"}
{"level":"ERROR","location":"[get_call:164] fyersModel","message":{"API":"/history","error":"HTTPSConnectionPool(host='api-t1.fyers.in', port=443): Max retries exceeded with url: /data/history?symbol=NSE%3AHEG-EQ&resolution=5&date_format=1&range_from=2025-11-04&range_to=2025-11-11&cont_flag=1 (Caused by NameResolutionError(\"<urllib3.connection.HTTPSConnection object at 0x0000013ADA406A90>: Failed to resolve 'api-t1.fyers.in' ([Errno 11001] getaddrinfo failed)\"))"},"timestamp":"2025-11-11 11:07:08,705+0530","service":"FyersAPI"}
{"level":"ERROR","location":"[get_call:164] fyersModel","message":{"API":"/history","error":"HTTPSConnectionPool(host='api-t1.fyers.in', port=443): Max retries exceeded with url: /data/history?symbol=NSE%3AINTELLECT-EQ&resolution=5&date_format=1&range_from=2025-11-04&range_to=2025-11-11&cont_flag=1 (Caused by NameResolutionError(\"<urllib3.connection.HTTPSConnection object at 0x0000013ADA412450>: Failed to resolve 'api-t1.fyers.in' ([Errno 11001] getaddrinfo failed)\"))"},"timestamp":"2025-11-11 11:07:08,712+0530","service":"FyersAPI"}
{"level":"ERROR","location":"[get_call:164] fyersModel","message":{"API":"/history","error":"HTTPSConnectionPool(host='api-t1.fyers.in', port=443): Max retries exceeded with url: /data/history?symbol=NSE%3AJSL-EQ&resolution=5&date_format=1&range_from=2025-11-04&range_to=2025-11-11&cont_flag=1 (Caused by NameResolutionError(\"<urllib3.connection.HTTPSConnection object at 0x0000013ADA41F110>: Failed to resolve 'api-t1.fyers.in' ([Errno 11001] getaddrinfo failed)\"))"},"timestamp":"2025-11-11 11:07:18,717+0530","service":"FyersAPI"}
{"level":"ERROR","location":"[get_call:164] fyersModel","message":{"API":"/history","error":"HTTPSConnectionPool(host='api-t1.fyers.in', port=443): Max retries exceeded with url: /data/history?symbol=NSE%3AMMTC-EQ&resolution=5&date_format=1&range_from=2025-11-04&range_to=2025-11-11&cont_flag=1 (Caused by NameResolutionError(\"<urllib3.connection.HTTPSConnection object at 0x0000013ADA307810>: Failed to resolve 'api-t1.fyers.in' ([Errno 11001] getaddrinfo failed)\"))"},"timestamp":"2025-11-11 11:07:18,717+0530","service":"FyersAPI"}
{"level":"ERROR","location":"[get_call:164] fyersModel","message":{"API":"/history","error":"HTTPSConnectionPool(host='api-t1.fyers.in', port=443): Max retries exceeded with url: /data/history?symbol=NSE%3AIDEA-EQ&resolution=5&date_format=1&range_from=2025-11-04&range_to=2025-11-11&cont_flag=1 (Caused by NameResolutionError(\"<urllib3.connection.HTTPSConnection object at 0x0000013ADA4042D0>: Failed to resolve 'api-t1.fyers.in' ([Errno 11001] getaddrinfo failed)\"))"},"timestamp":"2025-11-11 11:07:18,728+0530","service":"FyersAPI"}
{"level":"ERROR","location":"[get_call:164] fyersModel","message":{"API":"/history","error":"HTTPSConnectionPool(host='api-t1.fyers.in', port=443): Max retries exceeded with url: /data/history?symbol=NSE%3AKEC-EQ&resolution=5&date_format=1&range_from=2025-11-04&range_to=2025-11-11&cont_flag=1 (Caused by NameResolutionError(\"<urllib3.connection.HTTPSConnection object at 0x0000013ADA3F7D90>: Failed to resolve 'api-t1.fyers.in' ([Errno 11001] getaddrinfo failed)\"))"},"timestamp":"2025-11-11 11:07:18,734+0530","service":"FyersAPI"}
{"level":"ERROR","location":"[get_call:164] fyersModel","message":{"API":"/history","error":"HTTPSConnectionPool(host='api-t1.fyers.in', port=443): Max retries exceeded with url: /data/history?symbol=NSE%3AHEG-EQ&resolution=5&date_format=1&range_from=2025-11-04&range_to=2025-11-11&cont_flag=1 (Caused by NameResolutionError(\"<urllib3.connection.HTTPSConnection object at 0x0000013AD6BABC50>: Failed to resolve 'api-t1.fyers.in' ([Errno 11001] getaddrinfo failed)\"))"},"timestamp":"2025-11-11 11:07:18,736+0530","service":"FyersAPI"}
{"level":"ERROR","location":"[get_call:164] fyersModel","message":{"API":"/history","error":"HTTPSConnectionPool(host='api-t1.fyers.in', port=443): Max retries exceeded with url: /data/history?symbol=NSE%3AINTELLECT-EQ&resolution=5&date_format=1&range_from=2025-11-04&range_to=2025-11-11&cont_flag=1 (Caused by NameResolutionError(\"<urllib3.connection.HTTPSConnection object at 0x0000013ADA08EED0>: Failed to resolve 'api-t1.fyers.in' ([Errno 11001] getaddrinfo failed)\"))"},"timestamp":"2025-11-11 11:07:18,744+0530","service":"FyersAPI"}
{"level":"ERROR","location":"[get_call:164] fyersModel","message":{"API":"/history","error":"HTTPSConnectionPool(host='api-t1.fyers.in', port=443): Max retries exceeded with url: /data/history?symbol=NSE%3AJSL-EQ&resolution=5&date_format=1&range_from=2025-11-04&range_to=2025-11-11&cont_flag=1 (Caused by NameResolutionError(\"<urllib3.connection.HTTPSConnection object at 0x0000013ADA4276D0>: Failed to resolve 'api-t1.fyers.in' ([Errno 11001] getaddrinfo failed)\"))"},"timestamp":"2025-11-11 11:07:28,749+0530","service":"FyersAPI"}
{"level":"ERROR","location":"[get_call:164] fyersModel","message":{"API":"/history","error":"HTTPSConnectionPool(host='api-t1.fyers.in', port=443): Max retries exceeded with url: /data/history?symbol=NSE%3AMMTC-EQ&resolution=5&date_format=1&range_from=2025-11-04&range_to=2025-11-11&cont_flag=1 (Caused by NameResolutionError(\"<urllib3.connection.HTTPSConnection object at 0x0000013ADA07A4D0>: Failed to resolve 'api-t1.fyers.in' ([Errno 11001] getaddrinfo failed)\"))"},"timestamp":"2025-11-11 11:07:28,757+0530","service":"FyersAPI"}
{"level":"ERROR","location":"[get_call:164] fyersModel","message":{"API":"/history","error":"HTTPSConnectionPool(host='api-t1.fyers.in', port=443): Max retries exceeded with url: /data/history?symbol=NSE%3AIDEA-EQ&resolution=5&date_format=1&range_from=2025-11-04&range_to=2025-11-11&cont_flag=1 (Caused by NameResolutionError(\"<urllib3.connection.HTTPSConnection object at 0x0000013ADA386C90>: Failed to resolve 'api-t1.fyers.in' ([Errno 11001] getaddrinfo failed)\"))"},"timestamp":"2025-11-11 11:07:28,761+0530","service":"FyersAPI"}
{"level":"ERROR","location":"[get_call:164] fyersModel","message":{"API":"/history","error":"HTTPSConnectionPool(host='api-t1.fyers.in', port=443): Max retries exceeded with url: /data/history?symbol=NSE%3AKEC-EQ&resolution=5&date_format=1&range_from=2025-11-04&range_to=2025-11-11&cont_flag=1 (Caused by NameResolutionError(\"<urllib3.connection.HTTPSConnection object at 0x0000013ADA4072D0>: Failed to resolve 'api-t1.fyers.in' ([Errno 11001] getaddrinfo failed)\"))"},"timestamp":"2025-11-11 11:07:28,767+0530","service":"FyersAPI"}
{"level":"ERROR","location":"[get_call:164] fyersModel","message":{"API":"/history","error":"HTTPSConnectionPool(host='api-t1.fyers.in', port=443): Max retries exceeded with url: /data/history?symbol=NSE%3AHEG-EQ&resolution=5&date_format=1&range_from=2025-11-04&range_to=2025-11-11&cont_flag=1 (Caused by NameResolutionError(\"<urllib3.connection.HTTPSConnection object at 0x0000013ADA41E850>: Failed to resolve 'api-t1.fyers.in' ([Errno 11001] getaddrinfo failed)\"))"},"timestamp":"2025-11-11 11:07:28,770+0530","service":"FyersAPI"}
{"level":"ERROR","location":"[get_call:164] fyersModel","message":{"API":"/history","error":"HTTPSConnectionPool(host='api-t1.fyers.in', port=443): Max retries exceeded with url: /data/history?symbol=NSE%3AINTELLECT-EQ&resolution=5&date_format=1&range_from=2025-11-04&range_to=2025-11-11&cont_flag=1 (Caused by NameResolutionError(\"<urllib3.connection.HTTPSConnection object at 0x0000013ADA4242D0>: Failed to resolve 'api-t1.fyers.in' ([Errno 11001] getaddrinfo failed)\"))"},"timestamp":"2025-11-11 11:07:28,771+0530","service":"FyersAPI"}
{"level":"ERROR","location":"[get_call:164] fyersModel","message":{"API":"/history","error":"HTTPSConnectionPool(host='api-t1.fyers.in', port=443): Max retries exceeded with url: /data/history?symbol=NSE%3AJSL-EQ&resolution=5&date_format=1&range_from=2025-11-04&range_to=2025-11-11&cont_flag=1 (Caused by NameResolutionError(\"<urllib3.connection.HTTPSConnection object at 0x0000013AD793E950>: Failed to resolve 'api-t1.fyers.in' ([Errno 11001] getaddrinfo failed)\"))"},"timestamp":"2025-11-11 11:07:38,778+0530","service":"FyersAPI"}
{"level":"ERROR","location":"[get_call:164] fyersModel","message":{"API":"/history","error":"HTTPSConnectionPool(host='api-t1.fyers.in', port=443): Max retries exceeded with url: /data/history?symbol=NSE%3AMMTC-EQ&resolution=5&date_format=1&range_from=2025-11-04&range_to=2025-11-11&cont_flag=1 (Caused by NameResolutionError(\"<urllib3.connection.HTTPSConnection object at 0x0000013ADA41EB50>: Failed to resolve 'api-t1.fyers.in' ([Errno 11001] getaddrinfo failed)\"))"},"timestamp":"2025-11-11 11:07:38,790+0530","service":"FyersAPI"}
{"level":"ERROR","location":"[get_call:164] fyersModel","message":{"API":"/history","error":"HTTPSConnectionPool(host='api-t1.fyers.in', port=443): Max retries exceeded with url: /data/history?symbol=NSE%3AIDEA-EQ&resolution=5&date_format=1&range_from=2025-11-04&range_to=2025-11-11&cont_flag=1 (Caused by NameResolutionError(\"<urllib3.connection.HTTPSConnection object at 0x0000013ADA407550>: Failed to resolve 'api-t1.fyers.in' ([Errno 11001] getaddrinfo failed)\"))"},"timestamp":"2025-11-11 11:07:38,800+0530","service":"FyersAPI"}
{"level":"ERROR","location":"[get_call:164] fyersModel","message":{"API":"/history","error":"HTTPSConnectionPool(host='api-t1.fyers.in', port=443): Max retries exceeded with url: /data/history?symbol=NSE%3AKEC-EQ&resolution=5&date_format=1&range_from=2025-11-04&range_to=2025-11-11&cont_flag=1 (Caused by NameResolutionError(\"<urllib3.connection.HTTPSConnection object at 0x0000013AD9B22550>: Failed to resolve 'api-t1.fyers.in' ([Errno 11001] getaddrinfo failed)\"))"},"timestamp":"2025-11-11 11:07:38,802+0530","service":"FyersAPI"}
{"level":"ERROR","location":"[get_call:164] fyersModel","message":{"API":"/history","error":"HTTPSConnectionPool(host='api-t1.fyers.in', port=443): Max retries exceeded with url: /data/history?symbol=NSE%3AHEG-EQ&resolution=5&date_format=1&range_from=2025-11-04&range_to=2025-11-11&cont_flag=1 (Caused by NameResolutionError(\"<urllib3.connection.HTTPSConnection object at 0x0000013ADA0A5690>: Failed to resolve 'api-t1.fyers.in' ([Errno 11001] getaddrinfo failed)\"))"},"timestamp":"2025-11-11 11:07:38,810+0530","service":"FyersAPI"}
{"level":"ERROR","location":"[get_call:164] fyersModel","message":{"API":"/history","error":"HTTPSConnectionPool(host='api-t1.fyers.in', port=443): Max retries exceeded with url: /data/history?symbol=NSE%3AINTELLECT-EQ&resolution=5&date_format=1&range_from=2025-11-04&range_to=2025-11-11&cont_flag=1 (Caused by NameResolutionError(\"<urllib3.connection.HTTPSConnection object at 0x0000013AD678FD90>: Failed to resolve 'api-t1.fyers.in' ([Errno 11001] getaddrinfo failed)\"))"},"timestamp":"2025-11-11 11:07:38,816+0530","service":"FyersAPI"}
{"level":"ERROR","location":"[get_call:164] fyersModel","message":{"API":"/history","error":"HTTPSConnectionPool(host='api-t1.fyers.in', port=443): Max retries exceeded with url: /data/history?symbol=NSE%3AJSL-EQ&resolution=5&date_format=1&range_from=2025-11-04&range_to=2025-11-11&cont_flag=1 (Caused by NameResolutionError(\"<urllib3.connection.HTTPSConnection object at 0x0000013ADA3F6710>: Failed to resolve 'api-t1.fyers.in' ([Errno 11001] getaddrinfo failed)\"))"},"timestamp":"2025-11-11 11:07:48,823+0530","service":"FyersAPI"}
{"level":"ERROR","location":"[get_call:164] fyersModel","message":{"API":"/history","error":"HTTPSConnectionPool(host='api-t1.fyers.in', port=443): Max retries exceeded with url: /data/history?symbol=NSE%3AMMTC-EQ&resolution=5&date_format=1&range_from=2025-11-04&range_to=2025-11-11&cont_flag=1 (Caused by NameResolutionError(\"<urllib3.connection.HTTPSConnection object at 0x0000013ADA405350>: Failed to resolve 'api-t1.fyers.in' ([Errno 11001] getaddrinfo failed)\"))"},"timestamp":"2025-11-11 11:07:48,826+0530","service":"FyersAPI"}
{"level":"ERROR","location":"[get_call:164] fyersModel","message":{"API":"/history","error":"HTTPSConnectionPool(host='api-t1.fyers.in', port=443): Max retries exceeded with url: /data/history?symbol=NSE%3AIDEA-EQ&resolution=5&date_format=1&range_from=2025-11-04&range_to=2025-11-11&cont_flag=1 (Caused by NameResolutionError(\"<urllib3.connection.HTTPSConnection object at 0x0000013ADA41FDD0>: Failed to resolve 'api-t1.fyers.in' ([Errno 11001] getaddrinfo failed)\"))"},"timestamp":"2025-11-11 11:07:48,834+0530","service":"FyersAPI"}
{"level":"ERROR","location":"[get_call:164] fyersModel","message":{"API":"/history","error":"HTTPSConnectionPool(host='api-t1.fyers.in', port=443): Max retries exceeded with url: /data/history?symbol=NSE%3AKEC-EQ&resolution=5&date_format=1&range_from=2025-11-04&range_to=2025-11-11&cont_flag=1 (Caused by NameResolutionError(\"<urllib3.connection.HTTPSConnection object at 0x0000013ADA41E450>: Failed to resolve 'api-t1.fyers.in' ([Errno 11001] getaddrinfo failed)\"))"},"timestamp":"2025-11-11 11:07:48,844+0530","service":"FyersAPI"}
{"level":"ERROR","location":"[get_call:164] fyersModel","message":{"API":"/history","error":"HTTPSConnectionPool(host='api-t1.fyers.in', port=443): Max retries exceeded with url: /data/history?symbol=NSE%3AHEG-EQ&resolution=5&date_format=1&range_from=2025-11-04&range_to=2025-11-11&cont_flag=1 (Caused by NameResolutionError(\"<urllib3.connection.HTTPSConnection object at 0x0000013ADA426890>: Failed to resolve 'api-t1.fyers.in' ([Errno 11001] getaddrinfo failed)\"))"},"timestamp":"2025-11-11 11:07:48,848+0530","service":"FyersAPI"}
{"level":"ERROR","location":"[get_call:164] fyersModel","message":{"API":"/history","error":"HTTPSConnectionPool(host='api-t1.fyers.in', port=443): Max retries exceeded with url: /data/history?symbol=NSE%3AINTELLECT-EQ&resolution=5&date_format=1&range_from=2025-11-04&range_to=2025-11-11&cont_flag=1 (Caused by NameResolutionError(\"<urllib3.connection.HTTPSConnection object at 0x0000013ADA406350>: Failed to resolve 'api-t1.fyers.in' ([Errno 11001] getaddrinfo failed)\"))"},"timestamp":"2025-11-11 11:07:48,856+0530","service":"FyersAPI"}
{"level":"ERROR","location":"[get_call:164] fyersModel","message":{"API":"/history","error":"HTTPSConnectionPool(host='api-t1.fyers.in', port=443): Max retries exceeded with url: /data/history?symbol=NSE%3AJSL-EQ&resolution=5&date_format=1&range_from=2025-11-04&range_to=2025-11-11&cont_flag=1 (Caused by NameResolutionError(\"<urllib3.connection.HTTPSConnection object at 0x0000013ADA41EE10>: Failed to resolve 'api-t1.fyers.in' ([Errno 11001] getaddrinfo failed)\"))"},"timestamp":"2025-11-11 11:07:58,864+0530","service":"FyersAPI"}
{"level":"ERROR","location":"[get_call:164] fyersModel","message":{"API":"/history","error":"HTTPSConnectionPool(host='api-t1.fyers.in', port=443): Max retries exceeded with url: /data/history?symbol=NSE%3AMMTC-EQ&resolution=5&date_format=1&range_from=2025-11-04&range_to=2025-11-11&cont_flag=1 (Caused by NameResolutionError(\"<urllib3.connection.HTTPSConnection object at 0x0000013ADA41C090>: Failed to resolve 'api-t1.fyers.in' ([Errno 11001] getaddrinfo failed)\"))"},"timestamp":"2025-11-11 11:07:58,868+0530","service":"FyersAPI"}
{"level":"ERROR","location":"[get_call:164] fyersModel","message":{"API":"/history","error":"HTTPSConnectionPool(host='api-t1.fyers.in', port=443): Max retries exceeded with url: /data/history?symbol=NSE%3AIDEA-EQ&resolution=5&date_format=1&range_from=2025-11-04&range_to=2025-11-11&cont_flag=1 (Caused by NameResolutionError(\"<urllib3.connection.HTTPSConnection object at 0x0000013AC8064B50>: Failed to resolve 'api-t1.fyers.in' ([Errno 11001] getaddrinfo failed)\"))"},"timestamp":"2025-11-11 11:07:58,876+0530","service":"FyersAPI"}
{"level":"ERROR","location":"[get_call:164] fyersModel","message":{"API":"/history","error":"HTTPSConnectionPool(host='api-t1.fyers.in', port=443): Max retries exceeded with url: /data/history?symbol=NSE%3AKEC-EQ&resolution=5&date_format=1&range_from=2025-11-04&range_to=2025-11-11&cont_flag=1 (Caused by NameResolutionError(\"<urllib3.connection.HTTPSConnection object at 0x0000013ADA425910>: Failed to resolve 'api-t1.fyers.in' ([Errno 11001] getaddrinfo failed)\"))"},"timestamp":"2025-11-11 11:07:58,885+0530","service":"FyersAPI"}
{"level":"ERROR","location":"[get_call:164] fyersModel","message":{"API":"/history","error":"HTTPSConnectionPool(host='api-t1.fyers.in', port=443): Max retries exceeded with url: /data/history?symbol=NSE%3AHEG-EQ&resolution=5&date_format=1&range_from=2025-11-04&range_to=2025-11-11&cont_flag=1 (Caused by NameResolutionError(\"<urllib3.connection.HTTPSConnection object at 0x0000013ADA386410>: Failed to resolve 'api-t1.fyers.in' ([Errno 11001] getaddrinfo failed)\"))"},"timestamp":"2025-11-11 11:07:58,888+0530","service":"FyersAPI"}
{"level":"ERROR","location":"[get_call:164] fyersModel","message":{"API":"/history","error":"HTTPSConnectionPool(host='api-t1.fyers.in', port=443): Max retries exceeded with url: /data/history?symbol=NSE%3AINTELLECT-EQ&resolution=5&date_format=1&range_from=2025-11-04&range_to=2025-11-11&cont_flag=1 (Caused by NameResolutionError(\"<urllib3.connection.HTTPSConnection object at 0x0000013ADA362790>: Failed to resolve 'api-t1.fyers.in' ([Errno 11001] getaddrinfo failed)\"))"},"timestamp":"2025-11-11 11:07:58,892+0530","service":"FyersAPI"}
{"level":"ERROR","location":"[get_call:164] fyersModel","message":{"API":"/history","error":"HTTPSConnectionPool(host='api-t1.fyers.in', port=443): Max retries exceeded with url: /data/history?symbol=NSE%3AJSL-EQ&resolution=5&date_format=1&range_from=2025-11-04&range_to=2025-11-11&cont_flag=1 (Caused by NameResolutionError(\"<urllib3.connection.HTTPSConnection object at 0x0000013ADA424690>: Failed to resolve 'api-t1.fyers.in' ([Errno 11001] getaddrinfo failed)\"))"},"timestamp":"2025-11-11 11:08:08,908+0530","service":"FyersAPI"}
{"level":"ERROR","location":"[get_call:164] fyersModel","message":{"API":"/history","error":"HTTPSConnectionPool(host='api-t1.fyers.in', port=443): Max retries exceeded with url: /data/history?symbol=NSE%3AMMTC-EQ&resolution=5&date_format=1&range_from=2025-11-04&range_to=2025-11-11&cont_flag=1 (Caused by NameResolutionError(\"<urllib3.connection.HTTPSConnection object at 0x0000013ADA41F810>: Failed to resolve 'api-t1.fyers.in' ([Errno 11001] getaddrinfo failed)\"))"},"timestamp":"2025-11-11 11:08:08,919+0530","service":"FyersAPI"}
{"level":"ERROR","location":"[get_call:164] fyersModel","message":{"API":"/history","error":"HTTPSConnectionPool(host='api-t1.fyers.in', port=443): Max retries exceeded with url: /data/history?symbol=NSE%3AIDEA-EQ&resolution=5&date_format=1&range_from=2025-11-04&range_to=2025-11-11&cont_flag=1 (Caused by NameResolutionError(\"<urllib3.connection.HTTPSConnection object at 0x0000013ADA406310>: Failed to resolve 'api-t1.fyers.in' ([Errno 11001] getaddrinfo failed)\"))"},"timestamp":"2025-11-11 11:08:08,925+0530","service":"FyersAPI"}
{"level":"ERROR","location":"[get_call:164] fyersModel","message":{"API":"/history","error":"HTTPSConnectionPool(host='api-t1.fyers.in', port=443): Max retries exceeded with url: /data/history?symbol=NSE%3AKEC-EQ&resolution=5&date_format=1&range_from=2025-11-04&range_to=2025-11-11&cont_flag=1 (Caused by NameResolutionError(\"<urllib3.connection.HTTPSConnection object at 0x0000013ADA404D10>: Failed to resolve 'api-t1.fyers.in' ([Errno 11001] getaddrinfo failed)\"))"},"timestamp":"2025-11-11 11:08:08,929+0530","service":"FyersAPI"}
{"level":"ERROR","location":"[get_call:164] fyersModel","message":{"API":"/history","error":"HTTPSConnectionPool(host='api-t1.fyers.in', port=443): Max retries exceeded with url: /data/history?symbol=NSE%3AHEG-EQ&resolution=5&date_format=1&range_from=2025-11-04&range_to=2025-11-11&cont_flag=1 (Caused by NameResolutionError(\"<urllib3.connection.HTTPSConnection object at 0x0000013AD9B20C50>: Failed to resolve 'api-t1.fyers.in' ([Errno 11001] getaddrinfo failed)\"))"},"timestamp":"2025-11-11 11:08:08,931+0530","service":"FyersAPI"}
{"level":"ERROR","location":"[get_call:164] fyersModel","message":{"API":"/history","error":"HTTPSConnectionPool(host='api-t1.fyers.in', port=443): Max retries exceeded with url: /data/history?symbol=NSE%3AINTELLECT-EQ&resolution=5&date_format=1&range_from=2025-11-04&range_to=2025-11-11&cont_flag=1 (Caused by NameResolutionError(\"<urllib3.connection.HTTPSConnection object at 0x0000013ADA344D50>: Failed to resolve 'api-t1.fyers.in' ([Errno 11001] getaddrinfo failed)\"))"},"timestamp":"2025-11-11 11:08:08,939+0530","service":"FyersAPI"}
{"level":"ERROR","location":"[get_call:164] fyersModel","message":{"API":"/history","error":"HTTPSConnectionPool(host='api-t1.fyers.in', port=443): Max retries exceeded with url: /data/history?symbol=NSE%3AJSL-EQ&resolution=5&date_format=1&range_from=2025-11-04&range_to=2025-11-11&cont_flag=1 (Caused by NameResolutionError(\"<urllib3.connection.HTTPSConnection object at 0x0000013ADA3F7C90>: Failed to resolve 'api-t1.fyers.in' ([Errno 11001] getaddrinfo failed)\"))"},"timestamp":"2025-11-11 11:08:18,945+0530","service":"FyersAPI"}
{"level":"ERROR","location":"[get_call:164] fyersModel","message":{"API":"/history","error":"HTTPSConnectionPool(host='api-t1.fyers.in', port=443): Max retries exceeded with url: /data/history?symbol=NSE%3AMMTC-EQ&resolution=5&date_format=1&range_from=2025-11-04&range_to=2025-11-11&cont_flag=1 (Caused by NameResolutionError(\"<urllib3.connection.HTTPSConnection object at 0x0000013ADA41F1D0>: Failed to resolve 'api-t1.fyers.in' ([Errno 11001] getaddrinfo failed)\"))"},"timestamp":"2025-11-11 11:08:18,954+0530","service":"FyersAPI"}
{"level":"ERROR","location":"[get_call:164] fyersModel","message":{"API":"/history","error":"HTTPSConnectionPool(host='api-t1.fyers.in', port=443): Max retries exceeded with url: /data/history?symbol=NSE%3AIDEA-EQ&resolution=5&date_format=1&range_from=2025-11-04&range_to=2025-11-11&cont_flag=1 (Caused by NameResolutionError(\"<urllib3.connection.HTTPSConnection object at 0x0000013ADA43E590>: Failed to resolve 'api-t1.fyers.in' ([Errno 11001] getaddrinfo failed)\"))"},"timestamp":"2025-11-11 11:08:18,965+0530","service":"FyersAPI"}
{"level":"ERROR","location":"[get_call:164] fyersModel","message":{"API":"/history","error":"HTTPSConnectionPool(host='api-t1.fyers.in', port=443): Max retries exceeded with url: /data/history?symbol=NSE%3AKEC-EQ&resolution=5&date_format=1&range_from=2025-11-04&range_to=2025-11-11&cont_flag=1 (Caused by NameResolutionError(\"<urllib3.connection.HTTPSConnection object at 0x0000013ADA3F6810>: Failed to resolve 'api-t1.fyers.in' ([Errno 11001] getaddrinfo failed)\"))"},"timestamp":"2025-11-11 11:08:18,967+0530","service":"FyersAPI"}
{"level":"ERROR","location":"[get_call:164] fyersModel","message":{"API":"/history","error":"HTTPSConnectionPool(host='api-t1.fyers.in', port=443): Max retries exceeded with url: /data/history?symbol=NSE%3AHEG-EQ&resolution=5&date_format=1&range_from=2025-11-04&range_to=2025-11-11&cont_flag=1 (Caused by NameResolutionError(\"<urllib3.connection.HTTPSConnection object at 0x0000013ADA426D50>: Failed to resolve 'api-t1.fyers.in' ([Errno 11001] getaddrinfo failed)\"))"},"timestamp":"2025-11-11 11:08:18,976+0530","service":"FyersAPI"}
{"level":"ERROR","location":"[get_call:164] fyersModel","message":{"API":"/history","error":"HTTPSConnectionPool(host='api-t1.fyers.in', port=443): Max retries exceeded with url: /data/history?symbol=NSE%3AINTELLECT-EQ&resolution=5&date_format=1&range_from=2025-11-04&range_to=2025-11-11&cont_flag=1 (Caused by NameResolutionError(\"<urllib3.connection.HTTPSConnection object at 0x0000013ADA411910>: Failed to resolve 'api-t1.fyers.in' ([Errno 11001] getaddrinfo failed)\"))"},"timestamp":"2025-11-11 11:08:18,981+0530","service":"FyersAPI"}
{"level":"ERROR","location":"[get_call:164] fyersModel","message":{"API":"/history","error":"HTTPSConnectionPool(host='api-t1.fyers.in', port=443): Max retries exceeded with url: /data/history?symbol=NSE%3AJSL-EQ&resolution=5&date_format=1&range_from=2025-11-04&range_to=2025-11-11&cont_flag=1 (Caused by NameResolutionError(\"<urllib3.connection.HTTPSConnection object at 0x0000013ADA09DED0>: Failed to resolve 'api-t1.fyers.in' ([Errno 11001] getaddrinfo failed)\"))"},"timestamp":"2025-11-11 11:08:28,988+0530","service":"FyersAPI"}
{"level":"ERROR","location":"[get_call:164] fyersModel","message":{"API":"/history","error":"HTTPSConnectionPool(host='api-t1.fyers.in', port=443): Max retries exceeded with url: /data/history?symbol=NSE%3AMMTC-EQ&resolution=5&date_format=1&range_from=2025-11-04&range_to=2025-11-11&cont_flag=1 (Caused by NameResolutionError(\"<urllib3.connection.HTTPSConnection object at 0x0000013ADA43F9D0>: Failed to resolve 'api-t1.fyers.in' ([Errno 11001] getaddrinfo failed)\"))"},"timestamp":"2025-11-11 11:08:28,994+0530","service":"FyersAPI"}
{"level":"ERROR","location":"[get_call:164] fyersModel","message":{"API":"/history","error":"HTTPSConnectionPool(host='api-t1.fyers.in', port=443): Max retries exceeded with url: /data/history?symbol=NSE%3AIDEA-EQ&resolution=5&date_format=1&range_from=2025-11-04&range_to=2025-11-11&cont_flag=1 (Caused by NameResolutionError(\"<urllib3.connection.HTTPSConnection object at 0x0000013ADA406810>: Failed to resolve 'api-t1.fyers.in' ([Errno 11001] getaddrinfo failed)\"))"},"timestamp":"2025-11-11 11:08:29,003+0530","service":"FyersAPI"}
{"level":"ERROR","location":"[get_call:164] fyersModel","message":{"API":"/history","error":"HTTPSConnectionPool(host='api-t1.fyers.in', port=443): Max retries exceeded with url: /data/history?symbol=NSE%3AKEC-EQ&resolution=5&date_format=1&range_from=2025-11-04&range_to=2025-11-11&cont_flag=1 (Caused by NameResolutionError(\"<urllib3.connection.HTTPSConnection object at 0x0000013ADA360ED0>: Failed to resolve 'api-t1.fyers.in' ([Errno 11001] getaddrinfo failed)\"))"},"timestamp":"2025-11-11 11:08:29,008+0530","service":"FyersAPI"}
{"level":"ERROR","location":"[get_call:164] fyersModel","message":{"API":"/history","error":"HTTPSConnectionPool(host='api-t1.fyers.in', port=443): Max retries exceeded with url: /data/history?symbol=NSE%3AHEG-EQ&resolution=5&date_format=1&range_from=2025-11-04&range_to=2025-11-11&cont_flag=1 (Caused by NameResolutionError(\"<urllib3.connection.HTTPSConnection object at 0x0000013ADA4250D0>: Failed to resolve 'api-t1.fyers.in' ([Errno 11001] getaddrinfo failed)\"))"},"timestamp":"2025-11-11 11:08:29,012+0530","service":"FyersAPI"}
{"level":"ERROR","location":"[get_call:164] fyersModel","message":{"API":"/history","error":"HTTPSConnectionPool(host='api-t1.fyers.in', port=443): Max retries exceeded with url: /data/history?symbol=NSE%3AINTELLECT-EQ&resolution=5&date_format=1&range_from=2025-11-04&range_to=2025-11-11&cont_flag=1 (Caused by NameResolutionError(\"<urllib3.connection.HTTPSConnection object at 0x0000013ADA0A5C90>: Failed to resolve 'api-t1.fyers.in' ([Errno 11001] getaddrinfo failed)\"))"},"timestamp":"2025-11-11 11:08:29,018+0530","service":"FyersAPI"}
{"level":"ERROR","location":"[get_call:164] fyersModel","message":{"API":"/history","error":"HTTPSConnectionPool(host='api-t1.fyers.in', port=443): Max retries exceeded with url: /data/history?symbol=NSE%3AJSL-EQ&resolution=5&date_format=1&range_from=2025-11-04&range_to=2025-11-11&cont_flag=1 (Caused by NameResolutionError(\"<urllib3.connection.HTTPSConnection object at 0x0000013ADA079F50>: Failed to resolve 'api-t1.fyers.in' ([Errno 11001] getaddrinfo failed)\"))"},"timestamp":"2025-11-11 11:08:39,025+0530","service":"FyersAPI"}
{"level":"ERROR","location":"[get_call:164] fyersModel","message":{"API":"/history","error":"HTTPSConnectionPool(host='api-t1.fyers.in', port=443): Max retries exceeded with url: /data/history?symbol=NSE%3AMMTC-EQ&resolution=5&date_format=1&range_from=2025-11-04&range_to=2025-11-11&cont_flag=1 (Caused by NameResolutionError(\"<urllib3.connection.HTTPSConnection object at 0x0000013ADA2EFBD0>: Failed to resolve 'api-t1.fyers.in' ([Errno 11001] getaddrinfo failed)\"))"},"timestamp":"2025-11-11 11:08:39,033+0530","service":"FyersAPI"}
{"level":"ERROR","location":"[get_call:164] fyersModel","message":{"API":"/history","error":"HTTPSConnectionPool(host='api-t1.fyers.in', port=443): Max retries exceeded with url: /data/history?symbol=NSE%3AIDEA-EQ&resolution=5&date_format=1&range_from=2025-11-04&range_to=2025-11-11&cont_flag=1 (Caused by NameResolutionError(\"<urllib3.connection.HTTPSConnection object at 0x0000013ADA08D890>: Failed to resolve 'api-t1.fyers.in' ([Errno 11001] getaddrinfo failed)\"))"},"timestamp":"2025-11-11 11:08:39,043+0530","service":"FyersAPI"}
{"level":"ERROR","location":"[get_call:164] fyersModel","message":{"API":"/history","error":"HTTPSConnectionPool(host='api-t1.fyers.in', port=443): Max retries exceeded with url: /data/history?symbol=NSE%3AKEC-EQ&resolution=5&date_format=1&range_from=2025-11-04&range_to=2025-11-11&cont_flag=1 (Caused by NameResolutionError(\"<urllib3.connection.HTTPSConnection object at 0x0000013ADA43E9D0>: Failed to resolve 'api-t1.fyers.in' ([Errno 11001] getaddrinfo failed)\"))"},"timestamp":"2025-11-11 11:08:39,045+0530","service":"FyersAPI"}
{"level":"ERROR","location":"[get_call:164] fyersModel","message":{"API":"/history","error":"HTTPSConnectionPool(host='api-t1.fyers.in', port=443): Max retries exceeded with url: /data/history?symbol=NSE%3AHEG-EQ&resolution=5&date_format=1&range_from=2025-11-04&range_to=2025-11-11&cont_flag=1 (Caused by NameResolutionError(\"<urllib3.connection.HTTPSConnection object at 0x0000013ADA407C50>: Failed to resolve 'api-t1.fyers.in' ([Errno 11001] getaddrinfo failed)\"))"},"timestamp":"2025-11-11 11:08:39,053+0530","service":"FyersAPI"}
{"level":"ERROR","location":"[get_call:164] fyersModel","message":{"API":"/history","error":"HTTPSConnectionPool(host='api-t1.fyers.in', port=443): Max retries exceeded with url: /data/history?symbol=NSE%3AINTELLECT-EQ&resolution=5&date_format=1&range_from=2025-11-04&range_to=2025-11-11&cont_flag=1 (Caused by NameResolutionError(\"<urllib3.connection.HTTPSConnection object at 0x0000013ADA0A6F90>: Failed to resolve 'api-t1.fyers.in' ([Errno 11001] getaddrinfo failed)\"))"},"timestamp":"2025-11-11 11:08:39,059+0530","service":"FyersAPI"}
{"level":"ERROR","location":"[get_call:164] fyersModel","message":{"API":"/history","error":"HTTPSConnectionPool(host='api-t1.fyers.in', port=443): Max retries exceeded with url: /data/history?symbol=NSE%3AJSL-EQ&resolution=5&date_format=1&range_from=2025-11-04&range_to=2025-11-11&cont_flag=1 (Caused by NameResolutionError(\"<urllib3.connection.HTTPSConnection object at 0x0000013ADA424690>: Failed to resolve 'api-t1.fyers.in' ([Errno 11001] getaddrinfo failed)\"))"},"timestamp":"2025-11-11 11:08:49,065+0530","service":"FyersAPI"}
{"level":"ERROR","location":"[get_call:164] fyersModel","message":{"API":"/history","error":"HTTPSConnectionPool(host='api-t1.fyers.in', port=443): Max retries exceeded with url: /data/history?symbol=NSE%3AMMTC-EQ&resolution=5&date_format=1&range_from=2025-11-04&range_to=2025-11-11&cont_flag=1 (Caused by NameResolutionError(\"<urllib3.connection.HTTPSConnection object at 0x0000013AD6600250>: Failed to resolve 'api-t1.fyers.in' ([Errno 11001] getaddrinfo failed)\"))"},"timestamp":"2025-11-11 11:08:49,072+0530","service":"FyersAPI"}
{"level":"ERROR","location":"[get_call:164] fyersModel","message":{"API":"/history","error":"HTTPSConnectionPool(host='api-t1.fyers.in', port=443): Max retries exceeded with url: /data/history?symbol=NSE%3AIDEA-EQ&resolution=5&date_format=1&range_from=2025-11-04&range_to=2025-11-11&cont_flag=1 (Caused by NameResolutionError(\"<urllib3.connection.HTTPSConnection object at 0x0000013ADA3F7B90>: Failed to resolve 'api-t1.fyers.in' ([Errno 11001] getaddrinfo failed)\"))"},"timestamp":"2025-11-11 11:08:49,080+0530","service":"FyersAPI"}
{"level":"ERROR","location":"[get_call:164] fyersModel","message":{"API":"/history","error":"HTTPSConnectionPool(host='api-t1.fyers.in', port=443): Max retries exceeded with url: /data/history?symbol=NSE%3AKEC-EQ&resolution=5&date_format=1&range_from=2025-11-04&range_to=2025-11-11&cont_flag=1 (Caused by NameResolutionError(\"<urllib3.connection.HTTPSConnection object at 0x0000013ADA43D2D0>: Failed to resolve 'api-t1.fyers.in' ([Errno 11001] getaddrinfo failed)\"))"},"timestamp":"2025-11-11 11:08:49,083+0530","service":"FyersAPI"}
{"level":"ERROR","location":"[get_call:164] fyersModel","message":{"API":"/history","error":"HTTPSConnectionPool(host='api-t1.fyers.in', port=443): Max retries exceeded with url: /data/history?symbol=NSE%3AHEG-EQ&resolution=5&date_format=1&range_from=2025-11-04&range_to=2025-11-11&cont_flag=1 (Caused by NameResolutionError(\"<urllib3.connection.HTTPSConnection object at 0x0000013ADA407F10>: Failed to resolve 'api-t1.fyers.in' ([Errno 11001] getaddrinfo failed)\"))"},"timestamp":"2025-11-11 11:08:49,086+0530","service":"FyersAPI"}
{"level":"ERROR","location":"[get_call:164] fyersModel","message":{"API":"/history","error":"HTTPSConnectionPool(host='api-t1.fyers.in', port=443): Max retries exceeded with url: /data/history?symbol=NSE%3AINTELLECT-EQ&resolution=5&date_format=1&range_from=2025-11-04&range_to=2025-11-11&cont_flag=1 (Caused by NameResolutionError(\"<urllib3.connection.HTTPSConnection object at 0x0000013ADA427750>: Failed to resolve 'api-t1.fyers.in' ([Errno 11001] getaddrinfo failed)\"))"},"timestamp":"2025-11-11 11:08:49,090+0530","service":"FyersAPI"}
{"level":"ERROR","location":"[get_call:164] fyersModel","message":{"API":"/history","error":"HTTPSConnectionPool(host='api-t1.fyers.in', port=443): Max retries exceeded with url: /data/history?symbol=NSE%3AJSL-EQ&resolution=5&date_format=1&range_from=2025-11-04&range_to=2025-11-11&cont_flag=1 (Caused by NameResolutionError(\"<urllib3.connection.HTTPSConnection object at 0x0000013ADA407C50>: Failed to resolve 'api-t1.fyers.in' ([Errno 11001] getaddrinfo failed)\"))"},"timestamp":"2025-11-11 11:08:59,104+0530","service":"FyersAPI"}
{"level":"ERROR","location":"[get_call:164] fyersModel","message":{"API":"/history","error":"HTTPSConnectionPool(host='api-t1.fyers.in', port=443): Max retries exceeded with url: /data/history?symbol=NSE%3AMMTC-EQ&resolution=5&date_format=1&range_from=2025-11-04&range_to=2025-11-11&cont_flag=1 (Caused by NameResolutionError(\"<urllib3.connection.HTTPSConnection object at 0x0000013ADA407190>: Failed to resolve 'api-t1.fyers.in' ([Errno 11001] getaddrinfo failed)\"))"},"timestamp":"2025-11-11 11:08:59,110+0530","service":"FyersAPI"}
{"level":"ERROR","location":"[get_call:164] fyersModel","message":{"API":"/history","error":"HTTPSConnectionPool(host='api-t1.fyers.in', port=443): Max retries exceeded with url: /data/history?symbol=NSE%3AIDEA-EQ&resolution=5&date_format=1&range_from=2025-11-04&range_to=2025-11-11&cont_flag=1 (Caused by NameResolutionError(\"<urllib3.connection.HTTPSConnection object at 0x0000013ADA43F850>: Failed to resolve 'api-t1.fyers.in' ([Errno 11001] getaddrinfo failed)\"))"},"timestamp":"2025-11-11 11:08:59,122+0530","service":"FyersAPI"}
{"level":"ERROR","location":"[get_call:164] fyersModel","message":{"API":"/history","error":"HTTPSConnectionPool(host='api-t1.fyers.in', port=443): Max retries exceeded with url: /data/history?symbol=NSE%3AKEC-EQ&resolution=5&date_format=1&range_from=2025-11-04&range_to=2025-11-11&cont_flag=1 (Caused by NameResolutionError(\"<urllib3.connection.HTTPSConnection object at 0x0000013ADA0AD050>: Failed to resolve 'api-t1.fyers.in' ([Errno 11001] getaddrinfo failed)\"))"},"timestamp":"2025-11-11 11:08:59,126+0530","service":"FyersAPI"}
{"level":"ERROR","location":"[get_call:164] fyersModel","message":{"API":"/history","error":"HTTPSConnectionPool(host='api-t1.fyers.in', port=443): Max retries exceeded with url: /data/history?symbol=NSE%3AHEG-EQ&resolution=5&date_format=1&range_from=2025-11-04&range_to=2025-11-11&cont_flag=1 (Caused by NameResolutionError(\"<urllib3.connection.HTTPSConnection object at 0x0000013ADA079C90>: Failed to resolve 'api-t1.fyers.in' ([Errno 11001] getaddrinfo failed)\"))"},"timestamp":"2025-11-11 11:08:59,134+0530","service":"FyersAPI"}
{"level":"ERROR","location":"[get_call:164] fyersModel","message":{"API":"/history","error":"HTTPSConnectionPool(host='api-t1.fyers.in', port=443): Max retries exceeded with url: /data/history?symbol=NSE%3AINTELLECT-EQ&resolution=5&date_format=1&range_from=2025-11-04&range_to=2025-11-11&cont_flag=1 (Caused by NameResolutionError(\"<urllib3.connection.HTTPSConnection object at 0x0000013ADA0A6610>: Failed to resolve 'api-t1.fyers.in' ([Errno 11001] getaddrinfo failed)\"))"},"timestamp":"2025-11-11 11:08:59,140+0530","service":"FyersAPI"}
{"level":"ERROR","location":"[get_call:164] fyersModel","message":{"API":"/history","error":"HTTPSConnectionPool(host='api-t1.fyers.in', port=443): Max retries exceeded with url: /data/history?symbol=NSE%3AJSL-EQ&resolution=5&date_format=1&range_from=2025-11-04&range_to=2025-11-11&cont_flag=1 (Caused by NameResolutionError(\"<urllib3.connection.HTTPSConnection object at 0x0000013ADA3F6CD0>: Failed to resolve 'api-t1.fyers.in' ([Errno 11001] getaddrinfo failed)\"))"},"timestamp":"2025-11-11 11:09:09,147+0530","service":"FyersAPI"}
{"level":"ERROR","location":"[get_call:164] fyersModel","message":{"API":"/history","error":"HTTPSConnectionPool(host='api-t1.fyers.in', port=443): Max retries exceeded with url: /data/history?symbol=NSE%3AMMTC-EQ&resolution=5&date_format=1&range_from=2025-11-04&range_to=2025-11-11&cont_flag=1 (Caused by NameResolutionError(\"<urllib3.connection.HTTPSConnection object at 0x0000013ADA43CD10>: Failed to resolve 'api-t1.fyers.in' ([Errno 11001] getaddrinfo failed)\"))"},"timestamp":"2025-11-11 11:09:09,155+0530","service":"FyersAPI"}
{"level":"ERROR","location":"[get_call:164] fyersModel","message":{"API":"/history","error":"HTTPSConnectionPool(host='api-t1.fyers.in', port=443): Max retries exceeded with url: /data/history?symbol=NSE%3AIDEA-EQ&resolution=5&date_format=1&range_from=2025-11-04&range_to=2025-11-11&cont_flag=1 (Caused by NameResolutionError(\"<urllib3.connection.HTTPSConnection object at 0x0000013ADA43D450>: Failed to resolve 'api-t1.fyers.in' ([Errno 11001] getaddrinfo failed)\"))"},"timestamp":"2025-11-11 11:09:09,161+0530","service":"FyersAPI"}
{"level":"ERROR","location":"[get_call:164] fyersModel","message":{"API":"/history","error":"HTTPSConnectionPool(host='api-t1.fyers.in', port=443): Max retries exceeded with url: /data/history?symbol=NSE%3AKEC-EQ&resolution=5&date_format=1&range_from=2025-11-04&range_to=2025-11-11&cont_flag=1 (Caused by NameResolutionError(\"<urllib3.connection.HTTPSConnection object at 0x0000013ADA406910>: Failed to resolve 'api-t1.fyers.in' ([Errno 11001] getaddrinfo failed)\"))"},"timestamp":"2025-11-11 11:09:09,167+0530","service":"FyersAPI"}
{"level":"ERROR","location":"[get_call:164] fyersModel","message":{"API":"/history","error":"HTTPSConnectionPool(host='api-t1.fyers.in', port=443): Max retries exceeded with url: /data/history?symbol=NSE%3AHEG-EQ&resolution=5&date_format=1&range_from=2025-11-04&range_to=2025-11-11&cont_flag=1 (Caused by NameResolutionError(\"<urllib3.connection.HTTPSConnection object at 0x0000013ADA41EC10>: Failed to resolve 'api-t1.fyers.in' ([Errno 11001] getaddrinfo failed)\"))"},"timestamp":"2025-11-11 11:09:09,174+0530","service":"FyersAPI"}
{"level":"ERROR","location":"[get_call:164] fyersModel","message":{"API":"/history","error":"HTTPSConnectionPool(host='api-t1.fyers.in', port=443): Max retries exceeded with url: /data/history?symbol=NSE%3AINTELLECT-EQ&resolution=5&date_format=1&range_from=2025-11-04&range_to=2025-11-11&cont_flag=1 (Caused by NameResolutionError(\"<urllib3.connection.HTTPSConnection object at 0x0000013ADA3F7C10>: Failed to resolve 'api-t1.fyers.in' ([Errno 11001] getaddrinfo failed)\"))"},"timestamp":"2025-11-11 11:09:09,179+0530","service":"FyersAPI"}
{"level":"ERROR","location":"[get_call:164] fyersModel","message":{"API":"/history","error":"HTTPSConnectionPool(host='api-t1.fyers.in', port=443): Max retries exceeded with url: /data/history?symbol=NSE%3AJSL-EQ&resolution=5&date_format=1&range_from=2025-11-04&range_to=2025-11-11&cont_flag=1 (Caused by NameResolutionError(\"<urllib3.connection.HTTPSConnection object at 0x0000013ADA43F190>: Failed to resolve 'api-t1.fyers.in' ([Errno 11001] getaddrinfo failed)\"))"},"timestamp":"2025-11-11 11:09:19,185+0530","service":"FyersAPI"}
{"level":"ERROR","location":"[get_call:164] fyersModel","message":{"API":"/history","error":"HTTPSConnectionPool(host='api-t1.fyers.in', port=443): Max retries exceeded with url: /data/history?symbol=NSE%3AMMTC-EQ&resolution=5&date_format=1&range_from=2025-11-04&range_to=2025-11-11&cont_flag=1 (Caused by NameResolutionError(\"<urllib3.connection.HTTPSConnection object at 0x0000013ADA43F350>: Failed to resolve 'api-t1.fyers.in' ([Errno 11001] getaddrinfo failed)\"))"},"timestamp":"2025-11-11 11:09:19,191+0530","service":"FyersAPI"}
{"level":"ERROR","location":"[get_call:164] fyersModel","message":{"API":"/history","error":"HTTPSConnectionPool(host='api-t1.fyers.in', port=443): Max retries exceeded with url: /data/history?symbol=NSE%3AIDEA-EQ&resolution=5&date_format=1&range_from=2025-11-04&range_to=2025-11-11&cont_flag=1 (Caused by NameResolutionError(\"<urllib3.connection.HTTPSConnection object at 0x0000013ADA426190>: Failed to resolve 'api-t1.fyers.in' ([Errno 11001] getaddrinfo failed)\"))"},"timestamp":"2025-11-11 11:09:19,198+0530","service":"FyersAPI"}
{"level":"ERROR","location":"[get_call:164] fyersModel","message":{"API":"/history","error":"HTTPSConnectionPool(host='api-t1.fyers.in', port=443): Max retries exceeded with url: /data/history?symbol=NSE%3AKEC-EQ&resolution=5&date_format=1&range_from=2025-11-04&range_to=2025-11-11&cont_flag=1 (Caused by NameResolutionError(\"<urllib3.connection.HTTPSConnection object at 0x0000013ADA405A50>: Failed to resolve 'api-t1.fyers.in' ([Errno 11001] getaddrinfo failed)\"))"},"timestamp":"2025-11-11 11:09:19,200+0530","service":"FyersAPI"}
{"level":"ERROR","location":"[get_call:164] fyersModel","message":{"API":"/history","error":"HTTPSConnectionPool(host='api-t1.fyers.in', port=443): Max retries exceeded with url: /data/history?symbol=NSE%3AHEG-EQ&resolution=5&date_format=1&range_from=2025-11-04&range_to=2025-11-11&cont_flag=1 (Caused by NameResolutionError(\"<urllib3.connection.HTTPSConnection object at 0x0000013ADA406390>: Failed to resolve 'api-t1.fyers.in' ([Errno 11001] getaddrinfo failed)\"))"},"timestamp":"2025-11-11 11:09:19,205+0530","service":"FyersAPI"}
{"level":"ERROR","location":"[get_call:164] fyersModel","message":{"API":"/history","error":"HTTPSConnectionPool(host='api-t1.fyers.in', port=443): Max retries exceeded with url: /data/history?symbol=NSE%3AINTELLECT-EQ&resolution=5&date_format=1&range_from=2025-11-04&range_to=2025-11-11&cont_flag=1 (Caused by NameResolutionError(\"<urllib3.connection.HTTPSConnection object at 0x0000013ADA43FB50>: Failed to resolve 'api-t1.fyers.in' ([Errno 11001] getaddrinfo failed)\"))"},"timestamp":"2025-11-11 11:09:19,211+0530","service":"FyersAPI"}
{"level":"ERROR","location":"[get_call:164] fyersModel","message":{"API":"/history","error":"HTTPSConnectionPool(host='api-t1.fyers.in', port=443): Max retries exceeded with url: /data/history?symbol=NSE%3AJSL-EQ&resolution=5&date_format=1&range_from=2025-11-04&range_to=2025-11-11&cont_flag=1 (Caused by NameResolutionError(\"<urllib3.connection.HTTPSConnection object at 0x0000013ADA43D450>: Failed to resolve 'api-t1.fyers.in' ([Errno 11001] getaddrinfo failed)\"))"},"timestamp":"2025-11-11 11:09:29,219+0530","service":"FyersAPI"}
{"level":"ERROR","location":"[get_call:164] fyersModel","message":{"API":"/history","error":"HTTPSConnectionPool(host='api-t1.fyers.in', port=443): Max retries exceeded with url: /data/history?symbol=NSE%3AMMTC-EQ&resolution=5&date_format=1&range_from=2025-11-04&range_to=2025-11-11&cont_flag=1 (Caused by NameResolutionError(\"<urllib3.connection.HTTPSConnection object at 0x0000013ADA08D890>: Failed to resolve 'api-t1.fyers.in' ([Errno 11001] getaddrinfo failed)\"))"},"timestamp":"2025-11-11 11:09:29,221+0530","service":"FyersAPI"}
{"level":"ERROR","location":"[get_call:164] fyersModel","message":{"API":"/history","error":"HTTPSConnectionPool(host='api-t1.fyers.in', port=443): Max retries exceeded with url: /data/history?symbol=NSE%3AIDEA-EQ&resolution=5&date_format=1&range_from=2025-11-04&range_to=2025-11-11&cont_flag=1 (Caused by NameResolutionError(\"<urllib3.connection.HTTPSConnection object at 0x0000013ADA4267D0>: Failed to resolve 'api-t1.fyers.in' ([Errno 11001] getaddrinfo failed)\"))"},"timestamp":"2025-11-11 11:09:29,231+0530","service":"FyersAPI"}
{"level":"ERROR","location":"[get_call:164] fyersModel","message":{"API":"/history","error":"HTTPSConnectionPool(host='api-t1.fyers.in', port=443): Max retries exceeded with url: /data/history?symbol=NSE%3AKEC-EQ&resolution=5&date_format=1&range_from=2025-11-04&range_to=2025-11-11&cont_flag=1 (Caused by NameResolutionError(\"<urllib3.connection.HTTPSConnection object at 0x0000013AD787C8D0>: Failed to resolve 'api-t1.fyers.in' ([Errno 11001] getaddrinfo failed)\"))"},"timestamp":"2025-11-11 11:09:29,237+0530","service":"FyersAPI"}
{"level":"ERROR","location":"[get_call:164] fyersModel","message":{"API":"/history","error":"HTTPSConnectionPool(host='api-t1.fyers.in', port=443): Max retries exceeded with url: /data/history?symbol=NSE%3AHEG-EQ&resolution=5&date_format=1&range_from=2025-11-04&range_to=2025-11-11&cont_flag=1 (Caused by NameResolutionError(\"<urllib3.connection.HTTPSConnection object at 0x0000013ADA09B910>: Failed to resolve 'api-t1.fyers.in' ([Errno 11001] getaddrinfo failed)\"))"},"timestamp":"2025-11-11 11:09:29,241+0530","service":"FyersAPI"}
{"level":"ERROR","location":"[get_call:164] fyersModel","message":{"API":"/history","error":"HTTPSConnectionPool(host='api-t1.fyers.in', port=443): Max retries exceeded with url: /data/history?symbol=NSE%3AINTELLECT-EQ&resolution=5&date_format=1&range_from=2025-11-04&range_to=2025-11-11&cont_flag=1 (Caused by NameResolutionError(\"<urllib3.connection.HTTPSConnection object at 0x0000013ADA43EC50>: Failed to resolve 'api-t1.fyers.in' ([Errno 11001] getaddrinfo failed)\"))"},"timestamp":"2025-11-11 11:09:29,245+0530","service":"FyersAPI"}
{"level":"ERROR","location":"[get_call:164] fyersModel","message":{"API":"/history","error":"HTTPSConnectionPool(host='api-t1.fyers.in', port=443): Max retries exceeded with url: /data/history?symbol=NSE%3AJSL-EQ&resolution=5&date_format=1&range_from=2025-11-04&range_to=2025-11-11&cont_flag=1 (Caused by NameResolutionError(\"<urllib3.connection.HTTPSConnection object at 0x0000013ADA426ED0>: Failed to resolve 'api-t1.fyers.in' ([Errno 11001] getaddrinfo failed)\"))"},"timestamp":"2025-11-11 11:09:39,255+0530","service":"FyersAPI"}
{"level":"ERROR","location":"[get_call:164] fyersModel","message":{"API":"/history","error":"HTTPSConnectionPool(host='api-t1.fyers.in', port=443): Max retries exceeded with url: /data/history?symbol=NSE%3AMMTC-EQ&resolution=5&date_format=1&range_from=2025-11-04&range_to=2025-11-11&cont_flag=1 (Caused by NameResolutionError(\"<urllib3.connection.HTTPSConnection object at 0x0000013ADA0A2150>: Failed to resolve 'api-t1.fyers.in' ([Errno 11001] getaddrinfo failed)\"))"},"timestamp":"2025-11-11 11:09:39,261+0530","service":"FyersAPI"}
{"level":"ERROR","location":"[get_call:164] fyersModel","message":{"API":"/history","error":"HTTPSConnectionPool(host='api-t1.fyers.in', port=443): Max retries exceeded with url: /data/history?symbol=NSE%3AIDEA-EQ&resolution=5&date_format=1&range_from=2025-11-04&range_to=2025-11-11&cont_flag=1 (Caused by NameResolutionError(\"<urllib3.connection.HTTPSConnection object at 0x0000013ADA41FE90>: Failed to resolve 'api-t1.fyers.in' ([Errno 11001] getaddrinfo failed)\"))"},"timestamp":"2025-11-11 11:09:39,272+0530","service":"FyersAPI"}
{"level":"ERROR","location":"[get_call:164] fyersModel","message":{"API":"/history","error":"HTTPSConnectionPool(host='api-t1.fyers.in', port=443): Max retries exceeded with url: /data/history?symbol=NSE%3AKEC-EQ&resolution=5&date_format=1&range_from=2025-11-04&range_to=2025-11-11&cont_flag=1 (Caused by NameResolutionError(\"<urllib3.connection.HTTPSConnection object at 0x0000013ADA43D110>: Failed to resolve 'api-t1.fyers.in' ([Errno 11001] getaddrinfo failed)\"))"},"timestamp":"2025-11-11 11:09:39,276+0530","service":"FyersAPI"}
{"level":"ERROR","location":"[get_call:164] fyersModel","message":{"API":"/history","error":"HTTPSConnectionPool(host='api-t1.fyers.in', port=443): Max retries exceeded with url: /data/history?symbol=NSE%3AHEG-EQ&resolution=5&date_format=1&range_from=2025-11-04&range_to=2025-11-11&cont_flag=1 (Caused by NameResolutionError(\"<urllib3.connection.HTTPSConnection object at 0x0000013ADA43DF10>: Failed to resolve 'api-t1.fyers.in' ([Errno 11001] getaddrinfo failed)\"))"},"timestamp":"2025-11-11 11:09:39,283+0530","service":"FyersAPI"}
{"level":"ERROR","location":"[get_call:164] fyersModel","message":{"API":"/history","error":"HTTPSConnectionPool(host='api-t1.fyers.in', port=443): Max retries exceeded with url: /data/history?symbol=NSE%3AINTELLECT-EQ&resolution=5&date_format=1&range_from=2025-11-04&range_to=2025-11-11&cont_flag=1 (Caused by NameResolutionError(\"<urllib3.connection.HTTPSConnection object at 0x0000013ADA345F50>: Failed to resolve 'api-t1.fyers.in' ([Errno 11001] getaddrinfo failed)\"))"},"timestamp":"2025-11-11 11:09:39,286+0530","service":"FyersAPI"}
{"level":"ERROR","location":"[get_call:164] fyersModel","message":{"API":"/history","error":"HTTPSConnectionPool(host='api-t1.fyers.in', port=443): Max retries exceeded with url: /data/history?symbol=NSE%3AJSL-EQ&resolution=5&date_format=1&range_from=2025-11-04&range_to=2025-11-11&cont_flag=1 (Caused by NameResolutionError(\"<urllib3.connection.HTTPSConnection object at 0x0000013ADA427B90>: Failed to resolve 'api-t1.fyers.in' ([Errno 11001] getaddrinfo failed)\"))"},"timestamp":"2025-11-11 11:09:49,292+0530","service":"FyersAPI"}
{"level":"ERROR","location":"[get_call:164] fyersModel","message":{"API":"/history","error":"HTTPSConnectionPool(host='api-t1.fyers.in', port=443): Max retries exceeded with url: /data/history?symbol=NSE%3AMMTC-EQ&resolution=5&date_format=1&range_from=2025-11-04&range_to=2025-11-11&cont_flag=1 (Caused by NameResolutionError(\"<urllib3.connection.HTTPSConnection object at 0x0000013ADA41FED0>: Failed to resolve 'api-t1.fyers.in' ([Errno 11001] getaddrinfo failed)\"))"},"timestamp":"2025-11-11 11:09:49,300+0530","service":"FyersAPI"}
{"level":"ERROR","location":"[get_call:164] fyersModel","message":{"API":"/history","error":"HTTPSConnectionPool(host='api-t1.fyers.in', port=443): Max retries exceeded with url: /data/history?symbol=NSE%3AIDEA-EQ&resolution=5&date_format=1&range_from=2025-11-04&range_to=2025-11-11&cont_flag=1 (Caused by NameResolutionError(\"<urllib3.connection.HTTPSConnection object at 0x0000013AD9A45BD0>: Failed to resolve 'api-t1.fyers.in' ([Errno 11001] getaddrinfo failed)\"))"},"timestamp":"2025-11-11 11:09:49,310+0530","service":"FyersAPI"}
{"level":"ERROR","location":"[get_call:164] fyersModel","message":{"API":"/history","error":"HTTPSConnectionPool(host='api-t1.fyers.in', port=443): Max retries exceeded with url: /data/history?symbol=NSE%3AKEC-EQ&resolution=5&date_format=1&range_from=2025-11-04&range_to=2025-11-11&cont_flag=1 (Caused by NameResolutionError(\"<urllib3.connection.HTTPSConnection object at 0x0000013ADA424BD0>: Failed to resolve 'api-t1.fyers.in' ([Errno 11001] getaddrinfo failed)\"))"},"timestamp":"2025-11-11 11:09:49,314+0530","service":"FyersAPI"}
{"level":"ERROR","location":"[get_call:164] fyersModel","message":{"API":"/history","error":"HTTPSConnectionPool(host='api-t1.fyers.in', port=443): Max retries exceeded with url: /data/history?symbol=NSE%3AHEG-EQ&resolution=5&date_format=1&range_from=2025-11-04&range_to=2025-11-11&cont_flag=1 (Caused by NameResolutionError(\"<urllib3.connection.HTTPSConnection object at 0x0000013ADA09AB90>: Failed to resolve 'api-t1.fyers.in' ([Errno 11001] getaddrinfo failed)\"))"},"timestamp":"2025-11-11 11:09:49,317+0530","service":"FyersAPI"}
{"level":"ERROR","location":"[get_call:164] fyersModel","message":{"API":"/history","error":"HTTPSConnectionPool(host='api-t1.fyers.in', port=443): Max retries exceeded with url: /data/history?symbol=NSE%3AINTELLECT-EQ&resolution=5&date_format=1&range_from=2025-11-04&range_to=2025-11-11&cont_flag=1 (Caused by NameResolutionError(\"<urllib3.connection.HTTPSConnection object at 0x0000013ADA43E010>: Failed to resolve 'api-t1.fyers.in' ([Errno 11001] getaddrinfo failed)\"))"},"timestamp":"2025-11-11 11:09:49,325+0530","service":"FyersAPI"}
{"level":"ERROR","location":"[get_call:164] fyersModel","message":{"API":"/history","error":"HTTPSConnectionPool(host='api-t1.fyers.in', port=443): Max retries exceeded with url: /data/history?symbol=NSE%3AJSL-EQ&resolution=5&date_format=1&range_from=2025-11-04&range_to=2025-11-11&cont_flag=1 (Caused by NameResolutionError(\"<urllib3.connection.HTTPSConnection object at 0x0000013ADA43EF50>: Failed to resolve 'api-t1.fyers.in' ([Errno 11001] getaddrinfo failed)\"))"},"timestamp":"2025-11-11 11:09:59,333+0530","service":"FyersAPI"}
{"level":"ERROR","location":"[get_call:164] fyersModel","message":{"API":"/history","error":"HTTPSConnectionPool(host='api-t1.fyers.in', port=443): Max retries exceeded with url: /data/history?symbol=NSE%3AMMTC-EQ&resolution=5&date_format=1&range_from=2025-11-04&range_to=2025-11-11&cont_flag=1 (Caused by NameResolutionError(\"<urllib3.connection.HTTPSConnection object at 0x0000013ADA43F010>: Failed to resolve 'api-t1.fyers.in' ([Errno 11001] getaddrinfo failed)\"))"},"timestamp":"2025-11-11 11:09:59,339+0530","service":"FyersAPI"}
{"level":"ERROR","location":"[get_call:164] fyersModel","message":{"API":"/history","error":"HTTPSConnectionPool(host='api-t1.fyers.in', port=443): Max retries exceeded with url: /data/history?symbol=NSE%3AIDEA-EQ&resolution=5&date_format=1&range_from=2025-11-04&range_to=2025-11-11&cont_flag=1 (Caused by NameResolutionError(\"<urllib3.connection.HTTPSConnection object at 0x0000013ADA43D610>: Failed to resolve 'api-t1.fyers.in' ([Errno 11001] getaddrinfo failed)\"))"},"timestamp":"2025-11-11 11:09:59,349+0530","service":"FyersAPI"}
{"level":"ERROR","location":"[get_call:164] fyersModel","message":{"API":"/history","error":"HTTPSConnectionPool(host='api-t1.fyers.in', port=443): Max retries exceeded with url: /data/history?symbol=NSE%3AKEC-EQ&resolution=5&date_format=1&range_from=2025-11-04&range_to=2025-11-11&cont_flag=1 (Caused by NameResolutionError(\"<urllib3.connection.HTTPSConnection object at 0x0000013ADA0AD510>: Failed to resolve 'api-t1.fyers.in' ([Errno 11001] getaddrinfo failed)\"))"},"timestamp":"2025-11-11 11:09:59,354+0530","service":"FyersAPI"}
{"level":"ERROR","location":"[get_call:164] fyersModel","message":{"API":"/history","error":"HTTPSConnectionPool(host='api-t1.fyers.in', port=443): Max retries exceeded with url: /data/history?symbol=NSE%3AHEG-EQ&resolution=5&date_format=1&range_from=2025-11-04&range_to=2025-11-11&cont_flag=1 (Caused by NameResolutionError(\"<urllib3.connection.HTTPSConnection object at 0x0000013ADA26A2D0>: Failed to resolve 'api-t1.fyers.in' ([Errno 11001] getaddrinfo failed)\"))"},"timestamp":"2025-11-11 11:09:59,360+0530","service":"FyersAPI"}
{"level":"ERROR","location":"[get_call:164] fyersModel","message":{"API":"/history","error":"HTTPSConnectionPool(host='api-t1.fyers.in', port=443): Max retries exceeded with url: /data/history?symbol=NSE%3AINTELLECT-EQ&resolution=5&date_format=1&range_from=2025-11-04&range_to=2025-11-11&cont_flag=1 (Caused by NameResolutionError(\"<urllib3.connection.HTTPSConnection object at 0x0000013ADA426450>: Failed to resolve 'api-t1.fyers.in' ([Errno 11001] getaddrinfo failed)\"))"},"timestamp":"2025-11-11 11:09:59,364+0530","service":"FyersAPI"}
{"level":"ERROR","location":"[get_call:164] fyersModel","message":{"API":"/history","error":"HTTPSConnectionPool(host='api-t1.fyers.in', port=443): Max retries exceeded with url: /data/history?symbol=NSE%3AJSL-EQ&resolution=5&date_format=1&range_from=2025-11-04&range_to=2025-11-11&cont_flag=1 (Caused by NameResolutionError(\"<urllib3.connection.HTTPSConnection object at 0x0000013ADA412190>: Failed to resolve 'api-t1.fyers.in' ([Errno 11001] getaddrinfo failed)\"))"},"timestamp":"2025-11-11 11:10:09,379+0530","service":"FyersAPI"}
{"level":"ERROR","location":"[get_call:164] fyersModel","message":{"API":"/history","error":"HTTPSConnectionPool(host='api-t1.fyers.in', port=443): Max retries exceeded with url: /data/history?symbol=NSE%3AMMTC-EQ&resolution=5&date_format=1&range_from=2025-11-04&range_to=2025-11-11&cont_flag=1 (Caused by NameResolutionError(\"<urllib3.connection.HTTPSConnection object at 0x0000013ADA3F7790>: Failed to resolve 'api-t1.fyers.in' ([Errno 11001] getaddrinfo failed)\"))"},"timestamp":"2025-11-11 11:10:09,384+0530","service":"FyersAPI"}
{"level":"ERROR","location":"[get_call:164] fyersModel","message":{"API":"/history","error":"HTTPSConnectionPool(host='api-t1.fyers.in', port=443): Max retries exceeded with url: /data/history?symbol=NSE%3AIDEA-EQ&resolution=5&date_format=1&range_from=2025-11-04&range_to=2025-11-11&cont_flag=1 (Caused by NameResolutionError(\"<urllib3.connection.HTTPSConnection object at 0x0000013ADA09ADD0>: Failed to resolve 'api-t1.fyers.in' ([Errno 11001] getaddrinfo failed)\"))"},"timestamp":"2025-11-11 11:10:09,390+0530","service":"FyersAPI"}
{"level":"ERROR","location":"[get_call:164] fyersModel","message":{"API":"/history","error":"HTTPSConnectionPool(host='api-t1.fyers.in', port=443): Max retries exceeded with url: /data/history?symbol=NSE%3AKEC-EQ&resolution=5&date_format=1&range_from=2025-11-04&range_to=2025-11-11&cont_flag=1 (Caused by NameResolutionError(\"<urllib3.connection.HTTPSConnection object at 0x0000013ADA41D150>: Failed to resolve 'api-t1.fyers.in' ([Errno 11001] getaddrinfo failed)\"))"},"timestamp":"2025-11-11 11:10:09,390+0530","service":"FyersAPI"}
{"level":"ERROR","location":"[get_call:164] fyersModel","message":{"API":"/history","error":"HTTPSConnectionPool(host='api-t1.fyers.in', port=443): Max retries exceeded with url: /data/history?symbol=NSE%3AHEG-EQ&resolution=5&date_format=1&range_from=2025-11-04&range_to=2025-11-11&cont_flag=1 (Caused by NameResolutionError(\"<urllib3.connection.HTTPSConnection object at 0x0000013ADA43F410>: Failed to resolve 'api-t1.fyers.in' ([Errno 11001] getaddrinfo failed)\"))"},"timestamp":"2025-11-11 11:10:09,401+0530","service":"FyersAPI"}
{"level":"ERROR","location":"[get_call:164] fyersModel","message":{"API":"/history","error":"HTTPSConnectionPool(host='api-t1.fyers.in', port=443): Max retries exceeded with url: /data/history?symbol=NSE%3AINTELLECT-EQ&resolution=5&date_format=1&range_from=2025-11-04&range_to=2025-11-11&cont_flag=1 (Caused by NameResolutionError(\"<urllib3.connection.HTTPSConnection object at 0x0000013ADA387550>: Failed to resolve 'api-t1.fyers.in' ([Errno 11001] getaddrinfo failed)\"))"},"timestamp":"2025-11-11 11:10:09,406+0530","service":"FyersAPI"}
{"level":"ERROR","location":"[get_call:164] fyersModel","message":{"API":"/history","error":"HTTPSConnectionPool(host='api-t1.fyers.in', port=443): Max retries exceeded with url: /data/history?symbol=NSE%3AJSL-EQ&resolution=5&date_format=1&range_from=2025-11-04&range_to=2025-11-11&cont_flag=1 (Caused by NameResolutionError(\"<urllib3.connection.HTTPSConnection object at 0x0000013ADA43C3D0>: Failed to resolve 'api-t1.fyers.in' ([Errno 11001] getaddrinfo failed)\"))"},"timestamp":"2025-11-11 11:10:19,415+0530","service":"FyersAPI"}
{"level":"ERROR","location":"[get_call:164] fyersModel","message":{"API":"/history","error":"HTTPSConnectionPool(host='api-t1.fyers.in', port=443): Max retries exceeded with url: /data/history?symbol=NSE%3AMMTC-EQ&resolution=5&date_format=1&range_from=2025-11-04&range_to=2025-11-11&cont_flag=1 (Caused by NameResolutionError(\"<urllib3.connection.HTTPSConnection object at 0x0000013ADA43F7D0>: Failed to resolve 'api-t1.fyers.in' ([Errno 11001] getaddrinfo failed)\"))"},"timestamp":"2025-11-11 11:10:19,420+0530","service":"FyersAPI"}
{"level":"ERROR","location":"[get_call:164] fyersModel","message":{"API":"/history","error":"HTTPSConnectionPool(host='api-t1.fyers.in', port=443): Max retries exceeded with url: /data/history?symbol=NSE%3AIDEA-EQ&resolution=5&date_format=1&range_from=2025-11-04&range_to=2025-11-11&cont_flag=1 (Caused by NameResolutionError(\"<urllib3.connection.HTTPSConnection object at 0x0000013ADA41E910>: Failed to resolve 'api-t1.fyers.in' ([Errno 11001] getaddrinfo failed)\"))"},"timestamp":"2025-11-11 11:10:19,496+0530","service":"FyersAPI"}
{"level":"ERROR","location":"[get_call:164] fyersModel","message":{"API":"/history","error":"HTTPSConnectionPool(host='api-t1.fyers.in', port=443): Max retries exceeded with url: /data/history?symbol=NSE%3AKEC-EQ&resolution=5&date_format=1&range_from=2025-11-04&range_to=2025-11-11&cont_flag=1 (Caused by NameResolutionError(\"<urllib3.connection.HTTPSConnection object at 0x0000013ADA0AD250>: Failed to resolve 'api-t1.fyers.in' ([Errno 11001] getaddrinfo failed)\"))"},"timestamp":"2025-11-11 11:10:19,526+0530","service":"FyersAPI"}
{"level":"ERROR","location":"[get_call:164] fyersModel","message":{"API":"/history","error":"HTTPSConnectionPool(host='api-t1.fyers.in', port=443): Max retries exceeded with url: /data/history?symbol=NSE%3AHEG-EQ&resolution=5&date_format=1&range_from=2025-11-04&range_to=2025-11-11&cont_flag=1 (Caused by NameResolutionError(\"<urllib3.connection.HTTPSConnection object at 0x0000013ADA425ED0>: Failed to resolve 'api-t1.fyers.in' ([Errno 11001] getaddrinfo failed)\"))"},"timestamp":"2025-11-11 11:10:19,533+0530","service":"FyersAPI"}
{"level":"ERROR","location":"[get_call:164] fyersModel","message":{"API":"/history","error":"HTTPSConnectionPool(host='api-t1.fyers.in', port=443): Max retries exceeded with url: /data/history?symbol=NSE%3AINTELLECT-EQ&resolution=5&date_format=1&range_from=2025-11-04&range_to=2025-11-11&cont_flag=1 (Caused by NameResolutionError(\"<urllib3.connection.HTTPSConnection object at 0x0000013ADA2E8E50>: Failed to resolve 'api-t1.fyers.in' ([Errno 11001] getaddrinfo failed)\"))"},"timestamp":"2025-11-11 11:10:19,559+0530","service":"FyersAPI"}
{"level":"ERROR","location":"[get_call:164] fyersModel","message":{"API":"/history","error":"HTTPSConnectionPool(host='api-t1.fyers.in', port=443): Max retries exceeded with url: /data/history?symbol=NSE%3AJSL-EQ&resolution=5&date_format=1&range_from=2025-11-04&range_to=2025-11-11&cont_flag=1 (Caused by NameResolutionError(\"<urllib3.connection.HTTPSConnection object at 0x0000013ADA387B50>: Failed to resolve 'api-t1.fyers.in' ([Errno 11001] getaddrinfo failed)\"))"},"timestamp":"2025-11-11 11:10:29,568+0530","service":"FyersAPI"}
{"level":"ERROR","location":"[get_call:164] fyersModel","message":{"API":"/history","error":"HTTPSConnectionPool(host='api-t1.fyers.in', port=443): Max retries exceeded with url: /data/history?symbol=NSE%3AMMTC-EQ&resolution=5&date_format=1&range_from=2025-11-04&range_to=2025-11-11&cont_flag=1 (Caused by NameResolutionError(\"<urllib3.connection.HTTPSConnection object at 0x0000013ADA4130D0>: Failed to resolve 'api-t1.fyers.in' ([Errno 11001] getaddrinfo failed)\"))"},"timestamp":"2025-11-11 11:10:29,575+0530","service":"FyersAPI"}
{"level":"ERROR","location":"[get_call:164] fyersModel","message":{"API":"/history","error":"HTTPSConnectionPool(host='api-t1.fyers.in', port=443): Max retries exceeded with url: /data/history?symbol=NSE%3AIDEA-EQ&resolution=5&date_format=1&range_from=2025-11-04&range_to=2025-11-11&cont_flag=1 (Caused by NameResolutionError(\"<urllib3.connection.HTTPSConnection object at 0x0000013ADA3F6DD0>: Failed to resolve 'api-t1.fyers.in' ([Errno 11001] getaddrinfo failed)\"))"},"timestamp":"2025-11-11 11:10:29,580+0530","service":"FyersAPI"}
{"level":"ERROR","location":"[get_call:164] fyersModel","message":{"API":"/history","error":"HTTPSConnectionPool(host='api-t1.fyers.in', port=443): Max retries exceeded with url: /data/history?symbol=NSE%3AKEC-EQ&resolution=5&date_format=1&range_from=2025-11-04&range_to=2025-11-11&cont_flag=1 (Caused by NameResolutionError(\"<urllib3.connection.HTTPSConnection object at 0x0000013ADA41E710>: Failed to resolve 'api-t1.fyers.in' ([Errno 11001] getaddrinfo failed)\"))"},"timestamp":"2025-11-11 11:10:29,585+0530","service":"FyersAPI"}
{"level":"ERROR","location":"[get_call:164] fyersModel","message":{"API":"/history","error":"HTTPSConnectionPool(host='api-t1.fyers.in', port=443): Max retries exceeded with url: /data/history?symbol=NSE%3AHEG-EQ&resolution=5&date_format=1&range_from=2025-11-04&range_to=2025-11-11&cont_flag=1 (Caused by NameResolutionError(\"<urllib3.connection.HTTPSConnection object at 0x0000013ADA43EC90>: Failed to resolve 'api-t1.fyers.in' ([Errno 11001] getaddrinfo failed)\"))"},"timestamp":"2025-11-11 11:10:29,588+0530","service":"FyersAPI"}
{"level":"ERROR","location":"[get_call:164] fyersModel","message":{"API":"/history","error":"HTTPSConnectionPool(host='api-t1.fyers.in', port=443): Max retries exceeded with url: /data/history?symbol=NSE%3AINTELLECT-EQ&resolution=5&date_format=1&range_from=2025-11-04&range_to=2025-11-11&cont_flag=1 (Caused by NameResolutionError(\"<urllib3.connection.HTTPSConnection object at 0x0000013ADA0A1E50>: Failed to resolve 'api-t1.fyers.in' ([Errno 11001] getaddrinfo failed)\"))"},"timestamp":"2025-11-11 11:10:29,596+0530","service":"FyersAPI"}
{"level":"ERROR","location":"[get_call:164] fyersModel","message":{"API":"/history","error":"HTTPSConnectionPool(host='api-t1.fyers.in', port=443): Max retries exceeded with url: /data/history?symbol=NSE%3AJSL-EQ&resolution=5&date_format=1&range_from=2025-11-04&range_to=2025-11-11&cont_flag=1 (Caused by NameResolutionError(\"<urllib3.connection.HTTPSConnection object at 0x0000013ADA344D10>: Failed to resolve 'api-t1.fyers.in' ([Errno 11001] getaddrinfo failed)\"))"},"timestamp":"2025-11-11 11:10:39,608+0530","service":"FyersAPI"}
{"level":"ERROR","location":"[get_call:164] fyersModel","message":{"API":"/history","error":"HTTPSConnectionPool(host='api-t1.fyers.in', port=443): Max retries exceeded with url: /data/history?symbol=NSE%3AMMTC-EQ&resolution=5&date_format=1&range_from=2025-11-04&range_to=2025-11-11&cont_flag=1 (Caused by NameResolutionError(\"<urllib3.connection.HTTPSConnection object at 0x0000013ADA413250>: Failed to resolve 'api-t1.fyers.in' ([Errno 11001] getaddrinfo failed)\"))"},"timestamp":"2025-11-11 11:10:39,615+0530","service":"FyersAPI"}
{"level":"ERROR","location":"[get_call:164] fyersModel","message":{"API":"/history","error":"HTTPSConnectionPool(host='api-t1.fyers.in', port=443): Max retries exceeded with url: /data/history?symbol=NSE%3AIDEA-EQ&resolution=5&date_format=1&range_from=2025-11-04&range_to=2025-11-11&cont_flag=1 (Caused by NameResolutionError(\"<urllib3.connection.HTTPSConnection object at 0x0000013ADA41F3D0>: Failed to resolve 'api-t1.fyers.in' ([Errno 11001] getaddrinfo failed)\"))"},"timestamp":"2025-11-11 11:10:39,623+0530","service":"FyersAPI"}
{"level":"ERROR","location":"[get_call:164] fyersModel","message":{"API":"/history","error":"HTTPSConnectionPool(host='api-t1.fyers.in', port=443): Max retries exceeded with url: /data/history?symbol=NSE%3AKEC-EQ&resolution=5&date_format=1&range_from=2025-11-04&range_to=2025-11-11&cont_flag=1 (Caused by NameResolutionError(\"<urllib3.connection.HTTPSConnection object at 0x0000013ADA43F3D0>: Failed to resolve 'api-t1.fyers.in' ([Errno 11001] getaddrinfo failed)\"))"},"timestamp":"2025-11-11 11:10:39,629+0530","service":"FyersAPI"}
{"level":"ERROR","location":"[get_call:164] fyersModel","message":{"API":"/history","error":"HTTPSConnectionPool(host='api-t1.fyers.in', port=443): Max retries exceeded with url: /data/history?symbol=NSE%3AHEG-EQ&resolution=5&date_format=1&range_from=2025-11-04&range_to=2025-11-11&cont_flag=1 (Caused by NameResolutionError(\"<urllib3.connection.HTTPSConnection object at 0x0000013ADA3F7C90>: Failed to resolve 'api-t1.fyers.in' ([Errno 11001] getaddrinfo failed)\"))"},"timestamp":"2025-11-11 11:10:39,634+0530","service":"FyersAPI"}
{"level":"ERROR","location":"[get_call:164] fyersModel","message":{"API":"/history","error":"HTTPSConnectionPool(host='api-t1.fyers.in', port=443): Max retries exceeded with url: /data/history?symbol=NSE%3AINTELLECT-EQ&resolution=5&date_format=1&range_from=2025-11-04&range_to=2025-11-11&cont_flag=1 (Caused by NameResolutionError(\"<urllib3.connection.HTTPSConnection object at 0x0000013ADA09E190>: Failed to resolve 'api-t1.fyers.in' ([Errno 11001] getaddrinfo failed)\"))"},"timestamp":"2025-11-11 11:10:39,640+0530","service":"FyersAPI"}
{"level":"ERROR","location":"[get_call:164] fyersModel","message":{"API":"/history","error":"HTTPSConnectionPool(host='api-t1.fyers.in', port=443): Max retries exceeded with url: /data/history?symbol=NSE%3AJSL-EQ&resolution=5&date_format=1&range_from=2025-11-04&range_to=2025-11-11&cont_flag=1 (Caused by NameResolutionError(\"<urllib3.connection.HTTPSConnection object at 0x0000013ADA411D90>: Failed to resolve 'api-t1.fyers.in' ([Errno 11001] getaddrinfo failed)\"))"},"timestamp":"2025-11-11 11:10:49,652+0530","service":"FyersAPI"}
{"level":"ERROR","location":"[get_call:164] fyersModel","message":{"API":"/history","error":"HTTPSConnectionPool(host='api-t1.fyers.in', port=443): Max retries exceeded with url: /data/history?symbol=NSE%3AMMTC-EQ&resolution=5&date_format=1&range_from=2025-11-04&range_to=2025-11-11&cont_flag=1 (Caused by NameResolutionError(\"<urllib3.connection.HTTPSConnection object at 0x0000013ADA41D710>: Failed to resolve 'api-t1.fyers.in' ([Errno 11001] getaddrinfo failed)\"))"},"timestamp":"2025-11-11 11:10:49,656+0530","service":"FyersAPI"}
{"level":"ERROR","location":"[get_call:164] fyersModel","message":{"API":"/history","error":"HTTPSConnectionPool(host='api-t1.fyers.in', port=443): Max retries exceeded with url: /data/history?symbol=NSE%3AIDEA-EQ&resolution=5&date_format=1&range_from=2025-11-04&range_to=2025-11-11&cont_flag=1 (Caused by NameResolutionError(\"<urllib3.connection.HTTPSConnection object at 0x0000013ADA304ED0>: Failed to resolve 'api-t1.fyers.in' ([Errno 11001] getaddrinfo failed)\"))"},"timestamp":"2025-11-11 11:10:49,670+0530","service":"FyersAPI"}
{"level":"ERROR","location":"[get_call:164] fyersModel","message":{"API":"/history","error":"HTTPSConnectionPool(host='api-t1.fyers.in', port=443): Max retries exceeded with url: /data/history?symbol=NSE%3AKEC-EQ&resolution=5&date_format=1&range_from=2025-11-04&range_to=2025-11-11&cont_flag=1 (Caused by NameResolutionError(\"<urllib3.connection.HTTPSConnection object at 0x0000013ADA0A6610>: Failed to resolve 'api-t1.fyers.in' ([Errno 11001] getaddrinfo failed)\"))"},"timestamp":"2025-11-11 11:10:49,678+0530","service":"FyersAPI"}
{"level":"ERROR","location":"[get_call:164] fyersModel","message":{"API":"/history","error":"HTTPSConnectionPool(host='api-t1.fyers.in', port=443): Max retries exceeded with url: /data/history?symbol=NSE%3AHEG-EQ&resolution=5&date_format=1&range_from=2025-11-04&range_to=2025-11-11&cont_flag=1 (Caused by NameResolutionError(\"<urllib3.connection.HTTPSConnection object at 0x0000013ADA412910>: Failed to resolve 'api-t1.fyers.in' ([Errno 11001] getaddrinfo failed)\"))"},"timestamp":"2025-11-11 11:10:49,691+0530","service":"FyersAPI"}
{"level":"ERROR","location":"[get_call:164] fyersModel","message":{"API":"/history","error":"HTTPSConnectionPool(host='api-t1.fyers.in', port=443): Max retries exceeded with url: /data/history?symbol=NSE%3AINTELLECT-EQ&resolution=5&date_format=1&range_from=2025-11-04&range_to=2025-11-11&cont_flag=1 (Caused by NameResolutionError(\"<urllib3.connection.HTTPSConnection object at 0x0000013ADA385210>: Failed to resolve 'api-t1.fyers.in' ([Errno 11001] getaddrinfo failed)\"))"},"timestamp":"2025-11-11 11:10:49,698+0530","service":"FyersAPI"}
{"level":"ERROR","location":"[get_call:164] fyersModel","message":{"API":"/history","error":"HTTPSConnectionPool(host='api-t1.fyers.in', port=443): Max retries exceeded with url: /data/history?symbol=NSE%3AJSL-EQ&resolution=5&date_format=1&range_from=2025-11-04&range_to=2025-11-11&cont_flag=1 (Caused by NameResolutionError(\"<urllib3.connection.HTTPSConnection object at 0x0000013ADA3F7C10>: Failed to resolve 'api-t1.fyers.in' ([Errno 11001] getaddrinfo failed)\"))"},"timestamp":"2025-11-11 11:10:59,707+0530","service":"FyersAPI"}
{"level":"ERROR","location":"[get_call:164] fyersModel","message":{"API":"/history","error":"HTTPSConnectionPool(host='api-t1.fyers.in', port=443): Max retries exceeded with url: /data/history?symbol=NSE%3AMMTC-EQ&resolution=5&date_format=1&range_from=2025-11-04&range_to=2025-11-11&cont_flag=1 (Caused by NameResolutionError(\"<urllib3.connection.HTTPSConnection object at 0x0000013ADA41D0D0>: Failed to resolve 'api-t1.fyers.in' ([Errno 11001] getaddrinfo failed)\"))"},"timestamp":"2025-11-11 11:10:59,715+0530","service":"FyersAPI"}
{"level":"ERROR","location":"[get_call:164] fyersModel","message":{"API":"/history","error":"HTTPSConnectionPool(host='api-t1.fyers.in', port=443): Max retries exceeded with url: /data/history?symbol=NSE%3AIDEA-EQ&resolution=5&date_format=1&range_from=2025-11-04&range_to=2025-11-11&cont_flag=1 (Caused by NameResolutionError(\"<urllib3.connection.HTTPSConnection object at 0x0000013ADA406ED0>: Failed to resolve 'api-t1.fyers.in' ([Errno 11001] getaddrinfo failed)\"))"},"timestamp":"2025-11-11 11:10:59,725+0530","service":"FyersAPI"}
{"level":"ERROR","location":"[get_call:164] fyersModel","message":{"API":"/history","error":"HTTPSConnectionPool(host='api-t1.fyers.in', port=443): Max retries exceeded with url: /data/history?symbol=NSE%3AKEC-EQ&resolution=5&date_format=1&range_from=2025-11-04&range_to=2025-11-11&cont_flag=1 (Caused by NameResolutionError(\"<urllib3.connection.HTTPSConnection object at 0x0000013ADA09DC90>: Failed to resolve 'api-t1.fyers.in' ([Errno 11001] getaddrinfo failed)\"))"},"timestamp":"2025-11-11 11:10:59,730+0530","service":"FyersAPI"}
{"level":"ERROR","location":"[get_call:164] fyersModel","message":{"API":"/history","error":"HTTPSConnectionPool(host='api-t1.fyers.in', port=443): Max retries exceeded with url: /data/history?symbol=NSE%3AHEG-EQ&resolution=5&date_format=1&range_from=2025-11-04&range_to=2025-11-11&cont_flag=1 (Caused by NameResolutionError(\"<urllib3.connection.HTTPSConnection object at 0x0000013ADA09A610>: Failed to resolve 'api-t1.fyers.in' ([Errno 11001] getaddrinfo failed)\"))"},"timestamp":"2025-11-11 11:10:59,733+0530","service":"FyersAPI"}
{"level":"ERROR","location":"[get_call:164] fyersModel","message":{"API":"/history","error":"HTTPSConnectionPool(host='api-t1.fyers.in', port=443): Max retries exceeded with url: /data/history?symbol=NSE%3AINTELLECT-EQ&resolution=5&date_format=1&range_from=2025-11-04&range_to=2025-11-11&cont_flag=1 (Caused by NameResolutionError(\"<urllib3.connection.HTTPSConnection object at 0x0000013ADA411550>: Failed to resolve 'api-t1.fyers.in' ([Errno 11001] getaddrinfo failed)\"))"},"timestamp":"2025-11-11 11:10:59,740+0530","service":"FyersAPI"}
{"level":"ERROR","location":"[get_call:164] fyersModel","message":{"API":"/history","error":"HTTPSConnectionPool(host='api-t1.fyers.in', port=443): Max retries exceeded with url: /data/history?symbol=NSE%3AJSL-EQ&resolution=5&date_format=1&range_from=2025-11-04&range_to=2025-11-11&cont_flag=1 (Caused by NameResolutionError(\"<urllib3.connection.HTTPSConnection object at 0x0000013ADA43F790>: Failed to resolve 'api-t1.fyers.in' ([Errno 11001] getaddrinfo failed)\"))"},"timestamp":"2025-11-11 11:11:09,745+0530","service":"FyersAPI"}
{"level":"ERROR","location":"[get_call:164] fyersModel","message":{"API":"/history","error":"HTTPSConnectionPool(host='api-t1.fyers.in', port=443): Max retries exceeded with url: /data/history?symbol=NSE%3AMMTC-EQ&resolution=5&date_format=1&range_from=2025-11-04&range_to=2025-11-11&cont_flag=1 (Caused by NameResolutionError(\"<urllib3.connection.HTTPSConnection object at 0x0000013ADA41E7D0>: Failed to resolve 'api-t1.fyers.in' ([Errno 11001] getaddrinfo failed)\"))"},"timestamp":"2025-11-11 11:11:09,762+0530","service":"FyersAPI"}
{"level":"ERROR","location":"[get_call:164] fyersModel","message":{"API":"/history","error":"HTTPSConnectionPool(host='api-t1.fyers.in', port=443): Max retries exceeded with url: /data/history?symbol=NSE%3AIDEA-EQ&resolution=5&date_format=1&range_from=2025-11-04&range_to=2025-11-11&cont_flag=1 (Caused by NameResolutionError(\"<urllib3.connection.HTTPSConnection object at 0x0000013AD7D30110>: Failed to resolve 'api-t1.fyers.in' ([Errno 11001] getaddrinfo failed)\"))"},"timestamp":"2025-11-11 11:11:09,774+0530","service":"FyersAPI"}
{"level":"ERROR","location":"[get_call:164] fyersModel","message":{"API":"/history","error":"HTTPSConnectionPool(host='api-t1.fyers.in', port=443): Max retries exceeded with url: /data/history?symbol=NSE%3AKEC-EQ&resolution=5&date_format=1&range_from=2025-11-04&range_to=2025-11-11&cont_flag=1 (Caused by NameResolutionError(\"<urllib3.connection.HTTPSConnection object at 0x0000013ADA413990>: Failed to resolve 'api-t1.fyers.in' ([Errno 11001] getaddrinfo failed)\"))"},"timestamp":"2025-11-11 11:11:09,780+0530","service":"FyersAPI"}
{"level":"ERROR","location":"[get_call:164] fyersModel","message":{"API":"/history","error":"HTTPSConnectionPool(host='api-t1.fyers.in', port=443): Max retries exceeded with url: /data/history?symbol=NSE%3AHEG-EQ&resolution=5&date_format=1&range_from=2025-11-04&range_to=2025-11-11&cont_flag=1 (Caused by NameResolutionError(\"<urllib3.connection.HTTPSConnection object at 0x0000013ADA0ACD10>: Failed to resolve 'api-t1.fyers.in' ([Errno 11001] getaddrinfo failed)\"))"},"timestamp":"2025-11-11 11:11:09,786+0530","service":"FyersAPI"}
{"level":"ERROR","location":"[get_call:164] fyersModel","message":{"API":"/history","error":"HTTPSConnectionPool(host='api-t1.fyers.in', port=443): Max retries exceeded with url: /data/history?symbol=NSE%3AINTELLECT-EQ&resolution=5&date_format=1&range_from=2025-11-04&range_to=2025-11-11&cont_flag=1 (Caused by NameResolutionError(\"<urllib3.connection.HTTPSConnection object at 0x0000013ADA09FD90>: Failed to resolve 'api-t1.fyers.in' ([Errno 11001] getaddrinfo failed)\"))"},"timestamp":"2025-11-11 11:11:09,791+0530","service":"FyersAPI"}
{"level":"ERROR","location":"[get_call:164] fyersModel","message":{"API":"/history","error":"HTTPSConnectionPool(host='api-t1.fyers.in', port=443): Max retries exceeded with url: /data/history?symbol=NSE%3AJSL-EQ&resolution=5&date_format=1&range_from=2025-11-04&range_to=2025-11-11&cont_flag=1 (Caused by NameResolutionError(\"<urllib3.connection.HTTPSConnection object at 0x0000013ADA43EBD0>: Failed to resolve 'api-t1.fyers.in' ([Errno 11001] getaddrinfo failed)\"))"},"timestamp":"2025-11-11 11:11:19,799+0530","service":"FyersAPI"}
{"level":"ERROR","location":"[get_call:164] fyersModel","message":{"API":"/history","error":"HTTPSConnectionPool(host='api-t1.fyers.in', port=443): Max retries exceeded with url: /data/history?symbol=NSE%3AMMTC-EQ&resolution=5&date_format=1&range_from=2025-11-04&range_to=2025-11-11&cont_flag=1 (Caused by NameResolutionError(\"<urllib3.connection.HTTPSConnection object at 0x0000013AD9C59C50>: Failed to resolve 'api-t1.fyers.in' ([Errno 11001] getaddrinfo failed)\"))"},"timestamp":"2025-11-11 11:11:19,805+0530","service":"FyersAPI"}
{"level":"ERROR","location":"[get_call:164] fyersModel","message":{"API":"/history","error":"HTTPSConnectionPool(host='api-t1.fyers.in', port=443): Max retries exceeded with url: /data/history?symbol=NSE%3AIDEA-EQ&resolution=5&date_format=1&range_from=2025-11-04&range_to=2025-11-11&cont_flag=1 (Caused by NameResolutionError(\"<urllib3.connection.HTTPSConnection object at 0x0000013ADA0ACBD0>: Failed to resolve 'api-t1.fyers.in' ([Errno 11001] getaddrinfo failed)\"))"},"timestamp":"2025-11-11 11:11:19,808+0530","service":"FyersAPI"}
{"level":"ERROR","location":"[get_call:164] fyersModel","message":{"API":"/history","error":"HTTPSConnectionPool(host='api-t1.fyers.in', port=443): Max retries exceeded with url: /data/history?symbol=NSE%3AKEC-EQ&resolution=5&date_format=1&range_from=2025-11-04&range_to=2025-11-11&cont_flag=1 (Caused by NameResolutionError(\"<urllib3.connection.HTTPSConnection object at 0x0000013ADA410D10>: Failed to resolve 'api-t1.fyers.in' ([Errno 11001] getaddrinfo failed)\"))"},"timestamp":"2025-11-11 11:11:19,811+0530","service":"FyersAPI"}
{"level":"ERROR","location":"[get_call:164] fyersModel","message":{"API":"/history","error":"HTTPSConnectionPool(host='api-t1.fyers.in', port=443): Max retries exceeded with url: /data/history?symbol=NSE%3AHEG-EQ&resolution=5&date_format=1&range_from=2025-11-04&range_to=2025-11-11&cont_flag=1 (Caused by NameResolutionError(\"<urllib3.connection.HTTPSConnection object at 0x0000013ADA41E650>: Failed to resolve 'api-t1.fyers.in' ([Errno 11001] getaddrinfo failed)\"))"},"timestamp":"2025-11-11 11:11:19,820+0530","service":"FyersAPI"}
{"level":"ERROR","location":"[get_call:164] fyersModel","message":{"API":"/history","error":"HTTPSConnectionPool(host='api-t1.fyers.in', port=443): Max retries exceeded with url: /data/history?symbol=NSE%3AINTELLECT-EQ&resolution=5&date_format=1&range_from=2025-11-04&range_to=2025-11-11&cont_flag=1 (Caused by NameResolutionError(\"<urllib3.connection.HTTPSConnection object at 0x0000013AD7D30110>: Failed to resolve 'api-t1.fyers.in' ([Errno 11001] getaddrinfo failed)\"))"},"timestamp":"2025-11-11 11:11:19,825+0530","service":"FyersAPI"}
{"level":"ERROR","location":"[get_call:164] fyersModel","message":{"API":"/history","error":"HTTPSConnectionPool(host='api-t1.fyers.in', port=443): Max retries exceeded with url: /data/history?symbol=NSE%3AJSL-EQ&resolution=5&date_format=1&range_from=2025-11-04&range_to=2025-11-11&cont_flag=1 (Caused by NameResolutionError(\"<urllib3.connection.HTTPSConnection object at 0x0000013ADA358C10>: Failed to resolve 'api-t1.fyers.in' ([Errno 11001] getaddrinfo failed)\"))"},"timestamp":"2025-11-11 11:11:29,833+0530","service":"FyersAPI"}
{"level":"ERROR","location":"[get_call:164] fyersModel","message":{"API":"/history","error":"HTTPSConnectionPool(host='api-t1.fyers.in', port=443): Max retries exceeded with url: /data/history?symbol=NSE%3AMMTC-EQ&resolution=5&date_format=1&range_from=2025-11-04&range_to=2025-11-11&cont_flag=1 (Caused by NameResolutionError(\"<urllib3.connection.HTTPSConnection object at 0x0000013ADA412210>: Failed to resolve 'api-t1.fyers.in' ([Errno 11001] getaddrinfo failed)\"))"},"timestamp":"2025-11-11 11:11:29,839+0530","service":"FyersAPI"}
{"level":"ERROR","location":"[get_call:164] fyersModel","message":{"API":"/history","error":"HTTPSConnectionPool(host='api-t1.fyers.in', port=443): Max retries exceeded with url: /data/history?symbol=NSE%3AIDEA-EQ&resolution=5&date_format=1&range_from=2025-11-04&range_to=2025-11-11&cont_flag=1 (Caused by NameResolutionError(\"<urllib3.connection.HTTPSConnection object at 0x0000013ADA3F7650>: Failed to resolve 'api-t1.fyers.in' ([Errno 11001] getaddrinfo failed)\"))"},"timestamp":"2025-11-11 11:11:29,848+0530","service":"FyersAPI"}
{"level":"ERROR","location":"[get_call:164] fyersModel","message":{"API":"/history","error":"HTTPSConnectionPool(host='api-t1.fyers.in', port=443): Max retries exceeded with url: /data/history?symbol=NSE%3AKEC-EQ&resolution=5&date_format=1&range_from=2025-11-04&range_to=2025-11-11&cont_flag=1 (Caused by NameResolutionError(\"<urllib3.connection.HTTPSConnection object at 0x0000013ADA43F450>: Failed to resolve 'api-t1.fyers.in' ([Errno 11001] getaddrinfo failed)\"))"},"timestamp":"2025-11-11 11:11:29,849+0530","service":"FyersAPI"}
{"level":"ERROR","location":"[get_call:164] fyersModel","message":{"API":"/history","error":"HTTPSConnectionPool(host='api-t1.fyers.in', port=443): Max retries exceeded with url: /data/history?symbol=NSE%3AHEG-EQ&resolution=5&date_format=1&range_from=2025-11-04&range_to=2025-11-11&cont_flag=1 (Caused by NameResolutionError(\"<urllib3.connection.HTTPSConnection object at 0x0000013ADA405A10>: Failed to resolve 'api-t1.fyers.in' ([Errno 11001] getaddrinfo failed)\"))"},"timestamp":"2025-11-11 11:11:29,860+0530","service":"FyersAPI"}
{"level":"ERROR","location":"[get_call:164] fyersModel","message":{"API":"/history","error":"HTTPSConnectionPool(host='api-t1.fyers.in', port=443): Max retries exceeded with url: /data/history?symbol=NSE%3AINTELLECT-EQ&resolution=5&date_format=1&range_from=2025-11-04&range_to=2025-11-11&cont_flag=1 (Caused by NameResolutionError(\"<urllib3.connection.HTTPSConnection object at 0x0000013AD678FD90>: Failed to resolve 'api-t1.fyers.in' ([Errno 11001] getaddrinfo failed)\"))"},"timestamp":"2025-11-11 11:11:29,864+0530","service":"FyersAPI"}
{"level":"ERROR","location":"[get_call:164] fyersModel","message":{"API":"/history","error":"HTTPSConnectionPool(host='api-t1.fyers.in', port=443): Max retries exceeded with url: /data/history?symbol=NSE%3AJSL-EQ&resolution=5&date_format=1&range_from=2025-11-04&range_to=2025-11-11&cont_flag=1 (Caused by NameResolutionError(\"<urllib3.connection.HTTPSConnection object at 0x0000013ADA41E490>: Failed to resolve 'api-t1.fyers.in' ([Errno 11001] getaddrinfo failed)\"))"},"timestamp":"2025-11-11 11:11:39,880+0530","service":"FyersAPI"}
{"level":"ERROR","location":"[get_call:164] fyersModel","message":{"API":"/history","error":"HTTPSConnectionPool(host='api-t1.fyers.in', port=443): Max retries exceeded with url: /data/history?symbol=NSE%3AMMTC-EQ&resolution=5&date_format=1&range_from=2025-11-04&range_to=2025-11-11&cont_flag=1 (Caused by NameResolutionError(\"<urllib3.connection.HTTPSConnection object at 0x0000013ADA407D90>: Failed to resolve 'api-t1.fyers.in' ([Errno 11001] getaddrinfo failed)\"))"},"timestamp":"2025-11-11 11:11:39,886+0530","service":"FyersAPI"}
{"level":"ERROR","location":"[get_call:164] fyersModel","message":{"API":"/history","error":"HTTPSConnectionPool(host='api-t1.fyers.in', port=443): Max retries exceeded with url: /data/history?symbol=NSE%3AIDEA-EQ&resolution=5&date_format=1&range_from=2025-11-04&range_to=2025-11-11&cont_flag=1 (Caused by NameResolutionError(\"<urllib3.connection.HTTPSConnection object at 0x0000013ADA43F010>: Failed to resolve 'api-t1.fyers.in' ([Errno 11001] getaddrinfo failed)\"))"},"timestamp":"2025-11-11 11:11:39,890+0530","service":"FyersAPI"}
{"level":"ERROR","location":"[get_call:164] fyersModel","message":{"API":"/history","error":"HTTPSConnectionPool(host='api-t1.fyers.in', port=443): Max retries exceeded with url: /data/history?symbol=NSE%3AKEC-EQ&resolution=5&date_format=1&range_from=2025-11-04&range_to=2025-11-11&cont_flag=1 (Caused by NameResolutionError(\"<urllib3.connection.HTTPSConnection object at 0x0000013ADA3F75D0>: Failed to resolve 'api-t1.fyers.in' ([Errno 11001] getaddrinfo failed)\"))"},"timestamp":"2025-11-11 11:11:39,898+0530","service":"FyersAPI"}
{"level":"ERROR","location":"[get_call:164] fyersModel","message":{"API":"/history","error":"HTTPSConnectionPool(host='api-t1.fyers.in', port=443): Max retries exceeded with url: /data/history?symbol=NSE%3AHEG-EQ&resolution=5&date_format=1&range_from=2025-11-04&range_to=2025-11-11&cont_flag=1 (Caused by NameResolutionError(\"<urllib3.connection.HTTPSConnection object at 0x0000013ADA411090>: Failed to resolve 'api-t1.fyers.in' ([Errno 11001] getaddrinfo failed)\"))"},"timestamp":"2025-11-11 11:11:39,903+0530","service":"FyersAPI"}
{"level":"ERROR","location":"[get_call:164] fyersModel","message":{"API":"/history","error":"HTTPSConnectionPool(host='api-t1.fyers.in', port=443): Max retries exceeded with url: /data/history?symbol=NSE%3AINTELLECT-EQ&resolution=5&date_format=1&range_from=2025-11-04&range_to=2025-11-11&cont_flag=1 (Caused by NameResolutionError(\"<urllib3.connection.HTTPSConnection object at 0x0000013ADA099650>: Failed to resolve 'api-t1.fyers.in' ([Errno 11001] getaddrinfo failed)\"))"},"timestamp":"2025-11-11 11:11:39,910+0530","service":"FyersAPI"}
{"level":"ERROR","location":"[get_call:164] fyersModel","message":{"API":"/history","error":"HTTPSConnectionPool(host='api-t1.fyers.in', port=443): Max retries exceeded with url: /data/history?symbol=NSE%3AJSL-EQ&resolution=5&date_format=1&range_from=2025-11-04&range_to=2025-11-11&cont_flag=1 (Caused by NameResolutionError(\"<urllib3.connection.HTTPSConnection object at 0x0000013ADA413F10>: Failed to resolve 'api-t1.fyers.in' ([Errno 11001] getaddrinfo failed)\"))"},"timestamp":"2025-11-11 11:11:49,916+0530","service":"FyersAPI"}
{"level":"ERROR","location":"[get_call:164] fyersModel","message":{"API":"/history","error":"HTTPSConnectionPool(host='api-t1.fyers.in', port=443): Max retries exceeded with url: /data/history?symbol=NSE%3AMMTC-EQ&resolution=5&date_format=1&range_from=2025-11-04&range_to=2025-11-11&cont_flag=1 (Caused by NameResolutionError(\"<urllib3.connection.HTTPSConnection object at 0x0000013ADA3F7990>: Failed to resolve 'api-t1.fyers.in' ([Errno 11001] getaddrinfo failed)\"))"},"timestamp":"2025-11-11 11:11:49,920+0530","service":"FyersAPI"}
{"level":"ERROR","location":"[get_call:164] fyersModel","message":{"API":"/history","error":"HTTPSConnectionPool(host='api-t1.fyers.in', port=443): Max retries exceeded with url: /data/history?symbol=NSE%3AIDEA-EQ&resolution=5&date_format=1&range_from=2025-11-04&range_to=2025-11-11&cont_flag=1 (Caused by NameResolutionError(\"<urllib3.connection.HTTPSConnection object at 0x0000013ADA43D410>: Failed to resolve 'api-t1.fyers.in' ([Errno 11001] getaddrinfo failed)\"))"},"timestamp":"2025-11-11 11:11:49,926+0530","service":"FyersAPI"}
{"level":"ERROR","location":"[get_call:164] fyersModel","message":{"API":"/history","error":"HTTPSConnectionPool(host='api-t1.fyers.in', port=443): Max retries exceeded with url: /data/history?symbol=NSE%3AKEC-EQ&resolution=5&date_format=1&range_from=2025-11-04&range_to=2025-11-11&cont_flag=1 (Caused by NameResolutionError(\"<urllib3.connection.HTTPSConnection object at 0x0000013ADA35B350>: Failed to resolve 'api-t1.fyers.in' ([Errno 11001] getaddrinfo failed)\"))"},"timestamp":"2025-11-11 11:11:49,932+0530","service":"FyersAPI"}
{"level":"ERROR","location":"[get_call:164] fyersModel","message":{"API":"/history","error":"HTTPSConnectionPool(host='api-t1.fyers.in', port=443): Max retries exceeded with url: /data/history?symbol=NSE%3AHEG-EQ&resolution=5&date_format=1&range_from=2025-11-04&range_to=2025-11-11&cont_flag=1 (Caused by NameResolutionError(\"<urllib3.connection.HTTPSConnection object at 0x0000013ADA426510>: Failed to resolve 'api-t1.fyers.in' ([Errno 11001] getaddrinfo failed)\"))"},"timestamp":"2025-11-11 11:11:49,935+0530","service":"FyersAPI"}
{"level":"ERROR","location":"[get_call:164] fyersModel","message":{"API":"/history","error":"HTTPSConnectionPool(host='api-t1.fyers.in', port=443): Max retries exceeded with url: /data/history?symbol=NSE%3AINTELLECT-EQ&resolution=5&date_format=1&range_from=2025-11-04&range_to=2025-11-11&cont_flag=1 (Caused by NameResolutionError(\"<urllib3.connection.HTTPSConnection object at 0x0000013ADA405A10>: Failed to resolve 'api-t1.fyers.in' ([Errno 11001] getaddrinfo failed)\"))"},"timestamp":"2025-11-11 11:11:49,943+0530","service":"FyersAPI"}
{"level":"ERROR","location":"[get_call:164] fyersModel","message":{"API":"/history","error":"HTTPSConnectionPool(host='api-t1.fyers.in', port=443): Max retries exceeded with url: /data/history?symbol=NSE%3AJSL-EQ&resolution=5&date_format=1&range_from=2025-11-04&range_to=2025-11-11&cont_flag=1 (Caused by NameResolutionError(\"<urllib3.connection.HTTPSConnection object at 0x0000013ADA43C3D0>: Failed to resolve 'api-t1.fyers.in' ([Errno 11001] getaddrinfo failed)\"))"},"timestamp":"2025-11-11 11:11:59,947+0530","service":"FyersAPI"}
{"level":"ERROR","location":"[get_call:164] fyersModel","message":{"API":"/history","error":"HTTPSConnectionPool(host='api-t1.fyers.in', port=443): Max retries exceeded with url: /data/history?symbol=NSE%3AMMTC-EQ&resolution=5&date_format=1&range_from=2025-11-04&range_to=2025-11-11&cont_flag=1 (Caused by NameResolutionError(\"<urllib3.connection.HTTPSConnection object at 0x0000013ADA43FE10>: Failed to resolve 'api-t1.fyers.in' ([Errno 11001] getaddrinfo failed)\"))"},"timestamp":"2025-11-11 11:11:59,952+0530","service":"FyersAPI"}
{"level":"ERROR","location":"[get_call:164] fyersModel","message":{"API":"/history","error":"HTTPSConnectionPool(host='api-t1.fyers.in', port=443): Max retries exceeded with url: /data/history?symbol=NSE%3AIDEA-EQ&resolution=5&date_format=1&range_from=2025-11-04&range_to=2025-11-11&cont_flag=1 (Caused by NameResolutionError(\"<urllib3.connection.HTTPSConnection object at 0x0000013ADA412610>: Failed to resolve 'api-t1.fyers.in' ([Errno 11001] getaddrinfo failed)\"))"},"timestamp":"2025-11-11 11:11:59,959+0530","service":"FyersAPI"}
{"level":"ERROR","location":"[get_call:164] fyersModel","message":{"API":"/history","error":"HTTPSConnectionPool(host='api-t1.fyers.in', port=443): Max retries exceeded with url: /data/history?symbol=NSE%3AKEC-EQ&resolution=5&date_format=1&range_from=2025-11-04&range_to=2025-11-11&cont_flag=1 (Caused by NameResolutionError(\"<urllib3.connection.HTTPSConnection object at 0x0000013ADA4273D0>: Failed to resolve 'api-t1.fyers.in' ([Errno 11001] getaddrinfo failed)\"))"},"timestamp":"2025-11-11 11:11:59,969+0530","service":"FyersAPI"}
{"level":"ERROR","location":"[get_call:164] fyersModel","message":{"API":"/history","error":"HTTPSConnectionPool(host='api-t1.fyers.in', port=443): Max retries exceeded with url: /data/history?symbol=NSE%3AHEG-EQ&resolution=5&date_format=1&range_from=2025-11-04&range_to=2025-11-11&cont_flag=1 (Caused by NameResolutionError(\"<urllib3.connection.HTTPSConnection object at 0x0000013ADA384950>: Failed to resolve 'api-t1.fyers.in' ([Errno 11001] getaddrinfo failed)\"))"},"timestamp":"2025-11-11 11:11:59,971+0530","service":"FyersAPI"}
{"level":"ERROR","location":"[get_call:164] fyersModel","message":{"API":"/history","error":"HTTPSConnectionPool(host='api-t1.fyers.in', port=443): Max retries exceeded with url: /data/history?symbol=NSE%3AINTELLECT-EQ&resolution=5&date_format=1&range_from=2025-11-04&range_to=2025-11-11&cont_flag=1 (Caused by NameResolutionError(\"<urllib3.connection.HTTPSConnection object at 0x0000013ADA411990>: Failed to resolve 'api-t1.fyers.in' ([Errno 11001] getaddrinfo failed)\"))"},"timestamp":"2025-11-11 11:11:59,984+0530","service":"FyersAPI"}
{"level":"ERROR","location":"[get_call:164] fyersModel","message":{"API":"/history","error":"HTTPSConnectionPool(host='api-t1.fyers.in', port=443): Max retries exceeded with url: /data/history?symbol=NSE%3AJSL-EQ&resolution=5&date_format=1&range_from=2025-11-04&range_to=2025-11-11&cont_flag=1 (Caused by NameResolutionError(\"<urllib3.connection.HTTPSConnection object at 0x0000013ADA43D410>: Failed to resolve 'api-t1.fyers.in' ([Errno 11001] getaddrinfo failed)\"))"},"timestamp":"2025-11-11 11:12:09,990+0530","service":"FyersAPI"}
{"level":"ERROR","location":"[get_call:164] fyersModel","message":{"API":"/history","error":"HTTPSConnectionPool(host='api-t1.fyers.in', port=443): Max retries exceeded with url: /data/history?symbol=NSE%3AMMTC-EQ&resolution=5&date_format=1&range_from=2025-11-04&range_to=2025-11-11&cont_flag=1 (Caused by NameResolutionError(\"<urllib3.connection.HTTPSConnection object at 0x0000013ADA358490>: Failed to resolve 'api-t1.fyers.in' ([Errno 11001] getaddrinfo failed)\"))"},"timestamp":"2025-11-11 11:12:09,998+0530","service":"FyersAPI"}
{"level":"ERROR","location":"[get_call:164] fyersModel","message":{"API":"/history","error":"HTTPSConnectionPool(host='api-t1.fyers.in', port=443): Max retries exceeded with url: /data/history?symbol=NSE%3AIDEA-EQ&resolution=5&date_format=1&range_from=2025-11-04&range_to=2025-11-11&cont_flag=1 (Caused by NameResolutionError(\"<urllib3.connection.HTTPSConnection object at 0x0000013ADA3F7C90>: Failed to resolve 'api-t1.fyers.in' ([Errno 11001] getaddrinfo failed)\"))"},"timestamp":"2025-11-11 11:12:10,005+0530","service":"FyersAPI"}
{"level":"ERROR","location":"[get_call:164] fyersModel","message":{"API":"/history","error":"HTTPSConnectionPool(host='api-t1.fyers.in', port=443): Max retries exceeded with url: /data/history?symbol=NSE%3AKEC-EQ&resolution=5&date_format=1&range_from=2025-11-04&range_to=2025-11-11&cont_flag=1 (Caused by NameResolutionError(\"<urllib3.connection.HTTPSConnection object at 0x0000013AD9C3F510>: Failed to resolve 'api-t1.fyers.in' ([Errno 11001] getaddrinfo failed)\"))"},"timestamp":"2025-11-11 11:12:10,011+0530","service":"FyersAPI"}
{"level":"ERROR","location":"[get_call:164] fyersModel","message":{"API":"/history","error":"HTTPSConnectionPool(host='api-t1.fyers.in', port=443): Max retries exceeded with url: /data/history?symbol=NSE%3AHEG-EQ&resolution=5&date_format=1&range_from=2025-11-04&range_to=2025-11-11&cont_flag=1 (Caused by NameResolutionError(\"<urllib3.connection.HTTPSConnection object at 0x0000013ADA0AEE50>: Failed to resolve 'api-t1.fyers.in' ([Errno 11001] getaddrinfo failed)\"))"},"timestamp":"2025-11-11 11:12:10,017+0530","service":"FyersAPI"}
{"level":"ERROR","location":"[get_call:164] fyersModel","message":{"API":"/history","error":"HTTPSConnectionPool(host='api-t1.fyers.in', port=443): Max retries exceeded with url: /data/history?symbol=NSE%3AINTELLECT-EQ&resolution=5&date_format=1&range_from=2025-11-04&range_to=2025-11-11&cont_flag=1 (Caused by NameResolutionError(\"<urllib3.connection.HTTPSConnection object at 0x0000013ADA09F550>: Failed to resolve 'api-t1.fyers.in' ([Errno 11001] getaddrinfo failed)\"))"},"timestamp":"2025-11-11 11:12:10,024+0530","service":"FyersAPI"}
{"level":"ERROR","location":"[get_call:164] fyersModel","message":{"API":"/history","error":"HTTPSConnectionPool(host='api-t1.fyers.in', port=443): Max retries exceeded with url: /data/history?symbol=NSE%3AJSL-EQ&resolution=5&date_format=1&range_from=2025-11-04&range_to=2025-11-11&cont_flag=1 (Caused by NameResolutionError(\"<urllib3.connection.HTTPSConnection object at 0x0000013ADA407A10>: Failed to resolve 'api-t1.fyers.in' ([Errno 11001] getaddrinfo failed)\"))"},"timestamp":"2025-11-11 11:12:20,028+0530","service":"FyersAPI"}
{"level":"ERROR","location":"[get_call:164] fyersModel","message":{"API":"/history","error":"HTTPSConnectionPool(host='api-t1.fyers.in', port=443): Max retries exceeded with url: /data/history?symbol=NSE%3AMMTC-EQ&resolution=5&date_format=1&range_from=2025-11-04&range_to=2025-11-11&cont_flag=1 (Caused by NameResolutionError(\"<urllib3.connection.HTTPSConnection object at 0x0000013ADA0A1750>: Failed to resolve 'api-t1.fyers.in' ([Errno 11001] getaddrinfo failed)\"))"},"timestamp":"2025-11-11 11:12:20,036+0530","service":"FyersAPI"}
{"level":"ERROR","location":"[get_call:164] fyersModel","message":{"API":"/history","error":"HTTPSConnectionPool(host='api-t1.fyers.in', port=443): Max retries exceeded with url: /data/history?symbol=NSE%3AIDEA-EQ&resolution=5&date_format=1&range_from=2025-11-04&range_to=2025-11-11&cont_flag=1 (Caused by NameResolutionError(\"<urllib3.connection.HTTPSConnection object at 0x0000013ADA412B50>: Failed to resolve 'api-t1.fyers.in' ([Errno 11001] getaddrinfo failed)\"))"},"timestamp":"2025-11-11 11:12:20,043+0530","service":"FyersAPI"}
{"level":"ERROR","location":"[get_call:164] fyersModel","message":{"API":"/history","error":"HTTPSConnectionPool(host='api-t1.fyers.in', port=443): Max retries exceeded with url: /data/history?symbol=NSE%3AKEC-EQ&resolution=5&date_format=1&range_from=2025-11-04&range_to=2025-11-11&cont_flag=1 (Caused by NameResolutionError(\"<urllib3.connection.HTTPSConnection object at 0x0000013ADA35B890>: Failed to resolve 'api-t1.fyers.in' ([Errno 11001] getaddrinfo failed)\"))"},"timestamp":"2025-11-11 11:12:20,051+0530","service":"FyersAPI"}
{"level":"ERROR","location":"[get_call:164] fyersModel","message":{"API":"/history","error":"HTTPSConnectionPool(host='api-t1.fyers.in', port=443): Max retries exceeded with url: /data/history?symbol=NSE%3AHEG-EQ&resolution=5&date_format=1&range_from=2025-11-04&range_to=2025-11-11&cont_flag=1 (Caused by NameResolutionError(\"<urllib3.connection.HTTPSConnection object at 0x0000013ADA09D750>: Failed to resolve 'api-t1.fyers.in' ([Errno 11001] getaddrinfo failed)\"))"},"timestamp":"2025-11-11 11:12:20,055+0530","service":"FyersAPI"}
{"level":"ERROR","location":"[get_call:164] fyersModel","message":{"API":"/history","error":"HTTPSConnectionPool(host='api-t1.fyers.in', port=443): Max retries exceeded with url: /data/history?symbol=NSE%3AINTELLECT-EQ&resolution=5&date_format=1&range_from=2025-11-04&range_to=2025-11-11&cont_flag=1 (Caused by NameResolutionError(\"<urllib3.connection.HTTPSConnection object at 0x0000013ADA3876D0>: Failed to resolve 'api-t1.fyers.in' ([Errno 11001] getaddrinfo failed)\"))"},"timestamp":"2025-11-11 11:12:20,062+0530","service":"FyersAPI"}
{"level":"ERROR","location":"[get_call:164] fyersModel","message":{"API":"/history","error":"HTTPSConnectionPool(host='api-t1.fyers.in', port=443): Max retries exceeded with url: /data/history?symbol=NSE%3AJSL-EQ&resolution=5&date_format=1&range_from=2025-11-04&range_to=2025-11-11&cont_flag=1 (Caused by NameResolutionError(\"<urllib3.connection.HTTPSConnection object at 0x0000013ADA407D90>: Failed to resolve 'api-t1.fyers.in' ([Errno 11001] getaddrinfo failed)\"))"},"timestamp":"2025-11-11 11:12:30,067+0530","service":"FyersAPI"}
{"level":"ERROR","location":"[get_call:164] fyersModel","message":{"API":"/history","error":"HTTPSConnectionPool(host='api-t1.fyers.in', port=443): Max retries exceeded with url: /data/history?symbol=NSE%3AMMTC-EQ&resolution=5&date_format=1&range_from=2025-11-04&range_to=2025-11-11&cont_flag=1 (Caused by NameResolutionError(\"<urllib3.connection.HTTPSConnection object at 0x0000013ADA4260D0>: Failed to resolve 'api-t1.fyers.in' ([Errno 11001] getaddrinfo failed)\"))"},"timestamp":"2025-11-11 11:12:30,075+0530","service":"FyersAPI"}
{"level":"ERROR","location":"[get_call:164] fyersModel","message":{"API":"/history","error":"HTTPSConnectionPool(host='api-t1.fyers.in', port=443): Max retries exceeded with url: /data/history?symbol=NSE%3AIDEA-EQ&resolution=5&date_format=1&range_from=2025-11-04&range_to=2025-11-11&cont_flag=1 (Caused by NameResolutionError(\"<urllib3.connection.HTTPSConnection object at 0x0000013ADA406FD0>: Failed to resolve 'api-t1.fyers.in' ([Errno 11001] getaddrinfo failed)\"))"},"timestamp":"2025-11-11 11:12:30,086+0530","service":"FyersAPI"}
{"level":"ERROR","location":"[get_call:164] fyersModel","message":{"API":"/history","error":"HTTPSConnectionPool(host='api-t1.fyers.in', port=443): Max retries exceeded with url: /data/history?symbol=NSE%3AKEC-EQ&resolution=5&date_format=1&range_from=2025-11-04&range_to=2025-11-11&cont_flag=1 (Caused by NameResolutionError(\"<urllib3.connection.HTTPSConnection object at 0x0000013ADA406A10>: Failed to resolve 'api-t1.fyers.in' ([Errno 11001] getaddrinfo failed)\"))"},"timestamp":"2025-11-11 11:12:30,088+0530","service":"FyersAPI"}
{"level":"ERROR","location":"[get_call:164] fyersModel","message":{"API":"/history","error":"HTTPSConnectionPool(host='api-t1.fyers.in', port=443): Max retries exceeded with url: /data/history?symbol=NSE%3AHEG-EQ&resolution=5&date_format=1&range_from=2025-11-04&range_to=2025-11-11&cont_flag=1 (Caused by NameResolutionError(\"<urllib3.connection.HTTPSConnection object at 0x0000013ADA410E90>: Failed to resolve 'api-t1.fyers.in' ([Errno 11001] getaddrinfo failed)\"))"},"timestamp":"2025-11-11 11:12:30,095+0530","service":"FyersAPI"}
{"level":"ERROR","location":"[get_call:164] fyersModel","message":{"API":"/history","error":"HTTPSConnectionPool(host='api-t1.fyers.in', port=443): Max retries exceeded with url: /data/history?symbol=NSE%3AINTELLECT-EQ&resolution=5&date_format=1&range_from=2025-11-04&range_to=2025-11-11&cont_flag=1 (Caused by NameResolutionError(\"<urllib3.connection.HTTPSConnection object at 0x0000013AD9A45BD0>: Failed to resolve 'api-t1.fyers.in' ([Errno 11001] getaddrinfo failed)\"))"},"timestamp":"2025-11-11 11:12:30,100+0530","service":"FyersAPI"}
{"level":"ERROR","location":"[get_call:164] fyersModel","message":{"API":"/history","error":"HTTPSConnectionPool(host='api-t1.fyers.in', port=443): Max retries exceeded with url: /data/history?symbol=NSE%3AJSL-EQ&resolution=5&date_format=1&range_from=2025-11-04&range_to=2025-11-11&cont_flag=1 (Caused by NameResolutionError(\"<urllib3.connection.HTTPSConnection object at 0x0000013ADA427750>: Failed to resolve 'api-t1.fyers.in' ([Errno 11001] getaddrinfo failed)\"))"},"timestamp":"2025-11-11 11:12:40,111+0530","service":"FyersAPI"}
{"level":"ERROR","location":"[get_call:164] fyersModel","message":{"API":"/history","error":"HTTPSConnectionPool(host='api-t1.fyers.in', port=443): Max retries exceeded with url: /data/history?symbol=NSE%3AMMTC-EQ&resolution=5&date_format=1&range_from=2025-11-04&range_to=2025-11-11&cont_flag=1 (Caused by NameResolutionError(\"<urllib3.connection.HTTPSConnection object at 0x0000013ADA0A6310>: Failed to resolve 'api-t1.fyers.in' ([Errno 11001] getaddrinfo failed)\"))"},"timestamp":"2025-11-11 11:12:40,117+0530","service":"FyersAPI"}
{"level":"ERROR","location":"[get_call:164] fyersModel","message":{"API":"/history","error":"HTTPSConnectionPool(host='api-t1.fyers.in', port=443): Max retries exceeded with url: /data/history?symbol=NSE%3AIDEA-EQ&resolution=5&date_format=1&range_from=2025-11-04&range_to=2025-11-11&cont_flag=1 (Caused by NameResolutionError(\"<urllib3.connection.HTTPSConnection object at 0x0000013ADA09C550>: Failed to resolve 'api-t1.fyers.in' ([Errno 11001] getaddrinfo failed)\"))"},"timestamp":"2025-11-11 11:12:40,122+0530","service":"FyersAPI"}
{"level":"ERROR","location":"[get_call:164] fyersModel","message":{"API":"/history","error":"HTTPSConnectionPool(host='api-t1.fyers.in', port=443): Max retries exceeded with url: /data/history?symbol=NSE%3AKEC-EQ&resolution=5&date_format=1&range_from=2025-11-04&range_to=2025-11-11&cont_flag=1 (Caused by NameResolutionError(\"<urllib3.connection.HTTPSConnection object at 0x0000013ADA08EC50>: Failed to resolve 'api-t1.fyers.in' ([Errno 11001] getaddrinfo failed)\"))"},"timestamp":"2025-11-11 11:12:40,127+0530","service":"FyersAPI"}
{"level":"ERROR","location":"[get_call:164] fyersModel","message":{"API":"/history","error":"HTTPSConnectionPool(host='api-t1.fyers.in', port=443): Max retries exceeded with url: /data/history?symbol=NSE%3AHEG-EQ&resolution=5&date_format=1&range_from=2025-11-04&range_to=2025-11-11&cont_flag=1 (Caused by NameResolutionError(\"<urllib3.connection.HTTPSConnection object at 0x0000013AD9A5F7D0>: Failed to resolve 'api-t1.fyers.in' ([Errno 11001] getaddrinfo failed)\"))"},"timestamp":"2025-11-11 11:12:40,132+0530","service":"FyersAPI"}
{"level":"ERROR","location":"[get_call:164] fyersModel","message":{"API":"/history","error":"HTTPSConnectionPool(host='api-t1.fyers.in', port=443): Max retries exceeded with url: /data/history?symbol=NSE%3AINTELLECT-EQ&resolution=5&date_format=1&range_from=2025-11-04&range_to=2025-11-11&cont_flag=1 (Caused by NameResolutionError(\"<urllib3.connection.HTTPSConnection object at 0x0000013ADA4075D0>: Failed to resolve 'api-t1.fyers.in' ([Errno 11001] getaddrinfo failed)\"))"},"timestamp":"2025-11-11 11:12:40,137+0530","service":"FyersAPI"}
{"level":"ERROR","location":"[get_call:164] fyersModel","message":{"API":"/history","error":"HTTPSConnectionPool(host='api-t1.fyers.in', port=443): Max retries exceeded with url: /data/history?symbol=NSE%3AJSL-EQ&resolution=5&date_format=1&range_from=2025-11-04&range_to=2025-11-11&cont_flag=1 (Caused by NameResolutionError(\"<urllib3.connection.HTTPSConnection object at 0x0000013ADA43EB10>: Failed to resolve 'api-t1.fyers.in' ([Errno 11001] getaddrinfo failed)\"))"},"timestamp":"2025-11-11 11:12:50,143+0530","service":"FyersAPI"}
{"level":"ERROR","location":"[get_call:164] fyersModel","message":{"API":"/history","error":"HTTPSConnectionPool(host='api-t1.fyers.in', port=443): Max retries exceeded with url: /data/history?symbol=NSE%3AMMTC-EQ&resolution=5&date_format=1&range_from=2025-11-04&range_to=2025-11-11&cont_flag=1 (Caused by NameResolutionError(\"<urllib3.connection.HTTPSConnection object at 0x0000013AC7B1C590>: Failed to resolve 'api-t1.fyers.in' ([Errno 11001] getaddrinfo failed)\"))"},"timestamp":"2025-11-11 11:12:50,150+0530","service":"FyersAPI"}
{"level":"ERROR","location":"[get_call:164] fyersModel","message":{"API":"/history","error":"HTTPSConnectionPool(host='api-t1.fyers.in', port=443): Max retries exceeded with url: /data/history?symbol=NSE%3AIDEA-EQ&resolution=5&date_format=1&range_from=2025-11-04&range_to=2025-11-11&cont_flag=1 (Caused by NameResolutionError(\"<urllib3.connection.HTTPSConnection object at 0x0000013ADA413B90>: Failed to resolve 'api-t1.fyers.in' ([Errno 11001] getaddrinfo failed)\"))"},"timestamp":"2025-11-11 11:12:50,156+0530","service":"FyersAPI"}
{"level":"ERROR","location":"[get_call:164] fyersModel","message":{"API":"/history","error":"HTTPSConnectionPool(host='api-t1.fyers.in', port=443): Max retries exceeded with url: /data/history?symbol=NSE%3AKEC-EQ&resolution=5&date_format=1&range_from=2025-11-04&range_to=2025-11-11&cont_flag=1 (Caused by NameResolutionError(\"<urllib3.connection.HTTPSConnection object at 0x0000013ADA09EB50>: Failed to resolve 'api-t1.fyers.in' ([Errno 11001] getaddrinfo failed)\"))"},"timestamp":"2025-11-11 11:12:50,160+0530","service":"FyersAPI"}
{"level":"ERROR","location":"[get_call:164] fyersModel","message":{"API":"/history","error":"HTTPSConnectionPool(host='api-t1.fyers.in', port=443): Max retries exceeded with url: /data/history?symbol=NSE%3AHEG-EQ&resolution=5&date_format=1&range_from=2025-11-04&range_to=2025-11-11&cont_flag=1 (Caused by NameResolutionError(\"<urllib3.connection.HTTPSConnection object at 0x0000013ADA425050>: Failed to resolve 'api-t1.fyers.in' ([Errno 11001] getaddrinfo failed)\"))"},"timestamp":"2025-11-11 11:12:50,165+0530","service":"FyersAPI"}
{"level":"ERROR","location":"[get_call:164] fyersModel","message":{"API":"/history","error":"HTTPSConnectionPool(host='api-t1.fyers.in', port=443): Max retries exceeded with url: /data/history?symbol=NSE%3AINTELLECT-EQ&resolution=5&date_format=1&range_from=2025-11-04&range_to=2025-11-11&cont_flag=1 (Caused by NameResolutionError(\"<urllib3.connection.HTTPSConnection object at 0x0000013ADA425110>: Failed to resolve 'api-t1.fyers.in' ([Errno 11001] getaddrinfo failed)\"))"},"timestamp":"2025-11-11 11:12:50,165+0530","service":"FyersAPI"}
{"level":"ERROR","location":"[get_call:164] fyersModel","message":{"API":"/history","error":"HTTPSConnectionPool(host='api-t1.fyers.in', port=443): Max retries exceeded with url: /data/history?symbol=NSE%3AJSL-EQ&resolution=5&date_format=1&range_from=2025-11-04&range_to=2025-11-11&cont_flag=1 (Caused by NameResolutionError(\"<urllib3.connection.HTTPSConnection object at 0x0000013ADA359190>: Failed to resolve 'api-t1.fyers.in' ([Errno 11001] getaddrinfo failed)\"))"},"timestamp":"2025-11-11 11:13:00,180+0530","service":"FyersAPI"}
{"level":"ERROR","location":"[get_call:164] fyersModel","message":{"API":"/history","error":"HTTPSConnectionPool(host='api-t1.fyers.in', port=443): Max retries exceeded with url: /data/history?symbol=NSE%3AMMTC-EQ&resolution=5&date_format=1&range_from=2025-11-04&range_to=2025-11-11&cont_flag=1 (Caused by NameResolutionError(\"<urllib3.connection.HTTPSConnection object at 0x0000013ADA424150>: Failed to resolve 'api-t1.fyers.in' ([Errno 11001] getaddrinfo failed)\"))"},"timestamp":"2025-11-11 11:13:00,185+0530","service":"FyersAPI"}
{"level":"ERROR","location":"[get_call:164] fyersModel","message":{"API":"/history","error":"HTTPSConnectionPool(host='api-t1.fyers.in', port=443): Max retries exceeded with url: /data/history?symbol=NSE%3AIDEA-EQ&resolution=5&date_format=1&range_from=2025-11-04&range_to=2025-11-11&cont_flag=1 (Caused by NameResolutionError(\"<urllib3.connection.HTTPSConnection object at 0x0000013AD793CB50>: Failed to resolve 'api-t1.fyers.in' ([Errno 11001] getaddrinfo failed)\"))"},"timestamp":"2025-11-11 11:13:00,190+0530","service":"FyersAPI"}
{"level":"ERROR","location":"[get_call:164] fyersModel","message":{"API":"/history","error":"HTTPSConnectionPool(host='api-t1.fyers.in', port=443): Max retries exceeded with url: /data/history?symbol=NSE%3AKEC-EQ&resolution=5&date_format=1&range_from=2025-11-04&range_to=2025-11-11&cont_flag=1 (Caused by NameResolutionError(\"<urllib3.connection.HTTPSConnection object at 0x0000013ADA413B90>: Failed to resolve 'api-t1.fyers.in' ([Errno 11001] getaddrinfo failed)\"))"},"timestamp":"2025-11-11 11:13:00,195+0530","service":"FyersAPI"}
{"level":"ERROR","location":"[get_call:164] fyersModel","message":{"API":"/history","error":"HTTPSConnectionPool(host='api-t1.fyers.in', port=443): Max retries exceeded with url: /data/history?symbol=NSE%3AHEG-EQ&resolution=5&date_format=1&range_from=2025-11-04&range_to=2025-11-11&cont_flag=1 (Caused by NameResolutionError(\"<urllib3.connection.HTTPSConnection object at 0x0000013ADA404710>: Failed to resolve 'api-t1.fyers.in' ([Errno 11001] getaddrinfo failed)\"))"},"timestamp":"2025-11-11 11:13:00,199+0530","service":"FyersAPI"}
{"level":"ERROR","location":"[get_call:164] fyersModel","message":{"API":"/history","error":"HTTPSConnectionPool(host='api-t1.fyers.in', port=443): Max retries exceeded with url: /data/history?symbol=NSE%3AINTELLECT-EQ&resolution=5&date_format=1&range_from=2025-11-04&range_to=2025-11-11&cont_flag=1 (Caused by NameResolutionError(\"<urllib3.connection.HTTPSConnection object at 0x0000013ADA386F90>: Failed to resolve 'api-t1.fyers.in' ([Errno 11001] getaddrinfo failed)\"))"},"timestamp":"2025-11-11 11:13:00,205+0530","service":"FyersAPI"}
{"level":"ERROR","location":"[get_call:164] fyersModel","message":{"API":"/history","error":"HTTPSConnectionPool(host='api-t1.fyers.in', port=443): Max retries exceeded with url: /data/history?symbol=NSE%3AJSL-EQ&resolution=5&date_format=1&range_from=2025-11-04&range_to=2025-11-11&cont_flag=1 (Caused by NameResolutionError(\"<urllib3.connection.HTTPSConnection object at 0x0000013ADA411A50>: Failed to resolve 'api-t1.fyers.in' ([Errno 11001] getaddrinfo failed)\"))"},"timestamp":"2025-11-11 11:13:10,211+0530","service":"FyersAPI"}
{"level":"ERROR","location":"[get_call:164] fyersModel","message":{"API":"/history","error":"HTTPSConnectionPool(host='api-t1.fyers.in', port=443): Max retries exceeded with url: /data/history?symbol=NSE%3AMMTC-EQ&resolution=5&date_format=1&range_from=2025-11-04&range_to=2025-11-11&cont_flag=1 (Caused by NameResolutionError(\"<urllib3.connection.HTTPSConnection object at 0x0000013ADA09F650>: Failed to resolve 'api-t1.fyers.in' ([Errno 11001] getaddrinfo failed)\"))"},"timestamp":"2025-11-11 11:13:10,222+0530","service":"FyersAPI"}
{"level":"ERROR","location":"[get_call:164] fyersModel","message":{"API":"/history","error":"HTTPSConnectionPool(host='api-t1.fyers.in', port=443): Max retries exceeded with url: /data/history?symbol=NSE%3AIDEA-EQ&resolution=5&date_format=1&range_from=2025-11-04&range_to=2025-11-11&cont_flag=1 (Caused by NameResolutionError(\"<urllib3.connection.HTTPSConnection object at 0x0000013ADA426A50>: Failed to resolve 'api-t1.fyers.in' ([Errno 11001] getaddrinfo failed)\"))"},"timestamp":"2025-11-11 11:13:10,229+0530","service":"FyersAPI"}
{"level":"ERROR","location":"[get_call:164] fyersModel","message":{"API":"/history","error":"HTTPSConnectionPool(host='api-t1.fyers.in', port=443): Max retries exceeded with url: /data/history?symbol=NSE%3AKEC-EQ&resolution=5&date_format=1&range_from=2025-11-04&range_to=2025-11-11&cont_flag=1 (Caused by NameResolutionError(\"<urllib3.connection.HTTPSConnection object at 0x0000013ADA3582D0>: Failed to resolve 'api-t1.fyers.in' ([Errno 11001] getaddrinfo failed)\"))"},"timestamp":"2025-11-11 11:13:10,232+0530","service":"FyersAPI"}
{"level":"ERROR","location":"[get_call:164] fyersModel","message":{"API":"/history","error":"HTTPSConnectionPool(host='api-t1.fyers.in', port=443): Max retries exceeded with url: /data/history?symbol=NSE%3AHEG-EQ&resolution=5&date_format=1&range_from=2025-11-04&range_to=2025-11-11&cont_flag=1 (Caused by NameResolutionError(\"<urllib3.connection.HTTPSConnection object at 0x0000013ADA43E910>: Failed to resolve 'api-t1.fyers.in' ([Errno 11001] getaddrinfo failed)\"))"},"timestamp":"2025-11-11 11:13:10,236+0530","service":"FyersAPI"}
{"level":"ERROR","location":"[get_call:164] fyersModel","message":{"API":"/history","error":"HTTPSConnectionPool(host='api-t1.fyers.in', port=443): Max retries exceeded with url: /data/history?symbol=NSE%3AINTELLECT-EQ&resolution=5&date_format=1&range_from=2025-11-04&range_to=2025-11-11&cont_flag=1 (Caused by NameResolutionError(\"<urllib3.connection.HTTPSConnection object at 0x0000013ADA09E7D0>: Failed to resolve 'api-t1.fyers.in' ([Errno 11001] getaddrinfo failed)\"))"},"timestamp":"2025-11-11 11:13:10,238+0530","service":"FyersAPI"}
{"level":"ERROR","location":"[get_call:164] fyersModel","message":{"API":"/history","error":"HTTPSConnectionPool(host='api-t1.fyers.in', port=443): Max retries exceeded with url: /data/history?symbol=NSE%3AJSL-EQ&resolution=5&date_format=1&range_from=2025-11-04&range_to=2025-11-11&cont_flag=1 (Caused by NameResolutionError(\"<urllib3.connection.HTTPSConnection object at 0x0000013ADA424DD0>: Failed to resolve 'api-t1.fyers.in' ([Errno 11001] getaddrinfo failed)\"))"},"timestamp":"2025-11-11 11:13:20,252+0530","service":"FyersAPI"}
{"level":"ERROR","location":"[get_call:164] fyersModel","message":{"API":"/history","error":"HTTPSConnectionPool(host='api-t1.fyers.in', port=443): Max retries exceeded with url: /data/history?symbol=NSE%3AMMTC-EQ&resolution=5&date_format=1&range_from=2025-11-04&range_to=2025-11-11&cont_flag=1 (Caused by NameResolutionError(\"<urllib3.connection.HTTPSConnection object at 0x0000013ADA425F90>: Failed to resolve 'api-t1.fyers.in' ([Errno 11001] getaddrinfo failed)\"))"},"timestamp":"2025-11-11 11:13:20,267+0530","service":"FyersAPI"}
{"level":"ERROR","location":"[get_call:164] fyersModel","message":{"API":"/history","error":"HTTPSConnectionPool(host='api-t1.fyers.in', port=443): Max retries exceeded with url: /data/history?symbol=NSE%3AIDEA-EQ&resolution=5&date_format=1&range_from=2025-11-04&range_to=2025-11-11&cont_flag=1 (Caused by NameResolutionError(\"<urllib3.connection.HTTPSConnection object at 0x0000013ADA3F6CD0>: Failed to resolve 'api-t1.fyers.in' ([Errno 11001] getaddrinfo failed)\"))"},"timestamp":"2025-11-11 11:13:20,273+0530","service":"FyersAPI"}
{"level":"ERROR","location":"[get_call:164] fyersModel","message":{"API":"/history","error":"HTTPSConnectionPool(host='api-t1.fyers.in', port=443): Max retries exceeded with url: /data/history?symbol=NSE%3AKEC-EQ&resolution=5&date_format=1&range_from=2025-11-04&range_to=2025-11-11&cont_flag=1 (Caused by NameResolutionError(\"<urllib3.connection.HTTPSConnection object at 0x0000013ADA43E7D0>: Failed to resolve 'api-t1.fyers.in' ([Errno 11001] getaddrinfo failed)\"))"},"timestamp":"2025-11-11 11:13:20,279+0530","service":"FyersAPI"}
{"level":"ERROR","location":"[get_call:164] fyersModel","message":{"API":"/history","error":"HTTPSConnectionPool(host='api-t1.fyers.in', port=443): Max retries exceeded with url: /data/history?symbol=NSE%3AHEG-EQ&resolution=5&date_format=1&range_from=2025-11-04&range_to=2025-11-11&cont_flag=1 (Caused by NameResolutionError(\"<urllib3.connection.HTTPSConnection object at 0x0000013ADA2E8E50>: Failed to resolve 'api-t1.fyers.in' ([Errno 11001] getaddrinfo failed)\"))"},"timestamp":"2025-11-11 11:13:20,285+0530","service":"FyersAPI"}
{"level":"ERROR","location":"[get_call:164] fyersModel","message":{"API":"/history","error":"HTTPSConnectionPool(host='api-t1.fyers.in', port=443): Max retries exceeded with url: /data/history?symbol=NSE%3AINTELLECT-EQ&resolution=5&date_format=1&range_from=2025-11-04&range_to=2025-11-11&cont_flag=1 (Caused by NameResolutionError(\"<urllib3.connection.HTTPSConnection object at 0x0000013ADA08C6D0>: Failed to resolve 'api-t1.fyers.in' ([Errno 11001] getaddrinfo failed)\"))"},"timestamp":"2025-11-11 11:13:20,292+0530","service":"FyersAPI"}
{"level":"ERROR","location":"[get_call:164] fyersModel","message":{"API":"/history","error":"HTTPSConnectionPool(host='api-t1.fyers.in', port=443): Max retries exceeded with url: /data/history?symbol=NSE%3AJSL-EQ&resolution=5&date_format=1&range_from=2025-11-04&range_to=2025-11-11&cont_flag=1 (Caused by NameResolutionError(\"<urllib3.connection.HTTPSConnection object at 0x0000013ADA426A90>: Failed to resolve 'api-t1.fyers.in' ([Errno 11001] getaddrinfo failed)\"))"},"timestamp":"2025-11-11 11:13:30,298+0530","service":"FyersAPI"}
{"level":"ERROR","location":"[get_call:164] fyersModel","message":{"API":"/history","error":"HTTPSConnectionPool(host='api-t1.fyers.in', port=443): Max retries exceeded with url: /data/history?symbol=NSE%3AMMTC-EQ&resolution=5&date_format=1&range_from=2025-11-04&range_to=2025-11-11&cont_flag=1 (Caused by NameResolutionError(\"<urllib3.connection.HTTPSConnection object at 0x0000013ADA0A3810>: Failed to resolve 'api-t1.fyers.in' ([Errno 11001] getaddrinfo failed)\"))"},"timestamp":"2025-11-11 11:13:30,302+0530","service":"FyersAPI"}
{"level":"ERROR","location":"[get_call:164] fyersModel","message":{"API":"/history","error":"HTTPSConnectionPool(host='api-t1.fyers.in', port=443): Max retries exceeded with url: /data/history?symbol=NSE%3AIDEA-EQ&resolution=5&date_format=1&range_from=2025-11-04&range_to=2025-11-11&cont_flag=1 (Caused by NameResolutionError(\"<urllib3.connection.HTTPSConnection object at 0x0000013ADA405E10>: Failed to resolve 'api-t1.fyers.in' ([Errno 11001] getaddrinfo failed)\"))"},"timestamp":"2025-11-11 11:13:30,309+0530","service":"FyersAPI"}
{"level":"ERROR","location":"[get_call:164] fyersModel","message":{"API":"/history","error":"HTTPSConnectionPool(host='api-t1.fyers.in', port=443): Max retries exceeded with url: /data/history?symbol=NSE%3AKEC-EQ&resolution=5&date_format=1&range_from=2025-11-04&range_to=2025-11-11&cont_flag=1 (Caused by NameResolutionError(\"<urllib3.connection.HTTPSConnection object at 0x0000013ADA09F910>: Failed to resolve 'api-t1.fyers.in' ([Errno 11001] getaddrinfo failed)\"))"},"timestamp":"2025-11-11 11:13:30,318+0530","service":"FyersAPI"}
{"level":"ERROR","location":"[get_call:164] fyersModel","message":{"API":"/history","error":"HTTPSConnectionPool(host='api-t1.fyers.in', port=443): Max retries exceeded with url: /data/history?symbol=NSE%3AHEG-EQ&resolution=5&date_format=1&range_from=2025-11-04&range_to=2025-11-11&cont_flag=1 (Caused by NameResolutionError(\"<urllib3.connection.HTTPSConnection object at 0x0000013ADA426C10>: Failed to resolve 'api-t1.fyers.in' ([Errno 11001] getaddrinfo failed)\"))"},"timestamp":"2025-11-11 11:13:30,323+0530","service":"FyersAPI"}
{"level":"ERROR","location":"[get_call:164] fyersModel","message":{"API":"/history","error":"HTTPSConnectionPool(host='api-t1.fyers.in', port=443): Max retries exceeded with url: /data/history?symbol=NSE%3AINTELLECT-EQ&resolution=5&date_format=1&range_from=2025-11-04&range_to=2025-11-11&cont_flag=1 (Caused by NameResolutionError(\"<urllib3.connection.HTTPSConnection object at 0x0000013ADA426210>: Failed to resolve 'api-t1.fyers.in' ([Errno 11001] getaddrinfo failed)\"))"},"timestamp":"2025-11-11 11:13:30,329+0530","service":"FyersAPI"}
{"level":"ERROR","location":"[get_call:164] fyersModel","message":{"API":"/history","error":"HTTPSConnectionPool(host='api-t1.fyers.in', port=443): Max retries exceeded with url: /data/history?symbol=NSE%3AJSL-EQ&resolution=5&date_format=1&range_from=2025-11-04&range_to=2025-11-11&cont_flag=1 (Caused by NameResolutionError(\"<urllib3.connection.HTTPSConnection object at 0x0000013ADA413F10>: Failed to resolve 'api-t1.fyers.in' ([Errno 11001] getaddrinfo failed)\"))"},"timestamp":"2025-11-11 11:13:40,335+0530","service":"FyersAPI"}
{"level":"ERROR","location":"[get_call:164] fyersModel","message":{"API":"/history","error":"HTTPSConnectionPool(host='api-t1.fyers.in', port=443): Max retries exceeded with url: /data/history?symbol=NSE%3AMMTC-EQ&resolution=5&date_format=1&range_from=2025-11-04&range_to=2025-11-11&cont_flag=1 (Caused by NameResolutionError(\"<urllib3.connection.HTTPSConnection object at 0x0000013ADA43CD50>: Failed to resolve 'api-t1.fyers.in' ([Errno 11001] getaddrinfo failed)\"))"},"timestamp":"2025-11-11 11:13:40,342+0530","service":"FyersAPI"}
{"level":"ERROR","location":"[get_call:164] fyersModel","message":{"API":"/history","error":"HTTPSConnectionPool(host='api-t1.fyers.in', port=443): Max retries exceeded with url: /data/history?symbol=NSE%3AIDEA-EQ&resolution=5&date_format=1&range_from=2025-11-04&range_to=2025-11-11&cont_flag=1 (Caused by NameResolutionError(\"<urllib3.connection.HTTPSConnection object at 0x0000013ADA41DE90>: Failed to resolve 'api-t1.fyers.in' ([Errno 11001] getaddrinfo failed)\"))"},"timestamp":"2025-11-11 11:13:40,348+0530","service":"FyersAPI"}
{"level":"ERROR","location":"[get_call:164] fyersModel","message":{"API":"/history","error":"HTTPSConnectionPool(host='api-t1.fyers.in', port=443): Max retries exceeded with url: /data/history?symbol=NSE%3AKEC-EQ&resolution=5&date_format=1&range_from=2025-11-04&range_to=2025-11-11&cont_flag=1 (Caused by NameResolutionError(\"<urllib3.connection.HTTPSConnection object at 0x0000013ADA412450>: Failed to resolve 'api-t1.fyers.in' ([Errno 11001] getaddrinfo failed)\"))"},"timestamp":"2025-11-11 11:13:40,348+0530","service":"FyersAPI"}
{"level":"ERROR","location":"[get_call:164] fyersModel","message":{"API":"/history","error":"HTTPSConnectionPool(host='api-t1.fyers.in', port=443): Max retries exceeded with url: /data/history?symbol=NSE%3AHEG-EQ&resolution=5&date_format=1&range_from=2025-11-04&range_to=2025-11-11&cont_flag=1 (Caused by NameResolutionError(\"<urllib3.connection.HTTPSConnection object at 0x0000013ADA43E390>: Failed to resolve 'api-t1.fyers.in' ([Errno 11001] getaddrinfo failed)\"))"},"timestamp":"2025-11-11 11:13:40,358+0530","service":"FyersAPI"}
{"level":"ERROR","location":"[get_call:164] fyersModel","message":{"API":"/history","error":"HTTPSConnectionPool(host='api-t1.fyers.in', port=443): Max retries exceeded with url: /data/history?symbol=NSE%3AINTELLECT-EQ&resolution=5&date_format=1&range_from=2025-11-04&range_to=2025-11-11&cont_flag=1 (Caused by NameResolutionError(\"<urllib3.connection.HTTPSConnection object at 0x0000013ADA426A50>: Failed to resolve 'api-t1.fyers.in' ([Errno 11001] getaddrinfo failed)\"))"},"timestamp":"2025-11-11 11:13:40,362+0530","service":"FyersAPI"}
{"level":"ERROR","location":"[get_call:164] fyersModel","message":{"API":"/history","error":"HTTPSConnectionPool(host='api-t1.fyers.in', port=443): Max retries exceeded with url: /data/history?symbol=NSE%3AJSL-EQ&resolution=5&date_format=1&range_from=2025-11-04&range_to=2025-11-11&cont_flag=1 (Caused by NameResolutionError(\"<urllib3.connection.HTTPSConnection object at 0x0000013ADA3047D0>: Failed to resolve 'api-t1.fyers.in' ([Errno 11001] getaddrinfo failed)\"))"},"timestamp":"2025-11-11 11:13:50,370+0530","service":"FyersAPI"}
{"level":"ERROR","location":"[get_call:164] fyersModel","message":{"API":"/history","error":"HTTPSConnectionPool(host='api-t1.fyers.in', port=443): Max retries exceeded with url: /data/history?symbol=NSE%3AMMTC-EQ&resolution=5&date_format=1&range_from=2025-11-04&range_to=2025-11-11&cont_flag=1 (Caused by NameResolutionError(\"<urllib3.connection.HTTPSConnection object at 0x0000013ADA41C850>: Failed to resolve 'api-t1.fyers.in' ([Errno 11001] getaddrinfo failed)\"))"},"timestamp":"2025-11-11 11:13:50,378+0530","service":"FyersAPI"}
{"level":"ERROR","location":"[get_call:164] fyersModel","message":{"API":"/history","error":"HTTPSConnectionPool(host='api-t1.fyers.in', port=443): Max retries exceeded with url: /data/history?symbol=NSE%3AIDEA-EQ&resolution=5&date_format=1&range_from=2025-11-04&range_to=2025-11-11&cont_flag=1 (Caused by NameResolutionError(\"<urllib3.connection.HTTPSConnection object at 0x0000013ADA26A2D0>: Failed to resolve 'api-t1.fyers.in' ([Errno 11001] getaddrinfo failed)\"))"},"timestamp":"2025-11-11 11:13:50,383+0530","service":"FyersAPI"}
{"level":"ERROR","location":"[get_call:164] fyersModel","message":{"API":"/history","error":"HTTPSConnectionPool(host='api-t1.fyers.in', port=443): Max retries exceeded with url: /data/history?symbol=NSE%3AKEC-EQ&resolution=5&date_format=1&range_from=2025-11-04&range_to=2025-11-11&cont_flag=1 (Caused by NameResolutionError(\"<urllib3.connection.HTTPSConnection object at 0x0000013ADA426F50>: Failed to resolve 'api-t1.fyers.in' ([Errno 11001] getaddrinfo failed)\"))"},"timestamp":"2025-11-11 11:13:50,389+0530","service":"FyersAPI"}
{"level":"ERROR","location":"[get_call:164] fyersModel","message":{"API":"/history","error":"HTTPSConnectionPool(host='api-t1.fyers.in', port=443): Max retries exceeded with url: /data/history?symbol=NSE%3AHEG-EQ&resolution=5&date_format=1&range_from=2025-11-04&range_to=2025-11-11&cont_flag=1 (Caused by NameResolutionError(\"<urllib3.connection.HTTPSConnection object at 0x0000013ADA4274D0>: Failed to resolve 'api-t1.fyers.in' ([Errno 11001] getaddrinfo failed)\"))"},"timestamp":"2025-11-11 11:13:50,391+0530","service":"FyersAPI"}
{"level":"ERROR","location":"[get_call:164] fyersModel","message":{"API":"/history","error":"HTTPSConnectionPool(host='api-t1.fyers.in', port=443): Max retries exceeded with url: /data/history?symbol=NSE%3AINTELLECT-EQ&resolution=5&date_format=1&range_from=2025-11-04&range_to=2025-11-11&cont_flag=1 (Caused by NameResolutionError(\"<urllib3.connection.HTTPSConnection object at 0x0000013ADA412110>: Failed to resolve 'api-t1.fyers.in' ([Errno 11001] getaddrinfo failed)\"))"},"timestamp":"2025-11-11 11:13:50,396+0530","service":"FyersAPI"}
{"level":"ERROR","location":"[get_call:164] fyersModel","message":{"API":"/history","error":"HTTPSConnectionPool(host='api-t1.fyers.in', port=443): Max retries exceeded with url: /data/history?symbol=NSE%3AJSL-EQ&resolution=5&date_format=1&range_from=2025-11-04&range_to=2025-11-11&cont_flag=1 (Caused by NameResolutionError(\"<urllib3.connection.HTTPSConnection object at 0x0000013ADA3F6A50>: Failed to resolve 'api-t1.fyers.in' ([Errno 11001] getaddrinfo failed)\"))"},"timestamp":"2025-11-11 11:14:00,402+0530","service":"FyersAPI"}
{"level":"ERROR","location":"[get_call:164] fyersModel","message":{"API":"/history","error":"HTTPSConnectionPool(host='api-t1.fyers.in', port=443): Max retries exceeded with url: /data/history?symbol=NSE%3AMMTC-EQ&resolution=5&date_format=1&range_from=2025-11-04&range_to=2025-11-11&cont_flag=1 (Caused by NameResolutionError(\"<urllib3.connection.HTTPSConnection object at 0x0000013AD787C8D0>: Failed to resolve 'api-t1.fyers.in' ([Errno 11001] getaddrinfo failed)\"))"},"timestamp":"2025-11-11 11:14:00,409+0530","service":"FyersAPI"}
{"level":"ERROR","location":"[get_call:164] fyersModel","message":{"API":"/history","error":"HTTPSConnectionPool(host='api-t1.fyers.in', port=443): Max retries exceeded with url: /data/history?symbol=NSE%3AIDEA-EQ&resolution=5&date_format=1&range_from=2025-11-04&range_to=2025-11-11&cont_flag=1 (Caused by NameResolutionError(\"<urllib3.connection.HTTPSConnection object at 0x0000013AD793E950>: Failed to resolve 'api-t1.fyers.in' ([Errno 11001] getaddrinfo failed)\"))"},"timestamp":"2025-11-11 11:14:00,415+0530","service":"FyersAPI"}
{"level":"ERROR","location":"[get_call:164] fyersModel","message":{"API":"/history","error":"HTTPSConnectionPool(host='api-t1.fyers.in', port=443): Max retries exceeded with url: /data/history?symbol=NSE%3AKEC-EQ&resolution=5&date_format=1&range_from=2025-11-04&range_to=2025-11-11&cont_flag=1 (Caused by NameResolutionError(\"<urllib3.connection.HTTPSConnection object at 0x0000013ADA41CF10>: Failed to resolve 'api-t1.fyers.in' ([Errno 11001] getaddrinfo failed)\"))"},"timestamp":"2025-11-11 11:14:00,420+0530","service":"FyersAPI"}
{"level":"ERROR","location":"[get_call:164] fyersModel","message":{"API":"/history","error":"HTTPSConnectionPool(host='api-t1.fyers.in', port=443): Max retries exceeded with url: /data/history?symbol=NSE%3AHEG-EQ&resolution=5&date_format=1&range_from=2025-11-04&range_to=2025-11-11&cont_flag=1 (Caused by NameResolutionError(\"<urllib3.connection.HTTPSConnection object at 0x0000013ADA35BA10>: Failed to resolve 'api-t1.fyers.in' ([Errno 11001] getaddrinfo failed)\"))"},"timestamp":"2025-11-11 11:14:00,425+0530","service":"FyersAPI"}
{"level":"ERROR","location":"[get_call:164] fyersModel","message":{"API":"/history","error":"HTTPSConnectionPool(host='api-t1.fyers.in', port=443): Max retries exceeded with url: /data/history?symbol=NSE%3AINTELLECT-EQ&resolution=5&date_format=1&range_from=2025-11-04&range_to=2025-11-11&cont_flag=1 (Caused by NameResolutionError(\"<urllib3.connection.HTTPSConnection object at 0x0000013ADA43C5D0>: Failed to resolve 'api-t1.fyers.in' ([Errno 11001] getaddrinfo failed)\"))"},"timestamp":"2025-11-11 11:14:00,427+0530","service":"FyersAPI"}
{"level":"ERROR","location":"[get_call:164] fyersModel","message":{"API":"/history","error":"HTTPSConnectionPool(host='api-t1.fyers.in', port=443): Max retries exceeded with url: /data/history?symbol=NSE%3AJSL-EQ&resolution=5&date_format=1&range_from=2025-11-04&range_to=2025-11-11&cont_flag=1 (Caused by NameResolutionError(\"<urllib3.connection.HTTPSConnection object at 0x0000013ADA3F7F90>: Failed to resolve 'api-t1.fyers.in' ([Errno 11001] getaddrinfo failed)\"))"},"timestamp":"2025-11-11 11:14:10,438+0530","service":"FyersAPI"}
{"level":"ERROR","location":"[get_call:164] fyersModel","message":{"API":"/history","error":"HTTPSConnectionPool(host='api-t1.fyers.in', port=443): Max retries exceeded with url: /data/history?symbol=NSE%3AMMTC-EQ&resolution=5&date_format=1&range_from=2025-11-04&range_to=2025-11-11&cont_flag=1 (Caused by NameResolutionError(\"<urllib3.connection.HTTPSConnection object at 0x0000013AD9C1B8D0>: Failed to resolve 'api-t1.fyers.in' ([Errno 11001] getaddrinfo failed)\"))"},"timestamp":"2025-11-11 11:14:10,443+0530","service":"FyersAPI"}
{"level":"ERROR","location":"[get_call:164] fyersModel","message":{"API":"/history","error":"HTTPSConnectionPool(host='api-t1.fyers.in', port=443): Max retries exceeded with url: /data/history?symbol=NSE%3AIDEA-EQ&resolution=5&date_format=1&range_from=2025-11-04&range_to=2025-11-11&cont_flag=1 (Caused by NameResolutionError(\"<urllib3.connection.HTTPSConnection object at 0x0000013ADA0AC790>: Failed to resolve 'api-t1.fyers.in' ([Errno 11001] getaddrinfo failed)\"))"},"timestamp":"2025-11-11 11:14:10,449+0530","service":"FyersAPI"}
{"level":"ERROR","location":"[get_call:164] fyersModel","message":{"API":"/history","error":"HTTPSConnectionPool(host='api-t1.fyers.in', port=443): Max retries exceeded with url: /data/history?symbol=NSE%3AKEC-EQ&resolution=5&date_format=1&range_from=2025-11-04&range_to=2025-11-11&cont_flag=1 (Caused by NameResolutionError(\"<urllib3.connection.HTTPSConnection object at 0x0000013ADA09CED0>: Failed to resolve 'api-t1.fyers.in' ([Errno 11001] getaddrinfo failed)\"))"},"timestamp":"2025-11-11 11:14:10,453+0530","service":"FyersAPI"}
{"level":"ERROR","location":"[get_call:164] fyersModel","message":{"API":"/history","error":"HTTPSConnectionPool(host='api-t1.fyers.in', port=443): Max retries exceeded with url: /data/history?symbol=NSE%3AHEG-EQ&resolution=5&date_format=1&range_from=2025-11-04&range_to=2025-11-11&cont_flag=1 (Caused by NameResolutionError(\"<urllib3.connection.HTTPSConnection object at 0x0000013ADA41C8D0>: Failed to resolve 'api-t1.fyers.in' ([Errno 11001] getaddrinfo failed)\"))"},"timestamp":"2025-11-11 11:14:10,458+0530","service":"FyersAPI"}
{"level":"ERROR","location":"[get_call:164] fyersModel","message":{"API":"/history","error":"HTTPSConnectionPool(host='api-t1.fyers.in', port=443): Max retries exceeded with url: /data/history?symbol=NSE%3AINTELLECT-EQ&resolution=5&date_format=1&range_from=2025-11-04&range_to=2025-11-11&cont_flag=1 (Caused by NameResolutionError(\"<urllib3.connection.HTTPSConnection object at 0x0000013ADA386F90>: Failed to resolve 'api-t1.fyers.in' ([Errno 11001] getaddrinfo failed)\"))"},"timestamp":"2025-11-11 11:14:10,461+0530","service":"FyersAPI"}
{"level":"ERROR","location":"[get_call:164] fyersModel","message":{"API":"/history","error":"HTTPSConnectionPool(host='api-t1.fyers.in', port=443): Max retries exceeded with url: /data/history?symbol=NSE%3AJSL-EQ&resolution=5&date_format=1&range_from=2025-11-04&range_to=2025-11-11&cont_flag=1 (Caused by NameResolutionError(\"<urllib3.connection.HTTPSConnection object at 0x0000013AD9B20C50>: Failed to resolve 'api-t1.fyers.in' ([Errno 11001] getaddrinfo failed)\"))"},"timestamp":"2025-11-11 11:14:20,471+0530","service":"FyersAPI"}
{"level":"ERROR","location":"[get_call:164] fyersModel","message":{"API":"/history","error":"HTTPSConnectionPool(host='api-t1.fyers.in', port=443): Max retries exceeded with url: /data/history?symbol=NSE%3AMMTC-EQ&resolution=5&date_format=1&range_from=2025-11-04&range_to=2025-11-11&cont_flag=1 (Caused by NameResolutionError(\"<urllib3.connection.HTTPSConnection object at 0x0000013ADA41C1D0>: Failed to resolve 'api-t1.fyers.in' ([Errno 11001] getaddrinfo failed)\"))"},"timestamp":"2025-11-11 11:14:20,476+0530","service":"FyersAPI"}
{"level":"ERROR","location":"[get_call:164] fyersModel","message":{"API":"/history","error":"HTTPSConnectionPool(host='api-t1.fyers.in', port=443): Max retries exceeded with url: /data/history?symbol=NSE%3AIDEA-EQ&resolution=5&date_format=1&range_from=2025-11-04&range_to=2025-11-11&cont_flag=1 (Caused by NameResolutionError(\"<urllib3.connection.HTTPSConnection object at 0x0000013ADA09CED0>: Failed to resolve 'api-t1.fyers.in' ([Errno 11001] getaddrinfo failed)\"))"},"timestamp":"2025-11-11 11:14:20,484+0530","service":"FyersAPI"}
{"level":"ERROR","location":"[get_call:164] fyersModel","message":{"API":"/history","error":"HTTPSConnectionPool(host='api-t1.fyers.in', port=443): Max retries exceeded with url: /data/history?symbol=NSE%3AKEC-EQ&resolution=5&date_format=1&range_from=2025-11-04&range_to=2025-11-11&cont_flag=1 (Caused by NameResolutionError(\"<urllib3.connection.HTTPSConnection object at 0x0000013AD9CDA490>: Failed to resolve 'api-t1.fyers.in' ([Errno 11001] getaddrinfo failed)\"))"},"timestamp":"2025-11-11 11:14:20,488+0530","service":"FyersAPI"}
{"level":"ERROR","location":"[get_call:164] fyersModel","message":{"API":"/history","error":"HTTPSConnectionPool(host='api-t1.fyers.in', port=443): Max retries exceeded with url: /data/history?symbol=NSE%3AHEG-EQ&resolution=5&date_format=1&range_from=2025-11-04&range_to=2025-11-11&cont_flag=1 (Caused by NameResolutionError(\"<urllib3.connection.HTTPSConnection object at 0x0000013ADA35BD50>: Failed to resolve 'api-t1.fyers.in' ([Errno 11001] getaddrinfo failed)\"))"},"timestamp":"2025-11-11 11:14:20,493+0530","service":"FyersAPI"}
{"level":"ERROR","location":"[get_call:164] fyersModel","message":{"API":"/history","error":"HTTPSConnectionPool(host='api-t1.fyers.in', port=443): Max retries exceeded with url: /data/history?symbol=NSE%3AINTELLECT-EQ&resolution=5&date_format=1&range_from=2025-11-04&range_to=2025-11-11&cont_flag=1 (Caused by NameResolutionError(\"<urllib3.connection.HTTPSConnection object at 0x0000013AD7D30110>: Failed to resolve 'api-t1.fyers.in' ([Errno 11001] getaddrinfo failed)\"))"},"timestamp":"2025-11-11 11:14:20,500+0530","service":"FyersAPI"}
{"level":"ERROR","location":"[get_call:164] fyersModel","message":{"API":"/history","error":"HTTPSConnectionPool(host='api-t1.fyers.in', port=443): Max retries exceeded with url: /data/history?symbol=NSE%3AJSL-EQ&resolution=5&date_format=1&range_from=2025-11-04&range_to=2025-11-11&cont_flag=1 (Caused by NameResolutionError(\"<urllib3.connection.HTTPSConnection object at 0x0000013ADA09FCD0>: Failed to resolve 'api-t1.fyers.in' ([Errno 11001] getaddrinfo failed)\"))"},"timestamp":"2025-11-11 11:14:30,512+0530","service":"FyersAPI"}
{"level":"ERROR","location":"[get_call:164] fyersModel","message":{"API":"/history","error":"HTTPSConnectionPool(host='api-t1.fyers.in', port=443): Max retries exceeded with url: /data/history?symbol=NSE%3AMMTC-EQ&resolution=5&date_format=1&range_from=2025-11-04&range_to=2025-11-11&cont_flag=1 (Caused by NameResolutionError(\"<urllib3.connection.HTTPSConnection object at 0x0000013ADA43E190>: Failed to resolve 'api-t1.fyers.in' ([Errno 11001] getaddrinfo failed)\"))"},"timestamp":"2025-11-11 11:14:30,521+0530","service":"FyersAPI"}
{"level":"ERROR","location":"[get_call:164] fyersModel","message":{"API":"/history","error":"HTTPSConnectionPool(host='api-t1.fyers.in', port=443): Max retries exceeded with url: /data/history?symbol=NSE%3AIDEA-EQ&resolution=5&date_format=1&range_from=2025-11-04&range_to=2025-11-11&cont_flag=1 (Caused by NameResolutionError(\"<urllib3.connection.HTTPSConnection object at 0x0000013ADA41CF90>: Failed to resolve 'api-t1.fyers.in' ([Errno 11001] getaddrinfo failed)\"))"},"timestamp":"2025-11-11 11:14:30,529+0530","service":"FyersAPI"}
{"level":"ERROR","location":"[get_call:164] fyersModel","message":{"API":"/history","error":"HTTPSConnectionPool(host='api-t1.fyers.in', port=443): Max retries exceeded with url: /data/history?symbol=NSE%3AKEC-EQ&resolution=5&date_format=1&range_from=2025-11-04&range_to=2025-11-11&cont_flag=1 (Caused by NameResolutionError(\"<urllib3.connection.HTTPSConnection object at 0x0000013ADA41D490>: Failed to resolve 'api-t1.fyers.in' ([Errno 11001] getaddrinfo failed)\"))"},"timestamp":"2025-11-11 11:14:30,533+0530","service":"FyersAPI"}
{"level":"ERROR","location":"[get_call:164] fyersModel","message":{"API":"/history","error":"HTTPSConnectionPool(host='api-t1.fyers.in', port=443): Max retries exceeded with url: /data/history?symbol=NSE%3AHEG-EQ&resolution=5&date_format=1&range_from=2025-11-04&range_to=2025-11-11&cont_flag=1 (Caused by NameResolutionError(\"<urllib3.connection.HTTPSConnection object at 0x0000013ADA427D10>: Failed to resolve 'api-t1.fyers.in' ([Errno 11001] getaddrinfo failed)\"))"},"timestamp":"2025-11-11 11:14:30,545+0530","service":"FyersAPI"}
{"level":"ERROR","location":"[get_call:164] fyersModel","message":{"API":"/history","error":"HTTPSConnectionPool(host='api-t1.fyers.in', port=443): Max retries exceeded with url: /data/history?symbol=NSE%3AINTELLECT-EQ&resolution=5&date_format=1&range_from=2025-11-04&range_to=2025-11-11&cont_flag=1 (Caused by NameResolutionError(\"<urllib3.connection.HTTPSConnection object at 0x0000013ADA41CB90>: Failed to resolve 'api-t1.fyers.in' ([Errno 11001] getaddrinfo failed)\"))"},"timestamp":"2025-11-11 11:14:30,547+0530","service":"FyersAPI"}
{"level":"ERROR","location":"[get_call:164] fyersModel","message":{"API":"/history","error":"HTTPSConnectionPool(host='api-t1.fyers.in', port=443): Max retries exceeded with url: /data/history?symbol=NSE%3AJSL-EQ&resolution=5&date_format=1&range_from=2025-11-04&range_to=2025-11-11&cont_flag=1 (Caused by NameResolutionError(\"<urllib3.connection.HTTPSConnection object at 0x0000013ADA41D6D0>: Failed to resolve 'api-t1.fyers.in' ([Errno 11001] getaddrinfo failed)\"))"},"timestamp":"2025-11-11 11:14:40,553+0530","service":"FyersAPI"}
{"level":"ERROR","location":"[get_call:164] fyersModel","message":{"API":"/history","error":"HTTPSConnectionPool(host='api-t1.fyers.in', port=443): Max retries exceeded with url: /data/history?symbol=NSE%3AMMTC-EQ&resolution=5&date_format=1&range_from=2025-11-04&range_to=2025-11-11&cont_flag=1 (Caused by NameResolutionError(\"<urllib3.connection.HTTPSConnection object at 0x0000013ADA3F7D10>: Failed to resolve 'api-t1.fyers.in' ([Errno 11001] getaddrinfo failed)\"))"},"timestamp":"2025-11-11 11:14:40,561+0530","service":"FyersAPI"}
{"level":"ERROR","location":"[get_call:164] fyersModel","message":{"API":"/history","error":"HTTPSConnectionPool(host='api-t1.fyers.in', port=443): Max retries exceeded with url: /data/history?symbol=NSE%3AIDEA-EQ&resolution=5&date_format=1&range_from=2025-11-04&range_to=2025-11-11&cont_flag=1 (Caused by NameResolutionError(\"<urllib3.connection.HTTPSConnection object at 0x0000013ADA43C5D0>: Failed to resolve 'api-t1.fyers.in' ([Errno 11001] getaddrinfo failed)\"))"},"timestamp":"2025-11-11 11:14:40,571+0530","service":"FyersAPI"}
{"level":"ERROR","location":"[get_call:164] fyersModel","message":{"API":"/history","error":"HTTPSConnectionPool(host='api-t1.fyers.in', port=443): Max retries exceeded with url: /data/history?symbol=NSE%3AKEC-EQ&resolution=5&date_format=1&range_from=2025-11-04&range_to=2025-11-11&cont_flag=1 (Caused by NameResolutionError(\"<urllib3.connection.HTTPSConnection object at 0x0000013ADA427F10>: Failed to resolve 'api-t1.fyers.in' ([Errno 11001] getaddrinfo failed)\"))"},"timestamp":"2025-11-11 11:14:40,575+0530","service":"FyersAPI"}
{"level":"ERROR","location":"[get_call:164] fyersModel","message":{"API":"/history","error":"HTTPSConnectionPool(host='api-t1.fyers.in', port=443): Max retries exceeded with url: /data/history?symbol=NSE%3AHEG-EQ&resolution=5&date_format=1&range_from=2025-11-04&range_to=2025-11-11&cont_flag=1 (Caused by NameResolutionError(\"<urllib3.connection.HTTPSConnection object at 0x0000013ADA43D210>: Failed to resolve 'api-t1.fyers.in' ([Errno 11001] getaddrinfo failed)\"))"},"timestamp":"2025-11-11 11:14:40,580+0530","service":"FyersAPI"}
{"level":"ERROR","location":"[get_call:164] fyersModel","message":{"API":"/history","error":"HTTPSConnectionPool(host='api-t1.fyers.in', port=443): Max retries exceeded with url: /data/history?symbol=NSE%3AINTELLECT-EQ&resolution=5&date_format=1&range_from=2025-11-04&range_to=2025-11-11&cont_flag=1 (Caused by NameResolutionError(\"<urllib3.connection.HTTPSConnection object at 0x0000013ADA07A590>: Failed to resolve 'api-t1.fyers.in' ([Errno 11001] getaddrinfo failed)\"))"},"timestamp":"2025-11-11 11:14:40,586+0530","service":"FyersAPI"}
{"level":"ERROR","location":"[get_call:164] fyersModel","message":{"API":"/history","error":"HTTPSConnectionPool(host='api-t1.fyers.in', port=443): Max retries exceeded with url: /data/history?symbol=NSE%3AJSL-EQ&resolution=5&date_format=1&range_from=2025-11-04&range_to=2025-11-11&cont_flag=1 (Caused by NameResolutionError(\"<urllib3.connection.HTTPSConnection object at 0x0000013ADA358AD0>: Failed to resolve 'api-t1.fyers.in' ([Errno 11001] getaddrinfo failed)\"))"},"timestamp":"2025-11-11 11:14:50,595+0530","service":"FyersAPI"}
{"level":"ERROR","location":"[get_call:164] fyersModel","message":{"API":"/history","error":"HTTPSConnectionPool(host='api-t1.fyers.in', port=443): Max retries exceeded with url: /data/history?symbol=NSE%3AMMTC-EQ&resolution=5&date_format=1&range_from=2025-11-04&range_to=2025-11-11&cont_flag=1 (Caused by NameResolutionError(\"<urllib3.connection.HTTPSConnection object at 0x0000013ADA41F690>: Failed to resolve 'api-t1.fyers.in' ([Errno 11001] getaddrinfo failed)\"))"},"timestamp":"2025-11-11 11:14:50,601+0530","service":"FyersAPI"}
{"level":"ERROR","location":"[get_call:164] fyersModel","message":{"API":"/history","error":"HTTPSConnectionPool(host='api-t1.fyers.in', port=443): Max retries exceeded with url: /data/history?symbol=NSE%3AIDEA-EQ&resolution=5&date_format=1&range_from=2025-11-04&range_to=2025-11-11&cont_flag=1 (Caused by NameResolutionError(\"<urllib3.connection.HTTPSConnection object at 0x0000013ADA427A50>: Failed to resolve 'api-t1.fyers.in' ([Errno 11001] getaddrinfo failed)\"))"},"timestamp":"2025-11-11 11:14:50,612+0530","service":"FyersAPI"}
{"level":"ERROR","location":"[get_call:164] fyersModel","message":{"API":"/history","error":"HTTPSConnectionPool(host='api-t1.fyers.in', port=443): Max retries exceeded with url: /data/history?symbol=NSE%3AKEC-EQ&resolution=5&date_format=1&range_from=2025-11-04&range_to=2025-11-11&cont_flag=1 (Caused by NameResolutionError(\"<urllib3.connection.HTTPSConnection object at 0x0000013AD6C6E150>: Failed to resolve 'api-t1.fyers.in' ([Errno 11001] getaddrinfo failed)\"))"},"timestamp":"2025-11-11 11:14:50,617+0530","service":"FyersAPI"}
{"level":"ERROR","location":"[get_call:164] fyersModel","message":{"API":"/history","error":"HTTPSConnectionPool(host='api-t1.fyers.in', port=443): Max retries exceeded with url: /data/history?symbol=NSE%3AHEG-EQ&resolution=5&date_format=1&range_from=2025-11-04&range_to=2025-11-11&cont_flag=1 (Caused by NameResolutionError(\"<urllib3.connection.HTTPSConnection object at 0x0000013ADA35B250>: Failed to resolve 'api-t1.fyers.in' ([Errno 11001] getaddrinfo failed)\"))"},"timestamp":"2025-11-11 11:14:50,624+0530","service":"FyersAPI"}
{"level":"ERROR","location":"[get_call:164] fyersModel","message":{"API":"/history","error":"HTTPSConnectionPool(host='api-t1.fyers.in', port=443): Max retries exceeded with url: /data/history?symbol=NSE%3AINTELLECT-EQ&resolution=5&date_format=1&range_from=2025-11-04&range_to=2025-11-11&cont_flag=1 (Caused by NameResolutionError(\"<urllib3.connection.HTTPSConnection object at 0x0000013ADA426110>: Failed to resolve 'api-t1.fyers.in' ([Errno 11001] getaddrinfo failed)\"))"},"timestamp":"2025-11-11 11:14:50,629+0530","service":"FyersAPI"}
{"level":"ERROR","location":"[get_call:164] fyersModel","message":{"API":"/history","error":"HTTPSConnectionPool(host='api-t1.fyers.in', port=443): Max retries exceeded with url: /data/history?symbol=NSE%3AJSL-EQ&resolution=5&date_format=1&range_from=2025-11-04&range_to=2025-11-11&cont_flag=1 (Caused by NameResolutionError(\"<urllib3.connection.HTTPSConnection object at 0x0000013ADA43C310>: Failed to resolve 'api-t1.fyers.in' ([Errno 11001] getaddrinfo failed)\"))"},"timestamp":"2025-11-11 11:15:00,635+0530","service":"FyersAPI"}
{"level":"ERROR","location":"[get_call:164] fyersModel","message":{"API":"/history","error":"HTTPSConnectionPool(host='api-t1.fyers.in', port=443): Max retries exceeded with url: /data/history?symbol=NSE%3AMMTC-EQ&resolution=5&date_format=1&range_from=2025-11-04&range_to=2025-11-11&cont_flag=1 (Caused by NameResolutionError(\"<urllib3.connection.HTTPSConnection object at 0x0000013ADA41C4D0>: Failed to resolve 'api-t1.fyers.in' ([Errno 11001] getaddrinfo failed)\"))"},"timestamp":"2025-11-11 11:15:00,642+0530","service":"FyersAPI"}
{"level":"ERROR","location":"[get_call:164] fyersModel","message":{"API":"/history","error":"HTTPSConnectionPool(host='api-t1.fyers.in', port=443): Max retries exceeded with url: /data/history?symbol=NSE%3AIDEA-EQ&resolution=5&date_format=1&range_from=2025-11-04&range_to=2025-11-11&cont_flag=1 (Caused by NameResolutionError(\"<urllib3.connection.HTTPSConnection object at 0x0000013ADA407A50>: Failed to resolve 'api-t1.fyers.in' ([Errno 11001] getaddrinfo failed)\"))"},"timestamp":"2025-11-11 11:15:00,648+0530","service":"FyersAPI"}
{"level":"ERROR","location":"[get_call:164] fyersModel","message":{"API":"/history","error":"HTTPSConnectionPool(host='api-t1.fyers.in', port=443): Max retries exceeded with url: /data/history?symbol=NSE%3AKEC-EQ&resolution=5&date_format=1&range_from=2025-11-04&range_to=2025-11-11&cont_flag=1 (Caused by NameResolutionError(\"<urllib3.connection.HTTPSConnection object at 0x0000013ADA43D750>: Failed to resolve 'api-t1.fyers.in' ([Errno 11001] getaddrinfo failed)\"))"},"timestamp":"2025-11-11 11:15:00,650+0530","service":"FyersAPI"}
{"level":"ERROR","location":"[get_call:164] fyersModel","message":{"API":"/history","error":"HTTPSConnectionPool(host='api-t1.fyers.in', port=443): Max retries exceeded with url: /data/history?symbol=NSE%3AHEG-EQ&resolution=5&date_format=1&range_from=2025-11-04&range_to=2025-11-11&cont_flag=1 (Caused by NameResolutionError(\"<urllib3.connection.HTTPSConnection object at 0x0000013ADA36ADD0>: Failed to resolve 'api-t1.fyers.in' ([Errno 11001] getaddrinfo failed)\"))"},"timestamp":"2025-11-11 11:15:00,658+0530","service":"FyersAPI"}
{"level":"ERROR","location":"[get_call:164] fyersModel","message":{"API":"/history","error":"HTTPSConnectionPool(host='api-t1.fyers.in', port=443): Max retries exceeded with url: /data/history?symbol=NSE%3AINTELLECT-EQ&resolution=5&date_format=1&range_from=2025-11-04&range_to=2025-11-11&cont_flag=1 (Caused by NameResolutionError(\"<urllib3.connection.HTTPSConnection object at 0x0000013ADA426B50>: Failed to resolve 'api-t1.fyers.in' ([Errno 11001] getaddrinfo failed)\"))"},"timestamp":"2025-11-11 11:15:00,661+0530","service":"FyersAPI"}
{"level":"ERROR","location":"[get_call:164] fyersModel","message":{"API":"/history","error":"HTTPSConnectionPool(host='api-t1.fyers.in', port=443): Max retries exceeded with url: /data/history?symbol=NSE%3AJSL-EQ&resolution=5&date_format=1&range_from=2025-11-04&range_to=2025-11-11&cont_flag=1 (Caused by NameResolutionError(\"<urllib3.connection.HTTPSConnection object at 0x0000013ADA0A5690>: Failed to resolve 'api-t1.fyers.in' ([Errno 11001] getaddrinfo failed)\"))"},"timestamp":"2025-11-11 11:15:10,669+0530","service":"FyersAPI"}
{"level":"ERROR","location":"[get_call:164] fyersModel","message":{"API":"/history","error":"HTTPSConnectionPool(host='api-t1.fyers.in', port=443): Max retries exceeded with url: /data/history?symbol=NSE%3AMMTC-EQ&resolution=5&date_format=1&range_from=2025-11-04&range_to=2025-11-11&cont_flag=1 (Caused by NameResolutionError(\"<urllib3.connection.HTTPSConnection object at 0x0000013ADA41EC90>: Failed to resolve 'api-t1.fyers.in' ([Errno 11001] getaddrinfo failed)\"))"},"timestamp":"2025-11-11 11:15:10,675+0530","service":"FyersAPI"}
{"level":"ERROR","location":"[get_call:164] fyersModel","message":{"API":"/history","error":"HTTPSConnectionPool(host='api-t1.fyers.in', port=443): Max retries exceeded with url: /data/history?symbol=NSE%3AIDEA-EQ&resolution=5&date_format=1&range_from=2025-11-04&range_to=2025-11-11&cont_flag=1 (Caused by NameResolutionError(\"<urllib3.connection.HTTPSConnection object at 0x0000013ADA09FCD0>: Failed to resolve 'api-t1.fyers.in' ([Errno 11001] getaddrinfo failed)\"))"},"timestamp":"2025-11-11 11:15:10,687+0530","service":"FyersAPI"}
{"level":"ERROR","location":"[get_call:164] fyersModel","message":{"API":"/history","error":"HTTPSConnectionPool(host='api-t1.fyers.in', port=443): Max retries exceeded with url: /data/history?symbol=NSE%3AKEC-EQ&resolution=5&date_format=1&range_from=2025-11-04&range_to=2025-11-11&cont_flag=1 (Caused by NameResolutionError(\"<urllib3.connection.HTTPSConnection object at 0x0000013ADA427350>: Failed to resolve 'api-t1.fyers.in' ([Errno 11001] getaddrinfo failed)\"))"},"timestamp":"2025-11-11 11:15:10,693+0530","service":"FyersAPI"}
{"level":"ERROR","location":"[get_call:164] fyersModel","message":{"API":"/history","error":"HTTPSConnectionPool(host='api-t1.fyers.in', port=443): Max retries exceeded with url: /data/history?symbol=NSE%3AHEG-EQ&resolution=5&date_format=1&range_from=2025-11-04&range_to=2025-11-11&cont_flag=1 (Caused by NameResolutionError(\"<urllib3.connection.HTTPSConnection object at 0x0000013ADA08D010>: Failed to resolve 'api-t1.fyers.in' ([Errno 11001] getaddrinfo failed)\"))"},"timestamp":"2025-11-11 11:15:10,698+0530","service":"FyersAPI"}
{"level":"ERROR","location":"[get_call:164] fyersModel","message":{"API":"/history","error":"HTTPSConnectionPool(host='api-t1.fyers.in', port=443): Max retries exceeded with url: /data/history?symbol=NSE%3AINTELLECT-EQ&resolution=5&date_format=1&range_from=2025-11-04&range_to=2025-11-11&cont_flag=1 (Caused by NameResolutionError(\"<urllib3.connection.HTTPSConnection object at 0x0000013ADA41EBD0>: Failed to resolve 'api-t1.fyers.in' ([Errno 11001] getaddrinfo failed)\"))"},"timestamp":"2025-11-11 11:15:10,698+0530","service":"FyersAPI"}
{"level":"ERROR","location":"[get_call:164] fyersModel","message":{"API":"/history","error":"HTTPSConnectionPool(host='api-t1.fyers.in', port=443): Max retries exceeded with url: /data/history?symbol=NSE%3AJSL-EQ&resolution=5&date_format=1&range_from=2025-11-04&range_to=2025-11-11&cont_flag=1 (Caused by NameResolutionError(\"<urllib3.connection.HTTPSConnection object at 0x0000013ADA43E910>: Failed to resolve 'api-t1.fyers.in' ([Errno 11001] getaddrinfo failed)\"))"},"timestamp":"2025-11-11 11:15:20,710+0530","service":"FyersAPI"}
{"level":"ERROR","location":"[get_call:164] fyersModel","message":{"API":"/history","error":"HTTPSConnectionPool(host='api-t1.fyers.in', port=443): Max retries exceeded with url: /data/history?symbol=NSE%3AMMTC-EQ&resolution=5&date_format=1&range_from=2025-11-04&range_to=2025-11-11&cont_flag=1 (Caused by NameResolutionError(\"<urllib3.connection.HTTPSConnection object at 0x0000013ADA26A2D0>: Failed to resolve 'api-t1.fyers.in' ([Errno 11001] getaddrinfo failed)\"))"},"timestamp":"2025-11-11 11:15:20,716+0530","service":"FyersAPI"}
{"level":"ERROR","location":"[get_call:164] fyersModel","message":{"API":"/history","error":"HTTPSConnectionPool(host='api-t1.fyers.in', port=443): Max retries exceeded with url: /data/history?symbol=NSE%3AIDEA-EQ&resolution=5&date_format=1&range_from=2025-11-04&range_to=2025-11-11&cont_flag=1 (Caused by NameResolutionError(\"<urllib3.connection.HTTPSConnection object at 0x0000013ADA43D990>: Failed to resolve 'api-t1.fyers.in' ([Errno 11001] getaddrinfo failed)\"))"},"timestamp":"2025-11-11 11:15:20,722+0530","service":"FyersAPI"}
{"level":"ERROR","location":"[get_call:164] fyersModel","message":{"API":"/history","error":"HTTPSConnectionPool(host='api-t1.fyers.in', port=443): Max retries exceeded with url: /data/history?symbol=NSE%3AKEC-EQ&resolution=5&date_format=1&range_from=2025-11-04&range_to=2025-11-11&cont_flag=1 (Caused by NameResolutionError(\"<urllib3.connection.HTTPSConnection object at 0x0000013ADA35BA10>: Failed to resolve 'api-t1.fyers.in' ([Errno 11001] getaddrinfo failed)\"))"},"timestamp":"2025-11-11 11:15:20,728+0530","service":"FyersAPI"}
{"level":"ERROR","location":"[get_call:164] fyersModel","message":{"API":"/history","error":"HTTPSConnectionPool(host='api-t1.fyers.in', port=443): Max retries exceeded with url: /data/history?symbol=NSE%3AHEG-EQ&resolution=5&date_format=1&range_from=2025-11-04&range_to=2025-11-11&cont_flag=1 (Caused by NameResolutionError(\"<urllib3.connection.HTTPSConnection object at 0x0000013ADA427BD0>: Failed to resolve 'api-t1.fyers.in' ([Errno 11001] getaddrinfo failed)\"))"},"timestamp":"2025-11-11 11:15:20,728+0530","service":"FyersAPI"}
{"level":"ERROR","location":"[get_call:164] fyersModel","message":{"API":"/history","error":"HTTPSConnectionPool(host='api-t1.fyers.in', port=443): Max retries exceeded with url: /data/history?symbol=NSE%3AINTELLECT-EQ&resolution=5&date_format=1&range_from=2025-11-04&range_to=2025-11-11&cont_flag=1 (Caused by NameResolutionError(\"<urllib3.connection.HTTPSConnection object at 0x0000013ADA386C90>: Failed to resolve 'api-t1.fyers.in' ([Errno 11001] getaddrinfo failed)\"))"},"timestamp":"2025-11-11 11:15:20,736+0530","service":"FyersAPI"}
{"level":"ERROR","location":"[get_call:164] fyersModel","message":{"API":"/history","error":"HTTPSConnectionPool(host='api-t1.fyers.in', port=443): Max retries exceeded with url: /data/history?symbol=NSE%3AJSL-EQ&resolution=5&date_format=1&range_from=2025-11-04&range_to=2025-11-11&cont_flag=1 (Caused by NameResolutionError(\"<urllib3.connection.HTTPSConnection object at 0x0000013ADA412710>: Failed to resolve 'api-t1.fyers.in' ([Errno 11001] getaddrinfo failed)\"))"},"timestamp":"2025-11-11 11:15:30,744+0530","service":"FyersAPI"}
{"level":"ERROR","location":"[get_call:164] fyersModel","message":{"API":"/history","error":"HTTPSConnectionPool(host='api-t1.fyers.in', port=443): Max retries exceeded with url: /data/history?symbol=NSE%3AMMTC-EQ&resolution=5&date_format=1&range_from=2025-11-04&range_to=2025-11-11&cont_flag=1 (Caused by NameResolutionError(\"<urllib3.connection.HTTPSConnection object at 0x0000013ADA426010>: Failed to resolve 'api-t1.fyers.in' ([Errno 11001] getaddrinfo failed)\"))"},"timestamp":"2025-11-11 11:15:30,756+0530","service":"FyersAPI"}
{"level":"ERROR","location":"[get_call:164] fyersModel","message":{"API":"/history","error":"HTTPSConnectionPool(host='api-t1.fyers.in', port=443): Max retries exceeded with url: /data/history?symbol=NSE%3AIDEA-EQ&resolution=5&date_format=1&range_from=2025-11-04&range_to=2025-11-11&cont_flag=1 (Caused by NameResolutionError(\"<urllib3.connection.HTTPSConnection object at 0x0000013ADA424710>: Failed to resolve 'api-t1.fyers.in' ([Errno 11001] getaddrinfo failed)\"))"},"timestamp":"2025-11-11 11:15:30,764+0530","service":"FyersAPI"}
{"level":"ERROR","location":"[get_call:164] fyersModel","message":{"API":"/history","error":"HTTPSConnectionPool(host='api-t1.fyers.in', port=443): Max retries exceeded with url: /data/history?symbol=NSE%3AKEC-EQ&resolution=5&date_format=1&range_from=2025-11-04&range_to=2025-11-11&cont_flag=1 (Caused by NameResolutionError(\"<urllib3.connection.HTTPSConnection object at 0x0000013ADA36ADD0>: Failed to resolve 'api-t1.fyers.in' ([Errno 11001] getaddrinfo failed)\"))"},"timestamp":"2025-11-11 11:15:30,766+0530","service":"FyersAPI"}
{"level":"ERROR","location":"[get_call:164] fyersModel","message":{"API":"/history","error":"HTTPSConnectionPool(host='api-t1.fyers.in', port=443): Max retries exceeded with url: /data/history?symbol=NSE%3AHEG-EQ&resolution=5&date_format=1&range_from=2025-11-04&range_to=2025-11-11&cont_flag=1 (Caused by NameResolutionError(\"<urllib3.connection.HTTPSConnection object at 0x0000013ADA307910>: Failed to resolve 'api-t1.fyers.in' ([Errno 11001] getaddrinfo failed)\"))"},"timestamp":"2025-11-11 11:15:30,778+0530","service":"FyersAPI"}
{"level":"ERROR","location":"[get_call:164] fyersModel","message":{"API":"/history","error":"HTTPSConnectionPool(host='api-t1.fyers.in', port=443): Max retries exceeded with url: /data/history?symbol=NSE%3AINTELLECT-EQ&resolution=5&date_format=1&range_from=2025-11-04&range_to=2025-11-11&cont_flag=1 (Caused by NameResolutionError(\"<urllib3.connection.HTTPSConnection object at 0x0000013ADA0A2410>: Failed to resolve 'api-t1.fyers.in' ([Errno 11001] getaddrinfo failed)\"))"},"timestamp":"2025-11-11 11:15:30,786+0530","service":"FyersAPI"}
{"level":"ERROR","location":"[get_call:164] fyersModel","message":{"API":"/history","error":"HTTPSConnectionPool(host='api-t1.fyers.in', port=443): Max retries exceeded with url: /data/history?symbol=NSE%3AJSL-EQ&resolution=5&date_format=1&range_from=2025-11-04&range_to=2025-11-11&cont_flag=1 (Caused by NameResolutionError(\"<urllib3.connection.HTTPSConnection object at 0x0000013ADA0A12D0>: Failed to resolve 'api-t1.fyers.in' ([Errno 11001] getaddrinfo failed)\"))"},"timestamp":"2025-11-11 11:15:40,790+0530","service":"FyersAPI"}
{"level":"ERROR","location":"[get_call:164] fyersModel","message":{"API":"/history","error":"HTTPSConnectionPool(host='api-t1.fyers.in', port=443): Max retries exceeded with url: /data/history?symbol=NSE%3AMMTC-EQ&resolution=5&date_format=1&range_from=2025-11-04&range_to=2025-11-11&cont_flag=1 (Caused by NameResolutionError(\"<urllib3.connection.HTTPSConnection object at 0x0000013ADA406690>: Failed to resolve 'api-t1.fyers.in' ([Errno 11001] getaddrinfo failed)\"))"},"timestamp":"2025-11-11 11:15:40,799+0530","service":"FyersAPI"}
{"level":"ERROR","location":"[get_call:164] fyersModel","message":{"API":"/history","error":"HTTPSConnectionPool(host='api-t1.fyers.in', port=443): Max retries exceeded with url: /data/history?symbol=NSE%3AIDEA-EQ&resolution=5&date_format=1&range_from=2025-11-04&range_to=2025-11-11&cont_flag=1 (Caused by NameResolutionError(\"<urllib3.connection.HTTPSConnection object at 0x0000013ADA43CB10>: Failed to resolve 'api-t1.fyers.in' ([Errno 11001] getaddrinfo failed)\"))"},"timestamp":"2025-11-11 11:15:40,807+0530","service":"FyersAPI"}
{"level":"ERROR","location":"[get_call:164] fyersModel","message":{"API":"/history","error":"HTTPSConnectionPool(host='api-t1.fyers.in', port=443): Max retries exceeded with url: /data/history?symbol=NSE%3AKEC-EQ&resolution=5&date_format=1&range_from=2025-11-04&range_to=2025-11-11&cont_flag=1 (Caused by NameResolutionError(\"<urllib3.connection.HTTPSConnection object at 0x0000013ADA4271D0>: Failed to resolve 'api-t1.fyers.in' ([Errno 11001] getaddrinfo failed)\"))"},"timestamp":"2025-11-11 11:15:40,813+0530","service":"FyersAPI"}
{"level":"ERROR","location":"[get_call:164] fyersModel","message":{"API":"/history","error":"HTTPSConnectionPool(host='api-t1.fyers.in', port=443): Max retries exceeded with url: /data/history?symbol=NSE%3AHEG-EQ&resolution=5&date_format=1&range_from=2025-11-04&range_to=2025-11-11&cont_flag=1 (Caused by NameResolutionError(\"<urllib3.connection.HTTPSConnection object at 0x0000013ADA09E0D0>: Failed to resolve 'api-t1.fyers.in' ([Errno 11001] getaddrinfo failed)\"))"},"timestamp":"2025-11-11 11:15:40,820+0530","service":"FyersAPI"}
{"level":"ERROR","location":"[get_call:164] fyersModel","message":{"API":"/history","error":"HTTPSConnectionPool(host='api-t1.fyers.in', port=443): Max retries exceeded with url: /data/history?symbol=NSE%3AINTELLECT-EQ&resolution=5&date_format=1&range_from=2025-11-04&range_to=2025-11-11&cont_flag=1 (Caused by NameResolutionError(\"<urllib3.connection.HTTPSConnection object at 0x0000013ADA08EB90>: Failed to resolve 'api-t1.fyers.in' ([Errno 11001] getaddrinfo failed)\"))"},"timestamp":"2025-11-11 11:15:40,822+0530","service":"FyersAPI"}
{"level":"ERROR","location":"[get_call:164] fyersModel","message":{"API":"/history","error":"HTTPSConnectionPool(host='api-t1.fyers.in', port=443): Max retries exceeded with url: /data/history?symbol=NSE%3AJSL-EQ&resolution=5&date_format=1&range_from=2025-11-04&range_to=2025-11-11&cont_flag=1 (Caused by NameResolutionError(\"<urllib3.connection.HTTPSConnection object at 0x0000013ADA0A28D0>: Failed to resolve 'api-t1.fyers.in' ([Errno 11001] getaddrinfo failed)\"))"},"timestamp":"2025-11-11 11:15:50,828+0530","service":"FyersAPI"}
{"level":"ERROR","location":"[get_call:164] fyersModel","message":{"API":"/history","error":"HTTPSConnectionPool(host='api-t1.fyers.in', port=443): Max retries exceeded with url: /data/history?symbol=NSE%3AMMTC-EQ&resolution=5&date_format=1&range_from=2025-11-04&range_to=2025-11-11&cont_flag=1 (Caused by NameResolutionError(\"<urllib3.connection.HTTPSConnection object at 0x0000013ADA35BBD0>: Failed to resolve 'api-t1.fyers.in' ([Errno 11001] getaddrinfo failed)\"))"},"timestamp":"2025-11-11 11:15:50,838+0530","service":"FyersAPI"}
{"level":"ERROR","location":"[get_call:164] fyersModel","message":{"API":"/history","error":"HTTPSConnectionPool(host='api-t1.fyers.in', port=443): Max retries exceeded with url: /data/history?symbol=NSE%3AIDEA-EQ&resolution=5&date_format=1&range_from=2025-11-04&range_to=2025-11-11&cont_flag=1 (Caused by NameResolutionError(\"<urllib3.connection.HTTPSConnection object at 0x0000013ADA407B10>: Failed to resolve 'api-t1.fyers.in' ([Errno 11001] getaddrinfo failed)\"))"},"timestamp":"2025-11-11 11:15:50,846+0530","service":"FyersAPI"}
{"level":"ERROR","location":"[get_call:164] fyersModel","message":{"API":"/history","error":"HTTPSConnectionPool(host='api-t1.fyers.in', port=443): Max retries exceeded with url: /data/history?symbol=NSE%3AKEC-EQ&resolution=5&date_format=1&range_from=2025-11-04&range_to=2025-11-11&cont_flag=1 (Caused by NameResolutionError(\"<urllib3.connection.HTTPSConnection object at 0x0000013ADA424CD0>: Failed to resolve 'api-t1.fyers.in' ([Errno 11001] getaddrinfo failed)\"))"},"timestamp":"2025-11-11 11:15:50,851+0530","service":"FyersAPI"}
{"level":"ERROR","location":"[get_call:164] fyersModel","message":{"API":"/history","error":"HTTPSConnectionPool(host='api-t1.fyers.in', port=443): Max retries exceeded with url: /data/history?symbol=NSE%3AHEG-EQ&resolution=5&date_format=1&range_from=2025-11-04&range_to=2025-11-11&cont_flag=1 (Caused by NameResolutionError(\"<urllib3.connection.HTTPSConnection object at 0x0000013ADA425490>: Failed to resolve 'api-t1.fyers.in' ([Errno 11001] getaddrinfo failed)\"))"},"timestamp":"2025-11-11 11:15:50,853+0530","service":"FyersAPI"}
{"level":"ERROR","location":"[get_call:164] fyersModel","message":{"API":"/history","error":"HTTPSConnectionPool(host='api-t1.fyers.in', port=443): Max retries exceeded with url: /data/history?symbol=NSE%3AINTELLECT-EQ&resolution=5&date_format=1&range_from=2025-11-04&range_to=2025-11-11&cont_flag=1 (Caused by NameResolutionError(\"<urllib3.connection.HTTPSConnection object at 0x0000013ADA4066D0>: Failed to resolve 'api-t1.fyers.in' ([Errno 11001] getaddrinfo failed)\"))"},"timestamp":"2025-11-11 11:15:50,863+0530","service":"FyersAPI"}
{"level":"ERROR","location":"[get_call:164] fyersModel","message":{"API":"/history","error":"HTTPSConnectionPool(host='api-t1.fyers.in', port=443): Max retries exceeded with url: /data/history?symbol=NSE%3AJSL-EQ&resolution=5&date_format=1&range_from=2025-11-04&range_to=2025-11-11&cont_flag=1 (Caused by NameResolutionError(\"<urllib3.connection.HTTPSConnection object at 0x0000013ADA07A010>: Failed to resolve 'api-t1.fyers.in' ([Errno 11001] getaddrinfo failed)\"))"},"timestamp":"2025-11-11 11:16:00,870+0530","service":"FyersAPI"}
{"level":"ERROR","location":"[get_call:164] fyersModel","message":{"API":"/history","error":"HTTPSConnectionPool(host='api-t1.fyers.in', port=443): Max retries exceeded with url: /data/history?symbol=NSE%3AMMTC-EQ&resolution=5&date_format=1&range_from=2025-11-04&range_to=2025-11-11&cont_flag=1 (Caused by NameResolutionError(\"<urllib3.connection.HTTPSConnection object at 0x0000013AC7B1C550>: Failed to resolve 'api-t1.fyers.in' ([Errno 11001] getaddrinfo failed)\"))"},"timestamp":"2025-11-11 11:16:00,876+0530","service":"FyersAPI"}
{"level":"ERROR","location":"[get_call:164] fyersModel","message":{"API":"/history","error":"HTTPSConnectionPool(host='api-t1.fyers.in', port=443): Max retries exceeded with url: /data/history?symbol=NSE%3AIDEA-EQ&resolution=5&date_format=1&range_from=2025-11-04&range_to=2025-11-11&cont_flag=1 (Caused by NameResolutionError(\"<urllib3.connection.HTTPSConnection object at 0x0000013ADA425F90>: Failed to resolve 'api-t1.fyers.in' ([Errno 11001] getaddrinfo failed)\"))"},"timestamp":"2025-11-11 11:16:00,882+0530","service":"FyersAPI"}
{"level":"ERROR","location":"[get_call:164] fyersModel","message":{"API":"/history","error":"HTTPSConnectionPool(host='api-t1.fyers.in', port=443): Max retries exceeded with url: /data/history?symbol=NSE%3AKEC-EQ&resolution=5&date_format=1&range_from=2025-11-04&range_to=2025-11-11&cont_flag=1 (Caused by NameResolutionError(\"<urllib3.connection.HTTPSConnection object at 0x0000013ADA41D0D0>: Failed to resolve 'api-t1.fyers.in' ([Errno 11001] getaddrinfo failed)\"))"},"timestamp":"2025-11-11 11:16:00,887+0530","service":"FyersAPI"}
{"level":"ERROR","location":"[get_call:164] fyersModel","message":{"API":"/history","error":"HTTPSConnectionPool(host='api-t1.fyers.in', port=443): Max retries exceeded with url: /data/history?symbol=NSE%3AHEG-EQ&resolution=5&date_format=1&range_from=2025-11-04&range_to=2025-11-11&cont_flag=1 (Caused by NameResolutionError(\"<urllib3.connection.HTTPSConnection object at 0x0000013ADA358FD0>: Failed to resolve 'api-t1.fyers.in' ([Errno 11001] getaddrinfo failed)\"))"},"timestamp":"2025-11-11 11:16:00,892+0530","service":"FyersAPI"}
{"level":"ERROR","location":"[get_call:164] fyersModel","message":{"API":"/history","error":"HTTPSConnectionPool(host='api-t1.fyers.in', port=443): Max retries exceeded with url: /data/history?symbol=NSE%3AINTELLECT-EQ&resolution=5&date_format=1&range_from=2025-11-04&range_to=2025-11-11&cont_flag=1 (Caused by NameResolutionError(\"<urllib3.connection.HTTPSConnection object at 0x0000013ADA0AC690>: Failed to resolve 'api-t1.fyers.in' ([Errno 11001] getaddrinfo failed)\"))"},"timestamp":"2025-11-11 11:16:00,896+0530","service":"FyersAPI"}
{"level":"ERROR","location":"[get_call:164] fyersModel","message":{"API":"/history","error":"HTTPSConnectionPool(host='api-t1.fyers.in', port=443): Max retries exceeded with url: /data/history?symbol=NSE%3AJSL-EQ&resolution=5&date_format=1&range_from=2025-11-04&range_to=2025-11-11&cont_flag=1 (Caused by NameResolutionError(\"<urllib3.connection.HTTPSConnection object at 0x0000013AD8F56290>: Failed to resolve 'api-t1.fyers.in' ([Errno 11001] getaddrinfo failed)\"))"},"timestamp":"2025-11-11 11:16:10,903+0530","service":"FyersAPI"}
{"level":"ERROR","location":"[get_call:164] fyersModel","message":{"API":"/history","error":"HTTPSConnectionPool(host='api-t1.fyers.in', port=443): Max retries exceeded with url: /data/history?symbol=NSE%3AMMTC-EQ&resolution=5&date_format=1&range_from=2025-11-04&range_to=2025-11-11&cont_flag=1 (Caused by NameResolutionError(\"<urllib3.connection.HTTPSConnection object at 0x0000013ADA406B50>: Failed to resolve 'api-t1.fyers.in' ([Errno 11001] getaddrinfo failed)\"))"},"timestamp":"2025-11-11 11:16:10,907+0530","service":"FyersAPI"}
{"level":"ERROR","location":"[get_call:164] fyersModel","message":{"API":"/history","error":"HTTPSConnectionPool(host='api-t1.fyers.in', port=443): Max retries exceeded with url: /data/history?symbol=NSE%3AIDEA-EQ&resolution=5&date_format=1&range_from=2025-11-04&range_to=2025-11-11&cont_flag=1 (Caused by NameResolutionError(\"<urllib3.connection.HTTPSConnection object at 0x0000013ADA41F390>: Failed to resolve 'api-t1.fyers.in' ([Errno 11001] getaddrinfo failed)\"))"},"timestamp":"2025-11-11 11:16:10,915+0530","service":"FyersAPI"}
{"level":"ERROR","location":"[get_call:164] fyersModel","message":{"API":"/history","error":"HTTPSConnectionPool(host='api-t1.fyers.in', port=443): Max retries exceeded with url: /data/history?symbol=NSE%3AKEC-EQ&resolution=5&date_format=1&range_from=2025-11-04&range_to=2025-11-11&cont_flag=1 (Caused by NameResolutionError(\"<urllib3.connection.HTTPSConnection object at 0x0000013ADA09A3D0>: Failed to resolve 'api-t1.fyers.in' ([Errno 11001] getaddrinfo failed)\"))"},"timestamp":"2025-11-11 11:16:10,922+0530","service":"FyersAPI"}
{"level":"ERROR","location":"[get_call:164] fyersModel","message":{"API":"/history","error":"HTTPSConnectionPool(host='api-t1.fyers.in', port=443): Max retries exceeded with url: /data/history?symbol=NSE%3AHEG-EQ&resolution=5&date_format=1&range_from=2025-11-04&range_to=2025-11-11&cont_flag=1 (Caused by NameResolutionError(\"<urllib3.connection.HTTPSConnection object at 0x0000013ADA407ED0>: Failed to resolve 'api-t1.fyers.in' ([Errno 11001] getaddrinfo failed)\"))"},"timestamp":"2025-11-11 11:16:10,925+0530","service":"FyersAPI"}
{"level":"ERROR","location":"[get_call:164] fyersModel","message":{"API":"/history","error":"HTTPSConnectionPool(host='api-t1.fyers.in', port=443): Max retries exceeded with url: /data/history?symbol=NSE%3AINTELLECT-EQ&resolution=5&date_format=1&range_from=2025-11-04&range_to=2025-11-11&cont_flag=1 (Caused by NameResolutionError(\"<urllib3.connection.HTTPSConnection object at 0x0000013ADA09D650>: Failed to resolve 'api-t1.fyers.in' ([Errno 11001] getaddrinfo failed)\"))"},"timestamp":"2025-11-11 11:16:10,932+0530","service":"FyersAPI"}
{"level":"ERROR","location":"[get_call:164] fyersModel","message":{"API":"/history","error":"HTTPSConnectionPool(host='api-t1.fyers.in', port=443): Max retries exceeded with url: /data/history?symbol=NSE%3AJSL-EQ&resolution=5&date_format=1&range_from=2025-11-04&range_to=2025-11-11&cont_flag=1 (Caused by NameResolutionError(\"<urllib3.connection.HTTPSConnection object at 0x0000013ADA358C10>: Failed to resolve 'api-t1.fyers.in' ([Errno 11001] getaddrinfo failed)\"))"},"timestamp":"2025-11-11 11:16:20,936+0530","service":"FyersAPI"}
{"level":"ERROR","location":"[get_call:164] fyersModel","message":{"API":"/history","error":"HTTPSConnectionPool(host='api-t1.fyers.in', port=443): Max retries exceeded with url: /data/history?symbol=NSE%3AMMTC-EQ&resolution=5&date_format=1&range_from=2025-11-04&range_to=2025-11-11&cont_flag=1 (Caused by NameResolutionError(\"<urllib3.connection.HTTPSConnection object at 0x0000013ADA426510>: Failed to resolve 'api-t1.fyers.in' ([Errno 11001] getaddrinfo failed)\"))"},"timestamp":"2025-11-11 11:16:20,942+0530","service":"FyersAPI"}
{"level":"ERROR","location":"[get_call:164] fyersModel","message":{"API":"/history","error":"HTTPSConnectionPool(host='api-t1.fyers.in', port=443): Max retries exceeded with url: /data/history?symbol=NSE%3AIDEA-EQ&resolution=5&date_format=1&range_from=2025-11-04&range_to=2025-11-11&cont_flag=1 (Caused by NameResolutionError(\"<urllib3.connection.HTTPSConnection object at 0x0000013ADA41F410>: Failed to resolve 'api-t1.fyers.in' ([Errno 11001] getaddrinfo failed)\"))"},"timestamp":"2025-11-11 11:16:20,951+0530","service":"FyersAPI"}
{"level":"ERROR","location":"[get_call:164] fyersModel","message":{"API":"/history","error":"HTTPSConnectionPool(host='api-t1.fyers.in', port=443): Max retries exceeded with url: /data/history?symbol=NSE%3AKEC-EQ&resolution=5&date_format=1&range_from=2025-11-04&range_to=2025-11-11&cont_flag=1 (Caused by NameResolutionError(\"<urllib3.connection.HTTPSConnection object at 0x0000013ADA307BD0>: Failed to resolve 'api-t1.fyers.in' ([Errno 11001] getaddrinfo failed)\"))"},"timestamp":"2025-11-11 11:16:20,954+0530","service":"FyersAPI"}
{"level":"ERROR","location":"[get_call:164] fyersModel","message":{"API":"/history","error":"HTTPSConnectionPool(host='api-t1.fyers.in', port=443): Max retries exceeded with url: /data/history?symbol=NSE%3AHEG-EQ&resolution=5&date_format=1&range_from=2025-11-04&range_to=2025-11-11&cont_flag=1 (Caused by NameResolutionError(\"<urllib3.connection.HTTPSConnection object at 0x0000013ADA09FCD0>: Failed to resolve 'api-t1.fyers.in' ([Errno 11001] getaddrinfo failed)\"))"},"timestamp":"2025-11-11 11:16:20,959+0530","service":"FyersAPI"}
{"level":"ERROR","location":"[get_call:164] fyersModel","message":{"API":"/history","error":"HTTPSConnectionPool(host='api-t1.fyers.in', port=443): Max retries exceeded with url: /data/history?symbol=NSE%3AINTELLECT-EQ&resolution=5&date_format=1&range_from=2025-11-04&range_to=2025-11-11&cont_flag=1 (Caused by NameResolutionError(\"<urllib3.connection.HTTPSConnection object at 0x0000013ADA426750>: Failed to resolve 'api-t1.fyers.in' ([Errno 11001] getaddrinfo failed)\"))"},"timestamp":"2025-11-11 11:16:20,963+0530","service":"FyersAPI"}
{"level":"ERROR","location":"[get_call:164] fyersModel","message":{"API":"/history","error":"HTTPSConnectionPool(host='api-t1.fyers.in', port=443): Max retries exceeded with url: /data/history?symbol=NSE%3AJSL-EQ&resolution=5&date_format=1&range_from=2025-11-04&range_to=2025-11-11&cont_flag=1 (Caused by NameResolutionError(\"<urllib3.connection.HTTPSConnection object at 0x0000013ADA407110>: Failed to resolve 'api-t1.fyers.in' ([Errno 11001] getaddrinfo failed)\"))"},"timestamp":"2025-11-11 11:16:30,974+0530","service":"FyersAPI"}
{"level":"ERROR","location":"[get_call:164] fyersModel","message":{"API":"/history","error":"HTTPSConnectionPool(host='api-t1.fyers.in', port=443): Max retries exceeded with url: /data/history?symbol=NSE%3AMMTC-EQ&resolution=5&date_format=1&range_from=2025-11-04&range_to=2025-11-11&cont_flag=1 (Caused by NameResolutionError(\"<urllib3.connection.HTTPSConnection object at 0x0000013ADA41D410>: Failed to resolve 'api-t1.fyers.in' ([Errno 11001] getaddrinfo failed)\"))"},"timestamp":"2025-11-11 11:16:30,981+0530","service":"FyersAPI"}
{"level":"ERROR","location":"[get_call:164] fyersModel","message":{"API":"/history","error":"HTTPSConnectionPool(host='api-t1.fyers.in', port=443): Max retries exceeded with url: /data/history?symbol=NSE%3AIDEA-EQ&resolution=5&date_format=1&range_from=2025-11-04&range_to=2025-11-11&cont_flag=1 (Caused by NameResolutionError(\"<urllib3.connection.HTTPSConnection object at 0x0000013ADA404C90>: Failed to resolve 'api-t1.fyers.in' ([Errno 11001] getaddrinfo failed)\"))"},"timestamp":"2025-11-11 11:16:30,991+0530","service":"FyersAPI"}
{"level":"ERROR","location":"[get_call:164] fyersModel","message":{"API":"/history","error":"HTTPSConnectionPool(host='api-t1.fyers.in', port=443): Max retries exceeded with url: /data/history?symbol=NSE%3AKEC-EQ&resolution=5&date_format=1&range_from=2025-11-04&range_to=2025-11-11&cont_flag=1 (Caused by NameResolutionError(\"<urllib3.connection.HTTPSConnection object at 0x0000013ADA4053D0>: Failed to resolve 'api-t1.fyers.in' ([Errno 11001] getaddrinfo failed)\"))"},"timestamp":"2025-11-11 11:16:30,997+0530","service":"FyersAPI"}
{"level":"ERROR","location":"[get_call:164] fyersModel","message":{"API":"/history","error":"HTTPSConnectionPool(host='api-t1.fyers.in', port=443): Max retries exceeded with url: /data/history?symbol=NSE%3AHEG-EQ&resolution=5&date_format=1&range_from=2025-11-04&range_to=2025-11-11&cont_flag=1 (Caused by NameResolutionError(\"<urllib3.connection.HTTPSConnection object at 0x0000013ADA085E90>: Failed to resolve 'api-t1.fyers.in' ([Errno 11001] getaddrinfo failed)\"))"},"timestamp":"2025-11-11 11:16:31,002+0530","service":"FyersAPI"}
{"level":"ERROR","location":"[get_call:164] fyersModel","message":{"API":"/history","error":"HTTPSConnectionPool(host='api-t1.fyers.in', port=443): Max retries exceeded with url: /data/history?symbol=NSE%3AINTELLECT-EQ&resolution=5&date_format=1&range_from=2025-11-04&range_to=2025-11-11&cont_flag=1 (Caused by NameResolutionError(\"<urllib3.connection.HTTPSConnection object at 0x0000013ADA41CC50>: Failed to resolve 'api-t1.fyers.in' ([Errno 11001] getaddrinfo failed)\"))"},"timestamp":"2025-11-11 11:16:31,012+0530","service":"FyersAPI"}
{"level":"ERROR","location":"[get_call:164] fyersModel","message":{"API":"/history","error":"HTTPSConnectionPool(host='api-t1.fyers.in', port=443): Max retries exceeded with url: /data/history?symbol=NSE%3AJSL-EQ&resolution=5&date_format=1&range_from=2025-11-04&range_to=2025-11-11&cont_flag=1 (Caused by NameResolutionError(\"<urllib3.connection.HTTPSConnection object at 0x0000013ADA426B50>: Failed to resolve 'api-t1.fyers.in' ([Errno 11001] getaddrinfo failed)\"))"},"timestamp":"2025-11-11 11:16:41,020+0530","service":"FyersAPI"}
{"level":"ERROR","location":"[get_call:164] fyersModel","message":{"API":"/history","error":"HTTPSConnectionPool(host='api-t1.fyers.in', port=443): Max retries exceeded with url: /data/history?symbol=NSE%3AMMTC-EQ&resolution=5&date_format=1&range_from=2025-11-04&range_to=2025-11-11&cont_flag=1 (Caused by NameResolutionError(\"<urllib3.connection.HTTPSConnection object at 0x0000013ADA360ED0>: Failed to resolve 'api-t1.fyers.in' ([Errno 11001] getaddrinfo failed)\"))"},"timestamp":"2025-11-11 11:16:41,026+0530","service":"FyersAPI"}
{"level":"ERROR","location":"[get_call:164] fyersModel","message":{"API":"/history","error":"HTTPSConnectionPool(host='api-t1.fyers.in', port=443): Max retries exceeded with url: /data/history?symbol=NSE%3AIDEA-EQ&resolution=5&date_format=1&range_from=2025-11-04&range_to=2025-11-11&cont_flag=1 (Caused by NameResolutionError(\"<urllib3.connection.HTTPSConnection object at 0x0000013ADA0ACD10>: Failed to resolve 'api-t1.fyers.in' ([Errno 11001] getaddrinfo failed)\"))"},"timestamp":"2025-11-11 11:16:41,036+0530","service":"FyersAPI"}
{"level":"ERROR","location":"[get_call:164] fyersModel","message":{"API":"/history","error":"HTTPSConnectionPool(host='api-t1.fyers.in', port=443): Max retries exceeded with url: /data/history?symbol=NSE%3AKEC-EQ&resolution=5&date_format=1&range_from=2025-11-04&range_to=2025-11-11&cont_flag=1 (Caused by NameResolutionError(\"<urllib3.connection.HTTPSConnection object at 0x0000013ADA0A3E50>: Failed to resolve 'api-t1.fyers.in' ([Errno 11001] getaddrinfo failed)\"))"},"timestamp":"2025-11-11 11:16:41,039+0530","service":"FyersAPI"}
{"level":"ERROR","location":"[get_call:164] fyersModel","message":{"API":"/history","error":"HTTPSConnectionPool(host='api-t1.fyers.in', port=443): Max retries exceeded with url: /data/history?symbol=NSE%3AHEG-EQ&resolution=5&date_format=1&range_from=2025-11-04&range_to=2025-11-11&cont_flag=1 (Caused by NameResolutionError(\"<urllib3.connection.HTTPSConnection object at 0x0000013AD9C58BD0>: Failed to resolve 'api-t1.fyers.in' ([Errno 11001] getaddrinfo failed)\"))"},"timestamp":"2025-11-11 11:16:41,046+0530","service":"FyersAPI"}
{"level":"ERROR","location":"[get_call:164] fyersModel","message":{"API":"/history","error":"HTTPSConnectionPool(host='api-t1.fyers.in', port=443): Max retries exceeded with url: /data/history?symbol=NSE%3AINTELLECT-EQ&resolution=5&date_format=1&range_from=2025-11-04&range_to=2025-11-11&cont_flag=1 (Caused by NameResolutionError(\"<urllib3.connection.HTTPSConnection object at 0x0000013ADA4067D0>: Failed to resolve 'api-t1.fyers.in' ([Errno 11001] getaddrinfo failed)\"))"},"timestamp":"2025-11-11 11:16:41,051+0530","service":"FyersAPI"}
{"level":"ERROR","location":"[get_call:164] fyersModel","message":{"API":"/history","error":"HTTPSConnectionPool(host='api-t1.fyers.in', port=443): Max retries exceeded with url: /data/history?symbol=NSE%3AJSL-EQ&resolution=5&date_format=1&range_from=2025-11-04&range_to=2025-11-11&cont_flag=1 (Caused by NameResolutionError(\"<urllib3.connection.HTTPSConnection object at 0x0000013ADA43DAD0>: Failed to resolve 'api-t1.fyers.in' ([Errno 11001] getaddrinfo failed)\"))"},"timestamp":"2025-11-11 11:16:51,059+0530","service":"FyersAPI"}
{"level":"ERROR","location":"[get_call:164] fyersModel","message":{"API":"/history","error":"HTTPSConnectionPool(host='api-t1.fyers.in', port=443): Max retries exceeded with url: /data/history?symbol=NSE%3AMMTC-EQ&resolution=5&date_format=1&range_from=2025-11-04&range_to=2025-11-11&cont_flag=1 (Caused by NameResolutionError(\"<urllib3.connection.HTTPSConnection object at 0x0000013ADA4052D0>: Failed to resolve 'api-t1.fyers.in' ([Errno 11001] getaddrinfo failed)\"))"},"timestamp":"2025-11-11 11:16:51,067+0530","service":"FyersAPI"}
{"level":"ERROR","location":"[get_call:164] fyersModel","message":{"API":"/history","error":"HTTPSConnectionPool(host='api-t1.fyers.in', port=443): Max retries exceeded with url: /data/history?symbol=NSE%3AIDEA-EQ&resolution=5&date_format=1&range_from=2025-11-04&range_to=2025-11-11&cont_flag=1 (Caused by NameResolutionError(\"<urllib3.connection.HTTPSConnection object at 0x0000013ADA0A0A50>: Failed to resolve 'api-t1.fyers.in' ([Errno 11001] getaddrinfo failed)\"))"},"timestamp":"2025-11-11 11:16:51,073+0530","service":"FyersAPI"}
{"level":"ERROR","location":"[get_call:164] fyersModel","message":{"API":"/history","error":"HTTPSConnectionPool(host='api-t1.fyers.in', port=443): Max retries exceeded with url: /data/history?symbol=NSE%3AKEC-EQ&resolution=5&date_format=1&range_from=2025-11-04&range_to=2025-11-11&cont_flag=1 (Caused by NameResolutionError(\"<urllib3.connection.HTTPSConnection object at 0x0000013ADA0A5A90>: Failed to resolve 'api-t1.fyers.in' ([Errno 11001] getaddrinfo failed)\"))"},"timestamp":"2025-11-11 11:16:51,075+0530","service":"FyersAPI"}
{"level":"ERROR","location":"[get_call:164] fyersModel","message":{"API":"/history","error":"HTTPSConnectionPool(host='api-t1.fyers.in', port=443): Max retries exceeded with url: /data/history?symbol=NSE%3AHEG-EQ&resolution=5&date_format=1&range_from=2025-11-04&range_to=2025-11-11&cont_flag=1 (Caused by NameResolutionError(\"<urllib3.connection.HTTPSConnection object at 0x0000013ADA3047D0>: Failed to resolve 'api-t1.fyers.in' ([Errno 11001] getaddrinfo failed)\"))"},"timestamp":"2025-11-11 11:16:51,081+0530","service":"FyersAPI"}
{"level":"ERROR","location":"[get_call:164] fyersModel","message":{"API":"/history","error":"HTTPSConnectionPool(host='api-t1.fyers.in', port=443): Max retries exceeded with url: /data/history?symbol=NSE%3AINTELLECT-EQ&resolution=5&date_format=1&range_from=2025-11-04&range_to=2025-11-11&cont_flag=1 (Caused by NameResolutionError(\"<urllib3.connection.HTTPSConnection object at 0x0000013ADA43C110>: Failed to resolve 'api-t1.fyers.in' ([Errno 11001] getaddrinfo failed)\"))"},"timestamp":"2025-11-11 11:16:51,086+0530","service":"FyersAPI"}
{"level":"ERROR","location":"[get_call:164] fyersModel","message":{"API":"/history","error":"HTTPSConnectionPool(host='api-t1.fyers.in', port=443): Max retries exceeded with url: /data/history?symbol=NSE%3AJSL-EQ&resolution=5&date_format=1&range_from=2025-11-04&range_to=2025-11-11&cont_flag=1 (Caused by NameResolutionError(\"<urllib3.connection.HTTPSConnection object at 0x0000013ADA085E90>: Failed to resolve 'api-t1.fyers.in' ([Errno 11001] getaddrinfo failed)\"))"},"timestamp":"2025-11-11 11:17:01,103+0530","service":"FyersAPI"}
{"level":"ERROR","location":"[get_call:164] fyersModel","message":{"API":"/history","error":"HTTPSConnectionPool(host='api-t1.fyers.in', port=443): Max retries exceeded with url: /data/history?symbol=NSE%3AMMTC-EQ&resolution=5&date_format=1&range_from=2025-11-04&range_to=2025-11-11&cont_flag=1 (Caused by NameResolutionError(\"<urllib3.connection.HTTPSConnection object at 0x0000013ADA41DF10>: Failed to resolve 'api-t1.fyers.in' ([Errno 11001] getaddrinfo failed)\"))"},"timestamp":"2025-11-11 11:17:01,116+0530","service":"FyersAPI"}
{"level":"ERROR","location":"[get_call:164] fyersModel","message":{"API":"/history","error":"HTTPSConnectionPool(host='api-t1.fyers.in', port=443): Max retries exceeded with url: /data/history?symbol=NSE%3AIDEA-EQ&resolution=5&date_format=1&range_from=2025-11-04&range_to=2025-11-11&cont_flag=1 (Caused by NameResolutionError(\"<urllib3.connection.HTTPSConnection object at 0x0000013ADA35B3D0>: Failed to resolve 'api-t1.fyers.in' ([Errno 11001] getaddrinfo failed)\"))"},"timestamp":"2025-11-11 11:17:01,123+0530","service":"FyersAPI"}
{"level":"ERROR","location":"[get_call:164] fyersModel","message":{"API":"/history","error":"HTTPSConnectionPool(host='api-t1.fyers.in', port=443): Max retries exceeded with url: /data/history?symbol=NSE%3AKEC-EQ&resolution=5&date_format=1&range_from=2025-11-04&range_to=2025-11-11&cont_flag=1 (Caused by NameResolutionError(\"<urllib3.connection.HTTPSConnection object at 0x0000013ADA425110>: Failed to resolve 'api-t1.fyers.in' ([Errno 11001] getaddrinfo failed)\"))"},"timestamp":"2025-11-11 11:17:01,127+0530","service":"FyersAPI"}
{"level":"ERROR","location":"[get_call:164] fyersModel","message":{"API":"/history","error":"HTTPSConnectionPool(host='api-t1.fyers.in', port=443): Max retries exceeded with url: /data/history?symbol=NSE%3AHEG-EQ&resolution=5&date_format=1&range_from=2025-11-04&range_to=2025-11-11&cont_flag=1 (Caused by NameResolutionError(\"<urllib3.connection.HTTPSConnection object at 0x0000013ADA407BD0>: Failed to resolve 'api-t1.fyers.in' ([Errno 11001] getaddrinfo failed)\"))"},"timestamp":"2025-11-11 11:17:01,141+0530","service":"FyersAPI"}
{"level":"ERROR","location":"[get_call:164] fyersModel","message":{"API":"/history","error":"HTTPSConnectionPool(host='api-t1.fyers.in', port=443): Max retries exceeded with url: /data/history?symbol=NSE%3AINTELLECT-EQ&resolution=5&date_format=1&range_from=2025-11-04&range_to=2025-11-11&cont_flag=1 (Caused by NameResolutionError(\"<urllib3.connection.HTTPSConnection object at 0x0000013ADA2DEA50>: Failed to resolve 'api-t1.fyers.in' ([Errno 11001] getaddrinfo failed)\"))"},"timestamp":"2025-11-11 11:17:01,147+0530","service":"FyersAPI"}
{"level":"ERROR","location":"[get_call:164] fyersModel","message":{"API":"/history","error":"HTTPSConnectionPool(host='api-t1.fyers.in', port=443): Max retries exceeded with url: /data/history?symbol=NSE%3AJSL-EQ&resolution=5&date_format=1&range_from=2025-11-04&range_to=2025-11-11&cont_flag=1 (Caused by NameResolutionError(\"<urllib3.connection.HTTPSConnection object at 0x0000013ADA406FD0>: Failed to resolve 'api-t1.fyers.in' ([Errno 11001] getaddrinfo failed)\"))"},"timestamp":"2025-11-11 11:17:11,154+0530","service":"FyersAPI"}
{"level":"ERROR","location":"[get_call:164] fyersModel","message":{"API":"/history","error":"HTTPSConnectionPool(host='api-t1.fyers.in', port=443): Max retries exceeded with url: /data/history?symbol=NSE%3AMMTC-EQ&resolution=5&date_format=1&range_from=2025-11-04&range_to=2025-11-11&cont_flag=1 (Caused by NameResolutionError(\"<urllib3.connection.HTTPSConnection object at 0x0000013ADA4073D0>: Failed to resolve 'api-t1.fyers.in' ([Errno 11001] getaddrinfo failed)\"))"},"timestamp":"2025-11-11 11:17:11,156+0530","service":"FyersAPI"}
{"level":"ERROR","location":"[get_call:164] fyersModel","message":{"API":"/history","error":"HTTPSConnectionPool(host='api-t1.fyers.in', port=443): Max retries exceeded with url: /data/history?symbol=NSE%3AIDEA-EQ&resolution=5&date_format=1&range_from=2025-11-04&range_to=2025-11-11&cont_flag=1 (Caused by NameResolutionError(\"<urllib3.connection.HTTPSConnection object at 0x0000013ADA08EB90>: Failed to resolve 'api-t1.fyers.in' ([Errno 11001] getaddrinfo failed)\"))"},"timestamp":"2025-11-11 11:17:11,170+0530","service":"FyersAPI"}
{"level":"ERROR","location":"[get_call:164] fyersModel","message":{"API":"/history","error":"HTTPSConnectionPool(host='api-t1.fyers.in', port=443): Max retries exceeded with url: /data/history?symbol=NSE%3AKEC-EQ&resolution=5&date_format=1&range_from=2025-11-04&range_to=2025-11-11&cont_flag=1 (Caused by NameResolutionError(\"<urllib3.connection.HTTPSConnection object at 0x0000013ADA41DED0>: Failed to resolve 'api-t1.fyers.in' ([Errno 11001] getaddrinfo failed)\"))"},"timestamp":"2025-11-11 11:17:11,172+0530","service":"FyersAPI"}
{"level":"ERROR","location":"[get_call:164] fyersModel","message":{"API":"/history","error":"HTTPSConnectionPool(host='api-t1.fyers.in', port=443): Max retries exceeded with url: /data/history?symbol=NSE%3AHEG-EQ&resolution=5&date_format=1&range_from=2025-11-04&range_to=2025-11-11&cont_flag=1 (Caused by NameResolutionError(\"<urllib3.connection.HTTPSConnection object at 0x0000013ADA412E50>: Failed to resolve 'api-t1.fyers.in' ([Errno 11001] getaddrinfo failed)\"))"},"timestamp":"2025-11-11 11:17:11,181+0530","service":"FyersAPI"}
{"level":"ERROR","location":"[get_call:164] fyersModel","message":{"API":"/history","error":"HTTPSConnectionPool(host='api-t1.fyers.in', port=443): Max retries exceeded with url: /data/history?symbol=NSE%3AINTELLECT-EQ&resolution=5&date_format=1&range_from=2025-11-04&range_to=2025-11-11&cont_flag=1 (Caused by NameResolutionError(\"<urllib3.connection.HTTPSConnection object at 0x0000013ADA35BA10>: Failed to resolve 'api-t1.fyers.in' ([Errno 11001] getaddrinfo failed)\"))"},"timestamp":"2025-11-11 11:17:11,191+0530","service":"FyersAPI"}
{"level":"ERROR","location":"[get_call:164] fyersModel","message":{"API":"/history","error":"HTTPSConnectionPool(host='api-t1.fyers.in', port=443): Max retries exceeded with url: /data/history?symbol=NSE%3AJSL-EQ&resolution=5&date_format=1&range_from=2025-11-04&range_to=2025-11-11&cont_flag=1 (Caused by NameResolutionError(\"<urllib3.connection.HTTPSConnection object at 0x0000013ADA41C150>: Failed to resolve 'api-t1.fyers.in' ([Errno 11001] getaddrinfo failed)\"))"},"timestamp":"2025-11-11 11:17:21,196+0530","service":"FyersAPI"}
{"level":"ERROR","location":"[get_call:164] fyersModel","message":{"API":"/history","error":"HTTPSConnectionPool(host='api-t1.fyers.in', port=443): Max retries exceeded with url: /data/history?symbol=NSE%3AMMTC-EQ&resolution=5&date_format=1&range_from=2025-11-04&range_to=2025-11-11&cont_flag=1 (Caused by NameResolutionError(\"<urllib3.connection.HTTPSConnection object at 0x0000013ADA3F6DD0>: Failed to resolve 'api-t1.fyers.in' ([Errno 11001] getaddrinfo failed)\"))"},"timestamp":"2025-11-11 11:17:21,199+0530","service":"FyersAPI"}
{"level":"ERROR","location":"[get_call:164] fyersModel","message":{"API":"/history","error":"HTTPSConnectionPool(host='api-t1.fyers.in', port=443): Max retries exceeded with url: /data/history?symbol=NSE%3AIDEA-EQ&resolution=5&date_format=1&range_from=2025-11-04&range_to=2025-11-11&cont_flag=1 (Caused by NameResolutionError(\"<urllib3.connection.HTTPSConnection object at 0x0000013ADA406B90>: Failed to resolve 'api-t1.fyers.in' ([Errno 11001] getaddrinfo failed)\"))"},"timestamp":"2025-11-11 11:17:21,208+0530","service":"FyersAPI"}
{"level":"ERROR","location":"[get_call:164] fyersModel","message":{"API":"/history","error":"HTTPSConnectionPool(host='api-t1.fyers.in', port=443): Max retries exceeded with url: /data/history?symbol=NSE%3AKEC-EQ&resolution=5&date_format=1&range_from=2025-11-04&range_to=2025-11-11&cont_flag=1 (Caused by NameResolutionError(\"<urllib3.connection.HTTPSConnection object at 0x0000013AD7992A50>: Failed to resolve 'api-t1.fyers.in' ([Errno 11001] getaddrinfo failed)\"))"},"timestamp":"2025-11-11 11:17:21,213+0530","service":"FyersAPI"}
{"level":"ERROR","location":"[get_call:164] fyersModel","message":{"API":"/history","error":"HTTPSConnectionPool(host='api-t1.fyers.in', port=443): Max retries exceeded with url: /data/history?symbol=NSE%3AHEG-EQ&resolution=5&date_format=1&range_from=2025-11-04&range_to=2025-11-11&cont_flag=1 (Caused by NameResolutionError(\"<urllib3.connection.HTTPSConnection object at 0x0000013ADA0A3DD0>: Failed to resolve 'api-t1.fyers.in' ([Errno 11001] getaddrinfo failed)\"))"},"timestamp":"2025-11-11 11:17:21,216+0530","service":"FyersAPI"}
{"level":"ERROR","location":"[get_call:164] fyersModel","message":{"API":"/history","error":"HTTPSConnectionPool(host='api-t1.fyers.in', port=443): Max retries exceeded with url: /data/history?symbol=NSE%3AINTELLECT-EQ&resolution=5&date_format=1&range_from=2025-11-04&range_to=2025-11-11&cont_flag=1 (Caused by NameResolutionError(\"<urllib3.connection.HTTPSConnection object at 0x0000013ADA3F75D0>: Failed to resolve 'api-t1.fyers.in' ([Errno 11001] getaddrinfo failed)\"))"},"timestamp":"2025-11-11 11:17:21,223+0530","service":"FyersAPI"}
{"level":"ERROR","location":"[get_call:164] fyersModel","message":{"API":"/history","error":"HTTPSConnectionPool(host='api-t1.fyers.in', port=443): Max retries exceeded with url: /data/history?symbol=NSE%3AJSL-EQ&resolution=5&date_format=1&range_from=2025-11-04&range_to=2025-11-11&cont_flag=1 (Caused by NameResolutionError(\"<urllib3.connection.HTTPSConnection object at 0x0000013ADA406450>: Failed to resolve 'api-t1.fyers.in' ([Errno 11001] getaddrinfo failed)\"))"},"timestamp":"2025-11-11 11:17:31,237+0530","service":"FyersAPI"}
{"level":"ERROR","location":"[get_call:164] fyersModel","message":{"API":"/history","error":"HTTPSConnectionPool(host='api-t1.fyers.in', port=443): Max retries exceeded with url: /data/history?symbol=NSE%3AMMTC-EQ&resolution=5&date_format=1&range_from=2025-11-04&range_to=2025-11-11&cont_flag=1 (Caused by NameResolutionError(\"<urllib3.connection.HTTPSConnection object at 0x0000013ADA359110>: Failed to resolve 'api-t1.fyers.in' ([Errno 11001] getaddrinfo failed)\"))"},"timestamp":"2025-11-11 11:17:31,243+0530","service":"FyersAPI"}
{"level":"ERROR","location":"[get_call:164] fyersModel","message":{"API":"/history","error":"HTTPSConnectionPool(host='api-t1.fyers.in', port=443): Max retries exceeded with url: /data/history?symbol=NSE%3AIDEA-EQ&resolution=5&date_format=1&range_from=2025-11-04&range_to=2025-11-11&cont_flag=1 (Caused by NameResolutionError(\"<urllib3.connection.HTTPSConnection object at 0x0000013ADA09E250>: Failed to resolve 'api-t1.fyers.in' ([Errno 11001] getaddrinfo failed)\"))"},"timestamp":"2025-11-11 11:17:31,250+0530","service":"FyersAPI"}
{"level":"ERROR","location":"[get_call:164] fyersModel","message":{"API":"/history","error":"HTTPSConnectionPool(host='api-t1.fyers.in', port=443): Max retries exceeded with url: /data/history?symbol=NSE%3AKEC-EQ&resolution=5&date_format=1&range_from=2025-11-04&range_to=2025-11-11&cont_flag=1 (Caused by NameResolutionError(\"<urllib3.connection.HTTPSConnection object at 0x0000013ADA0A7D10>: Failed to resolve 'api-t1.fyers.in' ([Errno 11001] getaddrinfo failed)\"))"},"timestamp":"2025-11-11 11:17:31,256+0530","service":"FyersAPI"}
{"level":"ERROR","location":"[get_call:164] fyersModel","message":{"API":"/history","error":"HTTPSConnectionPool(host='api-t1.fyers.in', port=443): Max retries exceeded with url: /data/history?symbol=NSE%3AHEG-EQ&resolution=5&date_format=1&range_from=2025-11-04&range_to=2025-11-11&cont_flag=1 (Caused by NameResolutionError(\"<urllib3.connection.HTTPSConnection object at 0x0000013ADA3043D0>: Failed to resolve 'api-t1.fyers.in' ([Errno 11001] getaddrinfo failed)\"))"},"timestamp":"2025-11-11 11:17:31,263+0530","service":"FyersAPI"}
{"level":"ERROR","location":"[get_call:164] fyersModel","message":{"API":"/history","error":"HTTPSConnectionPool(host='api-t1.fyers.in', port=443): Max retries exceeded with url: /data/history?symbol=NSE%3AINTELLECT-EQ&resolution=5&date_format=1&range_from=2025-11-04&range_to=2025-11-11&cont_flag=1 (Caused by NameResolutionError(\"<urllib3.connection.HTTPSConnection object at 0x0000013ADA0A1810>: Failed to resolve 'api-t1.fyers.in' ([Errno 11001] getaddrinfo failed)\"))"},"timestamp":"2025-11-11 11:17:31,266+0530","service":"FyersAPI"}
{"level":"ERROR","location":"[get_call:164] fyersModel","message":{"API":"/history","error":"HTTPSConnectionPool(host='api-t1.fyers.in', port=443): Max retries exceeded with url: /data/history?symbol=NSE%3AJSL-EQ&resolution=5&date_format=1&range_from=2025-11-04&range_to=2025-11-11&cont_flag=1 (Caused by NameResolutionError(\"<urllib3.connection.HTTPSConnection object at 0x0000013ADA404F50>: Failed to resolve 'api-t1.fyers.in' ([Errno 11001] getaddrinfo failed)\"))"},"timestamp":"2025-11-11 11:17:41,270+0530","service":"FyersAPI"}
{"level":"ERROR","location":"[get_call:164] fyersModel","message":{"API":"/history","error":"HTTPSConnectionPool(host='api-t1.fyers.in', port=443): Max retries exceeded with url: /data/history?symbol=NSE%3AMMTC-EQ&resolution=5&date_format=1&range_from=2025-11-04&range_to=2025-11-11&cont_flag=1 (Caused by NameResolutionError(\"<urllib3.connection.HTTPSConnection object at 0x0000013ADA406D10>: Failed to resolve 'api-t1.fyers.in' ([Errno 11001] getaddrinfo failed)\"))"},"timestamp":"2025-11-11 11:17:41,280+0530","service":"FyersAPI"}
{"level":"ERROR","location":"[get_call:164] fyersModel","message":{"API":"/history","error":"HTTPSConnectionPool(host='api-t1.fyers.in', port=443): Max retries exceeded with url: /data/history?symbol=NSE%3AIDEA-EQ&resolution=5&date_format=1&range_from=2025-11-04&range_to=2025-11-11&cont_flag=1 (Caused by NameResolutionError(\"<urllib3.connection.HTTPSConnection object at 0x0000013ADA43CAD0>: Failed to resolve 'api-t1.fyers.in' ([Errno 11001] getaddrinfo failed)\"))"},"timestamp":"2025-11-11 11:17:41,286+0530","service":"FyersAPI"}
{"level":"ERROR","location":"[get_call:164] fyersModel","message":{"API":"/history","error":"HTTPSConnectionPool(host='api-t1.fyers.in', port=443): Max retries exceeded with url: /data/history?symbol=NSE%3AKEC-EQ&resolution=5&date_format=1&range_from=2025-11-04&range_to=2025-11-11&cont_flag=1 (Caused by NameResolutionError(\"<urllib3.connection.HTTPSConnection object at 0x0000013ADA09AB90>: Failed to resolve 'api-t1.fyers.in' ([Errno 11001] getaddrinfo failed)\"))"},"timestamp":"2025-11-11 11:17:41,291+0530","service":"FyersAPI"}
{"level":"ERROR","location":"[get_call:164] fyersModel","message":{"API":"/history","error":"HTTPSConnectionPool(host='api-t1.fyers.in', port=443): Max retries exceeded with url: /data/history?symbol=NSE%3AHEG-EQ&resolution=5&date_format=1&range_from=2025-11-04&range_to=2025-11-11&cont_flag=1 (Caused by NameResolutionError(\"<urllib3.connection.HTTPSConnection object at 0x0000013ADA404ED0>: Failed to resolve 'api-t1.fyers.in' ([Errno 11001] getaddrinfo failed)\"))"},"timestamp":"2025-11-11 11:17:41,294+0530","service":"FyersAPI"}
{"level":"ERROR","location":"[get_call:164] fyersModel","message":{"API":"/history","error":"HTTPSConnectionPool(host='api-t1.fyers.in', port=443): Max retries exceeded with url: /data/history?symbol=NSE%3AINTELLECT-EQ&resolution=5&date_format=1&range_from=2025-11-04&range_to=2025-11-11&cont_flag=1 (Caused by NameResolutionError(\"<urllib3.connection.HTTPSConnection object at 0x0000013ADA307990>: Failed to resolve 'api-t1.fyers.in' ([Errno 11001] getaddrinfo failed)\"))"},"timestamp":"2025-11-11 11:17:41,302+0530","service":"FyersAPI"}
{"level":"ERROR","location":"[get_call:164] fyersModel","message":{"API":"/history","error":"HTTPSConnectionPool(host='api-t1.fyers.in', port=443): Max retries exceeded with url: /data/history?symbol=NSE%3AJSL-EQ&resolution=5&date_format=1&range_from=2025-11-04&range_to=2025-11-11&cont_flag=1 (Caused by NameResolutionError(\"<urllib3.connection.HTTPSConnection object at 0x0000013ADA09EBD0>: Failed to resolve 'api-t1.fyers.in' ([Errno 11001] getaddrinfo failed)\"))"},"timestamp":"2025-11-11 11:17:51,308+0530","service":"FyersAPI"}
{"level":"ERROR","location":"[get_call:164] fyersModel","message":{"API":"/history","error":"HTTPSConnectionPool(host='api-t1.fyers.in', port=443): Max retries exceeded with url: /data/history?symbol=NSE%3AMMTC-EQ&resolution=5&date_format=1&range_from=2025-11-04&range_to=2025-11-11&cont_flag=1 (Caused by NameResolutionError(\"<urllib3.connection.HTTPSConnection object at 0x0000013ADA43D8D0>: Failed to resolve 'api-t1.fyers.in' ([Errno 11001] getaddrinfo failed)\"))"},"timestamp":"2025-11-11 11:17:51,316+0530","service":"FyersAPI"}
{"level":"ERROR","location":"[get_call:164] fyersModel","message":{"API":"/history","error":"HTTPSConnectionPool(host='api-t1.fyers.in', port=443): Max retries exceeded with url: /data/history?symbol=NSE%3AIDEA-EQ&resolution=5&date_format=1&range_from=2025-11-04&range_to=2025-11-11&cont_flag=1 (Caused by NameResolutionError(\"<urllib3.connection.HTTPSConnection object at 0x0000013ADA26A2D0>: Failed to resolve 'api-t1.fyers.in' ([Errno 11001] getaddrinfo failed)\"))"},"timestamp":"2025-11-11 11:17:51,322+0530","service":"FyersAPI"}
{"level":"ERROR","location":"[get_call:164] fyersModel","message":{"API":"/history","error":"HTTPSConnectionPool(host='api-t1.fyers.in', port=443): Max retries exceeded with url: /data/history?symbol=NSE%3AKEC-EQ&resolution=5&date_format=1&range_from=2025-11-04&range_to=2025-11-11&cont_flag=1 (Caused by NameResolutionError(\"<urllib3.connection.HTTPSConnection object at 0x0000013AD9A5F7D0>: Failed to resolve 'api-t1.fyers.in' ([Errno 11001] getaddrinfo failed)\"))"},"timestamp":"2025-11-11 11:17:51,322+0530","service":"FyersAPI"}
{"level":"ERROR","location":"[get_call:164] fyersModel","message":{"API":"/history","error":"HTTPSConnectionPool(host='api-t1.fyers.in', port=443): Max retries exceeded with url: /data/history?symbol=NSE%3AHEG-EQ&resolution=5&date_format=1&range_from=2025-11-04&range_to=2025-11-11&cont_flag=1 (Caused by NameResolutionError(\"<urllib3.connection.HTTPSConnection object at 0x0000013ADA385010>: Failed to resolve 'api-t1.fyers.in' ([Errno 11001] getaddrinfo failed)\"))"},"timestamp":"2025-11-11 11:17:51,330+0530","service":"FyersAPI"}
{"level":"ERROR","location":"[get_call:164] fyersModel","message":{"API":"/history","error":"HTTPSConnectionPool(host='api-t1.fyers.in', port=443): Max retries exceeded with url: /data/history?symbol=NSE%3AINTELLECT-EQ&resolution=5&date_format=1&range_from=2025-11-04&range_to=2025-11-11&cont_flag=1 (Caused by NameResolutionError(\"<urllib3.connection.HTTPSConnection object at 0x0000013ADA0A3DD0>: Failed to resolve 'api-t1.fyers.in' ([Errno 11001] getaddrinfo failed)\"))"},"timestamp":"2025-11-11 11:17:51,333+0530","service":"FyersAPI"}
{"level":"ERROR","location":"[get_call:164] fyersModel","message":{"API":"/history","error":"HTTPSConnectionPool(host='api-t1.fyers.in', port=443): Max retries exceeded with url: /data/history?symbol=NSE%3AJSL-EQ&resolution=5&date_format=1&range_from=2025-11-04&range_to=2025-11-11&cont_flag=1 (Caused by NameResolutionError(\"<urllib3.connection.HTTPSConnection object at 0x0000013ADA406A90>: Failed to resolve 'api-t1.fyers.in' ([Errno 11001] getaddrinfo failed)\"))"},"timestamp":"2025-11-11 11:18:01,349+0530","service":"FyersAPI"}
{"level":"ERROR","location":"[get_call:164] fyersModel","message":{"API":"/history","error":"HTTPSConnectionPool(host='api-t1.fyers.in', port=443): Max retries exceeded with url: /data/history?symbol=NSE%3AMMTC-EQ&resolution=5&date_format=1&range_from=2025-11-04&range_to=2025-11-11&cont_flag=1 (Caused by NameResolutionError(\"<urllib3.connection.HTTPSConnection object at 0x0000013AD7548850>: Failed to resolve 'api-t1.fyers.in' ([Errno 11001] getaddrinfo failed)\"))"},"timestamp":"2025-11-11 11:18:01,355+0530","service":"FyersAPI"}
{"level":"ERROR","location":"[get_call:164] fyersModel","message":{"API":"/history","error":"HTTPSConnectionPool(host='api-t1.fyers.in', port=443): Max retries exceeded with url: /data/history?symbol=NSE%3AIDEA-EQ&resolution=5&date_format=1&range_from=2025-11-04&range_to=2025-11-11&cont_flag=1 (Caused by NameResolutionError(\"<urllib3.connection.HTTPSConnection object at 0x0000013ADA384090>: Failed to resolve 'api-t1.fyers.in' ([Errno 11001] getaddrinfo failed)\"))"},"timestamp":"2025-11-11 11:18:01,363+0530","service":"FyersAPI"}
{"level":"ERROR","location":"[get_call:164] fyersModel","message":{"API":"/history","error":"HTTPSConnectionPool(host='api-t1.fyers.in', port=443): Max retries exceeded with url: /data/history?symbol=NSE%3AKEC-EQ&resolution=5&date_format=1&range_from=2025-11-04&range_to=2025-11-11&cont_flag=1 (Caused by NameResolutionError(\"<urllib3.connection.HTTPSConnection object at 0x0000013ADA43C190>: Failed to resolve 'api-t1.fyers.in' ([Errno 11001] getaddrinfo failed)\"))"},"timestamp":"2025-11-11 11:18:01,367+0530","service":"FyersAPI"}
{"level":"ERROR","location":"[get_call:164] fyersModel","message":{"API":"/history","error":"HTTPSConnectionPool(host='api-t1.fyers.in', port=443): Max retries exceeded with url: /data/history?symbol=NSE%3AHEG-EQ&resolution=5&date_format=1&range_from=2025-11-04&range_to=2025-11-11&cont_flag=1 (Caused by NameResolutionError(\"<urllib3.connection.HTTPSConnection object at 0x0000013ADA08C6D0>: Failed to resolve 'api-t1.fyers.in' ([Errno 11001] getaddrinfo failed)\"))"},"timestamp":"2025-11-11 11:18:01,372+0530","service":"FyersAPI"}
{"level":"ERROR","location":"[get_call:164] fyersModel","message":{"API":"/history","error":"HTTPSConnectionPool(host='api-t1.fyers.in', port=443): Max retries exceeded with url: /data/history?symbol=NSE%3AINTELLECT-EQ&resolution=5&date_format=1&range_from=2025-11-04&range_to=2025-11-11&cont_flag=1 (Caused by NameResolutionError(\"<urllib3.connection.HTTPSConnection object at 0x0000013ADA406690>: Failed to resolve 'api-t1.fyers.in' ([Errno 11001] getaddrinfo failed)\"))"},"timestamp":"2025-11-11 11:18:01,376+0530","service":"FyersAPI"}
{"level":"ERROR","location":"[get_call:164] fyersModel","message":{"API":"/history","error":"HTTPSConnectionPool(host='api-t1.fyers.in', port=443): Max retries exceeded with url: /data/history?symbol=NSE%3AJSL-EQ&resolution=5&date_format=1&range_from=2025-11-04&range_to=2025-11-11&cont_flag=1 (Caused by NameResolutionError(\"<urllib3.connection.HTTPSConnection object at 0x0000013ADA41E450>: Failed to resolve 'api-t1.fyers.in' ([Errno 11001] getaddrinfo failed)\"))"},"timestamp":"2025-11-11 11:18:11,383+0530","service":"FyersAPI"}
{"level":"ERROR","location":"[get_call:164] fyersModel","message":{"API":"/history","error":"HTTPSConnectionPool(host='api-t1.fyers.in', port=443): Max retries exceeded with url: /data/history?symbol=NSE%3AMMTC-EQ&resolution=5&date_format=1&range_from=2025-11-04&range_to=2025-11-11&cont_flag=1 (Caused by NameResolutionError(\"<urllib3.connection.HTTPSConnection object at 0x0000013ADA359790>: Failed to resolve 'api-t1.fyers.in' ([Errno 11001] getaddrinfo failed)\"))"},"timestamp":"2025-11-11 11:18:11,391+0530","service":"FyersAPI"}
{"level":"ERROR","location":"[get_call:164] fyersModel","message":{"API":"/history","error":"HTTPSConnectionPool(host='api-t1.fyers.in', port=443): Max retries exceeded with url: /data/history?symbol=NSE%3AIDEA-EQ&resolution=5&date_format=1&range_from=2025-11-04&range_to=2025-11-11&cont_flag=1 (Caused by NameResolutionError(\"<urllib3.connection.HTTPSConnection object at 0x0000013ADA09F550>: Failed to resolve 'api-t1.fyers.in' ([Errno 11001] getaddrinfo failed)\"))"},"timestamp":"2025-11-11 11:18:11,396+0530","service":"FyersAPI"}
{"level":"ERROR","location":"[get_call:164] fyersModel","message":{"API":"/history","error":"HTTPSConnectionPool(host='api-t1.fyers.in', port=443): Max retries exceeded with url: /data/history?symbol=NSE%3AKEC-EQ&resolution=5&date_format=1&range_from=2025-11-04&range_to=2025-11-11&cont_flag=1 (Caused by NameResolutionError(\"<urllib3.connection.HTTPSConnection object at 0x0000013ADA4068D0>: Failed to resolve 'api-t1.fyers.in' ([Errno 11001] getaddrinfo failed)\"))"},"timestamp":"2025-11-11 11:18:11,400+0530","service":"FyersAPI"}
{"level":"ERROR","location":"[get_call:164] fyersModel","message":{"API":"/history","error":"HTTPSConnectionPool(host='api-t1.fyers.in', port=443): Max retries exceeded with url: /data/history?symbol=NSE%3AHEG-EQ&resolution=5&date_format=1&range_from=2025-11-04&range_to=2025-11-11&cont_flag=1 (Caused by NameResolutionError(\"<urllib3.connection.HTTPSConnection object at 0x0000013ADA43F790>: Failed to resolve 'api-t1.fyers.in' ([Errno 11001] getaddrinfo failed)\"))"},"timestamp":"2025-11-11 11:18:11,402+0530","service":"FyersAPI"}
{"level":"ERROR","location":"[get_call:164] fyersModel","message":{"API":"/history","error":"HTTPSConnectionPool(host='api-t1.fyers.in', port=443): Max retries exceeded with url: /data/history?symbol=NSE%3AINTELLECT-EQ&resolution=5&date_format=1&range_from=2025-11-04&range_to=2025-11-11&cont_flag=1 (Caused by NameResolutionError(\"<urllib3.connection.HTTPSConnection object at 0x0000013ADA41DA50>: Failed to resolve 'api-t1.fyers.in' ([Errno 11001] getaddrinfo failed)\"))"},"timestamp":"2025-11-11 11:18:11,410+0530","service":"FyersAPI"}
{"level":"ERROR","location":"[get_call:164] fyersModel","message":{"API":"/history","error":"HTTPSConnectionPool(host='api-t1.fyers.in', port=443): Max retries exceeded with url: /data/history?symbol=NSE%3AJSL-EQ&resolution=5&date_format=1&range_from=2025-11-04&range_to=2025-11-11&cont_flag=1 (Caused by NameResolutionError(\"<urllib3.connection.HTTPSConnection object at 0x0000013ADA43E6D0>: Failed to resolve 'api-t1.fyers.in' ([Errno 11001] getaddrinfo failed)\"))"},"timestamp":"2025-11-11 11:18:21,417+0530","service":"FyersAPI"}
{"level":"ERROR","location":"[get_call:164] fyersModel","message":{"API":"/history","error":"HTTPSConnectionPool(host='api-t1.fyers.in', port=443): Max retries exceeded with url: /data/history?symbol=NSE%3AMMTC-EQ&resolution=5&date_format=1&range_from=2025-11-04&range_to=2025-11-11&cont_flag=1 (Caused by NameResolutionError(\"<urllib3.connection.HTTPSConnection object at 0x0000013ADA3F6F10>: Failed to resolve 'api-t1.fyers.in' ([Errno 11001] getaddrinfo failed)\"))"},"timestamp":"2025-11-11 11:18:21,425+0530","service":"FyersAPI"}
{"level":"ERROR","location":"[get_call:164] fyersModel","message":{"API":"/history","error":"HTTPSConnectionPool(host='api-t1.fyers.in', port=443): Max retries exceeded with url: /data/history?symbol=NSE%3AIDEA-EQ&resolution=5&date_format=1&range_from=2025-11-04&range_to=2025-11-11&cont_flag=1 (Caused by NameResolutionError(\"<urllib3.connection.HTTPSConnection object at 0x0000013ADA406D10>: Failed to resolve 'api-t1.fyers.in' ([Errno 11001] getaddrinfo failed)\"))"},"timestamp":"2025-11-11 11:18:21,427+0530","service":"FyersAPI"}
{"level":"ERROR","location":"[get_call:164] fyersModel","message":{"API":"/history","error":"HTTPSConnectionPool(host='api-t1.fyers.in', port=443): Max retries exceeded with url: /data/history?symbol=NSE%3AKEC-EQ&resolution=5&date_format=1&range_from=2025-11-04&range_to=2025-11-11&cont_flag=1 (Caused by NameResolutionError(\"<urllib3.connection.HTTPSConnection object at 0x0000013AD8F56290>: Failed to resolve 'api-t1.fyers.in' ([Errno 11001] getaddrinfo failed)\"))"},"timestamp":"2025-11-11 11:18:21,434+0530","service":"FyersAPI"}
{"level":"ERROR","location":"[get_call:164] fyersModel","message":{"API":"/history","error":"HTTPSConnectionPool(host='api-t1.fyers.in', port=443): Max retries exceeded with url: /data/history?symbol=NSE%3AHEG-EQ&resolution=5&date_format=1&range_from=2025-11-04&range_to=2025-11-11&cont_flag=1 (Caused by NameResolutionError(\"<urllib3.connection.HTTPSConnection object at 0x0000013ADA41ED90>: Failed to resolve 'api-t1.fyers.in' ([Errno 11001] getaddrinfo failed)\"))"},"timestamp":"2025-11-11 11:18:21,439+0530","service":"FyersAPI"}
{"level":"ERROR","location":"[get_call:164] fyersModel","message":{"API":"/history","error":"HTTPSConnectionPool(host='api-t1.fyers.in', port=443): Max retries exceeded with url: /data/history?symbol=NSE%3AINTELLECT-EQ&resolution=5&date_format=1&range_from=2025-11-04&range_to=2025-11-11&cont_flag=1 (Caused by NameResolutionError(\"<urllib3.connection.HTTPSConnection object at 0x0000013AD9B53010>: Failed to resolve 'api-t1.fyers.in' ([Errno 11001] getaddrinfo failed)\"))"},"timestamp":"2025-11-11 11:18:21,442+0530","service":"FyersAPI"}
{"level":"ERROR","location":"[get_call:164] fyersModel","message":{"API":"/history","error":"HTTPSConnectionPool(host='api-t1.fyers.in', port=443): Max retries exceeded with url: /data/history?symbol=NSE%3AJSL-EQ&resolution=5&date_format=1&range_from=2025-11-04&range_to=2025-11-11&cont_flag=1 (Caused by NameResolutionError(\"<urllib3.connection.HTTPSConnection object at 0x0000013ADA09E250>: Failed to resolve 'api-t1.fyers.in' ([Errno 11001] getaddrinfo failed)\"))"},"timestamp":"2025-11-11 11:18:31,450+0530","service":"FyersAPI"}
{"level":"ERROR","location":"[get_call:164] fyersModel","message":{"API":"/history","error":"HTTPSConnectionPool(host='api-t1.fyers.in', port=443): Max retries exceeded with url: /data/history?symbol=NSE%3AMMTC-EQ&resolution=5&date_format=1&range_from=2025-11-04&range_to=2025-11-11&cont_flag=1 (Caused by NameResolutionError(\"<urllib3.connection.HTTPSConnection object at 0x0000013ADA386FD0>: Failed to resolve 'api-t1.fyers.in' ([Errno 11001] getaddrinfo failed)\"))"},"timestamp":"2025-11-11 11:18:31,455+0530","service":"FyersAPI"}
{"level":"ERROR","location":"[get_call:164] fyersModel","message":{"API":"/history","error":"HTTPSConnectionPool(host='api-t1.fyers.in', port=443): Max retries exceeded with url: /data/history?symbol=NSE%3AIDEA-EQ&resolution=5&date_format=1&range_from=2025-11-04&range_to=2025-11-11&cont_flag=1 (Caused by NameResolutionError(\"<urllib3.connection.HTTPSConnection object at 0x0000013ADA407BD0>: Failed to resolve 'api-t1.fyers.in' ([Errno 11001] getaddrinfo failed)\"))"},"timestamp":"2025-11-11 11:18:31,462+0530","service":"FyersAPI"}
{"level":"ERROR","location":"[get_call:164] fyersModel","message":{"API":"/history","error":"HTTPSConnectionPool(host='api-t1.fyers.in', port=443): Max retries exceeded with url: /data/history?symbol=NSE%3AKEC-EQ&resolution=5&date_format=1&range_from=2025-11-04&range_to=2025-11-11&cont_flag=1 (Caused by NameResolutionError(\"<urllib3.connection.HTTPSConnection object at 0x0000013ADA41FE10>: Failed to resolve 'api-t1.fyers.in' ([Errno 11001] getaddrinfo failed)\"))"},"timestamp":"2025-11-11 11:18:31,468+0530","service":"FyersAPI"}
{"level":"ERROR","location":"[get_call:164] fyersModel","message":{"API":"/history","error":"HTTPSConnectionPool(host='api-t1.fyers.in', port=443): Max retries exceeded with url: /data/history?symbol=NSE%3AHEG-EQ&resolution=5&date_format=1&range_from=2025-11-04&range_to=2025-11-11&cont_flag=1 (Caused by NameResolutionError(\"<urllib3.connection.HTTPSConnection object at 0x0000013ADA426610>: Failed to resolve 'api-t1.fyers.in' ([Errno 11001] getaddrinfo failed)\"))"},"timestamp":"2025-11-11 11:18:31,470+0530","service":"FyersAPI"}
{"level":"ERROR","location":"[get_call:164] fyersModel","message":{"API":"/history","error":"HTTPSConnectionPool(host='api-t1.fyers.in', port=443): Max retries exceeded with url: /data/history?symbol=NSE%3AINTELLECT-EQ&resolution=5&date_format=1&range_from=2025-11-04&range_to=2025-11-11&cont_flag=1 (Caused by NameResolutionError(\"<urllib3.connection.HTTPSConnection object at 0x0000013ADA0A1750>: Failed to resolve 'api-t1.fyers.in' ([Errno 11001] getaddrinfo failed)\"))"},"timestamp":"2025-11-11 11:18:31,480+0530","service":"FyersAPI"}
{"level":"ERROR","location":"[get_call:164] fyersModel","message":{"API":"/history","error":"HTTPSConnectionPool(host='api-t1.fyers.in', port=443): Max retries exceeded with url: /data/history?symbol=NSE%3AJSL-EQ&resolution=5&date_format=1&range_from=2025-11-04&range_to=2025-11-11&cont_flag=1 (Caused by NameResolutionError(\"<urllib3.connection.HTTPSConnection object at 0x0000013ADA404BD0>: Failed to resolve 'api-t1.fyers.in' ([Errno 11001] getaddrinfo failed)\"))"},"timestamp":"2025-11-11 11:18:41,485+0530","service":"FyersAPI"}
{"level":"ERROR","location":"[get_call:164] fyersModel","message":{"API":"/history","error":"HTTPSConnectionPool(host='api-t1.fyers.in', port=443): Max retries exceeded with url: /data/history?symbol=NSE%3AMMTC-EQ&resolution=5&date_format=1&range_from=2025-11-04&range_to=2025-11-11&cont_flag=1 (Caused by NameResolutionError(\"<urllib3.connection.HTTPSConnection object at 0x0000013ADA35BA10>: Failed to resolve 'api-t1.fyers.in' ([Errno 11001] getaddrinfo failed)\"))"},"timestamp":"2025-11-11 11:18:41,490+0530","service":"FyersAPI"}
{"level":"ERROR","location":"[get_call:164] fyersModel","message":{"API":"/history","error":"HTTPSConnectionPool(host='api-t1.fyers.in', port=443): Max retries exceeded with url: /data/history?symbol=NSE%3AIDEA-EQ&resolution=5&date_format=1&range_from=2025-11-04&range_to=2025-11-11&cont_flag=1 (Caused by NameResolutionError(\"<urllib3.connection.HTTPSConnection object at 0x0000013ADA41DB50>: Failed to resolve 'api-t1.fyers.in' ([Errno 11001] getaddrinfo failed)\"))"},"timestamp":"2025-11-11 11:18:41,497+0530","service":"FyersAPI"}
{"level":"ERROR","location":"[get_call:164] fyersModel","message":{"API":"/history","error":"HTTPSConnectionPool(host='api-t1.fyers.in', port=443): Max retries exceeded with url: /data/history?symbol=NSE%3AKEC-EQ&resolution=5&date_format=1&range_from=2025-11-04&range_to=2025-11-11&cont_flag=1 (Caused by NameResolutionError(\"<urllib3.connection.HTTPSConnection object at 0x0000013ADA426E50>: Failed to resolve 'api-t1.fyers.in' ([Errno 11001] getaddrinfo failed)\"))"},"timestamp":"2025-11-11 11:18:41,505+0530","service":"FyersAPI"}
{"level":"ERROR","location":"[get_call:164] fyersModel","message":{"API":"/history","error":"HTTPSConnectionPool(host='api-t1.fyers.in', port=443): Max retries exceeded with url: /data/history?symbol=NSE%3AHEG-EQ&resolution=5&date_format=1&range_from=2025-11-04&range_to=2025-11-11&cont_flag=1 (Caused by NameResolutionError(\"<urllib3.connection.HTTPSConnection object at 0x0000013ADA347BD0>: Failed to resolve 'api-t1.fyers.in' ([Errno 11001] getaddrinfo failed)\"))"},"timestamp":"2025-11-11 11:18:41,511+0530","service":"FyersAPI"}
{"level":"ERROR","location":"[get_call:164] fyersModel","message":{"API":"/history","error":"HTTPSConnectionPool(host='api-t1.fyers.in', port=443): Max retries exceeded with url: /data/history?symbol=NSE%3AINTELLECT-EQ&resolution=5&date_format=1&range_from=2025-11-04&range_to=2025-11-11&cont_flag=1 (Caused by NameResolutionError(\"<urllib3.connection.HTTPSConnection object at 0x0000013ADA358B50>: Failed to resolve 'api-t1.fyers.in' ([Errno 11001] getaddrinfo failed)\"))"},"timestamp":"2025-11-11 11:18:41,521+0530","service":"FyersAPI"}
{"level":"ERROR","location":"[get_call:164] fyersModel","message":{"API":"/history","error":"HTTPSConnectionPool(host='api-t1.fyers.in', port=443): Max retries exceeded with url: /data/history?symbol=NSE%3AJSL-EQ&resolution=5&date_format=1&range_from=2025-11-04&range_to=2025-11-11&cont_flag=1 (Caused by NameResolutionError(\"<urllib3.connection.HTTPSConnection object at 0x0000013ADA407F90>: Failed to resolve 'api-t1.fyers.in' ([Errno 11001] getaddrinfo failed)\"))"},"timestamp":"2025-11-11 11:18:51,529+0530","service":"FyersAPI"}
{"level":"ERROR","location":"[get_call:164] fyersModel","message":{"API":"/history","error":"HTTPSConnectionPool(host='api-t1.fyers.in', port=443): Max retries exceeded with url: /data/history?symbol=NSE%3AMMTC-EQ&resolution=5&date_format=1&range_from=2025-11-04&range_to=2025-11-11&cont_flag=1 (Caused by NameResolutionError(\"<urllib3.connection.HTTPSConnection object at 0x0000013ADA41CED0>: Failed to resolve 'api-t1.fyers.in' ([Errno 11001] getaddrinfo failed)\"))"},"timestamp":"2025-11-11 11:18:51,535+0530","service":"FyersAPI"}
{"level":"ERROR","location":"[get_call:164] fyersModel","message":{"API":"/history","error":"HTTPSConnectionPool(host='api-t1.fyers.in', port=443): Max retries exceeded with url: /data/history?symbol=NSE%3AIDEA-EQ&resolution=5&date_format=1&range_from=2025-11-04&range_to=2025-11-11&cont_flag=1 (Caused by NameResolutionError(\"<urllib3.connection.HTTPSConnection object at 0x0000013ADA386C90>: Failed to resolve 'api-t1.fyers.in' ([Errno 11001] getaddrinfo failed)\"))"},"timestamp":"2025-11-11 11:18:51,547+0530","service":"FyersAPI"}
{"level":"ERROR","location":"[get_call:164] fyersModel","message":{"API":"/history","error":"HTTPSConnectionPool(host='api-t1.fyers.in', port=443): Max retries exceeded with url: /data/history?symbol=NSE%3AKEC-EQ&resolution=5&date_format=1&range_from=2025-11-04&range_to=2025-11-11&cont_flag=1 (Caused by NameResolutionError(\"<urllib3.connection.HTTPSConnection object at 0x0000013ADA385010>: Failed to resolve 'api-t1.fyers.in' ([Errno 11001] getaddrinfo failed)\"))"},"timestamp":"2025-11-11 11:18:51,553+0530","service":"FyersAPI"}
{"level":"ERROR","location":"[get_call:164] fyersModel","message":{"API":"/history","error":"HTTPSConnectionPool(host='api-t1.fyers.in', port=443): Max retries exceeded with url: /data/history?symbol=NSE%3AHEG-EQ&resolution=5&date_format=1&range_from=2025-11-04&range_to=2025-11-11&cont_flag=1 (Caused by NameResolutionError(\"<urllib3.connection.HTTPSConnection object at 0x0000013ADA407010>: Failed to resolve 'api-t1.fyers.in' ([Errno 11001] getaddrinfo failed)\"))"},"timestamp":"2025-11-11 11:18:51,556+0530","service":"FyersAPI"}
{"level":"ERROR","location":"[get_call:164] fyersModel","message":{"API":"/history","error":"HTTPSConnectionPool(host='api-t1.fyers.in', port=443): Max retries exceeded with url: /data/history?symbol=NSE%3AINTELLECT-EQ&resolution=5&date_format=1&range_from=2025-11-04&range_to=2025-11-11&cont_flag=1 (Caused by NameResolutionError(\"<urllib3.connection.HTTPSConnection object at 0x0000013ADA3F7610>: Failed to resolve 'api-t1.fyers.in' ([Errno 11001] getaddrinfo failed)\"))"},"timestamp":"2025-11-11 11:18:51,567+0530","service":"FyersAPI"}
{"level":"ERROR","location":"[get_call:164] fyersModel","message":{"API":"/history","error":"HTTPSConnectionPool(host='api-t1.fyers.in', port=443): Max retries exceeded with url: /data/history?symbol=NSE%3AJSL-EQ&resolution=5&date_format=1&range_from=2025-11-04&range_to=2025-11-11&cont_flag=1 (Caused by NameResolutionError(\"<urllib3.connection.HTTPSConnection object at 0x0000013ADA43FC50>: Failed to resolve 'api-t1.fyers.in' ([Errno 11001] getaddrinfo failed)\"))"},"timestamp":"2025-11-11 11:19:01,569+0530","service":"FyersAPI"}
{"level":"ERROR","location":"[get_call:164] fyersModel","message":{"API":"/history","error":"HTTPSConnectionPool(host='api-t1.fyers.in', port=443): Max retries exceeded with url: /data/history?symbol=NSE%3AMMTC-EQ&resolution=5&date_format=1&range_from=2025-11-04&range_to=2025-11-11&cont_flag=1 (Caused by NameResolutionError(\"<urllib3.connection.HTTPSConnection object at 0x0000013ADA41C450>: Failed to resolve 'api-t1.fyers.in' ([Errno 11001] getaddrinfo failed)\"))"},"timestamp":"2025-11-11 11:19:01,579+0530","service":"FyersAPI"}
{"level":"ERROR","location":"[get_call:164] fyersModel","message":{"API":"/history","error":"HTTPSConnectionPool(host='api-t1.fyers.in', port=443): Max retries exceeded with url: /data/history?symbol=NSE%3AIDEA-EQ&resolution=5&date_format=1&range_from=2025-11-04&range_to=2025-11-11&cont_flag=1 (Caused by NameResolutionError(\"<urllib3.connection.HTTPSConnection object at 0x0000013ADA425390>: Failed to resolve 'api-t1.fyers.in' ([Errno 11001] getaddrinfo failed)\"))"},"timestamp":"2025-11-11 11:19:01,584+0530","service":"FyersAPI"}
{"level":"ERROR","location":"[get_call:164] fyersModel","message":{"API":"/history","error":"HTTPSConnectionPool(host='api-t1.fyers.in', port=443): Max retries exceeded with url: /data/history?symbol=NSE%3AKEC-EQ&resolution=5&date_format=1&range_from=2025-11-04&range_to=2025-11-11&cont_flag=1 (Caused by NameResolutionError(\"<urllib3.connection.HTTPSConnection object at 0x0000013ADA08EED0>: Failed to resolve 'api-t1.fyers.in' ([Errno 11001] getaddrinfo failed)\"))"},"timestamp":"2025-11-11 11:19:01,589+0530","service":"FyersAPI"}
{"level":"ERROR","location":"[get_call:164] fyersModel","message":{"API":"/history","error":"HTTPSConnectionPool(host='api-t1.fyers.in', port=443): Max retries exceeded with url: /data/history?symbol=NSE%3AHEG-EQ&resolution=5&date_format=1&range_from=2025-11-04&range_to=2025-11-11&cont_flag=1 (Caused by NameResolutionError(\"<urllib3.connection.HTTPSConnection object at 0x0000013ADA09D890>: Failed to resolve 'api-t1.fyers.in' ([Errno 11001] getaddrinfo failed)\"))"},"timestamp":"2025-11-11 11:19:01,595+0530","service":"FyersAPI"}
{"level":"ERROR","location":"[get_call:164] fyersModel","message":{"API":"/history","error":"HTTPSConnectionPool(host='api-t1.fyers.in', port=443): Max retries exceeded with url: /data/history?symbol=NSE%3AINTELLECT-EQ&resolution=5&date_format=1&range_from=2025-11-04&range_to=2025-11-11&cont_flag=1 (Caused by NameResolutionError(\"<urllib3.connection.HTTPSConnection object at 0x0000013ADA405050>: Failed to resolve 'api-t1.fyers.in' ([Errno 11001] getaddrinfo failed)\"))"},"timestamp":"2025-11-11 11:19:01,600+0530","service":"FyersAPI"}
{"level":"ERROR","location":"[get_call:164] fyersModel","message":{"API":"/history","error":"HTTPSConnectionPool(host='api-t1.fyers.in', port=443): Max retries exceeded with url: /data/history?symbol=NSE%3AJSL-EQ&resolution=5&date_format=1&range_from=2025-11-04&range_to=2025-11-11&cont_flag=1 (Caused by NameResolutionError(\"<urllib3.connection.HTTPSConnection object at 0x0000013ADA41E110>: Failed to resolve 'api-t1.fyers.in' ([Errno 11001] getaddrinfo failed)\"))"},"timestamp":"2025-11-11 11:19:11,607+0530","service":"FyersAPI"}
{"level":"ERROR","location":"[get_call:164] fyersModel","message":{"API":"/history","error":"HTTPSConnectionPool(host='api-t1.fyers.in', port=443): Max retries exceeded with url: /data/history?symbol=NSE%3AMMTC-EQ&resolution=5&date_format=1&range_from=2025-11-04&range_to=2025-11-11&cont_flag=1 (Caused by NameResolutionError(\"<urllib3.connection.HTTPSConnection object at 0x0000013ADA424C50>: Failed to resolve 'api-t1.fyers.in' ([Errno 11001] getaddrinfo failed)\"))"},"timestamp":"2025-11-11 11:19:11,613+0530","service":"FyersAPI"}
{"level":"ERROR","location":"[get_call:164] fyersModel","message":{"API":"/history","error":"HTTPSConnectionPool(host='api-t1.fyers.in', port=443): Max retries exceeded with url: /data/history?symbol=NSE%3AIDEA-EQ&resolution=5&date_format=1&range_from=2025-11-04&range_to=2025-11-11&cont_flag=1 (Caused by NameResolutionError(\"<urllib3.connection.HTTPSConnection object at 0x0000013ADA41D190>: Failed to resolve 'api-t1.fyers.in' ([Errno 11001] getaddrinfo failed)\"))"},"timestamp":"2025-11-11 11:19:11,622+0530","service":"FyersAPI"}
{"level":"ERROR","location":"[get_call:164] fyersModel","message":{"API":"/history","error":"HTTPSConnectionPool(host='api-t1.fyers.in', port=443): Max retries exceeded with url: /data/history?symbol=NSE%3AKEC-EQ&resolution=5&date_format=1&range_from=2025-11-04&range_to=2025-11-11&cont_flag=1 (Caused by NameResolutionError(\"<urllib3.connection.HTTPSConnection object at 0x0000013ADA405290>: Failed to resolve 'api-t1.fyers.in' ([Errno 11001] getaddrinfo failed)\"))"},"timestamp":"2025-11-11 11:19:11,626+0530","service":"FyersAPI"}
{"level":"ERROR","location":"[get_call:164] fyersModel","message":{"API":"/history","error":"HTTPSConnectionPool(host='api-t1.fyers.in', port=443): Max retries exceeded with url: /data/history?symbol=NSE%3AHEG-EQ&resolution=5&date_format=1&range_from=2025-11-04&range_to=2025-11-11&cont_flag=1 (Caused by NameResolutionError(\"<urllib3.connection.HTTPSConnection object at 0x0000013ADA0A7F90>: Failed to resolve 'api-t1.fyers.in' ([Errno 11001] getaddrinfo failed)\"))"},"timestamp":"2025-11-11 11:19:11,634+0530","service":"FyersAPI"}
{"level":"ERROR","location":"[get_call:164] fyersModel","message":{"API":"/history","error":"HTTPSConnectionPool(host='api-t1.fyers.in', port=443): Max retries exceeded with url: /data/history?symbol=NSE%3AINTELLECT-EQ&resolution=5&date_format=1&range_from=2025-11-04&range_to=2025-11-11&cont_flag=1 (Caused by NameResolutionError(\"<urllib3.connection.HTTPSConnection object at 0x0000013ADA35B210>: Failed to resolve 'api-t1.fyers.in' ([Errno 11001] getaddrinfo failed)\"))"},"timestamp":"2025-11-11 11:19:11,639+0530","service":"FyersAPI"}
{"level":"ERROR","location":"[get_call:164] fyersModel","message":{"API":"/history","error":"HTTPSConnectionPool(host='api-t1.fyers.in', port=443): Max retries exceeded with url: /data/history?symbol=NSE%3AJSL-EQ&resolution=5&date_format=1&range_from=2025-11-04&range_to=2025-11-11&cont_flag=1 (Caused by NameResolutionError(\"<urllib3.connection.HTTPSConnection object at 0x0000013ADA08FE50>: Failed to resolve 'api-t1.fyers.in' ([Errno 11001] getaddrinfo failed)\"))"},"timestamp":"2025-11-11 11:19:21,646+0530","service":"FyersAPI"}
{"level":"ERROR","location":"[get_call:164] fyersModel","message":{"API":"/history","error":"HTTPSConnectionPool(host='api-t1.fyers.in', port=443): Max retries exceeded with url: /data/history?symbol=NSE%3AMMTC-EQ&resolution=5&date_format=1&range_from=2025-11-04&range_to=2025-11-11&cont_flag=1 (Caused by NameResolutionError(\"<urllib3.connection.HTTPSConnection object at 0x0000013AD9740090>: Failed to resolve 'api-t1.fyers.in' ([Errno 11001] getaddrinfo failed)\"))"},"timestamp":"2025-11-11 11:19:21,650+0530","service":"FyersAPI"}
{"level":"ERROR","location":"[get_call:164] fyersModel","message":{"API":"/history","error":"HTTPSConnectionPool(host='api-t1.fyers.in', port=443): Max retries exceeded with url: /data/history?symbol=NSE%3AIDEA-EQ&resolution=5&date_format=1&range_from=2025-11-04&range_to=2025-11-11&cont_flag=1 (Caused by NameResolutionError(\"<urllib3.connection.HTTPSConnection object at 0x0000013ADA0AEE50>: Failed to resolve 'api-t1.fyers.in' ([Errno 11001] getaddrinfo failed)\"))"},"timestamp":"2025-11-11 11:19:21,660+0530","service":"FyersAPI"}
{"level":"ERROR","location":"[get_call:164] fyersModel","message":{"API":"/history","error":"HTTPSConnectionPool(host='api-t1.fyers.in', port=443): Max retries exceeded with url: /data/history?symbol=NSE%3AKEC-EQ&resolution=5&date_format=1&range_from=2025-11-04&range_to=2025-11-11&cont_flag=1 (Caused by NameResolutionError(\"<urllib3.connection.HTTPSConnection object at 0x0000013ADA426890>: Failed to resolve 'api-t1.fyers.in' ([Errno 11001] getaddrinfo failed)\"))"},"timestamp":"2025-11-11 11:19:21,660+0530","service":"FyersAPI"}
{"level":"ERROR","location":"[get_call:164] fyersModel","message":{"API":"/history","error":"HTTPSConnectionPool(host='api-t1.fyers.in', port=443): Max retries exceeded with url: /data/history?symbol=NSE%3AHEG-EQ&resolution=5&date_format=1&range_from=2025-11-04&range_to=2025-11-11&cont_flag=1 (Caused by NameResolutionError(\"<urllib3.connection.HTTPSConnection object at 0x0000013ADA427950>: Failed to resolve 'api-t1.fyers.in' ([Errno 11001] getaddrinfo failed)\"))"},"timestamp":"2025-11-11 11:19:21,668+0530","service":"FyersAPI"}
{"level":"ERROR","location":"[get_call:164] fyersModel","message":{"API":"/history","error":"HTTPSConnectionPool(host='api-t1.fyers.in', port=443): Max retries exceeded with url: /data/history?symbol=NSE%3AINTELLECT-EQ&resolution=5&date_format=1&range_from=2025-11-04&range_to=2025-11-11&cont_flag=1 (Caused by NameResolutionError(\"<urllib3.connection.HTTPSConnection object at 0x0000013ADA358250>: Failed to resolve 'api-t1.fyers.in' ([Errno 11001] getaddrinfo failed)\"))"},"timestamp":"2025-11-11 11:19:21,672+0530","service":"FyersAPI"}
{"level":"ERROR","location":"[get_call:164] fyersModel","message":{"API":"/history","error":"HTTPSConnectionPool(host='api-t1.fyers.in', port=443): Max retries exceeded with url: /data/history?symbol=NSE%3AJSL-EQ&resolution=5&date_format=1&range_from=2025-11-04&range_to=2025-11-11&cont_flag=1 (Caused by NameResolutionError(\"<urllib3.connection.HTTPSConnection object at 0x0000013ADA41FD50>: Failed to resolve 'api-t1.fyers.in' ([Errno 11001] getaddrinfo failed)\"))"},"timestamp":"2025-11-11 11:19:31,682+0530","service":"FyersAPI"}
{"level":"ERROR","location":"[get_call:164] fyersModel","message":{"API":"/history","error":"HTTPSConnectionPool(host='api-t1.fyers.in', port=443): Max retries exceeded with url: /data/history?symbol=NSE%3AMMTC-EQ&resolution=5&date_format=1&range_from=2025-11-04&range_to=2025-11-11&cont_flag=1 (Caused by NameResolutionError(\"<urllib3.connection.HTTPSConnection object at 0x0000013ADA0A0A90>: Failed to resolve 'api-t1.fyers.in' ([Errno 11001] getaddrinfo failed)\"))"},"timestamp":"2025-11-11 11:19:31,690+0530","service":"FyersAPI"}
{"level":"ERROR","location":"[get_call:164] fyersModel","message":{"API":"/history","error":"HTTPSConnectionPool(host='api-t1.fyers.in', port=443): Max retries exceeded with url: /data/history?symbol=NSE%3AIDEA-EQ&resolution=5&date_format=1&range_from=2025-11-04&range_to=2025-11-11&cont_flag=1 (Caused by NameResolutionError(\"<urllib3.connection.HTTPSConnection object at 0x0000013AD9C58BD0>: Failed to resolve 'api-t1.fyers.in' ([Errno 11001] getaddrinfo failed)\"))"},"timestamp":"2025-11-11 11:19:31,695+0530","service":"FyersAPI"}
{"level":"ERROR","location":"[get_call:164] fyersModel","message":{"API":"/history","error":"HTTPSConnectionPool(host='api-t1.fyers.in', port=443): Max retries exceeded with url: /data/history?symbol=NSE%3AKEC-EQ&resolution=5&date_format=1&range_from=2025-11-04&range_to=2025-11-11&cont_flag=1 (Caused by NameResolutionError(\"<urllib3.connection.HTTPSConnection object at 0x0000013ADA424350>: Failed to resolve 'api-t1.fyers.in' ([Errno 11001] getaddrinfo failed)\"))"},"timestamp":"2025-11-11 11:19:31,699+0530","service":"FyersAPI"}
{"level":"ERROR","location":"[get_call:164] fyersModel","message":{"API":"/history","error":"HTTPSConnectionPool(host='api-t1.fyers.in', port=443): Max retries exceeded with url: /data/history?symbol=NSE%3AHEG-EQ&resolution=5&date_format=1&range_from=2025-11-04&range_to=2025-11-11&cont_flag=1 (Caused by NameResolutionError(\"<urllib3.connection.HTTPSConnection object at 0x0000013ADA09EBD0>: Failed to resolve 'api-t1.fyers.in' ([Errno 11001] getaddrinfo failed)\"))"},"timestamp":"2025-11-11 11:19:31,705+0530","service":"FyersAPI"}
{"level":"ERROR","location":"[get_call:164] fyersModel","message":{"API":"/history","error":"HTTPSConnectionPool(host='api-t1.fyers.in', port=443): Max retries exceeded with url: /data/history?symbol=NSE%3AINTELLECT-EQ&resolution=5&date_format=1&range_from=2025-11-04&range_to=2025-11-11&cont_flag=1 (Caused by NameResolutionError(\"<urllib3.connection.HTTPSConnection object at 0x0000013ADA41D390>: Failed to resolve 'api-t1.fyers.in' ([Errno 11001] getaddrinfo failed)\"))"},"timestamp":"2025-11-11 11:19:31,709+0530","service":"FyersAPI"}
{"level":"ERROR","location":"[get_call:164] fyersModel","message":{"API":"/history","error":"HTTPSConnectionPool(host='api-t1.fyers.in', port=443): Max retries exceeded with url: /data/history?symbol=NSE%3AJSL-EQ&resolution=5&date_format=1&range_from=2025-11-04&range_to=2025-11-11&cont_flag=1 (Caused by NameResolutionError(\"<urllib3.connection.HTTPSConnection object at 0x0000013ADA358250>: Failed to resolve 'api-t1.fyers.in' ([Errno 11001] getaddrinfo failed)\"))"},"timestamp":"2025-11-11 11:19:41,714+0530","service":"FyersAPI"}
{"level":"ERROR","location":"[get_call:164] fyersModel","message":{"API":"/history","error":"HTTPSConnectionPool(host='api-t1.fyers.in', port=443): Max retries exceeded with url: /data/history?symbol=NSE%3AMMTC-EQ&resolution=5&date_format=1&range_from=2025-11-04&range_to=2025-11-11&cont_flag=1 (Caused by NameResolutionError(\"<urllib3.connection.HTTPSConnection object at 0x0000013ADA425E90>: Failed to resolve 'api-t1.fyers.in' ([Errno 11001] getaddrinfo failed)\"))"},"timestamp":"2025-11-11 11:19:41,721+0530","service":"FyersAPI"}
{"level":"ERROR","location":"[get_call:164] fyersModel","message":{"API":"/history","error":"HTTPSConnectionPool(host='api-t1.fyers.in', port=443): Max retries exceeded with url: /data/history?symbol=NSE%3AIDEA-EQ&resolution=5&date_format=1&range_from=2025-11-04&range_to=2025-11-11&cont_flag=1 (Caused by NameResolutionError(\"<urllib3.connection.HTTPSConnection object at 0x0000013ADA427B10>: Failed to resolve 'api-t1.fyers.in' ([Errno 11001] getaddrinfo failed)\"))"},"timestamp":"2025-11-11 11:19:41,728+0530","service":"FyersAPI"}
{"level":"ERROR","location":"[get_call:164] fyersModel","message":{"API":"/history","error":"HTTPSConnectionPool(host='api-t1.fyers.in', port=443): Max retries exceeded with url: /data/history?symbol=NSE%3AKEC-EQ&resolution=5&date_format=1&range_from=2025-11-04&range_to=2025-11-11&cont_flag=1 (Caused by NameResolutionError(\"<urllib3.connection.HTTPSConnection object at 0x0000013ADA0AD510>: Failed to resolve 'api-t1.fyers.in' ([Errno 11001] getaddrinfo failed)\"))"},"timestamp":"2025-11-11 11:19:41,729+0530","service":"FyersAPI"}
{"level":"ERROR","location":"[get_call:164] fyersModel","message":{"API":"/history","error":"HTTPSConnectionPool(host='api-t1.fyers.in', port=443): Max retries exceeded with url: /data/history?symbol=NSE%3AHEG-EQ&resolution=5&date_format=1&range_from=2025-11-04&range_to=2025-11-11&cont_flag=1 (Caused by NameResolutionError(\"<urllib3.connection.HTTPSConnection object at 0x0000013ADA41C190>: Failed to resolve 'api-t1.fyers.in' ([Errno 11001] getaddrinfo failed)\"))"},"timestamp":"2025-11-11 11:19:41,736+0530","service":"FyersAPI"}
{"level":"ERROR","location":"[get_call:164] fyersModel","message":{"API":"/history","error":"HTTPSConnectionPool(host='api-t1.fyers.in', port=443): Max retries exceeded with url: /data/history?symbol=NSE%3AINTELLECT-EQ&resolution=5&date_format=1&range_from=2025-11-04&range_to=2025-11-11&cont_flag=1 (Caused by NameResolutionError(\"<urllib3.connection.HTTPSConnection object at 0x0000013ADA08C290>: Failed to resolve 'api-t1.fyers.in' ([Errno 11001] getaddrinfo failed)\"))"},"timestamp":"2025-11-11 11:19:41,738+0530","service":"FyersAPI"}
{"level":"ERROR","location":"[get_call:164] fyersModel","message":{"API":"/history","error":"HTTPSConnectionPool(host='api-t1.fyers.in', port=443): Max retries exceeded with url: /data/history?symbol=NSE%3AJSL-EQ&resolution=5&date_format=1&range_from=2025-11-04&range_to=2025-11-11&cont_flag=1 (Caused by NameResolutionError(\"<urllib3.connection.HTTPSConnection object at 0x0000013ADA2EFBD0>: Failed to resolve 'api-t1.fyers.in' ([Errno 11001] getaddrinfo failed)\"))"},"timestamp":"2025-11-11 11:19:51,747+0530","service":"FyersAPI"}
{"level":"ERROR","location":"[get_call:164] fyersModel","message":{"API":"/history","error":"HTTPSConnectionPool(host='api-t1.fyers.in', port=443): Max retries exceeded with url: /data/history?symbol=NSE%3AMMTC-EQ&resolution=5&date_format=1&range_from=2025-11-04&range_to=2025-11-11&cont_flag=1 (Caused by NameResolutionError(\"<urllib3.connection.HTTPSConnection object at 0x0000013ADA427FD0>: Failed to resolve 'api-t1.fyers.in' ([Errno 11001] getaddrinfo failed)\"))"},"timestamp":"2025-11-11 11:19:51,752+0530","service":"FyersAPI"}
{"level":"ERROR","location":"[get_call:164] fyersModel","message":{"API":"/history","error":"HTTPSConnectionPool(host='api-t1.fyers.in', port=443): Max retries exceeded with url: /data/history?symbol=NSE%3AIDEA-EQ&resolution=5&date_format=1&range_from=2025-11-04&range_to=2025-11-11&cont_flag=1 (Caused by NameResolutionError(\"<urllib3.connection.HTTPSConnection object at 0x0000013ADA426310>: Failed to resolve 'api-t1.fyers.in' ([Errno 11001] getaddrinfo failed)\"))"},"timestamp":"2025-11-11 11:19:51,760+0530","service":"FyersAPI"}
{"level":"ERROR","location":"[get_call:164] fyersModel","message":{"API":"/history","error":"HTTPSConnectionPool(host='api-t1.fyers.in', port=443): Max retries exceeded with url: /data/history?symbol=NSE%3AKEC-EQ&resolution=5&date_format=1&range_from=2025-11-04&range_to=2025-11-11&cont_flag=1 (Caused by NameResolutionError(\"<urllib3.connection.HTTPSConnection object at 0x0000013ADA41DA90>: Failed to resolve 'api-t1.fyers.in' ([Errno 11001] getaddrinfo failed)\"))"},"timestamp":"2025-11-11 11:19:51,768+0530","service":"FyersAPI"}
{"level":"ERROR","location":"[get_call:164] fyersModel","message":{"API":"/history","error":"HTTPSConnectionPool(host='api-t1.fyers.in', port=443): Max retries exceeded with url: /data/history?symbol=NSE%3AHEG-EQ&resolution=5&date_format=1&range_from=2025-11-04&range_to=2025-11-11&cont_flag=1 (Caused by NameResolutionError(\"<urllib3.connection.HTTPSConnection object at 0x0000013ADA404A50>: Failed to resolve 'api-t1.fyers.in' ([Errno 11001] getaddrinfo failed)\"))"},"timestamp":"2025-11-11 11:19:51,779+0530","service":"FyersAPI"}
{"level":"ERROR","location":"[get_call:164] fyersModel","message":{"API":"/history","error":"HTTPSConnectionPool(host='api-t1.fyers.in', port=443): Max retries exceeded with url: /data/history?symbol=NSE%3AINTELLECT-EQ&resolution=5&date_format=1&range_from=2025-11-04&range_to=2025-11-11&cont_flag=1 (Caused by NameResolutionError(\"<urllib3.connection.HTTPSConnection object at 0x0000013ADA427610>: Failed to resolve 'api-t1.fyers.in' ([Errno 11001] getaddrinfo failed)\"))"},"timestamp":"2025-11-11 11:19:51,781+0530","service":"FyersAPI"}
{"level":"ERROR","location":"[get_call:164] fyersModel","message":{"API":"/history","error":"HTTPSConnectionPool(host='api-t1.fyers.in', port=443): Max retries exceeded with url: /data/history?symbol=NSE%3AJSL-EQ&resolution=5&date_format=1&range_from=2025-11-04&range_to=2025-11-11&cont_flag=1 (Caused by NameResolutionError(\"<urllib3.connection.HTTPSConnection object at 0x0000013ADA424B50>: Failed to resolve 'api-t1.fyers.in' ([Errno 11001] getaddrinfo failed)\"))"},"timestamp":"2025-11-11 11:20:01,789+0530","service":"FyersAPI"}
{"level":"ERROR","location":"[get_call:164] fyersModel","message":{"API":"/history","error":"HTTPSConnectionPool(host='api-t1.fyers.in', port=443): Max retries exceeded with url: /data/history?symbol=NSE%3AMMTC-EQ&resolution=5&date_format=1&range_from=2025-11-04&range_to=2025-11-11&cont_flag=1 (Caused by NameResolutionError(\"<urllib3.connection.HTTPSConnection object at 0x0000013AD9C59D90>: Failed to resolve 'api-t1.fyers.in' ([Errno 11001] getaddrinfo failed)\"))"},"timestamp":"2025-11-11 11:20:01,789+0530","service":"FyersAPI"}
{"level":"ERROR","location":"[get_call:164] fyersModel","message":{"API":"/history","error":"HTTPSConnectionPool(host='api-t1.fyers.in', port=443): Max retries exceeded with url: /data/history?symbol=NSE%3AIDEA-EQ&resolution=5&date_format=1&range_from=2025-11-04&range_to=2025-11-11&cont_flag=1 (Caused by NameResolutionError(\"<urllib3.connection.HTTPSConnection object at 0x0000013ADA41E250>: Failed to resolve 'api-t1.fyers.in' ([Errno 11001] getaddrinfo failed)\"))"},"timestamp":"2025-11-11 11:20:01,800+0530","service":"FyersAPI"}
{"level":"ERROR","location":"[get_call:164] fyersModel","message":{"API":"/history","error":"HTTPSConnectionPool(host='api-t1.fyers.in', port=443): Max retries exceeded with url: /data/history?symbol=NSE%3AKEC-EQ&resolution=5&date_format=1&range_from=2025-11-04&range_to=2025-11-11&cont_flag=1 (Caused by NameResolutionError(\"<urllib3.connection.HTTPSConnection object at 0x0000013ADA407F90>: Failed to resolve 'api-t1.fyers.in' ([Errno 11001] getaddrinfo failed)\"))"},"timestamp":"2025-11-11 11:20:01,804+0530","service":"FyersAPI"}
{"level":"ERROR","location":"[get_call:164] fyersModel","message":{"API":"/history","error":"HTTPSConnectionPool(host='api-t1.fyers.in', port=443): Max retries exceeded with url: /data/history?symbol=NSE%3AHEG-EQ&resolution=5&date_format=1&range_from=2025-11-04&range_to=2025-11-11&cont_flag=1 (Caused by NameResolutionError(\"<urllib3.connection.HTTPSConnection object at 0x0000013ADA41D4D0>: Failed to resolve 'api-t1.fyers.in' ([Errno 11001] getaddrinfo failed)\"))"},"timestamp":"2025-11-11 11:20:01,808+0530","service":"FyersAPI"}
{"level":"ERROR","location":"[get_call:164] fyersModel","message":{"API":"/history","error":"HTTPSConnectionPool(host='api-t1.fyers.in', port=443): Max retries exceeded with url: /data/history?symbol=NSE%3AINTELLECT-EQ&resolution=5&date_format=1&range_from=2025-11-04&range_to=2025-11-11&cont_flag=1 (Caused by NameResolutionError(\"<urllib3.connection.HTTPSConnection object at 0x0000013ADA0ACD10>: Failed to resolve 'api-t1.fyers.in' ([Errno 11001] getaddrinfo failed)\"))"},"timestamp":"2025-11-11 11:20:01,814+0530","service":"FyersAPI"}
{"level":"ERROR","location":"[get_call:164] fyersModel","message":{"API":"/history","error":"HTTPSConnectionPool(host='api-t1.fyers.in', port=443): Max retries exceeded with url: /data/history?symbol=NSE%3AJSL-EQ&resolution=5&date_format=1&range_from=2025-11-04&range_to=2025-11-11&cont_flag=1 (Caused by NameResolutionError(\"<urllib3.connection.HTTPSConnection object at 0x0000013ADA0A7D10>: Failed to resolve 'api-t1.fyers.in' ([Errno 11001] getaddrinfo failed)\"))"},"timestamp":"2025-11-11 11:20:11,818+0530","service":"FyersAPI"}
{"level":"ERROR","location":"[get_call:164] fyersModel","message":{"API":"/history","error":"HTTPSConnectionPool(host='api-t1.fyers.in', port=443): Max retries exceeded with url: /data/history?symbol=NSE%3AMMTC-EQ&resolution=5&date_format=1&range_from=2025-11-04&range_to=2025-11-11&cont_flag=1 (Caused by NameResolutionError(\"<urllib3.connection.HTTPSConnection object at 0x0000013ADA427E90>: Failed to resolve 'api-t1.fyers.in' ([Errno 11001] getaddrinfo failed)\"))"},"timestamp":"2025-11-11 11:20:11,825+0530","service":"FyersAPI"}
{"level":"ERROR","location":"[get_call:164] fyersModel","message":{"API":"/history","error":"HTTPSConnectionPool(host='api-t1.fyers.in', port=443): Max retries exceeded with url: /data/history?symbol=NSE%3AIDEA-EQ&resolution=5&date_format=1&range_from=2025-11-04&range_to=2025-11-11&cont_flag=1 (Caused by NameResolutionError(\"<urllib3.connection.HTTPSConnection object at 0x0000013ADA09E550>: Failed to resolve 'api-t1.fyers.in' ([Errno 11001] getaddrinfo failed)\"))"},"timestamp":"2025-11-11 11:20:11,833+0530","service":"FyersAPI"}
{"level":"ERROR","location":"[get_call:164] fyersModel","message":{"API":"/history","error":"HTTPSConnectionPool(host='api-t1.fyers.in', port=443): Max retries exceeded with url: /data/history?symbol=NSE%3AKEC-EQ&resolution=5&date_format=1&range_from=2025-11-04&range_to=2025-11-11&cont_flag=1 (Caused by NameResolutionError(\"<urllib3.connection.HTTPSConnection object at 0x0000013ADA387550>: Failed to resolve 'api-t1.fyers.in' ([Errno 11001] getaddrinfo failed)\"))"},"timestamp":"2025-11-11 11:20:11,833+0530","service":"FyersAPI"}
{"level":"ERROR","location":"[get_call:164] fyersModel","message":{"API":"/history","error":"HTTPSConnectionPool(host='api-t1.fyers.in', port=443): Max retries exceeded with url: /data/history?symbol=NSE%3AHEG-EQ&resolution=5&date_format=1&range_from=2025-11-04&range_to=2025-11-11&cont_flag=1 (Caused by NameResolutionError(\"<urllib3.connection.HTTPSConnection object at 0x0000013ADA426CD0>: Failed to resolve 'api-t1.fyers.in' ([Errno 11001] getaddrinfo failed)\"))"},"timestamp":"2025-11-11 11:20:11,841+0530","service":"FyersAPI"}
{"level":"ERROR","location":"[get_call:164] fyersModel","message":{"API":"/history","error":"HTTPSConnectionPool(host='api-t1.fyers.in', port=443): Max retries exceeded with url: /data/history?symbol=NSE%3AINTELLECT-EQ&resolution=5&date_format=1&range_from=2025-11-04&range_to=2025-11-11&cont_flag=1 (Caused by NameResolutionError(\"<urllib3.connection.HTTPSConnection object at 0x0000013ADA4278D0>: Failed to resolve 'api-t1.fyers.in' ([Errno 11001] getaddrinfo failed)\"))"},"timestamp":"2025-11-11 11:20:11,849+0530","service":"FyersAPI"}
{"level":"ERROR","location":"[get_call:164] fyersModel","message":{"API":"/history","error":"HTTPSConnectionPool(host='api-t1.fyers.in', port=443): Max retries exceeded with url: /data/history?symbol=NSE%3AJSL-EQ&resolution=5&date_format=1&range_from=2025-11-04&range_to=2025-11-11&cont_flag=1 (Caused by NameResolutionError(\"<urllib3.connection.HTTPSConnection object at 0x0000013ADA3F7FD0>: Failed to resolve 'api-t1.fyers.in' ([Errno 11001] getaddrinfo failed)\"))"},"timestamp":"2025-11-11 11:20:21,856+0530","service":"FyersAPI"}
{"level":"ERROR","location":"[get_call:164] fyersModel","message":{"API":"/history","error":"HTTPSConnectionPool(host='api-t1.fyers.in', port=443): Max retries exceeded with url: /data/history?symbol=NSE%3AMMTC-EQ&resolution=5&date_format=1&range_from=2025-11-04&range_to=2025-11-11&cont_flag=1 (Caused by NameResolutionError(\"<urllib3.connection.HTTPSConnection object at 0x0000013ADA0A3050>: Failed to resolve 'api-t1.fyers.in' ([Errno 11001] getaddrinfo failed)\"))"},"timestamp":"2025-11-11 11:20:21,864+0530","service":"FyersAPI"}
{"level":"ERROR","location":"[get_call:164] fyersModel","message":{"API":"/history","error":"HTTPSConnectionPool(host='api-t1.fyers.in', port=443): Max retries exceeded with url: /data/history?symbol=NSE%3AIDEA-EQ&resolution=5&date_format=1&range_from=2025-11-04&range_to=2025-11-11&cont_flag=1 (Caused by NameResolutionError(\"<urllib3.connection.HTTPSConnection object at 0x0000013ADA43C390>: Failed to resolve 'api-t1.fyers.in' ([Errno 11001] getaddrinfo failed)\"))"},"timestamp":"2025-11-11 11:20:21,871+0530","service":"FyersAPI"}
{"level":"ERROR","location":"[get_call:164] fyersModel","message":{"API":"/history","error":"HTTPSConnectionPool(host='api-t1.fyers.in', port=443): Max retries exceeded with url: /data/history?symbol=NSE%3AKEC-EQ&resolution=5&date_format=1&range_from=2025-11-04&range_to=2025-11-11&cont_flag=1 (Caused by NameResolutionError(\"<urllib3.connection.HTTPSConnection object at 0x0000013ADA3F7E90>: Failed to resolve 'api-t1.fyers.in' ([Errno 11001] getaddrinfo failed)\"))"},"timestamp":"2025-11-11 11:20:21,876+0530","service":"FyersAPI"}
{"level":"ERROR","location":"[get_call:164] fyersModel","message":{"API":"/history","error":"HTTPSConnectionPool(host='api-t1.fyers.in', port=443): Max retries exceeded with url: /data/history?symbol=NSE%3AHEG-EQ&resolution=5&date_format=1&range_from=2025-11-04&range_to=2025-11-11&cont_flag=1 (Caused by NameResolutionError(\"<urllib3.connection.HTTPSConnection object at 0x0000013ADA0A6450>: Failed to resolve 'api-t1.fyers.in' ([Errno 11001] getaddrinfo failed)\"))"},"timestamp":"2025-11-11 11:20:21,879+0530","service":"FyersAPI"}
{"level":"ERROR","location":"[get_call:164] fyersModel","message":{"API":"/history","error":"HTTPSConnectionPool(host='api-t1.fyers.in', port=443): Max retries exceeded with url: /data/history?symbol=NSE%3AINTELLECT-EQ&resolution=5&date_format=1&range_from=2025-11-04&range_to=2025-11-11&cont_flag=1 (Caused by NameResolutionError(\"<urllib3.connection.HTTPSConnection object at 0x0000013ADA4251D0>: Failed to resolve 'api-t1.fyers.in' ([Errno 11001] getaddrinfo failed)\"))"},"timestamp":"2025-11-11 11:20:21,885+0530","service":"FyersAPI"}
{"level":"ERROR","location":"[get_call:164] fyersModel","message":{"API":"/history","error":"HTTPSConnectionPool(host='api-t1.fyers.in', port=443): Max retries exceeded with url: /data/history?symbol=NSE%3AJSL-EQ&resolution=5&date_format=1&range_from=2025-11-04&range_to=2025-11-11&cont_flag=1 (Caused by NameResolutionError(\"<urllib3.connection.HTTPSConnection object at 0x0000013ADA405D50>: Failed to resolve 'api-t1.fyers.in' ([Errno 11001] getaddrinfo failed)\"))"},"timestamp":"2025-11-11 11:20:31,891+0530","service":"FyersAPI"}
{"level":"ERROR","location":"[get_call:164] fyersModel","message":{"API":"/history","error":"HTTPSConnectionPool(host='api-t1.fyers.in', port=443): Max retries exceeded with url: /data/history?symbol=NSE%3AMMTC-EQ&resolution=5&date_format=1&range_from=2025-11-04&range_to=2025-11-11&cont_flag=1 (Caused by NameResolutionError(\"<urllib3.connection.HTTPSConnection object at 0x0000013ADA43D610>: Failed to resolve 'api-t1.fyers.in' ([Errno 11001] getaddrinfo failed)\"))"},"timestamp":"2025-11-11 11:20:31,897+0530","service":"FyersAPI"}
{"level":"ERROR","location":"[get_call:164] fyersModel","message":{"API":"/history","error":"HTTPSConnectionPool(host='api-t1.fyers.in', port=443): Max retries exceeded with url: /data/history?symbol=NSE%3AIDEA-EQ&resolution=5&date_format=1&range_from=2025-11-04&range_to=2025-11-11&cont_flag=1 (Caused by NameResolutionError(\"<urllib3.connection.HTTPSConnection object at 0x0000013ADA41E1D0>: Failed to resolve 'api-t1.fyers.in' ([Errno 11001] getaddrinfo failed)\"))"},"timestamp":"2025-11-11 11:20:31,903+0530","service":"FyersAPI"}
{"level":"ERROR","location":"[get_call:164] fyersModel","message":{"API":"/history","error":"HTTPSConnectionPool(host='api-t1.fyers.in', port=443): Max retries exceeded with url: /data/history?symbol=NSE%3AKEC-EQ&resolution=5&date_format=1&range_from=2025-11-04&range_to=2025-11-11&cont_flag=1 (Caused by NameResolutionError(\"<urllib3.connection.HTTPSConnection object at 0x0000013ADA427D10>: Failed to resolve 'api-t1.fyers.in' ([Errno 11001] getaddrinfo failed)\"))"},"timestamp":"2025-11-11 11:20:31,903+0530","service":"FyersAPI"}
{"level":"ERROR","location":"[get_call:164] fyersModel","message":{"API":"/history","error":"HTTPSConnectionPool(host='api-t1.fyers.in', port=443): Max retries exceeded with url: /data/history?symbol=NSE%3AHEG-EQ&resolution=5&date_format=1&range_from=2025-11-04&range_to=2025-11-11&cont_flag=1 (Caused by NameResolutionError(\"<urllib3.connection.HTTPSConnection object at 0x0000013ADA424550>: Failed to resolve 'api-t1.fyers.in' ([Errno 11001] getaddrinfo failed)\"))"},"timestamp":"2025-11-11 11:20:31,911+0530","service":"FyersAPI"}
{"level":"ERROR","location":"[get_call:164] fyersModel","message":{"API":"/history","error":"HTTPSConnectionPool(host='api-t1.fyers.in', port=443): Max retries exceeded with url: /data/history?symbol=NSE%3AINTELLECT-EQ&resolution=5&date_format=1&range_from=2025-11-04&range_to=2025-11-11&cont_flag=1 (Caused by NameResolutionError(\"<urllib3.connection.HTTPSConnection object at 0x0000013ADA0A2ED0>: Failed to resolve 'api-t1.fyers.in' ([Errno 11001] getaddrinfo failed)\"))"},"timestamp":"2025-11-11 11:20:31,915+0530","service":"FyersAPI"}
{"level":"ERROR","location":"[get_call:164] fyersModel","message":{"API":"/history","error":"HTTPSConnectionPool(host='api-t1.fyers.in', port=443): Max retries exceeded with url: /data/history?symbol=NSE%3AJSL-EQ&resolution=5&date_format=1&range_from=2025-11-04&range_to=2025-11-11&cont_flag=1 (Caused by NameResolutionError(\"<urllib3.connection.HTTPSConnection object at 0x0000013ADA406B10>: Failed to resolve 'api-t1.fyers.in' ([Errno 11001] getaddrinfo failed)\"))"},"timestamp":"2025-11-11 11:20:41,924+0530","service":"FyersAPI"}
{"level":"ERROR","location":"[get_call:164] fyersModel","message":{"API":"/history","error":"HTTPSConnectionPool(host='api-t1.fyers.in', port=443): Max retries exceeded with url: /data/history?symbol=NSE%3AMMTC-EQ&resolution=5&date_format=1&range_from=2025-11-04&range_to=2025-11-11&cont_flag=1 (Caused by NameResolutionError(\"<urllib3.connection.HTTPSConnection object at 0x0000013ADA096410>: Failed to resolve 'api-t1.fyers.in' ([Errno 11001] getaddrinfo failed)\"))"},"timestamp":"2025-11-11 11:20:41,930+0530","service":"FyersAPI"}
{"level":"ERROR","location":"[get_call:164] fyersModel","message":{"API":"/history","error":"HTTPSConnectionPool(host='api-t1.fyers.in', port=443): Max retries exceeded with url: /data/history?symbol=NSE%3AIDEA-EQ&resolution=5&date_format=1&range_from=2025-11-04&range_to=2025-11-11&cont_flag=1 (Caused by NameResolutionError(\"<urllib3.connection.HTTPSConnection object at 0x0000013ADA09CC10>: Failed to resolve 'api-t1.fyers.in' ([Errno 11001] getaddrinfo failed)\"))"},"timestamp":"2025-11-11 11:20:41,937+0530","service":"FyersAPI"}
{"level":"ERROR","location":"[get_call:164] fyersModel","message":{"API":"/history","error":"HTTPSConnectionPool(host='api-t1.fyers.in', port=443): Max retries exceeded with url: /data/history?symbol=NSE%3AKEC-EQ&resolution=5&date_format=1&range_from=2025-11-04&range_to=2025-11-11&cont_flag=1 (Caused by NameResolutionError(\"<urllib3.connection.HTTPSConnection object at 0x0000013ADA425810>: Failed to resolve 'api-t1.fyers.in' ([Errno 11001] getaddrinfo failed)\"))"},"timestamp":"2025-11-11 11:20:41,939+0530","service":"FyersAPI"}
{"level":"ERROR","location":"[get_call:164] fyersModel","message":{"API":"/history","error":"HTTPSConnectionPool(host='api-t1.fyers.in', port=443): Max retries exceeded with url: /data/history?symbol=NSE%3AHEG-EQ&resolution=5&date_format=1&range_from=2025-11-04&range_to=2025-11-11&cont_flag=1 (Caused by NameResolutionError(\"<urllib3.connection.HTTPSConnection object at 0x0000013ADA424A50>: Failed to resolve 'api-t1.fyers.in' ([Errno 11001] getaddrinfo failed)\"))"},"timestamp":"2025-11-11 11:20:41,945+0530","service":"FyersAPI"}
{"level":"ERROR","location":"[get_call:164] fyersModel","message":{"API":"/history","error":"HTTPSConnectionPool(host='api-t1.fyers.in', port=443): Max retries exceeded with url: /data/history?symbol=NSE%3AINTELLECT-EQ&resolution=5&date_format=1&range_from=2025-11-04&range_to=2025-11-11&cont_flag=1 (Caused by NameResolutionError(\"<urllib3.connection.HTTPSConnection object at 0x0000013ADA405710>: Failed to resolve 'api-t1.fyers.in' ([Errno 11001] getaddrinfo failed)\"))"},"timestamp":"2025-11-11 11:20:41,947+0530","service":"FyersAPI"}
{"level":"ERROR","location":"[get_call:164] fyersModel","message":{"API":"/history","error":"HTTPSConnectionPool(host='api-t1.fyers.in', port=443): Max retries exceeded with url: /data/history?symbol=NSE%3AJSL-EQ&resolution=5&date_format=1&range_from=2025-11-04&range_to=2025-11-11&cont_flag=1 (Caused by NameResolutionError(\"<urllib3.connection.HTTPSConnection object at 0x0000013ADA43F450>: Failed to resolve 'api-t1.fyers.in' ([Errno 11001] getaddrinfo failed)\"))"},"timestamp":"2025-11-11 11:20:51,955+0530","service":"FyersAPI"}
{"level":"ERROR","location":"[get_call:164] fyersModel","message":{"API":"/history","error":"HTTPSConnectionPool(host='api-t1.fyers.in', port=443): Max retries exceeded with url: /data/history?symbol=NSE%3AMMTC-EQ&resolution=5&date_format=1&range_from=2025-11-04&range_to=2025-11-11&cont_flag=1 (Caused by NameResolutionError(\"<urllib3.connection.HTTPSConnection object at 0x0000013ADA426310>: Failed to resolve 'api-t1.fyers.in' ([Errno 11001] getaddrinfo failed)\"))"},"timestamp":"2025-11-11 11:20:51,964+0530","service":"FyersAPI"}
{"level":"ERROR","location":"[get_call:164] fyersModel","message":{"API":"/history","error":"HTTPSConnectionPool(host='api-t1.fyers.in', port=443): Max retries exceeded with url: /data/history?symbol=NSE%3AIDEA-EQ&resolution=5&date_format=1&range_from=2025-11-04&range_to=2025-11-11&cont_flag=1 (Caused by NameResolutionError(\"<urllib3.connection.HTTPSConnection object at 0x0000013ADA424250>: Failed to resolve 'api-t1.fyers.in' ([Errno 11001] getaddrinfo failed)\"))"},"timestamp":"2025-11-11 11:20:51,972+0530","service":"FyersAPI"}
{"level":"ERROR","location":"[get_call:164] fyersModel","message":{"API":"/history","error":"HTTPSConnectionPool(host='api-t1.fyers.in', port=443): Max retries exceeded with url: /data/history?symbol=NSE%3AKEC-EQ&resolution=5&date_format=1&range_from=2025-11-04&range_to=2025-11-11&cont_flag=1 (Caused by NameResolutionError(\"<urllib3.connection.HTTPSConnection object at 0x0000013ADA09F990>: Failed to resolve 'api-t1.fyers.in' ([Errno 11001] getaddrinfo failed)\"))"},"timestamp":"2025-11-11 11:20:51,976+0530","service":"FyersAPI"}
{"level":"ERROR","location":"[get_call:164] fyersModel","message":{"API":"/history","error":"HTTPSConnectionPool(host='api-t1.fyers.in', port=443): Max retries exceeded with url: /data/history?symbol=NSE%3AHEG-EQ&resolution=5&date_format=1&range_from=2025-11-04&range_to=2025-11-11&cont_flag=1 (Caused by NameResolutionError(\"<urllib3.connection.HTTPSConnection object at 0x0000013ADA407F10>: Failed to resolve 'api-t1.fyers.in' ([Errno 11001] getaddrinfo failed)\"))"},"timestamp":"2025-11-11 11:20:51,978+0530","service":"FyersAPI"}
{"level":"ERROR","location":"[get_call:164] fyersModel","message":{"API":"/history","error":"HTTPSConnectionPool(host='api-t1.fyers.in', port=443): Max retries exceeded with url: /data/history?symbol=NSE%3AINTELLECT-EQ&resolution=5&date_format=1&range_from=2025-11-04&range_to=2025-11-11&cont_flag=1 (Caused by NameResolutionError(\"<urllib3.connection.HTTPSConnection object at 0x0000013ADA387690>: Failed to resolve 'api-t1.fyers.in' ([Errno 11001] getaddrinfo failed)\"))"},"timestamp":"2025-11-11 11:20:51,986+0530","service":"FyersAPI"}
{"level":"ERROR","location":"[get_call:164] fyersModel","message":{"API":"/history","error":"HTTPSConnectionPool(host='api-t1.fyers.in', port=443): Max retries exceeded with url: /data/history?symbol=NSE%3AJSL-EQ&resolution=5&date_format=1&range_from=2025-11-04&range_to=2025-11-11&cont_flag=1 (Caused by NameResolutionError(\"<urllib3.connection.HTTPSConnection object at 0x0000013ADA084B50>: Failed to resolve 'api-t1.fyers.in' ([Errno 11001] getaddrinfo failed)\"))"},"timestamp":"2025-11-11 11:21:01,994+0530","service":"FyersAPI"}
{"level":"ERROR","location":"[get_call:164] fyersModel","message":{"API":"/history","error":"HTTPSConnectionPool(host='api-t1.fyers.in', port=443): Max retries exceeded with url: /data/history?symbol=NSE%3AMMTC-EQ&resolution=5&date_format=1&range_from=2025-11-04&range_to=2025-11-11&cont_flag=1 (Caused by NameResolutionError(\"<urllib3.connection.HTTPSConnection object at 0x0000013AD6C0F690>: Failed to resolve 'api-t1.fyers.in' ([Errno 11001] getaddrinfo failed)\"))"},"timestamp":"2025-11-11 11:21:02,002+0530","service":"FyersAPI"}
{"level":"ERROR","location":"[get_call:164] fyersModel","message":{"API":"/history","error":"HTTPSConnectionPool(host='api-t1.fyers.in', port=443): Max retries exceeded with url: /data/history?symbol=NSE%3AIDEA-EQ&resolution=5&date_format=1&range_from=2025-11-04&range_to=2025-11-11&cont_flag=1 (Caused by NameResolutionError(\"<urllib3.connection.HTTPSConnection object at 0x0000013ADA3F7FD0>: Failed to resolve 'api-t1.fyers.in' ([Errno 11001] getaddrinfo failed)\"))"},"timestamp":"2025-11-11 11:21:02,012+0530","service":"FyersAPI"}
{"level":"ERROR","location":"[get_call:164] fyersModel","message":{"API":"/history","error":"HTTPSConnectionPool(host='api-t1.fyers.in', port=443): Max retries exceeded with url: /data/history?symbol=NSE%3AKEC-EQ&resolution=5&date_format=1&range_from=2025-11-04&range_to=2025-11-11&cont_flag=1 (Caused by NameResolutionError(\"<urllib3.connection.HTTPSConnection object at 0x0000013ADA424E90>: Failed to resolve 'api-t1.fyers.in' ([Errno 11001] getaddrinfo failed)\"))"},"timestamp":"2025-11-11 11:21:02,016+0530","service":"FyersAPI"}
{"level":"ERROR","location":"[get_call:164] fyersModel","message":{"API":"/history","error":"HTTPSConnectionPool(host='api-t1.fyers.in', port=443): Max retries exceeded with url: /data/history?symbol=NSE%3AHEG-EQ&resolution=5&date_format=1&range_from=2025-11-04&range_to=2025-11-11&cont_flag=1 (Caused by NameResolutionError(\"<urllib3.connection.HTTPSConnection object at 0x0000013ADA406F10>: Failed to resolve 'api-t1.fyers.in' ([Errno 11001] getaddrinfo failed)\"))"},"timestamp":"2025-11-11 11:21:02,022+0530","service":"FyersAPI"}
{"level":"ERROR","location":"[get_call:164] fyersModel","message":{"API":"/history","error":"HTTPSConnectionPool(host='api-t1.fyers.in', port=443): Max retries exceeded with url: /data/history?symbol=NSE%3AINTELLECT-EQ&resolution=5&date_format=1&range_from=2025-11-04&range_to=2025-11-11&cont_flag=1 (Caused by NameResolutionError(\"<urllib3.connection.HTTPSConnection object at 0x0000013AD9C7E950>: Failed to resolve 'api-t1.fyers.in' ([Errno 11001] getaddrinfo failed)\"))"},"timestamp":"2025-11-11 11:21:02,026+0530","service":"FyersAPI"}
{"level":"ERROR","location":"[get_call:164] fyersModel","message":{"API":"/history","error":"HTTPSConnectionPool(host='api-t1.fyers.in', port=443): Max retries exceeded with url: /data/history?symbol=NSE%3AJSL-EQ&resolution=5&date_format=1&range_from=2025-11-04&range_to=2025-11-11&cont_flag=1 (Caused by NameResolutionError(\"<urllib3.connection.HTTPSConnection object at 0x0000013ADA07A1D0>: Failed to resolve 'api-t1.fyers.in' ([Errno 11001] getaddrinfo failed)\"))"},"timestamp":"2025-11-11 11:21:12,031+0530","service":"FyersAPI"}
{"level":"ERROR","location":"[get_call:164] fyersModel","message":{"API":"/history","error":"HTTPSConnectionPool(host='api-t1.fyers.in', port=443): Max retries exceeded with url: /data/history?symbol=NSE%3AMMTC-EQ&resolution=5&date_format=1&range_from=2025-11-04&range_to=2025-11-11&cont_flag=1 (Caused by NameResolutionError(\"<urllib3.connection.HTTPSConnection object at 0x0000013ADA08D1D0>: Failed to resolve 'api-t1.fyers.in' ([Errno 11001] getaddrinfo failed)\"))"},"timestamp":"2025-11-11 11:21:12,040+0530","service":"FyersAPI"}
{"level":"ERROR","location":"[get_call:164] fyersModel","message":{"API":"/history","error":"HTTPSConnectionPool(host='api-t1.fyers.in', port=443): Max retries exceeded with url: /data/history?symbol=NSE%3AIDEA-EQ&resolution=5&date_format=1&range_from=2025-11-04&range_to=2025-11-11&cont_flag=1 (Caused by NameResolutionError(\"<urllib3.connection.HTTPSConnection object at 0x0000013ADA43DF10>: Failed to resolve 'api-t1.fyers.in' ([Errno 11001] getaddrinfo failed)\"))"},"timestamp":"2025-11-11 11:21:12,048+0530","service":"FyersAPI"}
{"level":"ERROR","location":"[get_call:164] fyersModel","message":{"API":"/history","error":"HTTPSConnectionPool(host='api-t1.fyers.in', port=443): Max retries exceeded with url: /data/history?symbol=NSE%3AKEC-EQ&resolution=5&date_format=1&range_from=2025-11-04&range_to=2025-11-11&cont_flag=1 (Caused by NameResolutionError(\"<urllib3.connection.HTTPSConnection object at 0x0000013AD91ECE90>: Failed to resolve 'api-t1.fyers.in' ([Errno 11001] getaddrinfo failed)\"))"},"timestamp":"2025-11-11 11:21:12,054+0530","service":"FyersAPI"}
{"level":"ERROR","location":"[get_call:164] fyersModel","message":{"API":"/history","error":"HTTPSConnectionPool(host='api-t1.fyers.in', port=443): Max retries exceeded with url: /data/history?symbol=NSE%3AHEG-EQ&resolution=5&date_format=1&range_from=2025-11-04&range_to=2025-11-11&cont_flag=1 (Caused by NameResolutionError(\"<urllib3.connection.HTTPSConnection object at 0x0000013ADA407E50>: Failed to resolve 'api-t1.fyers.in' ([Errno 11001] getaddrinfo failed)\"))"},"timestamp":"2025-11-11 11:21:12,059+0530","service":"FyersAPI"}
{"level":"ERROR","location":"[get_call:164] fyersModel","message":{"API":"/history","error":"HTTPSConnectionPool(host='api-t1.fyers.in', port=443): Max retries exceeded with url: /data/history?symbol=NSE%3AINTELLECT-EQ&resolution=5&date_format=1&range_from=2025-11-04&range_to=2025-11-11&cont_flag=1 (Caused by NameResolutionError(\"<urllib3.connection.HTTPSConnection object at 0x0000013ADA43CC90>: Failed to resolve 'api-t1.fyers.in' ([Errno 11001] getaddrinfo failed)\"))"},"timestamp":"2025-11-11 11:21:12,065+0530","service":"FyersAPI"}
{"level":"ERROR","location":"[get_call:164] fyersModel","message":{"API":"/history","error":"HTTPSConnectionPool(host='api-t1.fyers.in', port=443): Max retries exceeded with url: /data/history?symbol=NSE%3AJSL-EQ&resolution=5&date_format=1&range_from=2025-11-04&range_to=2025-11-11&cont_flag=1 (Caused by NameResolutionError(\"<urllib3.connection.HTTPSConnection object at 0x0000013ADA43C7D0>: Failed to resolve 'api-t1.fyers.in' ([Errno 11001] getaddrinfo failed)\"))"},"timestamp":"2025-11-11 11:21:22,071+0530","service":"FyersAPI"}
{"level":"ERROR","location":"[get_call:164] fyersModel","message":{"API":"/history","error":"HTTPSConnectionPool(host='api-t1.fyers.in', port=443): Max retries exceeded with url: /data/history?symbol=NSE%3AMMTC-EQ&resolution=5&date_format=1&range_from=2025-11-04&range_to=2025-11-11&cont_flag=1 (Caused by NameResolutionError(\"<urllib3.connection.HTTPSConnection object at 0x0000013ADA387890>: Failed to resolve 'api-t1.fyers.in' ([Errno 11001] getaddrinfo failed)\"))"},"timestamp":"2025-11-11 11:21:22,077+0530","service":"FyersAPI"}
{"level":"ERROR","location":"[get_call:164] fyersModel","message":{"API":"/history","error":"HTTPSConnectionPool(host='api-t1.fyers.in', port=443): Max retries exceeded with url: /data/history?symbol=NSE%3AIDEA-EQ&resolution=5&date_format=1&range_from=2025-11-04&range_to=2025-11-11&cont_flag=1 (Caused by NameResolutionError(\"<urllib3.connection.HTTPSConnection object at 0x0000013AD6BABC50>: Failed to resolve 'api-t1.fyers.in' ([Errno 11001] getaddrinfo failed)\"))"},"timestamp":"2025-11-11 11:21:22,083+0530","service":"FyersAPI"}
{"level":"ERROR","location":"[get_call:164] fyersModel","message":{"API":"/history","error":"HTTPSConnectionPool(host='api-t1.fyers.in', port=443): Max retries exceeded with url: /data/history?symbol=NSE%3AKEC-EQ&resolution=5&date_format=1&range_from=2025-11-04&range_to=2025-11-11&cont_flag=1 (Caused by NameResolutionError(\"<urllib3.connection.HTTPSConnection object at 0x0000013ADA4259D0>: Failed to resolve 'api-t1.fyers.in' ([Errno 11001] getaddrinfo failed)\"))"},"timestamp":"2025-11-11 11:21:22,093+0530","service":"FyersAPI"}
{"level":"ERROR","location":"[get_call:164] fyersModel","message":{"API":"/history","error":"HTTPSConnectionPool(host='api-t1.fyers.in', port=443): Max retries exceeded with url: /data/history?symbol=NSE%3AHEG-EQ&resolution=5&date_format=1&range_from=2025-11-04&range_to=2025-11-11&cont_flag=1 (Caused by NameResolutionError(\"<urllib3.connection.HTTPSConnection object at 0x0000013ADA0A51D0>: Failed to resolve 'api-t1.fyers.in' ([Errno 11001] getaddrinfo failed)\"))"},"timestamp":"2025-11-11 11:21:22,101+0530","service":"FyersAPI"}
{"level":"ERROR","location":"[get_call:164] fyersModel","message":{"API":"/history","error":"HTTPSConnectionPool(host='api-t1.fyers.in', port=443): Max retries exceeded with url: /data/history?symbol=NSE%3AINTELLECT-EQ&resolution=5&date_format=1&range_from=2025-11-04&range_to=2025-11-11&cont_flag=1 (Caused by NameResolutionError(\"<urllib3.connection.HTTPSConnection object at 0x0000013ADA4061D0>: Failed to resolve 'api-t1.fyers.in' ([Errno 11001] getaddrinfo failed)\"))"},"timestamp":"2025-11-11 11:21:22,109+0530","service":"FyersAPI"}
{"level":"ERROR","location":"[get_call:164] fyersModel","message":{"API":"/history","error":"HTTPSConnectionPool(host='api-t1.fyers.in', port=443): Max retries exceeded with url: /data/history?symbol=NSE%3AJSL-EQ&resolution=5&date_format=1&range_from=2025-11-04&range_to=2025-11-11&cont_flag=1 (Caused by NameResolutionError(\"<urllib3.connection.HTTPSConnection object at 0x0000013ADA2DEA50>: Failed to resolve 'api-t1.fyers.in' ([Errno 11001] getaddrinfo failed)\"))"},"timestamp":"2025-11-11 11:21:43,219+0530","service":"FyersAPI"}
{"level":"ERROR","location":"[get_call:164] fyersModel","message":{"API":"/history","error":"HTTPSConnectionPool(host='api-t1.fyers.in', port=443): Max retries exceeded with url: /data/history?symbol=NSE%3AMMTC-EQ&resolution=5&date_format=1&range_from=2025-11-04&range_to=2025-11-11&cont_flag=1 (Caused by NameResolutionError(\"<urllib3.connection.HTTPSConnection object at 0x0000013ADA43F150>: Failed to resolve 'api-t1.fyers.in' ([Errno 11001] getaddrinfo failed)\"))"},"timestamp":"2025-11-11 11:21:54,351+0530","service":"FyersAPI"}
{"level":"ERROR","location":"[get_call:164] fyersModel","message":{"API":"/history","error":"HTTPSConnectionPool(host='api-t1.fyers.in', port=443): Max retries exceeded with url: /data/history?symbol=NSE%3AIDEA-EQ&resolution=5&date_format=1&range_from=2025-11-04&range_to=2025-11-11&cont_flag=1 (Caused by NameResolutionError(\"<urllib3.connection.HTTPSConnection object at 0x0000013ADA4252D0>: Failed to resolve 'api-t1.fyers.in' ([Errno 11001] getaddrinfo failed)\"))"},"timestamp":"2025-11-11 11:21:54,351+0530","service":"FyersAPI"}
{"level":"ERROR","location":"[get_call:164] fyersModel","message":{"API":"/history","error":"HTTPSConnectionPool(host='api-t1.fyers.in', port=443): Max retries exceeded with url: /data/history?symbol=NSE%3AKEC-EQ&resolution=5&date_format=1&range_from=2025-11-04&range_to=2025-11-11&cont_flag=1 (Caused by NameResolutionError(\"<urllib3.connection.HTTPSConnection object at 0x0000013ADA3078D0>: Failed to resolve 'api-t1.fyers.in' ([Errno 11001] getaddrinfo failed)\"))"},"timestamp":"2025-11-11 11:21:54,362+0530","service":"FyersAPI"}
{"level":"ERROR","location":"[get_call:146] fyersModel","message":{"API":"/profile","Error":{"s":"error","code":-8,"message":"Your token has expired. Please generate a token"}},"timestamp":"2025-11-12 07:45:48,448+0530","service":"FyersAPI"}
{"level":"ERROR","location":"[get_call:146] fyersModel","message":{"API":"/profile","Error":{"s":"error","code":-8,"message":"Your token has expired. Please generate a token"}},"timestamp":"2025-11-13 07:54:44,651+0530","service":"FyersAPI"}
{"level":"ERROR","location":"[get_call:164] fyersModel","message":{"API":"/profile","error":"HTTPSConnectionPool(host='api-t1.fyers.in', port=443): Max retries exceeded with url: /api/v3/profile (Caused by NameResolutionError(\"<urllib3.connection.HTTPSConnection object at 0x000001EB8875A390>: Failed to resolve 'api-t1.fyers.in' ([Errno 11001] getaddrinfo failed)\"))"},"timestamp":"2025-11-14 09:29:16,142+0530","service":"FyersAPI"}
{"level":"ERROR","location":"[get_call:164] fyersModel","message":{"API":"/profile","error":"HTTPSConnectionPool(host='api-t1.fyers.in', port=443): Max retries exceeded with url: /api/v3/profile (Caused by NameResolutionError(\"<urllib3.connection.HTTPSConnection object at 0x000002AFF781A3D0>: Failed to resolve 'api-t1.fyers.in' ([Errno 11001] getaddrinfo failed)\"))"},"timestamp":"2025-11-14 09:29:55,063+0530","service":"FyersAPI"}
{"level":"ERROR","location":"[get_call:146] fyersModel","message":{"API":"/profile","Error":{"s":"error","code":-8,"message":"Your token has expired. Please generate a token"}},"timestamp":"2025-11-14 09:31:07,075+0530","service":"FyersAPI"}
{"level":"ERROR","location":"[get_call:146] fyersModel","message":{"API":"/history","Error":{"code":-16,"message":"Could not authenticate the user","s":"error"}},"timestamp":"2025-11-14 09:31:34,633+0530","service":"FyersAPI"}
{"level":"ERROR","location":"[get_call:146] fyersModel","message":{"API":"/history","Error":{"code":-16,"message":"Could not authenticate the user","s":"error"}},"timestamp":"2025-11-14 09:31:35,130+0530","service":"FyersAPI"}
{"level":"ERROR","location":"[get_call:146] fyersModel","message":{"API":"/history","Error":{"code":-16,"message":"Could not authenticate the user","s":"error"}},"timestamp":"2025-11-14 09:31:35,549+0530","service":"FyersAPI"}
{"level":"ERROR","location":"[get_call:146] fyersModel","message":{"API":"/history","Error":{"code":-16,"message":"Could not authenticate the user","s":"error"}},"timestamp":"2025-11-14 09:31:36,148+0530","service":"FyersAPI"}
{"level":"ERROR","location":"[get_call:146] fyersModel","message":{"API":"/history","Error":{"code":-16,"message":"Could not authenticate the user","s":"error"}},"timestamp":"2025-11-14 09:31:36,437+0530","service":"FyersAPI"}
{"level":"ERROR","location":"[get_call:146] fyersModel","message":{"API":"/history","Error":{"code":-16,"message":"Could not authenticate the user","s":"error"}},"timestamp":"2025-11-14 09:31:40,104+0530","service":"FyersAPI"}
{"level":"ERROR","location":"[get_call:146] fyersModel","message":{"API":"/history","Error":{"code":-16,"message":"Could not authenticate the user","s":"error"}},"timestamp":"2025-11-14 09:31:40,560+0530","service":"FyersAPI"}
{"level":"ERROR","location":"[get_call:146] fyersModel","message":{"API":"/history","Error":{"code":-16,"message":"Could not authenticate the user","s":"error"}},"timestamp":"2025-11-14 09:31:40,970+0530","service":"FyersAPI"}
{"level":"ERROR","location":"[get_call:146] fyersModel","message":{"API":"/history","Error":{"code":-16,"message":"Could not authenticate the user","s":"error"}},"timestamp":"2025-11-14 09:31:41,387+0530","service":"FyersAPI"}
{"level":"ERROR","location":"[get_call:146] fyersModel","message":{"API":"/history","Error":{"code":-16,"message":"Could not authenticate the user","s":"error"}},"timestamp":"2025-11-14 09:31:41,787+0530","service":"FyersAPI"}
{"level":"ERROR","location":"[get_call:146] fyersModel","message":{"API":"/profile","Error":{"s":"error","code":-8,"message":"Your token has expired. Please generate a token"}},"timestamp":"2025-11-15 16:12:14,852+0530","service":"FyersAPI"}
{"level":"ERROR","location":"[get_call:146] fyersModel","message":{"API":"/history","Error":{"code":-16,"message":"Could not authenticate the user","s":"error"}},"timestamp":"2025-11-15 16:12:49,591+0530","service":"FyersAPI"}
{"level":"ERROR","location":"[get_call:146] fyersModel","message":{"API":"/history","Error":{"code":-16,"message":"Could not authenticate the user","s":"error"}},"timestamp":"2025-11-15 16:12:51,111+0530","service":"FyersAPI"}
{"level":"ERROR","location":"[get_call:146] fyersModel","message":{"API":"/history","Error":{"code":-16,"message":"Could not authenticate the user","s":"error"}},"timestamp":"2025-11-15 16:12:51,912+0530","service":"FyersAPI"}
{"level":"ERROR","location":"[get_call:146] fyersModel","message":{"API":"/history","Error":{"code":-16,"message":"Could not authenticate the user","s":"error"}},"timestamp":"2025-11-15 16:12:52,544+0530","service":"FyersAPI"}
{"level":"ERROR","location":"[get_call:146] fyersModel","message":{"API":"/history","Error":{"code":-16,"message":"Could not authenticate the user","s":"error"}},"timestamp":"2025-11-15 16:12:56,630+0530","service":"FyersAPI"}
{"level":"ERROR","location":"[get_call:146] fyersModel","message":{"API":"/history","Error":{"code":-16,"message":"Could not authenticate the user","s":"error"}},"timestamp":"2025-11-15 16:12:57,457+0530","service":"FyersAPI"}
{"level":"ERROR","location":"[get_call:146] fyersModel","message":{"API":"/history","Error":{"code":-16,"message":"Could not authenticate the user","s":"error"}},"timestamp":"2025-11-15 16:12:58,438+0530","service":"FyersAPI"}
{"level":"ERROR","location":"[get_call:146] fyersModel","message":{"API":"/history","Error":{"code":-16,"message":"Could not authenticate the user","s":"error"}},"timestamp":"2025-11-15 16:12:59,067+0530","service":"FyersAPI"}
{"level":"ERROR","location":"[get_call:146] fyersModel","message":{"API":"/history","Error":{"code":-50,"data":{"range_to":"range_to cannot be 100 days greater than range_from for resolutions 1, 2, 3, 5, 10, 15, 20, 30, 45, 60, 120, 180 and 240"},"message":"Invalid input","s":"error"}},"timestamp":"2025-11-15 16:16:33,519+0530","service":"FyersAPI"}
{"level":"ERROR","location":"[get_call:146] fyersModel","message":{"API":"/history","Error":{"code":-50,"data":{"range_to":"range_to cannot be 100 days greater than range_from for resolutions 1, 2, 3, 5, 10, 15, 20, 30, 45, 60, 120, 180 and 240"},"message":"Invalid input","s":"error"}},"timestamp":"2025-11-15 16:17:00,865+0530","service":"FyersAPI"}
{"level":"ERROR","location":"[get_call:146] fyersModel","message":{"API":"/history","Error":{"code":-50,"data":{"range_to":"range_to cannot be 100 days greater than range_from for resolutions 1, 2, 3, 5, 10, 15, 20, 30, 45, 60, 120, 180 and 240"},"message":"Invalid input","s":"error"}},"timestamp":"2025-11-15 16:18:16,770+0530","service":"FyersAPI"}
{"level":"ERROR","location":"[get_call:146] fyersModel","message":{"API":"/history","Error":{"code":-50,"data":{"range_to":"range_to cannot be 100 days greater than range_from for resolutions 1, 2, 3, 5, 10, 15, 20, 30, 45, 60, 120, 180 and 240"},"message":"Invalid input","s":"error"}},"timestamp":"2025-11-15 16:19:13,983+0530","service":"FyersAPI"}
{"level":"ERROR","location":"[get_call:146] fyersModel","message":{"API":"/history","Error":{"code":-50,"data":{"range_to":"range_to cannot be 100 days greater than range_from for resolutions 1, 2, 3, 5, 10, 15, 20, 30, 45, 60, 120, 180 and 240"},"message":"Invalid input","s":"error"}},"timestamp":"2025-11-15 16:19:46,453+0530","service":"FyersAPI"}
{"level":"ERROR","location":"[get_call:146] fyersModel","message":{"API":"/profile","Error":{"s":"error","code":-8,"message":"Your token has expired. Please generate a token"}},"timestamp":"2025-11-16 20:47:44,581+0530","service":"FyersAPI"}
{"level":"ERROR","location":"[get_call:146] fyersModel","message":{"API":"/profile","Error":{"s":"error","code":-8,"message":"Your token has expired. Please generate a token"}},"timestamp":"2025-11-16 20:48:47,412+0530","service":"FyersAPI"}
{"level":"ERROR","location":"[get_call:146] fyersModel","message":{"API":"/history","Error":{"code":-16,"message":"Could not authenticate the user","s":"error"}},"timestamp":"2025-11-16 20:49:17,254+0530","service":"FyersAPI"}
{"level":"ERROR","location":"[get_call:146] fyersModel","message":{"API":"/history","Error":{"code":-16,"message":"Could not authenticate the user","s":"error"}},"timestamp":"2025-11-16 20:49:17,963+0530","service":"FyersAPI"}
{"level":"ERROR","location":"[get_call:146] fyersModel","message":{"API":"/history","Error":{"code":-16,"message":"Could not authenticate the user","s":"error"}},"timestamp":"2025-11-16 20:49:18,608+0530","service":"FyersAPI"}
{"level":"ERROR","location":"[get_call:146] fyersModel","message":{"API":"/history","Error":{"code":-16,"message":"Could not authenticate the user","s":"error"}},"timestamp":"2025-11-16 20:49:19,518+0530","service":"FyersAPI"}
{"level":"ERROR","location":"[get_call:146] fyersModel","message":{"API":"/history","Error":{"code":-16,"message":"Could not authenticate the user","s":"error"}},"timestamp":"2025-11-16 20:49:23,295+0530","service":"FyersAPI"}
{"level":"ERROR","location":"[get_call:146] fyersModel","message":{"API":"/history","Error":{"code":-16,"message":"Could not authenticate the user","s":"error"}},"timestamp":"2025-11-16 20:49:23,909+0530","service":"FyersAPI"}
{"level":"ERROR","location":"[get_call:146] fyersModel","message":{"API":"/history","Error":{"code":-16,"message":"Could not authenticate the user","s":"error"}},"timestamp":"2025-11-16 20:49:24,451+0530","service":"FyersAPI"}
{"level":"ERROR","location":"[get_call:146] fyersModel","message":{"API":"/history","Error":{"code":-16,"message":"Could not authenticate the user","s":"error"}},"timestamp":"2025-11-16 20:49:24,937+0530","service":"FyersAPI"}
{"level":"ERROR","location":"[get_call:146] fyersModel","message":{"API":"/profile","Error":{"s":"error","code":-8,"message":"Your token has expired. Please generate a token"}},"timestamp":"2025-11-16 20:49:41,931+0530","service":"FyersAPI"}
{"level":"ERROR","location":"[get_call:146] fyersModel","message":{"API":"/profile","Error":{"s":"error","code":-8,"message":"Your token has expired. Please generate a token"}},"timestamp":"2025-11-17 08:54:18,022+0530","service":"FyersAPI"}
{"level":"ERROR","location":"[get_call:146] fyersModel","message":{"API":"/profile","Error":{"s":"error","code":-8,"message":"Your token has expired. Please generate a token"}},"timestamp":"2025-11-18 08:01:16,223+0530","service":"FyersAPI"}
{"level":"ERROR","location":"[get_call:146] fyersModel","message":{"API":"/profile","Error":{"s":"error","code":-8,"message":"Your token has expired. Please generate a token"}},"timestamp":"2025-11-19 07:35:13,783+0530","service":"FyersAPI"}
{"level":"ERROR","location":"[get_call:146] fyersModel","message":{"API":"/profile","Error":{"s":"error","code":-8,"message":"Your token has expired. Please generate a token"}},"timestamp":"2025-11-20 09:16:23,523+0530","service":"FyersAPI"}
{"level":"ERROR","location":"[get_call:146] fyersModel","message":{"API":"/history","Error":{"code":-16,"message":"Could not authenticate the user","s":"error"}},"timestamp":"2025-11-20 09:16:54,045+0530","service":"FyersAPI"}
{"level":"ERROR","location":"[get_call:146] fyersModel","message":{"API":"/history","Error":{"code":-16,"message":"Could not authenticate the user","s":"error"}},"timestamp":"2025-11-20 09:16:54,705+0530","service":"FyersAPI"}
{"level":"ERROR","location":"[get_call:146] fyersModel","message":{"API":"/history","Error":{"code":-16,"message":"Could not authenticate the user","s":"error"}},"timestamp":"2025-11-20 09:16:58,498+0530","service":"FyersAPI"}
{"level":"ERROR","location":"[get_call:146] fyersModel","message":{"API":"/history","Error":{"code":-16,"message":"Could not authenticate the user","s":"error"}},"timestamp":"2025-11-20 09:16:59,219+0530","service":"FyersAPI"}
{"level":"ERROR","location":"[get_call:146] fyersModel","message":{"API":"/profile","Error":{"s":"error","code":-8,"message":"Your token has expired. Please generate a token"}},"timestamp":"2025-11-21 09:17:38,812+0530","service":"FyersAPI"}
{"level":"ERROR","location":"[get_call:146] fyersModel","message":{"API":"/profile","Error":{"s":"error","code":-8,"message":"Your token has expired. Please generate a token"}},"timestamp":"2025-11-21 19:13:25,530+0530","service":"FyersAPI"}
