2025-11-14 09:29:16,121 [INFO] 🔹 Starting trading script...
2025-11-14 09:29:16,121 [INFO] file filtered_stocks.csv does not exist
2025-11-14 09:29:16,121 [INFO] file filtered_stocks.json does not exist
2025-11-14 09:29:16,121 [INFO] file gapup_data.csv does not exist
2025-11-14 09:29:16,121 [INFO] file gapup_data.json does not exist
2025-11-14 09:29:16,121 [INFO] file trades.txt does not exist
2025-11-14 09:29:16,121 [INFO] file GapUp_stocks.json does not exist
2025-11-14 09:29:16,121 [INFO] file tamo.txt does not exist
2025-11-14 09:29:16,133 [INFO] Authenticating with Fyers API...
2025-11-14 09:29:16,142 [INFO] Access token is not valid.
2025-11-14 09:29:16,143 [INFO] verify_client_id failure - HTTPSConnectionPool(host='api-t2.fyers.in', port=443): Max retries exceeded with url: /vagator/v2/send_login_otp (Caused by NameResolutionError("<urllib3.connection.HTTPSConnection object at 0x000001EB887598D0>: Failed to resolve 'api-t2.fyers.in' ([Errno 11001] getaddrinfo failed)"))
2025-11-14 09:29:43,036 [INFO] 🔹 Starting trading script...
2025-11-14 09:29:43,036 [INFO] file filtered_stocks.csv does not exist
2025-11-14 09:29:43,037 [INFO] file filtered_stocks.json does not exist
2025-11-14 09:29:43,037 [INFO] file gapup_data.csv does not exist
2025-11-14 09:29:43,037 [INFO] file gapup_data.json does not exist
2025-11-14 09:29:43,038 [INFO] file trades.txt does not exist
2025-11-14 09:29:43,038 [INFO] file GapUp_stocks.json does not exist
2025-11-14 09:29:43,038 [INFO] file tamo.txt does not exist
2025-11-14 09:29:43,038 [INFO] Authenticating with Fyers API...
2025-11-14 09:29:55,063 [INFO] Access token is not valid.
2025-11-14 09:29:59,086 [INFO] verify_client_id failure - HTTPSConnectionPool(host='api-t2.fyers.in', port=443): Max retries exceeded with url: /vagator/v2/send_login_otp (Caused by NameResolutionError("<urllib3.connection.HTTPSConnection object at 0x000002AFF7819890>: Failed to resolve 'api-t2.fyers.in' ([Errno 11001] getaddrinfo failed)"))
2025-11-14 09:31:06,611 [INFO] 🔹 Starting trading script...
2025-11-14 09:31:06,612 [INFO] file filtered_stocks.csv does not exist
2025-11-14 09:31:06,612 [INFO] file filtered_stocks.json does not exist
2025-11-14 09:31:06,612 [INFO] file gapup_data.csv does not exist
2025-11-14 09:31:06,613 [INFO] file gapup_data.json does not exist
2025-11-14 09:31:06,613 [INFO] file trades.txt does not exist
2025-11-14 09:31:06,613 [INFO] file GapUp_stocks.json does not exist
2025-11-14 09:31:06,613 [INFO] file tamo.txt does not exist
2025-11-14 09:31:06,614 [INFO] Authenticating with Fyers API...
2025-11-14 09:31:07,077 [INFO] Access token is not valid.
2025-11-14 09:31:07,510 [INFO] verify_client_id success
2025-11-14 09:31:07,511 [INFO] generate_totp success
2025-11-14 09:31:07,929 [INFO] verify_totp_result success
2025-11-14 09:31:09,226 [INFO] verify_pin_result success
2025-11-14 09:31:09,701 [INFO] token_result success
2025-11-14 09:31:10,148 [INFO] validate_authcode success
2025-11-14 09:31:10,182 [INFO] Authentication successful
2025-11-14 09:31:10,191 [INFO] Authentication successful.
2025-11-14 09:31:13,192 [INFO] Creating FyersModel instance with access token...
2025-11-14 09:31:13,193 [INFO] Authenticated Fyers instance created.
2025-11-14 09:31:13,193 [INFO] Fetching new gap-up stocks using WebSocket...
2025-11-14 09:31:13,818 [INFO] Loaded 499 symbols from Stock_list.xlsx.
2025-11-14 09:31:14,278 [INFO] Websocket connected
2025-11-14 09:31:14,340 [INFO] Response: {'type': 'cn', 'code': 200, 'message': 'Authentication done', 's': 'ok'}
2025-11-14 09:31:14,668 [INFO] Response: {'type': 'ful', 'code': 200, 'message': 'Full Mode On', 's': 'ok'}
2025-11-14 09:31:15,858 [INFO] WebSocket connection opened. Subscribing to data...
2025-11-14 09:31:16,771 [INFO] Response: {'type': 'sub', 'code': 200, 'message': 'Subscribed', 's': 'ok'}
2025-11-14 09:31:31,770 [INFO] Connection closed: {'code': 200, 'message': 'Connection Closed', 's': 'ok'}
2025-11-14 09:31:34,285 [INFO] Evaluating for gap-up stocks...
2025-11-14 09:31:34,298 [INFO] Gap-up stocks saved to gapup_data.csv with 5 entries.
2025-11-14 09:31:34,298 [INFO] Total gap-up stocks found: 5
2025-11-14 09:31:34,308 [INFO] Gap-up stocks found: 5
2025-11-14 09:31:36,437 [INFO] Symbol              Gap Up %    Avg Volume  Status
2025-11-14 09:31:36,437 [INFO] ------------------------------------------------------------
2025-11-14 09:31:36,452 [INFO] Excluded NSE:JUBLFOOD-EQ | Volume: -1
2025-11-14 09:31:36,452 [INFO] Excluded NSE:GPIL-EQ | Volume: -1
2025-11-14 09:31:36,452 [INFO] Excluded NSE:GMRAIRPORT-EQ | Volume: -1
2025-11-14 09:31:36,452 [INFO] Excluded NSE:MUTHOOTFIN-EQ | Volume: -1
2025-11-14 09:31:36,454 [INFO] Excluded NSE:BDL-EQ | Volume: -1
2025-11-14 09:31:36,457 [INFO] No stocks passed volume filter. Retrying (1)...
2025-11-14 09:31:41,789 [INFO] Symbol              Gap Up %    Avg Volume  Status
2025-11-14 09:31:41,789 [INFO] ------------------------------------------------------------
2025-11-14 09:31:41,790 [INFO] Excluded NSE:JUBLFOOD-EQ | Volume: -1
2025-11-14 09:31:41,790 [INFO] Excluded NSE:GPIL-EQ | Volume: -1
2025-11-14 09:31:41,790 [INFO] Excluded NSE:GMRAIRPORT-EQ | Volume: -1
2025-11-14 09:31:41,790 [INFO] Excluded NSE:MUTHOOTFIN-EQ | Volume: -1
2025-11-14 09:31:41,791 [INFO] Excluded NSE:BDL-EQ | Volume: -1
2025-11-14 09:31:41,793 [INFO] No stocks passed volume filter. Retrying (0)...
2025-11-14 09:31:44,794 [INFO] No stocks passed after retries. Exiting.
2025-11-14 09:36:17,673 [INFO] 🔹 Starting trading script...
2025-11-14 09:36:17,674 [INFO] file filtered_stocks.csv deleted successfully
2025-11-14 09:36:17,674 [INFO] file filtered_stocks.json does not exist
2025-11-14 09:36:17,675 [INFO] file gapup_data.csv deleted successfully
2025-11-14 09:36:17,676 [INFO] file gapup_data.json does not exist
2025-11-14 09:36:17,676 [INFO] file trades.txt does not exist
2025-11-14 09:36:17,677 [INFO] file GapUp_stocks.json deleted successfully
2025-11-14 09:36:17,677 [INFO] file tamo.txt does not exist
2025-11-14 09:36:17,677 [INFO] Authenticating with Fyers API...
2025-11-14 09:36:18,140 [INFO] Access token is valid.
2025-11-14 09:36:18,140 [INFO] Authentication successful.
2025-11-14 09:36:21,142 [INFO] Creating FyersModel instance with access token...
2025-11-14 09:36:21,143 [INFO] Authenticated Fyers instance created.
2025-11-14 09:36:21,143 [INFO] Fetching new gap-up stocks using WebSocket...
2025-11-14 09:36:21,424 [INFO] Loaded 499 symbols from Stock_list.xlsx.
2025-11-14 09:36:21,722 [INFO] Websocket connected
2025-11-14 09:36:21,742 [INFO] Response: {'type': 'cn', 'code': 200, 'message': 'Authentication done', 's': 'ok'}
2025-11-14 09:36:21,873 [INFO] Response: {'type': 'ful', 'code': 200, 'message': 'Full Mode On', 's': 'ok'}
2025-11-14 09:36:23,432 [INFO] WebSocket connection opened. Subscribing to data...
2025-11-14 09:36:24,299 [INFO] Response: {'type': 'sub', 'code': 200, 'message': 'Subscribed', 's': 'ok'}
2025-11-14 09:36:39,295 [INFO] Connection closed: {'code': 200, 'message': 'Connection Closed', 's': 'ok'}
2025-11-14 09:36:41,726 [INFO] Evaluating for gap-up stocks...
2025-11-14 09:36:41,726 [INFO] Gap-up stocks saved to gapup_data.csv with 5 entries.
2025-11-14 09:36:41,726 [INFO] Total gap-up stocks found: 5
2025-11-14 09:36:41,736 [INFO] Gap-up stocks found: 5
2025-11-14 09:36:43,397 [INFO] Symbol              Gap Up %    Avg Volume  Status
2025-11-14 09:36:43,399 [INFO] ------------------------------------------------------------
2025-11-14 09:36:43,399 [INFO] Included NSE:JUBLFOOD-EQ | Volume: 1457498
2025-11-14 09:36:43,399 [INFO] Included NSE:GPIL-EQ | Volume: 4315671
2025-11-14 09:36:43,400 [INFO] Included NSE:GMRAIRPORT-EQ | Volume: 10382784
2025-11-14 09:36:43,400 [INFO] Included NSE:MUTHOOTFIN-EQ | Volume: 504563
2025-11-14 09:36:43,400 [INFO] Included NSE:BDL-EQ | Volume: 1277083
2025-11-14 09:36:43,422 [INFO] Entering monitoring loop...
2025-11-14 09:36:43,422 [INFO] Checking trade setups at 2025-11-14 09:36:43
2025-11-14 09:36:43,423 [INFO] Applying EMA strategy to 5 stocks.
2025-11-14 09:36:43,850 [INFO] Executing trade for NSE:JUBLFOOD-EQ: {'timestamp': '2025-11-14 09:25', 'action': 'SELL', 'entry_price': 613.65, 'stop_loss': 622.95, 'target': 585.7499999999998}
2025-11-14 09:36:43,851 [INFO] Trade for NSE:JUBLFOOD-EQ is outside trading window. Skipping.
2025-11-14 09:36:43,851 [INFO] Executing trade for NSE:JUBLFOOD-EQ: {'timestamp': '2025-11-14 09:30', 'action': 'SELL', 'entry_price': 612.25, 'stop_loss': 619.5, 'target': 590.5}
2025-11-14 09:36:43,851 [INFO] Trade for NSE:JUBLFOOD-EQ is outside trading window. Skipping.
2025-11-14 09:36:44,686 [INFO] Executing trade for NSE:GMRAIRPORT-EQ: {'timestamp': '2025-11-14 09:20', 'action': 'SELL', 'entry_price': 97.2, 'stop_loss': 99.19, 'target': 91.23000000000002}
2025-11-14 09:36:44,686 [INFO] Trade for NSE:GMRAIRPORT-EQ is outside trading window. Skipping.
2025-11-14 09:36:44,686 [INFO] Executing trade for NSE:GMRAIRPORT-EQ: {'timestamp': '2025-11-14 09:30', 'action': 'SELL', 'entry_price': 97.11, 'stop_loss': 97.91, 'target': 94.71000000000001}
2025-11-14 09:36:44,687 [INFO] Trade for NSE:GMRAIRPORT-EQ is outside trading window. Skipping.
2025-11-14 09:36:45,063 [INFO] Executing trade for NSE:MUTHOOTFIN-EQ: {'timestamp': '2025-11-14 09:30', 'action': 'SELL', 'entry_price': 3698.1, 'stop_loss': 3716.9, 'target': 3641.6999999999994}
2025-11-14 09:36:45,063 [INFO] Trade for NSE:MUTHOOTFIN-EQ is outside trading window. Skipping.
2025-11-14 09:36:45,385 [INFO] Executing trade for NSE:BDL-EQ: {'timestamp': '2025-11-14 09:30', 'action': 'SELL', 'entry_price': 1616, 'stop_loss': 1628.8, 'target': 1577.6000000000001}
2025-11-14 09:36:45,385 [INFO] Trade for NSE:BDL-EQ is outside trading window. Skipping.
2025-11-14 09:36:55,388 [INFO] Checking trade setups at 2025-11-14 09:36:55
2025-11-14 09:36:55,388 [INFO] Applying EMA strategy to 5 stocks.
2025-11-14 09:37:07,251 [INFO] Checking trade setups at 2025-11-14 09:37:07
2025-11-14 09:37:07,251 [INFO] Applying EMA strategy to 5 stocks.
2025-11-14 09:37:09,497 [INFO] Executing trade for NSE:GPIL-EQ: {'timestamp': '2025-11-14 09:35', 'action': 'SELL', 'entry_price': 280.1, 'stop_loss': 281.95, 'target': 274.5500000000001}
2025-11-14 09:37:09,497 [INFO] after SL after filtering the final SL:1.85, final_target:274.55, qty:54
2025-11-14 09:37:10,191 [INFO] Order Response: {'code': 1101, 'message': 'Successfully placed order', 's': 'ok', 'id': '25111400053636-BO-1'}
2025-11-14 09:37:10,194 [INFO] Trades taken today: 1
2025-11-14 09:37:10,194 [INFO] Remaining trades for the day: 5
2025-11-14 09:37:10,196 [INFO] ✅ Order placed successfully for NSE:GPIL-EQ
2025-11-14 09:37:22,957 [INFO] Checking trade setups at 2025-11-14 09:37:22
2025-11-14 09:37:22,958 [INFO] Applying EMA strategy to 5 stocks.
2025-11-14 09:37:35,956 [INFO] Checking trade setups at 2025-11-14 09:37:35
2025-11-14 09:37:35,956 [INFO] Applying EMA strategy to 5 stocks.
2025-11-14 09:37:48,805 [INFO] Checking trade setups at 2025-11-14 09:37:48
2025-11-14 09:37:48,806 [INFO] Applying EMA strategy to 5 stocks.
2025-11-14 09:38:02,823 [INFO] Checking trade setups at 2025-11-14 09:38:02
2025-11-14 09:38:02,823 [INFO] Applying EMA strategy to 5 stocks.
2025-11-14 09:38:15,781 [INFO] Checking trade setups at 2025-11-14 09:38:15
2025-11-14 09:38:15,781 [INFO] Applying EMA strategy to 5 stocks.
2025-11-14 09:38:29,085 [INFO] Checking trade setups at 2025-11-14 09:38:29
2025-11-14 09:38:29,085 [INFO] Applying EMA strategy to 5 stocks.
2025-11-14 09:38:43,430 [INFO] Checking trade setups at 2025-11-14 09:38:43
2025-11-14 09:38:43,430 [INFO] Applying EMA strategy to 5 stocks.
2025-11-14 09:38:56,258 [INFO] Checking trade setups at 2025-11-14 09:38:56
2025-11-14 09:38:56,259 [INFO] Applying EMA strategy to 5 stocks.
2025-11-14 09:39:09,101 [INFO] Checking trade setups at 2025-11-14 09:39:09
2025-11-14 09:39:09,101 [INFO] Applying EMA strategy to 5 stocks.
2025-11-14 09:39:22,033 [INFO] Checking trade setups at 2025-11-14 09:39:22
2025-11-14 09:39:22,033 [INFO] Applying EMA strategy to 5 stocks.
2025-11-14 09:39:34,880 [INFO] Checking trade setups at 2025-11-14 09:39:34
2025-11-14 09:39:34,880 [INFO] Applying EMA strategy to 5 stocks.
2025-11-14 09:39:46,603 [INFO] Checking trade setups at 2025-11-14 09:39:46
2025-11-14 09:39:46,603 [INFO] Applying EMA strategy to 5 stocks.
2025-11-14 09:39:58,838 [INFO] Checking trade setups at 2025-11-14 09:39:58
2025-11-14 09:39:58,838 [INFO] Applying EMA strategy to 5 stocks.
2025-11-14 09:40:11,218 [INFO] Checking trade setups at 2025-11-14 09:40:11
2025-11-14 09:40:11,218 [INFO] Applying EMA strategy to 5 stocks.
2025-11-14 09:40:13,401 [INFO] Executing trade for NSE:BDL-EQ: {'timestamp': '2025-11-14 09:40', 'action': 'SELL', 'entry_price': 1618.7, 'stop_loss': 1626, 'target': 1596.8000000000002}
2025-11-14 09:40:13,401 [INFO] after SL after filtering the final SL:7.3, final_target:1596.8, qty:13
2025-11-14 09:40:13,878 [INFO] Order Response: {'code': 1101, 'message': 'Successfully placed order', 's': 'ok', 'id': '25111400059330-BO-1'}
2025-11-14 09:40:13,879 [INFO] Trades taken today: 2
2025-11-14 09:40:13,880 [INFO] Remaining trades for the day: 4
2025-11-14 09:40:13,881 [INFO] ✅ Order placed successfully for NSE:BDL-EQ
2025-11-14 09:40:23,883 [INFO] Checking trade setups at 2025-11-14 09:40:23
2025-11-14 09:40:23,884 [INFO] Applying EMA strategy to 5 stocks.
2025-11-14 09:40:36,212 [INFO] Checking trade setups at 2025-11-14 09:40:36
2025-11-14 09:40:36,213 [INFO] Applying EMA strategy to 5 stocks.
2025-11-14 09:40:48,311 [INFO] Checking trade setups at 2025-11-14 09:40:48
2025-11-14 09:40:48,312 [INFO] Applying EMA strategy to 5 stocks.
2025-11-14 09:41:00,522 [INFO] Checking trade setups at 2025-11-14 09:41:00
2025-11-14 09:41:00,522 [INFO] Applying EMA strategy to 5 stocks.
2025-11-14 09:41:12,730 [INFO] Checking trade setups at 2025-11-14 09:41:12
2025-11-14 09:41:12,730 [INFO] Applying EMA strategy to 5 stocks.
2025-11-14 09:41:14,418 [INFO] Executing trade for NSE:MUTHOOTFIN-EQ: {'timestamp': '2025-11-14 09:40', 'action': 'SELL', 'entry_price': 3703.9, 'stop_loss': 3713.8, 'target': 3674.2}
2025-11-14 09:41:14,419 [INFO] after SL after filtering the final SL:9.9, final_target:3674.2, qty:10
2025-11-14 09:41:14,742 [INFO] Order Response: {'code': 1101, 'message': 'Successfully placed order', 's': 'ok', 'id': '25111400060669-BO-1'}
2025-11-14 09:41:14,745 [INFO] Trades taken today: 3
2025-11-14 09:41:14,745 [INFO] Remaining trades for the day: 3
2025-11-14 09:41:14,746 [INFO] ✅ Order placed successfully for NSE:MUTHOOTFIN-EQ
2025-11-14 09:41:25,077 [INFO] Checking trade setups at 2025-11-14 09:41:25
2025-11-14 09:41:25,077 [INFO] Applying EMA strategy to 5 stocks.
2025-11-14 09:41:37,459 [INFO] Checking trade setups at 2025-11-14 09:41:37
2025-11-14 09:41:37,459 [INFO] Applying EMA strategy to 5 stocks.
2025-11-14 09:41:49,130 [INFO] Checking trade setups at 2025-11-14 09:41:49
2025-11-14 09:41:49,130 [INFO] Applying EMA strategy to 5 stocks.
2025-11-14 09:42:00,789 [INFO] Checking trade setups at 2025-11-14 09:42:00
2025-11-14 09:42:00,789 [INFO] Applying EMA strategy to 5 stocks.
2025-11-14 09:42:12,425 [INFO] Checking trade setups at 2025-11-14 09:42:12
2025-11-14 09:42:12,425 [INFO] Applying EMA strategy to 5 stocks.
2025-11-14 09:42:24,554 [INFO] Checking trade setups at 2025-11-14 09:42:24
2025-11-14 09:42:24,554 [INFO] Applying EMA strategy to 5 stocks.
2025-11-14 09:42:36,334 [INFO] Checking trade setups at 2025-11-14 09:42:36
2025-11-14 09:42:36,334 [INFO] Applying EMA strategy to 5 stocks.
2025-11-14 09:42:48,342 [INFO] Checking trade setups at 2025-11-14 09:42:48
2025-11-14 09:42:48,342 [INFO] Applying EMA strategy to 5 stocks.
2025-11-14 09:43:00,172 [INFO] Checking trade setups at 2025-11-14 09:43:00
2025-11-14 09:43:00,172 [INFO] Applying EMA strategy to 5 stocks.
2025-11-14 09:43:13,773 [INFO] Checking trade setups at 2025-11-14 09:43:13
2025-11-14 09:43:13,773 [INFO] Applying EMA strategy to 5 stocks.
2025-11-14 09:43:25,871 [INFO] Checking trade setups at 2025-11-14 09:43:25
2025-11-14 09:43:25,871 [INFO] Applying EMA strategy to 5 stocks.
2025-11-14 09:43:37,840 [INFO] Checking trade setups at 2025-11-14 09:43:37
2025-11-14 09:43:37,840 [INFO] Applying EMA strategy to 5 stocks.
2025-11-14 09:43:49,898 [INFO] Checking trade setups at 2025-11-14 09:43:49
2025-11-14 09:43:49,898 [INFO] Applying EMA strategy to 5 stocks.
2025-11-14 09:44:02,089 [INFO] Checking trade setups at 2025-11-14 09:44:02
2025-11-14 09:44:02,089 [INFO] Applying EMA strategy to 5 stocks.
2025-11-14 09:44:14,290 [INFO] Checking trade setups at 2025-11-14 09:44:14
2025-11-14 09:44:14,290 [INFO] Applying EMA strategy to 5 stocks.
2025-11-14 09:44:26,004 [INFO] Checking trade setups at 2025-11-14 09:44:26
2025-11-14 09:44:26,004 [INFO] Applying EMA strategy to 5 stocks.
2025-11-14 09:44:37,730 [INFO] Checking trade setups at 2025-11-14 09:44:37
2025-11-14 09:44:37,731 [INFO] Applying EMA strategy to 5 stocks.
2025-11-14 09:44:49,461 [INFO] Checking trade setups at 2025-11-14 09:44:49
2025-11-14 09:44:49,462 [INFO] Applying EMA strategy to 5 stocks.
2025-11-14 09:45:01,428 [INFO] Checking trade setups at 2025-11-14 09:45:01
2025-11-14 09:45:01,429 [INFO] Applying EMA strategy to 5 stocks.
2025-11-14 09:45:13,716 [INFO] Checking trade setups at 2025-11-14 09:45:13
2025-11-14 09:45:13,716 [INFO] Applying EMA strategy to 5 stocks.
2025-11-14 09:45:25,905 [INFO] Checking trade setups at 2025-11-14 09:45:25
2025-11-14 09:45:25,905 [INFO] Applying EMA strategy to 5 stocks.
2025-11-14 09:45:38,397 [INFO] Checking trade setups at 2025-11-14 09:45:38
2025-11-14 09:45:38,397 [INFO] Applying EMA strategy to 5 stocks.
2025-11-14 09:45:50,583 [INFO] Checking trade setups at 2025-11-14 09:45:50
2025-11-14 09:45:50,583 [INFO] Applying EMA strategy to 5 stocks.
2025-11-14 09:46:02,421 [INFO] Checking trade setups at 2025-11-14 09:46:02
2025-11-14 09:46:02,421 [INFO] Applying EMA strategy to 5 stocks.
2025-11-14 09:46:15,467 [INFO] Checking trade setups at 2025-11-14 09:46:15
2025-11-14 09:46:15,468 [INFO] Applying EMA strategy to 5 stocks.
2025-11-14 09:46:27,355 [INFO] Checking trade setups at 2025-11-14 09:46:27
2025-11-14 09:46:27,355 [INFO] Applying EMA strategy to 5 stocks.
2025-11-14 09:46:39,339 [INFO] Checking trade setups at 2025-11-14 09:46:39
2025-11-14 09:46:39,339 [INFO] Applying EMA strategy to 5 stocks.
2025-11-14 09:46:51,154 [INFO] Checking trade setups at 2025-11-14 09:46:51
2025-11-14 09:46:51,155 [INFO] Applying EMA strategy to 5 stocks.
2025-11-14 09:47:03,362 [INFO] Checking trade setups at 2025-11-14 09:47:03
2025-11-14 09:47:03,362 [INFO] Applying EMA strategy to 5 stocks.
2025-11-14 09:47:15,234 [INFO] Checking trade setups at 2025-11-14 09:47:15
2025-11-14 09:47:15,235 [INFO] Applying EMA strategy to 5 stocks.
2025-11-14 09:47:27,721 [INFO] Checking trade setups at 2025-11-14 09:47:27
2025-11-14 09:47:27,721 [INFO] Applying EMA strategy to 5 stocks.
2025-11-14 09:47:39,835 [INFO] Checking trade setups at 2025-11-14 09:47:39
2025-11-14 09:47:39,835 [INFO] Applying EMA strategy to 5 stocks.
2025-11-14 09:47:51,626 [INFO] Checking trade setups at 2025-11-14 09:47:51
2025-11-14 09:47:51,626 [INFO] Applying EMA strategy to 5 stocks.
2025-11-14 09:48:03,395 [INFO] Checking trade setups at 2025-11-14 09:48:03
2025-11-14 09:48:03,395 [INFO] Applying EMA strategy to 5 stocks.
2025-11-14 09:48:15,484 [INFO] Checking trade setups at 2025-11-14 09:48:15
2025-11-14 09:48:15,485 [INFO] Applying EMA strategy to 5 stocks.
2025-11-14 09:48:28,027 [INFO] Checking trade setups at 2025-11-14 09:48:28
2025-11-14 09:48:28,027 [INFO] Applying EMA strategy to 5 stocks.
2025-11-14 09:48:39,754 [INFO] Checking trade setups at 2025-11-14 09:48:39
2025-11-14 09:48:39,754 [INFO] Applying EMA strategy to 5 stocks.
2025-11-14 09:48:52,293 [INFO] Checking trade setups at 2025-11-14 09:48:52
2025-11-14 09:48:52,293 [INFO] Applying EMA strategy to 5 stocks.
2025-11-14 09:49:04,587 [INFO] Checking trade setups at 2025-11-14 09:49:04
2025-11-14 09:49:04,587 [INFO] Applying EMA strategy to 5 stocks.
2025-11-14 09:49:16,589 [INFO] Checking trade setups at 2025-11-14 09:49:16
2025-11-14 09:49:16,589 [INFO] Applying EMA strategy to 5 stocks.
2025-11-14 09:49:29,065 [INFO] Checking trade setups at 2025-11-14 09:49:29
2025-11-14 09:49:29,065 [INFO] Applying EMA strategy to 5 stocks.
2025-11-14 09:49:41,091 [INFO] Checking trade setups at 2025-11-14 09:49:41
2025-11-14 09:49:41,091 [INFO] Applying EMA strategy to 5 stocks.
2025-11-14 09:49:42,819 [INFO] Executing trade for NSE:MUTHOOTFIN-EQ: {'timestamp': '2025-11-14 09:45', 'action': 'SELL', 'entry_price': 3700, 'stop_loss': 3711.5, 'target': 3665.5}
2025-11-14 09:49:42,819 [INFO] after SL after filtering the final SL:11.5, final_target:3665.5, qty:8
2025-11-14 09:49:42,847 [INFO] Cannot trade NSE:MUTHOOTFIN-EQ as it has already been traded within 10 minutes.
2025-11-14 09:49:42,848 [INFO] NSE:MUTHOOTFIN-EQ already traded today. Skipping.
2025-11-14 09:49:53,292 [INFO] Checking trade setups at 2025-11-14 09:49:53
2025-11-14 09:49:53,292 [INFO] Applying EMA strategy to 5 stocks.
2025-11-14 09:50:05,025 [INFO] Checking trade setups at 2025-11-14 09:50:05
2025-11-14 09:50:05,025 [INFO] Applying EMA strategy to 5 stocks.
2025-11-14 09:50:17,308 [INFO] Checking trade setups at 2025-11-14 09:50:17
2025-11-14 09:50:17,308 [INFO] Applying EMA strategy to 5 stocks.
2025-11-14 09:50:29,098 [INFO] Checking trade setups at 2025-11-14 09:50:29
2025-11-14 09:50:29,098 [INFO] Applying EMA strategy to 5 stocks.
2025-11-14 09:50:41,161 [INFO] Checking trade setups at 2025-11-14 09:50:41
2025-11-14 09:50:41,161 [INFO] Applying EMA strategy to 5 stocks.
2025-11-14 09:50:53,926 [INFO] Checking trade setups at 2025-11-14 09:50:53
2025-11-14 09:50:53,926 [INFO] Applying EMA strategy to 5 stocks.
2025-11-14 09:51:06,601 [INFO] Checking trade setups at 2025-11-14 09:51:06
2025-11-14 09:51:06,602 [INFO] Applying EMA strategy to 5 stocks.
2025-11-14 09:51:18,421 [INFO] Checking trade setups at 2025-11-14 09:51:18
2025-11-14 09:51:18,421 [INFO] Applying EMA strategy to 5 stocks.
2025-11-14 09:51:30,124 [INFO] Checking trade setups at 2025-11-14 09:51:30
2025-11-14 09:51:30,124 [INFO] Applying EMA strategy to 5 stocks.
2025-11-14 09:51:42,323 [INFO] Checking trade setups at 2025-11-14 09:51:42
2025-11-14 09:51:42,323 [INFO] Applying EMA strategy to 5 stocks.
2025-11-14 09:51:54,467 [INFO] Checking trade setups at 2025-11-14 09:51:54
2025-11-14 09:51:54,467 [INFO] Applying EMA strategy to 5 stocks.
2025-11-14 09:52:06,348 [INFO] Checking trade setups at 2025-11-14 09:52:06
2025-11-14 09:52:06,348 [INFO] Applying EMA strategy to 5 stocks.
2025-11-14 09:52:18,565 [INFO] Checking trade setups at 2025-11-14 09:52:18
2025-11-14 09:52:18,565 [INFO] Applying EMA strategy to 5 stocks.
2025-11-14 09:52:31,710 [INFO] Checking trade setups at 2025-11-14 09:52:31
2025-11-14 09:52:31,710 [INFO] Applying EMA strategy to 5 stocks.
2025-11-14 09:52:44,086 [INFO] Checking trade setups at 2025-11-14 09:52:44
2025-11-14 09:52:44,087 [INFO] Applying EMA strategy to 5 stocks.
2025-11-14 09:52:56,388 [INFO] Checking trade setups at 2025-11-14 09:52:56
2025-11-14 09:52:56,389 [INFO] Applying EMA strategy to 5 stocks.
2025-11-14 09:53:08,493 [INFO] Checking trade setups at 2025-11-14 09:53:08
2025-11-14 09:53:08,493 [INFO] Applying EMA strategy to 5 stocks.
2025-11-14 09:53:20,798 [INFO] Checking trade setups at 2025-11-14 09:53:20
2025-11-14 09:53:20,798 [INFO] Applying EMA strategy to 5 stocks.
2025-11-14 09:53:32,436 [INFO] Checking trade setups at 2025-11-14 09:53:32
2025-11-14 09:53:32,437 [INFO] Applying EMA strategy to 5 stocks.
2025-11-14 09:53:44,297 [INFO] Checking trade setups at 2025-11-14 09:53:44
2025-11-14 09:53:44,297 [INFO] Applying EMA strategy to 5 stocks.
2025-11-14 09:53:56,587 [INFO] Checking trade setups at 2025-11-14 09:53:56
2025-11-14 09:53:56,587 [INFO] Applying EMA strategy to 5 stocks.
2025-11-14 09:54:08,255 [INFO] Checking trade setups at 2025-11-14 09:54:08
2025-11-14 09:54:08,256 [INFO] Applying EMA strategy to 5 stocks.
2025-11-14 09:54:08,707 [INFO] Executing trade for NSE:JUBLFOOD-EQ: {'timestamp': '2025-11-14 09:50', 'action': 'SELL', 'entry_price': 620, 'stop_loss': 622.1, 'target': 613.6999999999999}
2025-11-14 09:54:08,708 [INFO] after SL after filtering the final SL:2.1, final_target:613.7, qty:47
2025-11-14 09:54:09,062 [INFO] Order Response: {'code': 1101, 'message': 'Successfully placed order', 's': 'ok', 'id': '25111400081182-BO-1'}
2025-11-14 09:54:09,063 [INFO] Trades taken today: 4
2025-11-14 09:54:09,064 [INFO] Remaining trades for the day: 2
2025-11-14 09:54:09,065 [INFO] ✅ Order placed successfully for NSE:JUBLFOOD-EQ
2025-11-14 09:54:20,421 [INFO] Checking trade setups at 2025-11-14 09:54:20
2025-11-14 09:54:20,422 [INFO] Applying EMA strategy to 5 stocks.
2025-11-14 09:54:32,223 [INFO] Checking trade setups at 2025-11-14 09:54:32
2025-11-14 09:54:32,223 [INFO] Applying EMA strategy to 5 stocks.
2025-11-14 09:54:44,102 [INFO] Checking trade setups at 2025-11-14 09:54:44
2025-11-14 09:54:44,102 [INFO] Applying EMA strategy to 5 stocks.
2025-11-14 09:54:56,140 [INFO] Checking trade setups at 2025-11-14 09:54:56
2025-11-14 09:54:56,140 [INFO] Applying EMA strategy to 5 stocks.
2025-11-14 09:55:07,862 [INFO] Checking trade setups at 2025-11-14 09:55:07
2025-11-14 09:55:07,862 [INFO] Applying EMA strategy to 5 stocks.
2025-11-14 09:55:20,416 [INFO] Checking trade setups at 2025-11-14 09:55:20
2025-11-14 09:55:20,416 [INFO] Applying EMA strategy to 5 stocks.
2025-11-14 09:55:32,123 [INFO] Checking trade setups at 2025-11-14 09:55:32
2025-11-14 09:55:32,124 [INFO] Applying EMA strategy to 5 stocks.
2025-11-14 09:55:44,259 [INFO] Checking trade setups at 2025-11-14 09:55:44
2025-11-14 09:55:44,259 [INFO] Applying EMA strategy to 5 stocks.
2025-11-14 09:55:56,695 [INFO] Checking trade setups at 2025-11-14 09:55:56
2025-11-14 09:55:56,695 [INFO] Applying EMA strategy to 5 stocks.
2025-11-14 09:56:08,437 [INFO] Checking trade setups at 2025-11-14 09:56:08
2025-11-14 09:56:08,437 [INFO] Applying EMA strategy to 5 stocks.
2025-11-14 09:56:20,511 [INFO] Checking trade setups at 2025-11-14 09:56:20
2025-11-14 09:56:20,512 [INFO] Applying EMA strategy to 5 stocks.
2025-11-14 09:56:34,155 [INFO] Checking trade setups at 2025-11-14 09:56:34
2025-11-14 09:56:34,155 [INFO] Applying EMA strategy to 5 stocks.
2025-11-14 09:56:45,875 [INFO] Checking trade setups at 2025-11-14 09:56:45
2025-11-14 09:56:45,875 [INFO] Applying EMA strategy to 5 stocks.
2025-11-14 09:56:57,549 [INFO] Checking trade setups at 2025-11-14 09:56:57
2025-11-14 09:56:57,549 [INFO] Applying EMA strategy to 5 stocks.
2025-11-14 09:57:10,786 [INFO] Checking trade setups at 2025-11-14 09:57:10
2025-11-14 09:57:10,786 [INFO] Applying EMA strategy to 5 stocks.
2025-11-14 09:57:22,586 [INFO] Checking trade setups at 2025-11-14 09:57:22
2025-11-14 09:57:22,586 [INFO] Applying EMA strategy to 5 stocks.
2025-11-14 09:57:34,428 [INFO] Checking trade setups at 2025-11-14 09:57:34
2025-11-14 09:57:34,428 [INFO] Applying EMA strategy to 5 stocks.
2025-11-14 09:57:48,168 [INFO] Checking trade setups at 2025-11-14 09:57:48
2025-11-14 09:57:48,168 [INFO] Applying EMA strategy to 5 stocks.
2025-11-14 09:58:01,545 [INFO] Checking trade setups at 2025-11-14 09:58:01
2025-11-14 09:58:01,545 [INFO] Applying EMA strategy to 5 stocks.
2025-11-14 09:58:04,441 [INFO] Fetching candles for NSE:TMPV-EQ...
2025-11-14 09:58:04,896 [INFO] No candles fetched for NSE:TMPV-EQ. Skipping evaluation.
2025-11-14 09:58:04,897 [INFO] Error in trading logic:
Traceback (most recent call last):
  File "D:\Datascience\TradingBot\main.py", line 149, in main
    tamo_signal, _ = tamo_strategy.evaluate_trade_signal()
    ^^^^^^^^^^^^^^
TypeError: cannot unpack non-iterable bool object

2025-11-14 09:58:14,898 [INFO] Checking trade setups at 2025-11-14 09:58:14
2025-11-14 09:58:14,898 [INFO] Applying EMA strategy to 5 stocks.
2025-11-14 09:58:17,278 [INFO] Fetching candles for NSE:TMPV-EQ...
2025-11-14 09:58:17,759 [INFO] No candles fetched for NSE:TMPV-EQ. Skipping evaluation.
2025-11-14 09:58:17,761 [INFO] Error in trading logic:
Traceback (most recent call last):
  File "D:\Datascience\TradingBot\main.py", line 149, in main
    tamo_signal, _ = tamo_strategy.evaluate_trade_signal()
    ^^^^^^^^^^^^^^
TypeError: cannot unpack non-iterable bool object

2025-11-14 09:58:27,762 [INFO] Checking trade setups at 2025-11-14 09:58:27
2025-11-14 09:58:27,762 [INFO] Applying EMA strategy to 5 stocks.
2025-11-14 09:58:29,806 [INFO] Fetching candles for NSE:TMPV-EQ...
2025-11-14 09:58:30,106 [INFO] No candles fetched for NSE:TMPV-EQ. Skipping evaluation.
2025-11-14 09:58:30,106 [INFO] Error in trading logic:
Traceback (most recent call last):
  File "D:\Datascience\TradingBot\main.py", line 149, in main
    tamo_signal, _ = tamo_strategy.evaluate_trade_signal()
    ^^^^^^^^^^^^^^
TypeError: cannot unpack non-iterable bool object

2025-11-14 09:58:40,108 [INFO] Checking trade setups at 2025-11-14 09:58:40
2025-11-14 09:58:40,108 [INFO] Applying EMA strategy to 5 stocks.
2025-11-14 09:58:42,226 [INFO] Fetching candles for NSE:TMPV-EQ...
2025-11-14 09:58:42,628 [INFO] No candles fetched for NSE:TMPV-EQ. Skipping evaluation.
2025-11-14 09:58:42,628 [INFO] Error in trading logic:
Traceback (most recent call last):
  File "D:\Datascience\TradingBot\main.py", line 149, in main
    tamo_signal, _ = tamo_strategy.evaluate_trade_signal()
    ^^^^^^^^^^^^^^
TypeError: cannot unpack non-iterable bool object

2025-11-14 09:58:52,630 [INFO] Checking trade setups at 2025-11-14 09:58:52
2025-11-14 09:58:52,630 [INFO] Applying EMA strategy to 5 stocks.
2025-11-14 09:58:55,490 [INFO] Fetching candles for NSE:TMPV-EQ...
2025-11-14 09:58:55,847 [INFO] No candles fetched for NSE:TMPV-EQ. Skipping evaluation.
2025-11-14 09:58:55,849 [INFO] Error in trading logic:
Traceback (most recent call last):
  File "D:\Datascience\TradingBot\main.py", line 149, in main
    tamo_signal, _ = tamo_strategy.evaluate_trade_signal()
    ^^^^^^^^^^^^^^
TypeError: cannot unpack non-iterable bool object

2025-11-14 09:59:05,850 [INFO] Checking trade setups at 2025-11-14 09:59:05
2025-11-14 09:59:05,850 [INFO] Applying EMA strategy to 5 stocks.
2025-11-14 09:59:07,981 [INFO] Fetching candles for NSE:TMPV-EQ...
2025-11-14 09:59:08,312 [INFO] No candles fetched for NSE:TMPV-EQ. Skipping evaluation.
2025-11-14 09:59:08,313 [INFO] Error in trading logic:
Traceback (most recent call last):
  File "D:\Datascience\TradingBot\main.py", line 149, in main
    tamo_signal, _ = tamo_strategy.evaluate_trade_signal()
    ^^^^^^^^^^^^^^
TypeError: cannot unpack non-iterable bool object

2025-11-14 09:59:18,315 [INFO] Checking trade setups at 2025-11-14 09:59:18
2025-11-14 09:59:18,315 [INFO] Applying EMA strategy to 5 stocks.
2025-11-14 09:59:20,088 [INFO] Fetching candles for NSE:TMPV-EQ...
2025-11-14 09:59:20,427 [INFO] No candles fetched for NSE:TMPV-EQ. Skipping evaluation.
2025-11-14 09:59:20,441 [INFO] Error in trading logic:
Traceback (most recent call last):
  File "D:\Datascience\TradingBot\main.py", line 149, in main
    tamo_signal, _ = tamo_strategy.evaluate_trade_signal()
    ^^^^^^^^^^^^^^
TypeError: cannot unpack non-iterable bool object

2025-11-14 09:59:30,443 [INFO] Checking trade setups at 2025-11-14 09:59:30
2025-11-14 09:59:30,443 [INFO] Applying EMA strategy to 5 stocks.
2025-11-14 09:59:32,920 [INFO] Fetching candles for NSE:TMPV-EQ...
2025-11-14 09:59:33,316 [INFO] No candles fetched for NSE:TMPV-EQ. Skipping evaluation.
2025-11-14 09:59:33,316 [INFO] Error in trading logic:
Traceback (most recent call last):
  File "D:\Datascience\TradingBot\main.py", line 149, in main
    tamo_signal, _ = tamo_strategy.evaluate_trade_signal()
    ^^^^^^^^^^^^^^
TypeError: cannot unpack non-iterable bool object

2025-11-14 09:59:43,318 [INFO] Checking trade setups at 2025-11-14 09:59:43
2025-11-14 09:59:43,318 [INFO] Applying EMA strategy to 5 stocks.
2025-11-14 09:59:45,694 [INFO] Fetching candles for NSE:TMPV-EQ...
2025-11-14 09:59:46,046 [INFO] No candles fetched for NSE:TMPV-EQ. Skipping evaluation.
2025-11-14 09:59:46,046 [INFO] Error in trading logic:
Traceback (most recent call last):
  File "D:\Datascience\TradingBot\main.py", line 149, in main
    tamo_signal, _ = tamo_strategy.evaluate_trade_signal()
    ^^^^^^^^^^^^^^
TypeError: cannot unpack non-iterable bool object

2025-11-14 09:59:56,048 [INFO] Checking trade setups at 2025-11-14 09:59:56
2025-11-14 09:59:56,048 [INFO] Applying EMA strategy to 5 stocks.
2025-11-14 09:59:58,539 [INFO] Fetching candles for NSE:TMPV-EQ...
2025-11-14 09:59:58,846 [INFO] No candles fetched for NSE:TMPV-EQ. Skipping evaluation.
2025-11-14 09:59:58,847 [INFO] Error in trading logic:
Traceback (most recent call last):
  File "D:\Datascience\TradingBot\main.py", line 149, in main
    tamo_signal, _ = tamo_strategy.evaluate_trade_signal()
    ^^^^^^^^^^^^^^
TypeError: cannot unpack non-iterable bool object

2025-11-14 10:00:08,848 [INFO] Checking trade setups at 2025-11-14 10:00:08
2025-11-14 10:00:08,849 [INFO] Applying EMA strategy to 5 stocks.
2025-11-14 10:00:10,228 [INFO] Executing trade for NSE:MUTHOOTFIN-EQ: {'timestamp': '2025-11-14 10:00', 'action': 'SELL', 'entry_price': 3704, 'stop_loss': 3719.8, 'target': 3656.5999999999995}
2025-11-14 10:00:10,228 [INFO] after SL after filtering the final SL:15.8, final_target:3656.6, qty:6
2025-11-14 10:00:10,552 [INFO] Order Response: {'code': 1101, 'message': 'Successfully placed order', 's': 'ok', 'id': '25111400090536-BO-1'}
2025-11-14 10:00:10,553 [INFO] Trades taken today: 5
2025-11-14 10:00:10,554 [INFO] Remaining trades for the day: 1
2025-11-14 10:00:10,555 [INFO] ✅ Order placed successfully for NSE:MUTHOOTFIN-EQ
2025-11-14 10:00:10,875 [INFO] Fetching candles for NSE:TMPV-EQ...
2025-11-14 10:00:11,161 [INFO] Trigger candle found for NSE:TMPV-EQ - High: 396.8, Low: 396.5
2025-11-14 10:00:11,161 [INFO] Candle 10:00 evaluated. High: 396.8, Low: 396.5
2025-11-14 10:00:11,161 [INFO] No breakout yet. Watching further candles...
2025-11-14 10:00:11,168 [INFO] Error in trading logic:
Traceback (most recent call last):
  File "D:\Datascience\TradingBot\main.py", line 149, in main
    tamo_signal, _ = tamo_strategy.evaluate_trade_signal()
    ^^^^^^^^^^^^^^
TypeError: cannot unpack non-iterable NoneType object

2025-11-14 10:00:21,169 [INFO] Checking trade setups at 2025-11-14 10:00:21
2025-11-14 10:00:21,169 [INFO] Applying EMA strategy to 5 stocks.
2025-11-14 10:00:23,820 [INFO] Fetching candles for NSE:TMPV-EQ...
2025-11-14 10:00:24,229 [INFO] Trigger candle found for NSE:TMPV-EQ - High: 396.8, Low: 396.5
2025-11-14 10:00:24,229 [INFO] Candle 10:00 evaluated. High: 396.8, Low: 396.5
2025-11-14 10:00:24,229 [INFO] No breakout yet. Watching further candles...
2025-11-14 10:00:24,229 [INFO] Error in trading logic:
Traceback (most recent call last):
  File "D:\Datascience\TradingBot\main.py", line 149, in main
    tamo_signal, _ = tamo_strategy.evaluate_trade_signal()
    ^^^^^^^^^^^^^^
TypeError: cannot unpack non-iterable NoneType object

2025-11-14 10:00:34,232 [INFO] Checking trade setups at 2025-11-14 10:00:34
2025-11-14 10:00:34,232 [INFO] Applying EMA strategy to 5 stocks.
2025-11-14 10:00:36,216 [INFO] Fetching candles for NSE:TMPV-EQ...
2025-11-14 10:00:36,528 [INFO] Trigger candle found for NSE:TMPV-EQ - High: 396.8, Low: 396.5
2025-11-14 10:00:36,528 [INFO] Candle 10:00 evaluated. High: 396.8, Low: 396.5
2025-11-14 10:00:36,528 [INFO] No breakout yet. Watching further candles...
2025-11-14 10:00:36,528 [INFO] Error in trading logic:
Traceback (most recent call last):
  File "D:\Datascience\TradingBot\main.py", line 149, in main
    tamo_signal, _ = tamo_strategy.evaluate_trade_signal()
    ^^^^^^^^^^^^^^
TypeError: cannot unpack non-iterable NoneType object

2025-11-14 10:00:46,535 [INFO] Checking trade setups at 2025-11-14 10:00:46
2025-11-14 10:00:46,535 [INFO] Applying EMA strategy to 5 stocks.
2025-11-14 10:00:49,162 [INFO] Fetching candles for NSE:TMPV-EQ...
2025-11-14 10:00:49,467 [INFO] Trigger candle found for NSE:TMPV-EQ - High: 396.8, Low: 396.5
2025-11-14 10:00:49,467 [INFO] Candle 10:00 evaluated. High: 396.8, Low: 396.5
2025-11-14 10:00:49,467 [INFO] No breakout yet. Watching further candles...
2025-11-14 10:00:49,468 [INFO] Error in trading logic:
Traceback (most recent call last):
  File "D:\Datascience\TradingBot\main.py", line 149, in main
    tamo_signal, _ = tamo_strategy.evaluate_trade_signal()
    ^^^^^^^^^^^^^^
TypeError: cannot unpack non-iterable NoneType object

2025-11-14 10:00:59,469 [INFO] Checking trade setups at 2025-11-14 10:00:59
2025-11-14 10:00:59,469 [INFO] Applying EMA strategy to 5 stocks.
2025-11-14 10:01:01,080 [INFO] Fetching candles for NSE:TMPV-EQ...
2025-11-14 10:01:01,398 [INFO] Trigger candle found for NSE:TMPV-EQ - High: 396.8, Low: 396.4
2025-11-14 10:01:01,398 [INFO] Candle 10:00 evaluated. High: 396.8, Low: 396.4
2025-11-14 10:01:01,398 [INFO] No breakout yet. Watching further candles...
2025-11-14 10:01:01,398 [INFO] Error in trading logic:
Traceback (most recent call last):
  File "D:\Datascience\TradingBot\main.py", line 149, in main
    tamo_signal, _ = tamo_strategy.evaluate_trade_signal()
    ^^^^^^^^^^^^^^
TypeError: cannot unpack non-iterable NoneType object

2025-11-14 10:01:11,402 [INFO] Checking trade setups at 2025-11-14 10:01:11
2025-11-14 10:01:11,402 [INFO] Applying EMA strategy to 5 stocks.
2025-11-14 10:01:15,931 [INFO] Fetching candles for NSE:TMPV-EQ...
2025-11-14 10:01:16,355 [INFO] Trigger candle found for NSE:TMPV-EQ - High: 396.8, Low: 396.15
2025-11-14 10:01:16,355 [INFO] Candle 10:00 evaluated. High: 396.8, Low: 396.15
2025-11-14 10:01:16,355 [INFO] No breakout yet. Watching further candles...
2025-11-14 10:01:16,355 [INFO] Error in trading logic:
Traceback (most recent call last):
  File "D:\Datascience\TradingBot\main.py", line 149, in main
    tamo_signal, _ = tamo_strategy.evaluate_trade_signal()
    ^^^^^^^^^^^^^^
TypeError: cannot unpack non-iterable NoneType object

2025-11-14 10:01:26,357 [INFO] Checking trade setups at 2025-11-14 10:01:26
2025-11-14 10:01:26,357 [INFO] Applying EMA strategy to 5 stocks.
2025-11-14 10:01:29,519 [INFO] Fetching candles for NSE:TMPV-EQ...
2025-11-14 10:01:29,828 [INFO] Trigger candle found for NSE:TMPV-EQ - High: 396.8, Low: 396.15
2025-11-14 10:01:29,829 [INFO] Candle 10:00 evaluated. High: 396.8, Low: 396.15
2025-11-14 10:01:29,829 [INFO] No breakout yet. Watching further candles...
2025-11-14 10:01:29,830 [INFO] Error in trading logic:
Traceback (most recent call last):
  File "D:\Datascience\TradingBot\main.py", line 149, in main
    tamo_signal, _ = tamo_strategy.evaluate_trade_signal()
    ^^^^^^^^^^^^^^
TypeError: cannot unpack non-iterable NoneType object

2025-11-14 10:01:39,831 [INFO] Checking trade setups at 2025-11-14 10:01:39
2025-11-14 10:01:39,831 [INFO] Applying EMA strategy to 5 stocks.
2025-11-14 10:01:41,462 [INFO] Fetching candles for NSE:TMPV-EQ...
2025-11-14 10:01:41,773 [INFO] Trigger candle found for NSE:TMPV-EQ - High: 396.8, Low: 396.1
2025-11-14 10:01:41,773 [INFO] Candle 10:00 evaluated. High: 396.8, Low: 396.1
2025-11-14 10:01:41,773 [INFO] No breakout yet. Watching further candles...
2025-11-14 10:01:41,776 [INFO] Error in trading logic:
Traceback (most recent call last):
  File "D:\Datascience\TradingBot\main.py", line 149, in main
    tamo_signal, _ = tamo_strategy.evaluate_trade_signal()
    ^^^^^^^^^^^^^^
TypeError: cannot unpack non-iterable NoneType object

2025-11-14 10:01:51,777 [INFO] Checking trade setups at 2025-11-14 10:01:51
2025-11-14 10:01:51,777 [INFO] Applying EMA strategy to 5 stocks.
2025-11-14 10:01:53,420 [INFO] Fetching candles for NSE:TMPV-EQ...
2025-11-14 10:01:53,764 [INFO] Trigger candle found for NSE:TMPV-EQ - High: 396.8, Low: 396.1
2025-11-14 10:01:53,764 [INFO] Candle 10:00 evaluated. High: 396.8, Low: 396.1
2025-11-14 10:01:53,764 [INFO] No breakout yet. Watching further candles...
2025-11-14 10:01:53,764 [INFO] Error in trading logic:
Traceback (most recent call last):
  File "D:\Datascience\TradingBot\main.py", line 149, in main
    tamo_signal, _ = tamo_strategy.evaluate_trade_signal()
    ^^^^^^^^^^^^^^
TypeError: cannot unpack non-iterable NoneType object

2025-11-14 10:02:03,766 [INFO] Checking trade setups at 2025-11-14 10:02:03
2025-11-14 10:02:03,766 [INFO] Applying EMA strategy to 5 stocks.
2025-11-14 10:02:06,022 [INFO] Fetching candles for NSE:TMPV-EQ...
2025-11-14 10:02:06,340 [INFO] Trigger candle found for NSE:TMPV-EQ - High: 396.8, Low: 396.05
2025-11-14 10:02:06,340 [INFO] Candle 10:00 evaluated. High: 396.8, Low: 396.05
2025-11-14 10:02:06,340 [INFO] No breakout yet. Watching further candles...
2025-11-14 10:02:06,340 [INFO] Error in trading logic:
Traceback (most recent call last):
  File "D:\Datascience\TradingBot\main.py", line 149, in main
    tamo_signal, _ = tamo_strategy.evaluate_trade_signal()
    ^^^^^^^^^^^^^^
TypeError: cannot unpack non-iterable NoneType object

2025-11-14 10:02:16,344 [INFO] Checking trade setups at 2025-11-14 10:02:16
2025-11-14 10:02:16,344 [INFO] Applying EMA strategy to 5 stocks.
2025-11-14 10:02:17,960 [INFO] Fetching candles for NSE:TMPV-EQ...
2025-11-14 10:02:18,286 [INFO] Trigger candle found for NSE:TMPV-EQ - High: 396.8, Low: 396.05
2025-11-14 10:02:18,286 [INFO] Candle 10:00 evaluated. High: 396.8, Low: 396.05
2025-11-14 10:02:18,286 [INFO] No breakout yet. Watching further candles...
2025-11-14 10:02:18,287 [INFO] Error in trading logic:
Traceback (most recent call last):
  File "D:\Datascience\TradingBot\main.py", line 149, in main
    tamo_signal, _ = tamo_strategy.evaluate_trade_signal()
    ^^^^^^^^^^^^^^
TypeError: cannot unpack non-iterable NoneType object

2025-11-14 10:02:28,288 [INFO] Checking trade setups at 2025-11-14 10:02:28
2025-11-14 10:02:28,288 [INFO] Applying EMA strategy to 5 stocks.
2025-11-14 10:02:30,003 [INFO] Fetching candles for NSE:TMPV-EQ...
2025-11-14 10:02:30,314 [INFO] Trigger candle found for NSE:TMPV-EQ - High: 396.8, Low: 396.05
2025-11-14 10:02:30,316 [INFO] Candle 10:00 evaluated. High: 396.8, Low: 396.05
2025-11-14 10:02:30,316 [INFO] No breakout yet. Watching further candles...
2025-11-14 10:02:30,317 [INFO] Error in trading logic:
Traceback (most recent call last):
  File "D:\Datascience\TradingBot\main.py", line 149, in main
    tamo_signal, _ = tamo_strategy.evaluate_trade_signal()
    ^^^^^^^^^^^^^^
TypeError: cannot unpack non-iterable NoneType object

2025-11-14 10:02:40,318 [INFO] Checking trade setups at 2025-11-14 10:02:40
2025-11-14 10:02:40,318 [INFO] Applying EMA strategy to 5 stocks.
2025-11-14 10:02:42,207 [INFO] Fetching candles for NSE:TMPV-EQ...
2025-11-14 10:02:42,596 [INFO] Trigger candle found for NSE:TMPV-EQ - High: 396.8, Low: 396.05
2025-11-14 10:02:42,596 [INFO] Candle 10:00 evaluated. High: 396.8, Low: 396.05
2025-11-14 10:02:42,596 [INFO] No breakout yet. Watching further candles...
2025-11-14 10:02:42,596 [INFO] Error in trading logic:
Traceback (most recent call last):
  File "D:\Datascience\TradingBot\main.py", line 149, in main
    tamo_signal, _ = tamo_strategy.evaluate_trade_signal()
    ^^^^^^^^^^^^^^
TypeError: cannot unpack non-iterable NoneType object

2025-11-14 10:02:52,604 [INFO] Checking trade setups at 2025-11-14 10:02:52
2025-11-14 10:02:52,604 [INFO] Applying EMA strategy to 5 stocks.
2025-11-14 10:02:54,451 [INFO] Fetching candles for NSE:TMPV-EQ...
2025-11-14 10:02:54,847 [INFO] Trigger candle found for NSE:TMPV-EQ - High: 396.8, Low: 395.95
2025-11-14 10:02:54,847 [INFO] Candle 10:00 evaluated. High: 396.8, Low: 395.95
2025-11-14 10:02:54,847 [INFO] No breakout yet. Watching further candles...
2025-11-14 10:02:54,849 [INFO] Error in trading logic:
Traceback (most recent call last):
  File "D:\Datascience\TradingBot\main.py", line 149, in main
    tamo_signal, _ = tamo_strategy.evaluate_trade_signal()
    ^^^^^^^^^^^^^^
TypeError: cannot unpack non-iterable NoneType object

2025-11-14 10:03:04,849 [INFO] Checking trade setups at 2025-11-14 10:03:04
2025-11-14 10:03:04,849 [INFO] Applying EMA strategy to 5 stocks.
2025-11-14 10:03:06,505 [INFO] Fetching candles for NSE:TMPV-EQ...
2025-11-14 10:03:06,805 [INFO] Trigger candle found for NSE:TMPV-EQ - High: 396.8, Low: 395.8
2025-11-14 10:03:06,805 [INFO] Candle 10:00 evaluated. High: 396.8, Low: 395.8
2025-11-14 10:03:06,805 [INFO] No breakout yet. Watching further candles...
2025-11-14 10:03:06,805 [INFO] Error in trading logic:
Traceback (most recent call last):
  File "D:\Datascience\TradingBot\main.py", line 149, in main
    tamo_signal, _ = tamo_strategy.evaluate_trade_signal()
    ^^^^^^^^^^^^^^
TypeError: cannot unpack non-iterable NoneType object

2025-11-14 10:03:16,807 [INFO] Checking trade setups at 2025-11-14 10:03:16
2025-11-14 10:03:16,807 [INFO] Applying EMA strategy to 5 stocks.
2025-11-14 10:03:20,913 [INFO] Fetching candles for NSE:TMPV-EQ...
2025-11-14 10:03:21,248 [INFO] Trigger candle found for NSE:TMPV-EQ - High: 396.8, Low: 395.6
2025-11-14 10:03:21,248 [INFO] Candle 10:00 evaluated. High: 396.8, Low: 395.6
2025-11-14 10:03:21,249 [INFO] No breakout yet. Watching further candles...
2025-11-14 10:03:21,249 [INFO] Error in trading logic:
Traceback (most recent call last):
  File "D:\Datascience\TradingBot\main.py", line 149, in main
    tamo_signal, _ = tamo_strategy.evaluate_trade_signal()
    ^^^^^^^^^^^^^^
TypeError: cannot unpack non-iterable NoneType object

2025-11-14 10:03:31,250 [INFO] Checking trade setups at 2025-11-14 10:03:31
2025-11-14 10:03:31,250 [INFO] Applying EMA strategy to 5 stocks.
2025-11-14 10:03:33,997 [INFO] Fetching candles for NSE:TMPV-EQ...
2025-11-14 10:03:34,330 [INFO] Trigger candle found for NSE:TMPV-EQ - High: 396.8, Low: 395.6
2025-11-14 10:03:34,330 [INFO] Candle 10:00 evaluated. High: 396.8, Low: 395.6
2025-11-14 10:03:34,330 [INFO] No breakout yet. Watching further candles...
2025-11-14 10:03:34,330 [INFO] Error in trading logic:
Traceback (most recent call last):
  File "D:\Datascience\TradingBot\main.py", line 149, in main
    tamo_signal, _ = tamo_strategy.evaluate_trade_signal()
    ^^^^^^^^^^^^^^
TypeError: cannot unpack non-iterable NoneType object

2025-11-14 10:03:44,337 [INFO] Checking trade setups at 2025-11-14 10:03:44
2025-11-14 10:03:44,337 [INFO] Applying EMA strategy to 5 stocks.
2025-11-14 10:03:46,873 [INFO] Fetching candles for NSE:TMPV-EQ...
2025-11-14 10:03:47,281 [INFO] Trigger candle found for NSE:TMPV-EQ - High: 396.8, Low: 395.6
2025-11-14 10:03:47,281 [INFO] Candle 10:00 evaluated. High: 396.8, Low: 395.6
2025-11-14 10:03:47,281 [INFO] No breakout yet. Watching further candles...
2025-11-14 10:03:47,282 [INFO] Error in trading logic:
Traceback (most recent call last):
  File "D:\Datascience\TradingBot\main.py", line 149, in main
    tamo_signal, _ = tamo_strategy.evaluate_trade_signal()
    ^^^^^^^^^^^^^^
TypeError: cannot unpack non-iterable NoneType object

2025-11-14 10:03:57,283 [INFO] Checking trade setups at 2025-11-14 10:03:57
2025-11-14 10:03:57,283 [INFO] Applying EMA strategy to 5 stocks.
2025-11-14 10:03:58,964 [INFO] Fetching candles for NSE:TMPV-EQ...
2025-11-14 10:03:59,303 [INFO] Trigger candle found for NSE:TMPV-EQ - High: 396.8, Low: 395.6
2025-11-14 10:03:59,303 [INFO] Candle 10:00 evaluated. High: 396.8, Low: 395.6
2025-11-14 10:03:59,306 [INFO] No breakout yet. Watching further candles...
2025-11-14 10:03:59,306 [INFO] Error in trading logic:
Traceback (most recent call last):
  File "D:\Datascience\TradingBot\main.py", line 149, in main
    tamo_signal, _ = tamo_strategy.evaluate_trade_signal()
    ^^^^^^^^^^^^^^
TypeError: cannot unpack non-iterable NoneType object

2025-11-14 10:04:09,308 [INFO] Checking trade setups at 2025-11-14 10:04:09
2025-11-14 10:04:09,308 [INFO] Applying EMA strategy to 5 stocks.
2025-11-14 10:04:11,788 [INFO] Fetching candles for NSE:TMPV-EQ...
2025-11-14 10:04:12,133 [INFO] Trigger candle found for NSE:TMPV-EQ - High: 396.8, Low: 395.6
2025-11-14 10:04:12,133 [INFO] Candle 10:00 evaluated. High: 396.8, Low: 395.6
2025-11-14 10:04:12,133 [INFO] No breakout yet. Watching further candles...
2025-11-14 10:04:12,133 [INFO] Error in trading logic:
Traceback (most recent call last):
  File "D:\Datascience\TradingBot\main.py", line 149, in main
    tamo_signal, _ = tamo_strategy.evaluate_trade_signal()
    ^^^^^^^^^^^^^^
TypeError: cannot unpack non-iterable NoneType object

2025-11-14 10:04:22,135 [INFO] Checking trade setups at 2025-11-14 10:04:22
2025-11-14 10:04:22,135 [INFO] Applying EMA strategy to 5 stocks.
2025-11-14 10:04:24,080 [INFO] Fetching candles for NSE:TMPV-EQ...
2025-11-14 10:04:24,435 [INFO] Trigger candle found for NSE:TMPV-EQ - High: 396.8, Low: 395.6
2025-11-14 10:04:24,435 [INFO] Candle 10:00 evaluated. High: 396.8, Low: 395.6
2025-11-14 10:04:24,435 [INFO] No breakout yet. Watching further candles...
2025-11-14 10:04:24,435 [INFO] Error in trading logic:
Traceback (most recent call last):
  File "D:\Datascience\TradingBot\main.py", line 149, in main
    tamo_signal, _ = tamo_strategy.evaluate_trade_signal()
    ^^^^^^^^^^^^^^
TypeError: cannot unpack non-iterable NoneType object

2025-11-14 10:04:34,437 [INFO] Checking trade setups at 2025-11-14 10:04:34
2025-11-14 10:04:34,437 [INFO] Applying EMA strategy to 5 stocks.
2025-11-14 10:04:36,966 [INFO] Fetching candles for NSE:TMPV-EQ...
2025-11-14 10:04:37,286 [INFO] Trigger candle found for NSE:TMPV-EQ - High: 396.8, Low: 395.6
2025-11-14 10:04:37,286 [INFO] Candle 10:00 evaluated. High: 396.8, Low: 395.6
2025-11-14 10:04:37,287 [INFO] No breakout yet. Watching further candles...
2025-11-14 10:04:37,287 [INFO] Error in trading logic:
Traceback (most recent call last):
  File "D:\Datascience\TradingBot\main.py", line 149, in main
    tamo_signal, _ = tamo_strategy.evaluate_trade_signal()
    ^^^^^^^^^^^^^^
TypeError: cannot unpack non-iterable NoneType object

2025-11-14 10:04:47,289 [INFO] Checking trade setups at 2025-11-14 10:04:47
2025-11-14 10:04:47,289 [INFO] Applying EMA strategy to 5 stocks.
2025-11-14 10:04:49,084 [INFO] Fetching candles for NSE:TMPV-EQ...
2025-11-14 10:04:49,399 [INFO] Trigger candle found for NSE:TMPV-EQ - High: 396.8, Low: 395.6
2025-11-14 10:04:49,399 [INFO] Candle 10:00 evaluated. High: 396.8, Low: 395.6
2025-11-14 10:04:49,399 [INFO] No breakout yet. Watching further candles...
2025-11-14 10:04:49,399 [INFO] Error in trading logic:
Traceback (most recent call last):
  File "D:\Datascience\TradingBot\main.py", line 149, in main
    tamo_signal, _ = tamo_strategy.evaluate_trade_signal()
    ^^^^^^^^^^^^^^
TypeError: cannot unpack non-iterable NoneType object

2025-11-14 10:04:59,402 [INFO] Checking trade setups at 2025-11-14 10:04:59
2025-11-14 10:04:59,402 [INFO] Applying EMA strategy to 5 stocks.
2025-11-14 10:05:02,165 [INFO] Fetching candles for NSE:TMPV-EQ...
2025-11-14 10:05:02,498 [INFO] Trigger candle found for NSE:TMPV-EQ - High: 396.8, Low: 395.6
2025-11-14 10:05:02,498 [INFO] Candle 10:00 evaluated. High: 396.8, Low: 395.6
2025-11-14 10:05:02,498 [INFO] No breakout yet. Watching further candles...
2025-11-14 10:05:02,498 [INFO] Candle 10:05 evaluated. High: 395.9, Low: 395.9
2025-11-14 10:05:02,498 [INFO] No breakout yet. Watching further candles...
2025-11-14 10:05:02,498 [INFO] Error in trading logic:
Traceback (most recent call last):
  File "D:\Datascience\TradingBot\main.py", line 149, in main
    tamo_signal, _ = tamo_strategy.evaluate_trade_signal()
    ^^^^^^^^^^^^^^
TypeError: cannot unpack non-iterable NoneType object

2025-11-14 10:05:12,507 [INFO] Checking trade setups at 2025-11-14 10:05:12
2025-11-14 10:05:12,507 [INFO] Applying EMA strategy to 5 stocks.
2025-11-14 10:05:13,403 [INFO] Executing trade for NSE:JUBLFOOD-EQ: {'timestamp': '2025-11-14 10:05', 'action': 'SELL', 'entry_price': 620.05, 'stop_loss': 622.45, 'target': 612.8499999999997}
2025-11-14 10:05:13,403 [INFO] after SL after filtering the final SL:2.4, final_target:612.85, qty:41
2025-11-14 10:05:13,871 [INFO] Order Response: {'code': 1101, 'message': 'Successfully placed order', 's': 'ok', 'id': '25111400100080-BO-1'}
2025-11-14 10:05:13,871 [INFO] Trades taken today: 6
2025-11-14 10:05:13,871 [INFO] Remaining trades for the day: 0
2025-11-14 10:05:13,871 [INFO] ✅ Order placed successfully for NSE:JUBLFOOD-EQ
2025-11-14 10:05:16,232 [INFO] Fetching candles for NSE:TMPV-EQ...
2025-11-14 10:05:16,691 [INFO] Trigger candle found for NSE:TMPV-EQ - High: 396.8, Low: 395.6
2025-11-14 10:05:16,692 [INFO] Candle 10:00 evaluated. High: 396.8, Low: 395.6
2025-11-14 10:05:16,692 [INFO] No breakout yet. Watching further candles...
2025-11-14 10:05:16,693 [INFO] Candle 10:05 evaluated. High: 396.3, Low: 395.9
2025-11-14 10:05:16,693 [INFO] No breakout yet. Watching further candles...
2025-11-14 10:05:16,693 [INFO] Error in trading logic:
Traceback (most recent call last):
  File "D:\Datascience\TradingBot\main.py", line 149, in main
    tamo_signal, _ = tamo_strategy.evaluate_trade_signal()
    ^^^^^^^^^^^^^^
TypeError: cannot unpack non-iterable NoneType object

2025-11-14 10:05:26,694 [INFO] Checking trade setups at 2025-11-14 10:05:26
2025-11-14 10:05:26,694 [INFO] Applying EMA strategy to 5 stocks.
2025-11-14 10:05:28,599 [INFO] Fetching candles for NSE:TMPV-EQ...
2025-11-14 10:05:28,936 [INFO] Trigger candle found for NSE:TMPV-EQ - High: 396.8, Low: 395.6
2025-11-14 10:05:28,936 [INFO] Candle 10:00 evaluated. High: 396.8, Low: 395.6
2025-11-14 10:05:28,936 [INFO] No breakout yet. Watching further candles...
2025-11-14 10:05:28,936 [INFO] Candle 10:05 evaluated. High: 396.7, Low: 395.9
2025-11-14 10:05:28,936 [INFO] No breakout yet. Watching further candles...
2025-11-14 10:05:28,936 [INFO] Error in trading logic:
Traceback (most recent call last):
  File "D:\Datascience\TradingBot\main.py", line 149, in main
    tamo_signal, _ = tamo_strategy.evaluate_trade_signal()
    ^^^^^^^^^^^^^^
TypeError: cannot unpack non-iterable NoneType object

2025-11-14 10:05:38,939 [INFO] Checking trade setups at 2025-11-14 10:05:38
2025-11-14 10:05:38,939 [INFO] Applying EMA strategy to 5 stocks.
2025-11-14 10:05:40,882 [INFO] Fetching candles for NSE:TMPV-EQ...
2025-11-14 10:05:41,199 [INFO] Trigger candle found for NSE:TMPV-EQ - High: 396.8, Low: 395.6
2025-11-14 10:05:41,199 [INFO] Candle 10:00 evaluated. High: 396.8, Low: 395.6
2025-11-14 10:05:41,199 [INFO] No breakout yet. Watching further candles...
2025-11-14 10:05:41,199 [INFO] Candle 10:05 evaluated. High: 396.95, Low: 395.9
2025-11-14 10:05:41,199 [INFO] Trade signal evaluated as Buy.
2025-11-14 10:05:41,199 [INFO] Buy Triggered for NSE:TMPV-EQ SETUP at 2025-11-14 10:05
2025-11-14 10:05:41,589 [INFO] Order Response: {'code': 1101, 'message': 'Successfully placed order', 's': 'ok', 'id': '25111400101081-BO-1'}
2025-11-14 10:05:41,590 [INFO] Trades taken today: 7
2025-11-14 10:05:41,591 [INFO] Remaining trades for the day: -1
2025-11-14 10:05:41,592 [INFO] ✅ Order placed successfully for NSE:TMPV-EQ
2025-11-14 10:05:41,592 [INFO] TAMO trade executed successfully at 2025-11-14 10:05
2025-11-14 10:05:51,594 [INFO] Checking trade setups at 2025-11-14 10:05:51
2025-11-14 10:05:51,594 [INFO] Applying EMA strategy to 5 stocks.
2025-11-14 10:06:04,653 [INFO] Checking trade setups at 2025-11-14 10:06:04
2025-11-14 10:06:04,653 [INFO] Applying EMA strategy to 5 stocks.
2025-11-14 10:06:16,471 [INFO] Checking trade setups at 2025-11-14 10:06:16
2025-11-14 10:06:16,471 [INFO] Applying EMA strategy to 5 stocks.
2025-11-14 10:06:28,157 [INFO] Checking trade setups at 2025-11-14 10:06:28
2025-11-14 10:06:28,157 [INFO] Applying EMA strategy to 5 stocks.
2025-11-14 10:06:40,516 [INFO] Checking trade setups at 2025-11-14 10:06:40
2025-11-14 10:06:40,516 [INFO] Applying EMA strategy to 5 stocks.
2025-11-14 10:06:52,959 [INFO] Checking trade setups at 2025-11-14 10:06:52
2025-11-14 10:06:52,959 [INFO] Applying EMA strategy to 5 stocks.
2025-11-14 10:07:04,661 [INFO] Checking trade setups at 2025-11-14 10:07:04
2025-11-14 10:07:04,661 [INFO] Applying EMA strategy to 5 stocks.
2025-11-14 10:07:16,920 [INFO] Checking trade setups at 2025-11-14 10:07:16
2025-11-14 10:07:16,920 [INFO] Applying EMA strategy to 5 stocks.
2025-11-14 10:07:30,255 [INFO] Checking trade setups at 2025-11-14 10:07:30
2025-11-14 10:07:30,255 [INFO] Applying EMA strategy to 5 stocks.
2025-11-14 10:07:42,031 [INFO] Checking trade setups at 2025-11-14 10:07:42
2025-11-14 10:07:42,031 [INFO] Applying EMA strategy to 5 stocks.
2025-11-14 10:07:53,839 [INFO] Checking trade setups at 2025-11-14 10:07:53
2025-11-14 10:07:53,839 [INFO] Applying EMA strategy to 5 stocks.
2025-11-14 10:08:07,203 [INFO] Checking trade setups at 2025-11-14 10:08:07
2025-11-14 10:08:07,203 [INFO] Applying EMA strategy to 5 stocks.
2025-11-14 10:08:18,805 [INFO] Checking trade setups at 2025-11-14 10:08:18
2025-11-14 10:08:18,805 [INFO] Applying EMA strategy to 5 stocks.
2025-11-14 10:08:31,618 [INFO] Checking trade setups at 2025-11-14 10:08:31
2025-11-14 10:08:31,619 [INFO] Applying EMA strategy to 5 stocks.
2025-11-14 10:08:43,652 [INFO] Checking trade setups at 2025-11-14 10:08:43
2025-11-14 10:08:43,652 [INFO] Applying EMA strategy to 5 stocks.
2025-11-14 10:08:57,185 [INFO] Checking trade setups at 2025-11-14 10:08:57
2025-11-14 10:08:57,186 [INFO] Applying EMA strategy to 5 stocks.
2025-11-14 10:09:08,858 [INFO] Checking trade setups at 2025-11-14 10:09:08
2025-11-14 10:09:08,858 [INFO] Applying EMA strategy to 5 stocks.
2025-11-14 10:09:20,608 [INFO] Checking trade setups at 2025-11-14 10:09:20
2025-11-14 10:09:20,608 [INFO] Applying EMA strategy to 5 stocks.
2025-11-14 10:09:33,810 [INFO] Checking trade setups at 2025-11-14 10:09:33
2025-11-14 10:09:33,810 [INFO] Applying EMA strategy to 5 stocks.
2025-11-14 10:09:46,050 [INFO] Checking trade setups at 2025-11-14 10:09:46
2025-11-14 10:09:46,050 [INFO] Applying EMA strategy to 5 stocks.
2025-11-14 10:09:57,809 [INFO] Checking trade setups at 2025-11-14 10:09:57
2025-11-14 10:09:57,809 [INFO] Applying EMA strategy to 5 stocks.
2025-11-14 10:10:11,140 [INFO] Checking trade setups at 2025-11-14 10:10:11
2025-11-14 10:10:11,140 [INFO] Applying EMA strategy to 5 stocks.
2025-11-14 10:10:23,032 [INFO] Checking trade setups at 2025-11-14 10:10:23
2025-11-14 10:10:23,032 [INFO] Applying EMA strategy to 5 stocks.
2025-11-14 10:10:34,825 [INFO] Checking trade setups at 2025-11-14 10:10:34
2025-11-14 10:10:34,825 [INFO] Applying EMA strategy to 5 stocks.
2025-11-14 10:10:49,226 [INFO] Checking trade setups at 2025-11-14 10:10:49
2025-11-14 10:10:49,226 [INFO] Applying EMA strategy to 5 stocks.
2025-11-14 10:11:01,749 [INFO] Checking trade setups at 2025-11-14 10:11:01
2025-11-14 10:11:01,749 [INFO] Applying EMA strategy to 5 stocks.
2025-11-14 10:11:13,835 [INFO] Checking trade setups at 2025-11-14 10:11:13
2025-11-14 10:11:13,836 [INFO] Applying EMA strategy to 5 stocks.
2025-11-14 10:11:26,301 [INFO] Checking trade setups at 2025-11-14 10:11:26
2025-11-14 10:11:26,301 [INFO] Applying EMA strategy to 5 stocks.
2025-11-14 10:11:38,370 [INFO] Checking trade setups at 2025-11-14 10:11:38
2025-11-14 10:11:38,371 [INFO] Applying EMA strategy to 5 stocks.
2025-11-14 10:11:50,718 [INFO] Checking trade setups at 2025-11-14 10:11:50
2025-11-14 10:11:50,718 [INFO] Applying EMA strategy to 5 stocks.
2025-11-14 10:12:03,565 [INFO] Checking trade setups at 2025-11-14 10:12:03
2025-11-14 10:12:03,566 [INFO] Applying EMA strategy to 5 stocks.
2025-11-14 10:12:15,508 [INFO] Checking trade setups at 2025-11-14 10:12:15
2025-11-14 10:12:15,508 [INFO] Applying EMA strategy to 5 stocks.
2025-11-14 10:12:27,647 [INFO] Checking trade setups at 2025-11-14 10:12:27
2025-11-14 10:12:27,647 [INFO] Applying EMA strategy to 5 stocks.
2025-11-14 10:12:39,557 [INFO] Checking trade setups at 2025-11-14 10:12:39
2025-11-14 10:12:39,557 [INFO] Applying EMA strategy to 5 stocks.
2025-11-14 10:12:51,783 [INFO] Checking trade setups at 2025-11-14 10:12:51
2025-11-14 10:12:51,783 [INFO] Applying EMA strategy to 5 stocks.
2025-11-14 10:13:04,242 [INFO] Checking trade setups at 2025-11-14 10:13:04
2025-11-14 10:13:04,242 [INFO] Applying EMA strategy to 5 stocks.
2025-11-14 10:13:16,410 [INFO] Checking trade setups at 2025-11-14 10:13:16
2025-11-14 10:13:16,410 [INFO] Applying EMA strategy to 5 stocks.
2025-11-14 10:13:29,987 [INFO] Checking trade setups at 2025-11-14 10:13:29
2025-11-14 10:13:29,987 [INFO] Applying EMA strategy to 5 stocks.
2025-11-14 10:13:42,159 [INFO] Checking trade setups at 2025-11-14 10:13:42
2025-11-14 10:13:42,159 [INFO] Applying EMA strategy to 5 stocks.
2025-11-14 10:13:54,420 [INFO] Checking trade setups at 2025-11-14 10:13:54
2025-11-14 10:13:54,420 [INFO] Applying EMA strategy to 5 stocks.
2025-11-14 10:14:06,635 [INFO] Checking trade setups at 2025-11-14 10:14:06
2025-11-14 10:14:06,635 [INFO] Applying EMA strategy to 5 stocks.
2025-11-14 10:14:18,599 [INFO] Checking trade setups at 2025-11-14 10:14:18
2025-11-14 10:14:18,599 [INFO] Applying EMA strategy to 5 stocks.
2025-11-14 10:14:30,763 [INFO] Checking trade setups at 2025-11-14 10:14:30
2025-11-14 10:14:30,763 [INFO] Applying EMA strategy to 5 stocks.
2025-11-14 10:14:42,828 [INFO] Checking trade setups at 2025-11-14 10:14:42
2025-11-14 10:14:42,828 [INFO] Applying EMA strategy to 5 stocks.
2025-11-14 10:14:55,076 [INFO] Checking trade setups at 2025-11-14 10:14:55
2025-11-14 10:14:55,076 [INFO] Applying EMA strategy to 5 stocks.
2025-11-14 10:15:07,717 [INFO] Checking trade setups at 2025-11-14 10:15:07
2025-11-14 10:15:07,717 [INFO] Applying EMA strategy to 5 stocks.
2025-11-14 10:15:20,121 [INFO] Checking trade setups at 2025-11-14 10:15:20
2025-11-14 10:15:20,121 [INFO] Applying EMA strategy to 5 stocks.
2025-11-14 10:15:32,676 [INFO] Checking trade setups at 2025-11-14 10:15:32
2025-11-14 10:15:32,676 [INFO] Applying EMA strategy to 5 stocks.
2025-11-14 10:15:44,923 [INFO] Checking trade setups at 2025-11-14 10:15:44
2025-11-14 10:15:44,924 [INFO] Applying EMA strategy to 5 stocks.
2025-11-14 10:15:57,516 [INFO] Checking trade setups at 2025-11-14 10:15:57
2025-11-14 10:15:57,516 [INFO] Applying EMA strategy to 5 stocks.
2025-11-14 10:16:10,799 [INFO] Checking trade setups at 2025-11-14 10:16:10
2025-11-14 10:16:10,799 [INFO] Applying EMA strategy to 5 stocks.
2025-11-14 10:16:22,699 [INFO] Checking trade setups at 2025-11-14 10:16:22
2025-11-14 10:16:22,699 [INFO] Applying EMA strategy to 5 stocks.
2025-11-14 10:16:35,274 [INFO] Checking trade setups at 2025-11-14 10:16:35
2025-11-14 10:16:35,275 [INFO] Applying EMA strategy to 5 stocks.
2025-11-14 10:16:47,401 [INFO] Checking trade setups at 2025-11-14 10:16:47
2025-11-14 10:16:47,401 [INFO] Applying EMA strategy to 5 stocks.
2025-11-14 10:16:59,790 [INFO] Checking trade setups at 2025-11-14 10:16:59
2025-11-14 10:16:59,791 [INFO] Applying EMA strategy to 5 stocks.
2025-11-14 10:17:12,387 [INFO] Checking trade setups at 2025-11-14 10:17:12
2025-11-14 10:17:12,387 [INFO] Applying EMA strategy to 5 stocks.
2025-11-14 10:17:24,290 [INFO] Checking trade setups at 2025-11-14 10:17:24
2025-11-14 10:17:24,290 [INFO] Applying EMA strategy to 5 stocks.
2025-11-14 10:17:36,458 [INFO] Checking trade setups at 2025-11-14 10:17:36
2025-11-14 10:17:36,459 [INFO] Applying EMA strategy to 5 stocks.
2025-11-14 10:17:48,624 [INFO] Checking trade setups at 2025-11-14 10:17:48
2025-11-14 10:17:48,624 [INFO] Applying EMA strategy to 5 stocks.
2025-11-14 10:18:01,107 [INFO] Checking trade setups at 2025-11-14 10:18:01
2025-11-14 10:18:01,107 [INFO] Applying EMA strategy to 5 stocks.
2025-11-14 10:18:13,928 [INFO] Checking trade setups at 2025-11-14 10:18:13
2025-11-14 10:18:13,928 [INFO] Applying EMA strategy to 5 stocks.
2025-11-14 10:18:26,563 [INFO] Checking trade setups at 2025-11-14 10:18:26
2025-11-14 10:18:26,563 [INFO] Applying EMA strategy to 5 stocks.
2025-11-14 10:18:38,830 [INFO] Checking trade setups at 2025-11-14 10:18:38
2025-11-14 10:18:38,830 [INFO] Applying EMA strategy to 5 stocks.
2025-11-14 10:18:50,965 [INFO] Checking trade setups at 2025-11-14 10:18:50
2025-11-14 10:18:50,966 [INFO] Applying EMA strategy to 5 stocks.
2025-11-14 10:19:03,296 [INFO] Checking trade setups at 2025-11-14 10:19:03
2025-11-14 10:19:03,296 [INFO] Applying EMA strategy to 5 stocks.
2025-11-14 10:19:16,295 [INFO] Checking trade setups at 2025-11-14 10:19:16
2025-11-14 10:19:16,295 [INFO] Applying EMA strategy to 5 stocks.
2025-11-14 10:19:28,748 [INFO] Checking trade setups at 2025-11-14 10:19:28
2025-11-14 10:19:28,748 [INFO] Applying EMA strategy to 5 stocks.
2025-11-14 10:19:40,934 [INFO] Checking trade setups at 2025-11-14 10:19:40
2025-11-14 10:19:40,934 [INFO] Applying EMA strategy to 5 stocks.
2025-11-14 10:19:53,196 [INFO] Checking trade setups at 2025-11-14 10:19:53
2025-11-14 10:19:53,196 [INFO] Applying EMA strategy to 5 stocks.
2025-11-14 10:20:05,331 [INFO] Checking trade setups at 2025-11-14 10:20:05
2025-11-14 10:20:05,331 [INFO] Applying EMA strategy to 5 stocks.
2025-11-14 10:20:18,247 [INFO] Checking trade setups at 2025-11-14 10:20:18
2025-11-14 10:20:18,247 [INFO] Applying EMA strategy to 5 stocks.
2025-11-14 10:20:31,313 [INFO] Checking trade setups at 2025-11-14 10:20:31
2025-11-14 10:20:31,313 [INFO] Applying EMA strategy to 5 stocks.
2025-11-14 10:20:44,356 [INFO] Checking trade setups at 2025-11-14 10:20:44
2025-11-14 10:20:44,356 [INFO] Applying EMA strategy to 5 stocks.
2025-11-14 10:20:57,346 [INFO] Checking trade setups at 2025-11-14 10:20:57
2025-11-14 10:20:57,346 [INFO] Applying EMA strategy to 5 stocks.
2025-11-14 10:21:09,788 [INFO] Checking trade setups at 2025-11-14 10:21:09
2025-11-14 10:21:09,788 [INFO] Applying EMA strategy to 5 stocks.
2025-11-14 10:21:11,689 [INFO] Executing trade for NSE:MUTHOOTFIN-EQ: {'timestamp': '2025-11-14 10:20', 'action': 'SELL', 'entry_price': 3707, 'stop_loss': 3714.2, 'target': 3685.4000000000005}
2025-11-14 10:21:11,694 [INFO] after SL after filtering the final SL:7.2, final_target:3685.4, qty:13
2025-11-14 10:21:11,714 [INFO] NSE:MUTHOOTFIN-EQ already traded today. Skipping.
2025-11-14 10:21:22,087 [INFO] Checking trade setups at 2025-11-14 10:21:22
2025-11-14 10:21:22,087 [INFO] Applying EMA strategy to 5 stocks.
2025-11-14 10:21:34,844 [INFO] Checking trade setups at 2025-11-14 10:21:34
2025-11-14 10:21:34,845 [INFO] Applying EMA strategy to 5 stocks.
2025-11-14 10:21:46,765 [INFO] Checking trade setups at 2025-11-14 10:21:46
2025-11-14 10:21:46,765 [INFO] Applying EMA strategy to 5 stocks.
2025-11-14 10:21:58,864 [INFO] Checking trade setups at 2025-11-14 10:21:58
2025-11-14 10:21:58,864 [INFO] Applying EMA strategy to 5 stocks.
2025-11-14 10:22:12,167 [INFO] Checking trade setups at 2025-11-14 10:22:12
2025-11-14 10:22:12,167 [INFO] Applying EMA strategy to 5 stocks.
2025-11-14 10:22:25,499 [INFO] Checking trade setups at 2025-11-14 10:22:25
2025-11-14 10:22:25,499 [INFO] Applying EMA strategy to 5 stocks.
2025-11-14 10:22:38,437 [INFO] Checking trade setups at 2025-11-14 10:22:38
2025-11-14 10:22:38,437 [INFO] Applying EMA strategy to 5 stocks.
2025-11-14 10:22:50,491 [INFO] Checking trade setups at 2025-11-14 10:22:50
2025-11-14 10:22:50,491 [INFO] Applying EMA strategy to 5 stocks.
2025-11-14 10:23:02,941 [INFO] Checking trade setups at 2025-11-14 10:23:02
2025-11-14 10:23:02,942 [INFO] Applying EMA strategy to 5 stocks.
2025-11-14 10:23:15,158 [INFO] Checking trade setups at 2025-11-14 10:23:15
2025-11-14 10:23:15,158 [INFO] Applying EMA strategy to 5 stocks.
2025-11-14 10:23:27,198 [INFO] Checking trade setups at 2025-11-14 10:23:27
2025-11-14 10:23:27,198 [INFO] Applying EMA strategy to 5 stocks.
2025-11-14 10:23:40,018 [INFO] Checking trade setups at 2025-11-14 10:23:40
2025-11-14 10:23:40,018 [INFO] Applying EMA strategy to 5 stocks.
2025-11-14 10:23:53,645 [INFO] Checking trade setups at 2025-11-14 10:23:53
2025-11-14 10:23:53,645 [INFO] Applying EMA strategy to 5 stocks.
2025-11-14 10:24:05,950 [INFO] Checking trade setups at 2025-11-14 10:24:05
2025-11-14 10:24:05,950 [INFO] Applying EMA strategy to 5 stocks.
2025-11-14 10:24:18,034 [INFO] Checking trade setups at 2025-11-14 10:24:18
2025-11-14 10:24:18,034 [INFO] Applying EMA strategy to 5 stocks.
2025-11-14 10:24:29,976 [INFO] Checking trade setups at 2025-11-14 10:24:29
2025-11-14 10:24:29,976 [INFO] Applying EMA strategy to 5 stocks.
2025-11-14 10:24:31,945 [INFO] Executing trade for NSE:BDL-EQ: {'timestamp': '2025-11-14 10:20', 'action': 'SELL', 'entry_price': 1609.4, 'stop_loss': 1619.8, 'target': 1578.2000000000005}
2025-11-14 10:24:31,945 [INFO] after SL after filtering the final SL:10.4, final_target:1578.2, qty:9
2025-11-14 10:24:31,952 [INFO] Max trades reached. Skipping new orders.
2025-11-14 10:24:41,955 [INFO] Checking trade setups at 2025-11-14 10:24:41
2025-11-14 10:24:41,955 [INFO] Applying EMA strategy to 5 stocks.
2025-11-14 10:24:53,933 [INFO] Checking trade setups at 2025-11-14 10:24:53
2025-11-14 10:24:53,933 [INFO] Applying EMA strategy to 5 stocks.
2025-11-14 10:25:06,305 [INFO] Checking trade setups at 2025-11-14 10:25:06
2025-11-14 10:25:06,305 [INFO] Applying EMA strategy to 5 stocks.
2025-11-14 10:25:18,346 [INFO] Checking trade setups at 2025-11-14 10:25:18
2025-11-14 10:25:18,346 [INFO] Applying EMA strategy to 5 stocks.
2025-11-14 10:25:30,327 [INFO] Checking trade setups at 2025-11-14 10:25:30
2025-11-14 10:25:30,328 [INFO] Applying EMA strategy to 5 stocks.
2025-11-14 10:25:42,407 [INFO] Checking trade setups at 2025-11-14 10:25:42
2025-11-14 10:25:42,407 [INFO] Applying EMA strategy to 5 stocks.
2025-11-14 10:25:54,549 [INFO] Checking trade setups at 2025-11-14 10:25:54
2025-11-14 10:25:54,549 [INFO] Applying EMA strategy to 5 stocks.
2025-11-14 10:26:07,232 [INFO] Checking trade setups at 2025-11-14 10:26:07
2025-11-14 10:26:07,233 [INFO] Applying EMA strategy to 5 stocks.
2025-11-14 10:26:19,456 [INFO] Checking trade setups at 2025-11-14 10:26:19
2025-11-14 10:26:19,456 [INFO] Applying EMA strategy to 5 stocks.
2025-11-14 10:26:32,294 [INFO] Checking trade setups at 2025-11-14 10:26:32
2025-11-14 10:26:32,294 [INFO] Applying EMA strategy to 5 stocks.
2025-11-14 10:26:44,644 [INFO] Checking trade setups at 2025-11-14 10:26:44
2025-11-14 10:26:44,644 [INFO] Applying EMA strategy to 5 stocks.
2025-11-14 10:26:57,097 [INFO] Checking trade setups at 2025-11-14 10:26:57
2025-11-14 10:26:57,098 [INFO] Applying EMA strategy to 5 stocks.
2025-11-14 10:27:09,394 [INFO] Checking trade setups at 2025-11-14 10:27:09
2025-11-14 10:27:09,395 [INFO] Applying EMA strategy to 5 stocks.
2025-11-14 10:27:21,405 [INFO] Checking trade setups at 2025-11-14 10:27:21
2025-11-14 10:27:21,405 [INFO] Applying EMA strategy to 5 stocks.
2025-11-14 10:27:33,462 [INFO] Checking trade setups at 2025-11-14 10:27:33
2025-11-14 10:27:33,462 [INFO] Applying EMA strategy to 5 stocks.
2025-11-14 10:27:45,848 [INFO] Checking trade setups at 2025-11-14 10:27:45
2025-11-14 10:27:45,848 [INFO] Applying EMA strategy to 5 stocks.
2025-11-14 10:27:58,034 [INFO] Checking trade setups at 2025-11-14 10:27:58
2025-11-14 10:27:58,034 [INFO] Applying EMA strategy to 5 stocks.
2025-11-14 10:28:11,265 [INFO] Checking trade setups at 2025-11-14 10:28:11
2025-11-14 10:28:11,265 [INFO] Applying EMA strategy to 5 stocks.
2025-11-14 10:28:23,569 [INFO] Checking trade setups at 2025-11-14 10:28:23
2025-11-14 10:28:23,569 [INFO] Applying EMA strategy to 5 stocks.
2025-11-14 10:28:35,926 [INFO] Checking trade setups at 2025-11-14 10:28:35
2025-11-14 10:28:35,926 [INFO] Applying EMA strategy to 5 stocks.
2025-11-14 10:28:48,253 [INFO] Checking trade setups at 2025-11-14 10:28:48
2025-11-14 10:28:48,253 [INFO] Applying EMA strategy to 5 stocks.
2025-11-14 10:29:00,226 [INFO] Checking trade setups at 2025-11-14 10:29:00
2025-11-14 10:29:00,226 [INFO] Applying EMA strategy to 5 stocks.
2025-11-14 10:29:12,711 [INFO] Checking trade setups at 2025-11-14 10:29:12
2025-11-14 10:29:12,711 [INFO] Applying EMA strategy to 5 stocks.
2025-11-14 10:29:24,789 [INFO] Checking trade setups at 2025-11-14 10:29:24
2025-11-14 10:29:24,789 [INFO] Applying EMA strategy to 5 stocks.
2025-11-14 10:29:37,341 [INFO] Checking trade setups at 2025-11-14 10:29:37
2025-11-14 10:29:37,341 [INFO] Applying EMA strategy to 5 stocks.
2025-11-14 10:29:49,512 [INFO] Checking trade setups at 2025-11-14 10:29:49
2025-11-14 10:29:49,512 [INFO] Applying EMA strategy to 5 stocks.
2025-11-14 10:30:02,316 [INFO] Checking trade setups at 2025-11-14 10:30:02
2025-11-14 10:30:02,316 [INFO] Applying EMA strategy to 5 stocks.
2025-11-14 10:30:14,880 [INFO] Checking trade setups at 2025-11-14 10:30:14
2025-11-14 10:30:14,880 [INFO] Applying EMA strategy to 5 stocks.
2025-11-14 10:30:27,035 [INFO] Checking trade setups at 2025-11-14 10:30:27
2025-11-14 10:30:27,035 [INFO] Applying EMA strategy to 5 stocks.
2025-11-14 10:30:39,358 [INFO] Checking trade setups at 2025-11-14 10:30:39
2025-11-14 10:30:39,358 [INFO] Applying EMA strategy to 5 stocks.
2025-11-14 10:30:52,256 [INFO] Checking trade setups at 2025-11-14 10:30:52
2025-11-14 10:30:52,256 [INFO] Applying EMA strategy to 5 stocks.
2025-11-14 10:31:04,576 [INFO] Checking trade setups at 2025-11-14 10:31:04
2025-11-14 10:31:04,576 [INFO] Applying EMA strategy to 5 stocks.
2025-11-14 10:31:17,309 [INFO] Checking trade setups at 2025-11-14 10:31:17
2025-11-14 10:31:17,309 [INFO] Applying EMA strategy to 5 stocks.
2025-11-14 10:31:29,055 [INFO] Checking trade setups at 2025-11-14 10:31:29
2025-11-14 10:31:29,055 [INFO] Applying EMA strategy to 5 stocks.
2025-11-14 10:31:41,493 [INFO] Checking trade setups at 2025-11-14 10:31:41
2025-11-14 10:31:41,493 [INFO] Applying EMA strategy to 5 stocks.
2025-11-14 10:31:53,558 [INFO] Checking trade setups at 2025-11-14 10:31:53
2025-11-14 10:31:53,558 [INFO] Applying EMA strategy to 5 stocks.
2025-11-14 10:32:05,790 [INFO] Checking trade setups at 2025-11-14 10:32:05
2025-11-14 10:32:05,790 [INFO] Applying EMA strategy to 5 stocks.
2025-11-14 10:32:18,228 [INFO] Checking trade setups at 2025-11-14 10:32:18
2025-11-14 10:32:18,228 [INFO] Applying EMA strategy to 5 stocks.
2025-11-14 10:32:30,364 [INFO] Checking trade setups at 2025-11-14 10:32:30
2025-11-14 10:32:30,364 [INFO] Applying EMA strategy to 5 stocks.
2025-11-14 10:32:42,605 [INFO] Checking trade setups at 2025-11-14 10:32:42
2025-11-14 10:32:42,605 [INFO] Applying EMA strategy to 5 stocks.
2025-11-14 10:32:54,526 [INFO] Checking trade setups at 2025-11-14 10:32:54
2025-11-14 10:32:54,526 [INFO] Applying EMA strategy to 5 stocks.
2025-11-14 10:33:06,343 [INFO] Checking trade setups at 2025-11-14 10:33:06
2025-11-14 10:33:06,343 [INFO] Applying EMA strategy to 5 stocks.
2025-11-14 10:33:18,822 [INFO] Checking trade setups at 2025-11-14 10:33:18
2025-11-14 10:33:18,822 [INFO] Applying EMA strategy to 5 stocks.
2025-11-14 10:33:30,860 [INFO] Checking trade setups at 2025-11-14 10:33:30
2025-11-14 10:33:30,860 [INFO] Applying EMA strategy to 5 stocks.
2025-11-14 10:33:43,404 [INFO] Checking trade setups at 2025-11-14 10:33:43
2025-11-14 10:33:43,404 [INFO] Applying EMA strategy to 5 stocks.
2025-11-14 10:33:56,283 [INFO] Checking trade setups at 2025-11-14 10:33:56
2025-11-14 10:33:56,284 [INFO] Applying EMA strategy to 5 stocks.
2025-11-14 10:34:08,654 [INFO] Checking trade setups at 2025-11-14 10:34:08
2025-11-14 10:34:08,654 [INFO] Applying EMA strategy to 5 stocks.
2025-11-14 10:34:21,632 [INFO] Checking trade setups at 2025-11-14 10:34:21
2025-11-14 10:34:21,632 [INFO] Applying EMA strategy to 5 stocks.
2025-11-14 10:34:34,302 [INFO] Checking trade setups at 2025-11-14 10:34:34
2025-11-14 10:34:34,302 [INFO] Applying EMA strategy to 5 stocks.
2025-11-14 10:34:47,448 [INFO] Checking trade setups at 2025-11-14 10:34:47
2025-11-14 10:34:47,448 [INFO] Applying EMA strategy to 5 stocks.
2025-11-14 10:34:59,768 [INFO] Checking trade setups at 2025-11-14 10:34:59
2025-11-14 10:34:59,768 [INFO] Applying EMA strategy to 5 stocks.
2025-11-14 10:35:12,013 [INFO] Checking trade setups at 2025-11-14 10:35:12
2025-11-14 10:35:12,013 [INFO] Applying EMA strategy to 5 stocks.
2025-11-14 10:35:24,819 [INFO] Checking trade setups at 2025-11-14 10:35:24
2025-11-14 10:35:24,819 [INFO] Applying EMA strategy to 5 stocks.
2025-11-14 10:35:37,075 [INFO] Checking trade setups at 2025-11-14 10:35:37
2025-11-14 10:35:37,075 [INFO] Applying EMA strategy to 5 stocks.
2025-11-14 10:35:49,905 [INFO] Checking trade setups at 2025-11-14 10:35:49
2025-11-14 10:35:49,905 [INFO] Applying EMA strategy to 5 stocks.
2025-11-14 10:36:02,571 [INFO] Checking trade setups at 2025-11-14 10:36:02
2025-11-14 10:36:02,571 [INFO] Applying EMA strategy to 5 stocks.
2025-11-14 10:36:15,684 [INFO] Checking trade setups at 2025-11-14 10:36:15
2025-11-14 10:36:15,684 [INFO] Applying EMA strategy to 5 stocks.
2025-11-14 10:36:27,733 [INFO] Checking trade setups at 2025-11-14 10:36:27
2025-11-14 10:36:27,733 [INFO] Applying EMA strategy to 5 stocks.
2025-11-14 10:36:40,211 [INFO] Checking trade setups at 2025-11-14 10:36:40
2025-11-14 10:36:40,211 [INFO] Applying EMA strategy to 5 stocks.
2025-11-14 10:36:54,062 [INFO] Checking trade setups at 2025-11-14 10:36:54
2025-11-14 10:36:54,062 [INFO] Applying EMA strategy to 5 stocks.
2025-11-14 10:37:06,370 [INFO] Checking trade setups at 2025-11-14 10:37:06
2025-11-14 10:37:06,370 [INFO] Applying EMA strategy to 5 stocks.
2025-11-14 10:37:18,573 [INFO] Checking trade setups at 2025-11-14 10:37:18
2025-11-14 10:37:18,573 [INFO] Applying EMA strategy to 5 stocks.
2025-11-14 10:37:30,846 [INFO] Checking trade setups at 2025-11-14 10:37:30
2025-11-14 10:37:30,846 [INFO] Applying EMA strategy to 5 stocks.
2025-11-14 10:37:43,266 [INFO] Checking trade setups at 2025-11-14 10:37:43
2025-11-14 10:37:43,266 [INFO] Applying EMA strategy to 5 stocks.
2025-11-14 10:37:56,544 [INFO] Checking trade setups at 2025-11-14 10:37:56
2025-11-14 10:37:56,544 [INFO] Applying EMA strategy to 5 stocks.
2025-11-14 10:38:08,791 [INFO] Checking trade setups at 2025-11-14 10:38:08
2025-11-14 10:38:08,791 [INFO] Applying EMA strategy to 5 stocks.
2025-11-14 10:38:21,472 [INFO] Checking trade setups at 2025-11-14 10:38:21
2025-11-14 10:38:21,472 [INFO] Applying EMA strategy to 5 stocks.
2025-11-14 10:38:33,767 [INFO] Checking trade setups at 2025-11-14 10:38:33
2025-11-14 10:38:33,767 [INFO] Applying EMA strategy to 5 stocks.
2025-11-14 10:38:46,930 [INFO] Checking trade setups at 2025-11-14 10:38:46
2025-11-14 10:38:46,930 [INFO] Applying EMA strategy to 5 stocks.
2025-11-14 10:38:59,501 [INFO] Checking trade setups at 2025-11-14 10:38:59
2025-11-14 10:38:59,501 [INFO] Applying EMA strategy to 5 stocks.
2025-11-14 10:39:12,275 [INFO] Checking trade setups at 2025-11-14 10:39:12
2025-11-14 10:39:12,276 [INFO] Applying EMA strategy to 5 stocks.
2025-11-14 10:39:25,948 [INFO] Checking trade setups at 2025-11-14 10:39:25
2025-11-14 10:39:25,948 [INFO] Applying EMA strategy to 5 stocks.
2025-11-14 10:39:38,236 [INFO] Checking trade setups at 2025-11-14 10:39:38
2025-11-14 10:39:38,236 [INFO] Applying EMA strategy to 5 stocks.
2025-11-14 10:39:50,223 [INFO] Checking trade setups at 2025-11-14 10:39:50
2025-11-14 10:39:50,223 [INFO] Applying EMA strategy to 5 stocks.
2025-11-14 10:40:02,571 [INFO] Checking trade setups at 2025-11-14 10:40:02
2025-11-14 10:40:02,571 [INFO] Applying EMA strategy to 5 stocks.
2025-11-14 10:40:15,097 [INFO] Checking trade setups at 2025-11-14 10:40:15
2025-11-14 10:40:15,097 [INFO] Applying EMA strategy to 5 stocks.
2025-11-14 10:40:27,810 [INFO] Checking trade setups at 2025-11-14 10:40:27
2025-11-14 10:40:27,811 [INFO] Applying EMA strategy to 5 stocks.
2025-11-14 10:40:40,727 [INFO] Checking trade setups at 2025-11-14 10:40:40
2025-11-14 10:40:40,728 [INFO] Applying EMA strategy to 5 stocks.
2025-11-14 10:40:52,988 [INFO] Checking trade setups at 2025-11-14 10:40:52
2025-11-14 10:40:52,988 [INFO] Applying EMA strategy to 5 stocks.
2025-11-14 10:41:06,579 [INFO] Checking trade setups at 2025-11-14 10:41:06
2025-11-14 10:41:06,579 [INFO] Applying EMA strategy to 5 stocks.
2025-11-14 10:41:19,078 [INFO] Checking trade setups at 2025-11-14 10:41:19
2025-11-14 10:41:19,078 [INFO] Applying EMA strategy to 5 stocks.
2025-11-14 10:41:32,223 [INFO] Checking trade setups at 2025-11-14 10:41:32
2025-11-14 10:41:32,223 [INFO] Applying EMA strategy to 5 stocks.
2025-11-14 10:41:44,716 [INFO] Checking trade setups at 2025-11-14 10:41:44
2025-11-14 10:41:44,716 [INFO] Applying EMA strategy to 5 stocks.
2025-11-14 10:41:56,839 [INFO] Checking trade setups at 2025-11-14 10:41:56
2025-11-14 10:41:56,839 [INFO] Applying EMA strategy to 5 stocks.
2025-11-14 10:42:09,157 [INFO] Checking trade setups at 2025-11-14 10:42:09
2025-11-14 10:42:09,157 [INFO] Applying EMA strategy to 5 stocks.
2025-11-14 10:42:22,473 [INFO] Checking trade setups at 2025-11-14 10:42:22
2025-11-14 10:42:22,473 [INFO] Applying EMA strategy to 5 stocks.
2025-11-14 10:42:35,641 [INFO] Checking trade setups at 2025-11-14 10:42:35
2025-11-14 10:42:35,642 [INFO] Applying EMA strategy to 5 stocks.
2025-11-14 10:42:47,978 [INFO] Checking trade setups at 2025-11-14 10:42:47
2025-11-14 10:42:47,979 [INFO] Applying EMA strategy to 5 stocks.
2025-11-14 10:43:00,478 [INFO] Checking trade setups at 2025-11-14 10:43:00
2025-11-14 10:43:00,478 [INFO] Applying EMA strategy to 5 stocks.
2025-11-14 10:43:12,770 [INFO] Checking trade setups at 2025-11-14 10:43:12
2025-11-14 10:43:12,770 [INFO] Applying EMA strategy to 5 stocks.
2025-11-14 10:43:24,750 [INFO] Checking trade setups at 2025-11-14 10:43:24
2025-11-14 10:43:24,750 [INFO] Applying EMA strategy to 5 stocks.
2025-11-14 10:43:37,841 [INFO] Checking trade setups at 2025-11-14 10:43:37
2025-11-14 10:43:37,841 [INFO] Applying EMA strategy to 5 stocks.
2025-11-14 10:43:50,316 [INFO] Checking trade setups at 2025-11-14 10:43:50
2025-11-14 10:43:50,317 [INFO] Applying EMA strategy to 5 stocks.
2025-11-14 10:44:04,484 [INFO] Checking trade setups at 2025-11-14 10:44:04
2025-11-14 10:44:04,484 [INFO] Applying EMA strategy to 5 stocks.
2025-11-14 10:44:16,909 [INFO] Checking trade setups at 2025-11-14 10:44:16
2025-11-14 10:44:16,909 [INFO] Applying EMA strategy to 5 stocks.
2025-11-14 10:44:28,926 [INFO] Checking trade setups at 2025-11-14 10:44:28
2025-11-14 10:44:28,926 [INFO] Applying EMA strategy to 5 stocks.
2025-11-14 10:44:41,131 [INFO] Checking trade setups at 2025-11-14 10:44:41
2025-11-14 10:44:41,131 [INFO] Applying EMA strategy to 5 stocks.
2025-11-14 10:44:53,399 [INFO] Checking trade setups at 2025-11-14 10:44:53
2025-11-14 10:44:53,399 [INFO] Applying EMA strategy to 5 stocks.
2025-11-14 10:45:05,830 [INFO] Checking trade setups at 2025-11-14 10:45:05
2025-11-14 10:45:05,831 [INFO] Applying EMA strategy to 5 stocks.
2025-11-14 10:45:18,635 [INFO] Checking trade setups at 2025-11-14 10:45:18
2025-11-14 10:45:18,635 [INFO] Applying EMA strategy to 5 stocks.
2025-11-14 10:45:31,022 [INFO] Checking trade setups at 2025-11-14 10:45:31
2025-11-14 10:45:31,022 [INFO] Applying EMA strategy to 5 stocks.
2025-11-14 10:45:43,729 [INFO] Checking trade setups at 2025-11-14 10:45:43
2025-11-14 10:45:43,729 [INFO] Applying EMA strategy to 5 stocks.
2025-11-14 10:45:55,981 [INFO] Checking trade setups at 2025-11-14 10:45:55
2025-11-14 10:45:55,982 [INFO] Applying EMA strategy to 5 stocks.
2025-11-14 10:46:08,118 [INFO] Checking trade setups at 2025-11-14 10:46:08
2025-11-14 10:46:08,118 [INFO] Applying EMA strategy to 5 stocks.
2025-11-14 10:46:20,485 [INFO] Checking trade setups at 2025-11-14 10:46:20
2025-11-14 10:46:20,485 [INFO] Applying EMA strategy to 5 stocks.
2025-11-14 10:46:32,815 [INFO] Checking trade setups at 2025-11-14 10:46:32
2025-11-14 10:46:32,815 [INFO] Applying EMA strategy to 5 stocks.
2025-11-14 10:46:46,281 [INFO] Checking trade setups at 2025-11-14 10:46:46
2025-11-14 10:46:46,281 [INFO] Applying EMA strategy to 5 stocks.
2025-11-14 10:46:58,542 [INFO] Checking trade setups at 2025-11-14 10:46:58
2025-11-14 10:46:58,543 [INFO] Applying EMA strategy to 5 stocks.
2025-11-14 10:47:10,482 [INFO] Checking trade setups at 2025-11-14 10:47:10
2025-11-14 10:47:10,482 [INFO] Applying EMA strategy to 5 stocks.
2025-11-14 10:47:23,386 [INFO] Checking trade setups at 2025-11-14 10:47:23
2025-11-14 10:47:23,386 [INFO] Applying EMA strategy to 5 stocks.
2025-11-14 10:47:36,055 [INFO] Checking trade setups at 2025-11-14 10:47:36
2025-11-14 10:47:36,055 [INFO] Applying EMA strategy to 5 stocks.
2025-11-14 10:47:49,007 [INFO] Checking trade setups at 2025-11-14 10:47:49
2025-11-14 10:47:49,007 [INFO] Applying EMA strategy to 5 stocks.
2025-11-14 10:48:01,327 [INFO] Checking trade setups at 2025-11-14 10:48:01
2025-11-14 10:48:01,327 [INFO] Applying EMA strategy to 5 stocks.
2025-11-14 10:48:13,401 [INFO] Checking trade setups at 2025-11-14 10:48:13
2025-11-14 10:48:13,401 [INFO] Applying EMA strategy to 5 stocks.
2025-11-14 10:48:26,330 [INFO] Checking trade setups at 2025-11-14 10:48:26
2025-11-14 10:48:26,330 [INFO] Applying EMA strategy to 5 stocks.
2025-11-14 10:48:38,779 [INFO] Checking trade setups at 2025-11-14 10:48:38
2025-11-14 10:48:38,780 [INFO] Applying EMA strategy to 5 stocks.
2025-11-14 10:48:51,451 [INFO] Checking trade setups at 2025-11-14 10:48:51
2025-11-14 10:48:51,452 [INFO] Applying EMA strategy to 5 stocks.
2025-11-14 10:49:03,518 [INFO] Checking trade setups at 2025-11-14 10:49:03
2025-11-14 10:49:03,518 [INFO] Applying EMA strategy to 5 stocks.
2025-11-14 10:49:16,078 [INFO] Checking trade setups at 2025-11-14 10:49:16
2025-11-14 10:49:16,079 [INFO] Applying EMA strategy to 5 stocks.
2025-11-14 10:49:28,693 [INFO] Checking trade setups at 2025-11-14 10:49:28
2025-11-14 10:49:28,693 [INFO] Applying EMA strategy to 5 stocks.
2025-11-14 10:49:41,644 [INFO] Checking trade setups at 2025-11-14 10:49:41
2025-11-14 10:49:41,644 [INFO] Applying EMA strategy to 5 stocks.
2025-11-14 10:49:54,415 [INFO] Checking trade setups at 2025-11-14 10:49:54
2025-11-14 10:49:54,415 [INFO] Applying EMA strategy to 5 stocks.
2025-11-14 10:50:06,396 [INFO] Checking trade setups at 2025-11-14 10:50:06
2025-11-14 10:50:06,396 [INFO] Applying EMA strategy to 5 stocks.
2025-11-14 10:50:19,873 [INFO] Checking trade setups at 2025-11-14 10:50:19
2025-11-14 10:50:19,873 [INFO] Applying EMA strategy to 5 stocks.
2025-11-14 10:50:33,016 [INFO] Checking trade setups at 2025-11-14 10:50:33
2025-11-14 10:50:33,016 [INFO] Applying EMA strategy to 5 stocks.
2025-11-14 10:50:45,494 [INFO] Checking trade setups at 2025-11-14 10:50:45
2025-11-14 10:50:45,494 [INFO] Applying EMA strategy to 5 stocks.
2025-11-14 10:50:57,895 [INFO] Checking trade setups at 2025-11-14 10:50:57
2025-11-14 10:50:57,895 [INFO] Applying EMA strategy to 5 stocks.
2025-11-14 10:51:10,922 [INFO] Checking trade setups at 2025-11-14 10:51:10
2025-11-14 10:51:10,922 [INFO] Applying EMA strategy to 5 stocks.
2025-11-14 10:51:23,074 [INFO] Checking trade setups at 2025-11-14 10:51:23
2025-11-14 10:51:23,075 [INFO] Applying EMA strategy to 5 stocks.
2025-11-14 10:51:35,220 [INFO] Checking trade setups at 2025-11-14 10:51:35
2025-11-14 10:51:35,220 [INFO] Applying EMA strategy to 5 stocks.
2025-11-14 10:51:48,660 [INFO] Checking trade setups at 2025-11-14 10:51:48
2025-11-14 10:51:48,660 [INFO] Applying EMA strategy to 5 stocks.
2025-11-14 10:52:01,180 [INFO] Checking trade setups at 2025-11-14 10:52:01
2025-11-14 10:52:01,180 [INFO] Applying EMA strategy to 5 stocks.
2025-11-14 10:52:13,690 [INFO] Checking trade setups at 2025-11-14 10:52:13
2025-11-14 10:52:13,690 [INFO] Applying EMA strategy to 5 stocks.
2025-11-14 10:52:25,848 [INFO] Checking trade setups at 2025-11-14 10:52:25
2025-11-14 10:52:25,848 [INFO] Applying EMA strategy to 5 stocks.
2025-11-14 10:52:37,874 [INFO] Checking trade setups at 2025-11-14 10:52:37
2025-11-14 10:52:37,874 [INFO] Applying EMA strategy to 5 stocks.
2025-11-14 10:52:50,525 [INFO] Checking trade setups at 2025-11-14 10:52:50
2025-11-14 10:52:50,525 [INFO] Applying EMA strategy to 5 stocks.
2025-11-14 10:53:03,064 [INFO] Checking trade setups at 2025-11-14 10:53:03
2025-11-14 10:53:03,064 [INFO] Applying EMA strategy to 5 stocks.
2025-11-14 10:53:15,149 [INFO] Checking trade setups at 2025-11-14 10:53:15
2025-11-14 10:53:15,150 [INFO] Applying EMA strategy to 5 stocks.
2025-11-14 10:53:27,558 [INFO] Checking trade setups at 2025-11-14 10:53:27
2025-11-14 10:53:27,558 [INFO] Applying EMA strategy to 5 stocks.
2025-11-14 10:53:39,997 [INFO] Checking trade setups at 2025-11-14 10:53:39
2025-11-14 10:53:39,997 [INFO] Applying EMA strategy to 5 stocks.
2025-11-14 10:53:52,069 [INFO] Checking trade setups at 2025-11-14 10:53:52
2025-11-14 10:53:52,069 [INFO] Applying EMA strategy to 5 stocks.
2025-11-14 10:54:04,933 [INFO] Checking trade setups at 2025-11-14 10:54:04
2025-11-14 10:54:04,934 [INFO] Applying EMA strategy to 5 stocks.
2025-11-14 10:54:17,646 [INFO] Checking trade setups at 2025-11-14 10:54:17
2025-11-14 10:54:17,647 [INFO] Applying EMA strategy to 5 stocks.
2025-11-14 10:54:18,833 [INFO] Executing trade for NSE:GPIL-EQ: {'timestamp': '2025-11-14 10:50', 'action': 'SELL', 'entry_price': 280.3, 'stop_loss': 281.35, 'target': 277.15}
2025-11-14 10:54:18,834 [INFO] after SL after filtering the final SL:1.05, final_target:277.15, qty:95
2025-11-14 10:54:18,839 [INFO] Max trades reached. Skipping new orders.
2025-11-14 10:54:30,129 [INFO] Checking trade setups at 2025-11-14 10:54:30
2025-11-14 10:54:30,129 [INFO] Applying EMA strategy to 5 stocks.
2025-11-14 10:54:42,459 [INFO] Checking trade setups at 2025-11-14 10:54:42
2025-11-14 10:54:42,459 [INFO] Applying EMA strategy to 5 stocks.
2025-11-14 10:54:54,454 [INFO] Checking trade setups at 2025-11-14 10:54:54
2025-11-14 10:54:54,454 [INFO] Applying EMA strategy to 5 stocks.
2025-11-14 10:55:07,124 [INFO] Checking trade setups at 2025-11-14 10:55:07
2025-11-14 10:55:07,125 [INFO] Applying EMA strategy to 5 stocks.
2025-11-14 10:55:20,037 [INFO] Checking trade setups at 2025-11-14 10:55:20
2025-11-14 10:55:20,037 [INFO] Applying EMA strategy to 5 stocks.
2025-11-14 10:55:32,712 [INFO] Checking trade setups at 2025-11-14 10:55:32
2025-11-14 10:55:32,712 [INFO] Applying EMA strategy to 5 stocks.
2025-11-14 10:55:45,061 [INFO] Checking trade setups at 2025-11-14 10:55:45
2025-11-14 10:55:45,061 [INFO] Applying EMA strategy to 5 stocks.
2025-11-14 10:55:57,526 [INFO] Checking trade setups at 2025-11-14 10:55:57
2025-11-14 10:55:57,526 [INFO] Applying EMA strategy to 5 stocks.
2025-11-14 10:56:10,010 [INFO] Checking trade setups at 2025-11-14 10:56:10
2025-11-14 10:56:10,010 [INFO] Applying EMA strategy to 5 stocks.
2025-11-14 10:56:22,097 [INFO] Checking trade setups at 2025-11-14 10:56:22
2025-11-14 10:56:22,097 [INFO] Applying EMA strategy to 5 stocks.
2025-11-14 10:56:34,383 [INFO] Checking trade setups at 2025-11-14 10:56:34
2025-11-14 10:56:34,383 [INFO] Applying EMA strategy to 5 stocks.
2025-11-14 10:56:46,996 [INFO] Checking trade setups at 2025-11-14 10:56:46
2025-11-14 10:56:46,996 [INFO] Applying EMA strategy to 5 stocks.
2025-11-14 10:56:59,533 [INFO] Checking trade setups at 2025-11-14 10:56:59
2025-11-14 10:56:59,533 [INFO] Applying EMA strategy to 5 stocks.
2025-11-14 10:57:11,588 [INFO] Checking trade setups at 2025-11-14 10:57:11
2025-11-14 10:57:11,588 [INFO] Applying EMA strategy to 5 stocks.
2025-11-14 10:57:24,384 [INFO] Checking trade setups at 2025-11-14 10:57:24
2025-11-14 10:57:24,384 [INFO] Applying EMA strategy to 5 stocks.
2025-11-14 10:57:36,252 [INFO] Checking trade setups at 2025-11-14 10:57:36
2025-11-14 10:57:36,252 [INFO] Applying EMA strategy to 5 stocks.
2025-11-14 10:57:49,337 [INFO] Checking trade setups at 2025-11-14 10:57:49
2025-11-14 10:57:49,337 [INFO] Applying EMA strategy to 5 stocks.
2025-11-14 10:58:01,856 [INFO] Checking trade setups at 2025-11-14 10:58:01
2025-11-14 10:58:01,856 [INFO] Applying EMA strategy to 5 stocks.
2025-11-14 10:58:14,150 [INFO] Checking trade setups at 2025-11-14 10:58:14
2025-11-14 10:58:14,150 [INFO] Applying EMA strategy to 5 stocks.
2025-11-14 10:58:26,529 [INFO] Checking trade setups at 2025-11-14 10:58:26
2025-11-14 10:58:26,529 [INFO] Applying EMA strategy to 5 stocks.
2025-11-14 10:58:38,903 [INFO] Checking trade setups at 2025-11-14 10:58:38
2025-11-14 10:58:38,903 [INFO] Applying EMA strategy to 5 stocks.
2025-11-14 10:58:51,048 [INFO] Checking trade setups at 2025-11-14 10:58:51
2025-11-14 10:58:51,048 [INFO] Applying EMA strategy to 5 stocks.
2025-11-14 10:59:03,103 [INFO] Checking trade setups at 2025-11-14 10:59:03
2025-11-14 10:59:03,103 [INFO] Applying EMA strategy to 5 stocks.
2025-11-14 10:59:16,708 [INFO] Checking trade setups at 2025-11-14 10:59:16
2025-11-14 10:59:16,708 [INFO] Applying EMA strategy to 5 stocks.
2025-11-14 10:59:30,125 [INFO] Checking trade setups at 2025-11-14 10:59:30
2025-11-14 10:59:30,125 [INFO] Applying EMA strategy to 5 stocks.
2025-11-14 10:59:42,296 [INFO] Checking trade setups at 2025-11-14 10:59:42
2025-11-14 10:59:42,296 [INFO] Applying EMA strategy to 5 stocks.
2025-11-14 10:59:54,971 [INFO] Checking trade setups at 2025-11-14 10:59:54
2025-11-14 10:59:54,971 [INFO] Applying EMA strategy to 5 stocks.
2025-11-14 11:00:07,156 [INFO] Checking trade setups at 2025-11-14 11:00:07
2025-11-14 11:00:07,156 [INFO] Applying EMA strategy to 5 stocks.
2025-11-14 11:00:19,981 [INFO] Checking trade setups at 2025-11-14 11:00:19
2025-11-14 11:00:19,981 [INFO] Applying EMA strategy to 5 stocks.
2025-11-14 11:00:32,266 [INFO] Checking trade setups at 2025-11-14 11:00:32
2025-11-14 11:00:32,266 [INFO] Applying EMA strategy to 5 stocks.
2025-11-14 11:00:44,773 [INFO] Checking trade setups at 2025-11-14 11:00:44
2025-11-14 11:00:44,773 [INFO] Applying EMA strategy to 5 stocks.
2025-11-14 11:00:57,480 [INFO] Checking trade setups at 2025-11-14 11:00:57
2025-11-14 11:00:57,480 [INFO] Applying EMA strategy to 5 stocks.
2025-11-14 11:01:09,743 [INFO] Checking trade setups at 2025-11-14 11:01:09
2025-11-14 11:01:09,744 [INFO] Applying EMA strategy to 5 stocks.
2025-11-14 11:01:22,591 [INFO] Checking trade setups at 2025-11-14 11:01:22
2025-11-14 11:01:22,591 [INFO] Applying EMA strategy to 5 stocks.
2025-11-14 11:01:34,744 [INFO] Checking trade setups at 2025-11-14 11:01:34
2025-11-14 11:01:34,745 [INFO] Applying EMA strategy to 5 stocks.
2025-11-14 11:01:47,648 [INFO] Checking trade setups at 2025-11-14 11:01:47
2025-11-14 11:01:47,648 [INFO] Applying EMA strategy to 5 stocks.
2025-11-14 11:02:00,230 [INFO] Checking trade setups at 2025-11-14 11:02:00
2025-11-14 11:02:00,230 [INFO] Applying EMA strategy to 5 stocks.
2025-11-14 11:02:12,959 [INFO] Checking trade setups at 2025-11-14 11:02:12
2025-11-14 11:02:12,959 [INFO] Applying EMA strategy to 5 stocks.
2025-11-14 11:02:25,306 [INFO] Checking trade setups at 2025-11-14 11:02:25
2025-11-14 11:02:25,306 [INFO] Applying EMA strategy to 5 stocks.
2025-11-14 11:02:38,145 [INFO] Checking trade setups at 2025-11-14 11:02:38
2025-11-14 11:02:38,146 [INFO] Applying EMA strategy to 5 stocks.
2025-11-14 11:02:51,305 [INFO] Checking trade setups at 2025-11-14 11:02:51
2025-11-14 11:02:51,305 [INFO] Applying EMA strategy to 5 stocks.
2025-11-14 11:03:03,349 [INFO] Checking trade setups at 2025-11-14 11:03:03
2025-11-14 11:03:03,349 [INFO] Applying EMA strategy to 5 stocks.
2025-11-14 11:03:16,572 [INFO] Checking trade setups at 2025-11-14 11:03:16
2025-11-14 11:03:16,572 [INFO] Applying EMA strategy to 5 stocks.
2025-11-14 11:03:29,535 [INFO] Checking trade setups at 2025-11-14 11:03:29
2025-11-14 11:03:29,535 [INFO] Applying EMA strategy to 5 stocks.
2025-11-14 11:03:41,728 [INFO] Checking trade setups at 2025-11-14 11:03:41
2025-11-14 11:03:41,728 [INFO] Applying EMA strategy to 5 stocks.
2025-11-14 11:03:54,224 [INFO] Checking trade setups at 2025-11-14 11:03:54
2025-11-14 11:03:54,224 [INFO] Applying EMA strategy to 5 stocks.
2025-11-14 11:04:06,357 [INFO] Checking trade setups at 2025-11-14 11:04:06
2025-11-14 11:04:06,358 [INFO] Applying EMA strategy to 5 stocks.
2025-11-14 11:04:20,207 [INFO] Checking trade setups at 2025-11-14 11:04:20
2025-11-14 11:04:20,207 [INFO] Applying EMA strategy to 5 stocks.
2025-11-14 11:04:33,223 [INFO] Checking trade setups at 2025-11-14 11:04:33
2025-11-14 11:04:33,223 [INFO] Applying EMA strategy to 5 stocks.
2025-11-14 11:04:45,665 [INFO] Checking trade setups at 2025-11-14 11:04:45
2025-11-14 11:04:45,665 [INFO] Applying EMA strategy to 5 stocks.
2025-11-14 11:04:58,438 [INFO] Checking trade setups at 2025-11-14 11:04:58
2025-11-14 11:04:58,438 [INFO] Applying EMA strategy to 5 stocks.
2025-11-14 11:05:10,491 [INFO] Checking trade setups at 2025-11-14 11:05:10
2025-11-14 11:05:10,491 [INFO] Applying EMA strategy to 5 stocks.
2025-11-14 11:05:24,010 [INFO] Checking trade setups at 2025-11-14 11:05:24
2025-11-14 11:05:24,010 [INFO] Applying EMA strategy to 5 stocks.
2025-11-14 11:05:36,523 [INFO] Checking trade setups at 2025-11-14 11:05:36
2025-11-14 11:05:36,523 [INFO] Applying EMA strategy to 5 stocks.
2025-11-14 11:05:49,330 [INFO] Checking trade setups at 2025-11-14 11:05:49
2025-11-14 11:05:49,332 [INFO] Applying EMA strategy to 5 stocks.
2025-11-14 11:06:02,010 [INFO] Checking trade setups at 2025-11-14 11:06:02
2025-11-14 11:06:02,010 [INFO] Applying EMA strategy to 5 stocks.
2025-11-14 11:06:14,937 [INFO] Checking trade setups at 2025-11-14 11:06:14
2025-11-14 11:06:14,937 [INFO] Applying EMA strategy to 5 stocks.
2025-11-14 11:06:27,076 [INFO] Checking trade setups at 2025-11-14 11:06:27
2025-11-14 11:06:27,076 [INFO] Applying EMA strategy to 5 stocks.
2025-11-14 11:06:39,565 [INFO] Checking trade setups at 2025-11-14 11:06:39
2025-11-14 11:06:39,565 [INFO] Applying EMA strategy to 5 stocks.
2025-11-14 11:06:52,413 [INFO] Checking trade setups at 2025-11-14 11:06:52
2025-11-14 11:06:52,413 [INFO] Applying EMA strategy to 5 stocks.
2025-11-14 11:07:04,574 [INFO] Checking trade setups at 2025-11-14 11:07:04
2025-11-14 11:07:04,574 [INFO] Applying EMA strategy to 5 stocks.
2025-11-14 11:07:17,819 [INFO] Checking trade setups at 2025-11-14 11:07:17
2025-11-14 11:07:17,819 [INFO] Applying EMA strategy to 5 stocks.
2025-11-14 11:07:29,948 [INFO] Checking trade setups at 2025-11-14 11:07:29
2025-11-14 11:07:29,948 [INFO] Applying EMA strategy to 5 stocks.
2025-11-14 11:07:42,313 [INFO] Checking trade setups at 2025-11-14 11:07:42
2025-11-14 11:07:42,313 [INFO] Applying EMA strategy to 5 stocks.
2025-11-14 11:07:55,358 [INFO] Checking trade setups at 2025-11-14 11:07:55
2025-11-14 11:07:55,358 [INFO] Applying EMA strategy to 5 stocks.
2025-11-14 11:08:07,954 [INFO] Checking trade setups at 2025-11-14 11:08:07
2025-11-14 11:08:07,954 [INFO] Applying EMA strategy to 5 stocks.
2025-11-14 11:08:19,829 [INFO] Checking trade setups at 2025-11-14 11:08:19
2025-11-14 11:08:19,830 [INFO] Applying EMA strategy to 5 stocks.
2025-11-14 11:08:32,144 [INFO] Checking trade setups at 2025-11-14 11:08:32
2025-11-14 11:08:32,144 [INFO] Applying EMA strategy to 5 stocks.
2025-11-14 11:08:44,699 [INFO] Checking trade setups at 2025-11-14 11:08:44
2025-11-14 11:08:44,700 [INFO] Applying EMA strategy to 5 stocks.
2025-11-14 11:08:58,029 [INFO] Checking trade setups at 2025-11-14 11:08:58
2025-11-14 11:08:58,029 [INFO] Applying EMA strategy to 5 stocks.
2025-11-14 11:09:09,849 [INFO] Checking trade setups at 2025-11-14 11:09:09
2025-11-14 11:09:09,849 [INFO] Applying EMA strategy to 5 stocks.
2025-11-14 11:09:10,276 [INFO] Executing trade for NSE:JUBLFOOD-EQ: {'timestamp': '2025-11-14 11:05', 'action': 'SELL', 'entry_price': 619.2, 'stop_loss': 620.85, 'target': 614.2500000000001}
2025-11-14 11:09:10,276 [INFO] after SL after filtering the final SL:1.65, final_target:614.25, qty:60
2025-11-14 11:09:10,286 [INFO] NSE:JUBLFOOD-EQ already traded today. Skipping.
2025-11-14 11:09:22,804 [INFO] Checking trade setups at 2025-11-14 11:09:22
2025-11-14 11:09:22,804 [INFO] Applying EMA strategy to 5 stocks.
2025-11-14 11:09:35,513 [INFO] Checking trade setups at 2025-11-14 11:09:35
2025-11-14 11:09:35,513 [INFO] Applying EMA strategy to 5 stocks.
2025-11-14 11:09:48,601 [INFO] Checking trade setups at 2025-11-14 11:09:48
2025-11-14 11:09:48,602 [INFO] Applying EMA strategy to 5 stocks.
2025-11-14 11:10:01,032 [INFO] Checking trade setups at 2025-11-14 11:10:01
2025-11-14 11:10:01,032 [INFO] Applying EMA strategy to 5 stocks.
2025-11-14 11:10:13,198 [INFO] Checking trade setups at 2025-11-14 11:10:13
2025-11-14 11:10:13,198 [INFO] Applying EMA strategy to 5 stocks.
2025-11-14 11:10:13,672 [INFO] Executing trade for NSE:JUBLFOOD-EQ: {'timestamp': '2025-11-14 11:10', 'action': 'SELL', 'entry_price': 619, 'stop_loss': 620.5, 'target': 614.5}
2025-11-14 11:10:13,672 [INFO] after SL after filtering the final SL:1.5, final_target:614.5, qty:66
2025-11-14 11:10:13,686 [INFO] NSE:JUBLFOOD-EQ already traded today. Skipping.
2025-11-14 11:10:25,674 [INFO] Checking trade setups at 2025-11-14 11:10:25
2025-11-14 11:10:25,674 [INFO] Applying EMA strategy to 5 stocks.
2025-11-14 11:10:40,026 [INFO] Checking trade setups at 2025-11-14 11:10:40
2025-11-14 11:10:40,026 [INFO] Applying EMA strategy to 5 stocks.
2025-11-14 11:10:53,161 [INFO] Checking trade setups at 2025-11-14 11:10:53
2025-11-14 11:10:53,162 [INFO] Applying EMA strategy to 5 stocks.
2025-11-14 11:11:06,980 [INFO] Checking trade setups at 2025-11-14 11:11:06
2025-11-14 11:11:06,980 [INFO] Applying EMA strategy to 5 stocks.
2025-11-14 11:11:19,848 [INFO] Checking trade setups at 2025-11-14 11:11:19
2025-11-14 11:11:19,848 [INFO] Applying EMA strategy to 5 stocks.
2025-11-14 11:11:32,492 [INFO] Checking trade setups at 2025-11-14 11:11:32
2025-11-14 11:11:32,492 [INFO] Applying EMA strategy to 5 stocks.
2025-11-14 11:11:47,832 [INFO] Checking trade setups at 2025-11-14 11:11:47
2025-11-14 11:11:47,832 [INFO] Applying EMA strategy to 5 stocks.
2025-11-14 11:11:50,460 [INFO] Executing trade for NSE:BDL-EQ: {'timestamp': '2025-11-14 11:10', 'action': 'SELL', 'entry_price': 1613.1, 'stop_loss': 1623.8, 'target': 1580.9999999999998}
2025-11-14 11:11:50,461 [INFO] after SL after filtering the final SL:10.7, final_target:1581.0, qty:9
2025-11-14 11:11:50,467 [INFO] Max trades reached. Skipping new orders.
2025-11-14 11:12:00,470 [INFO] Checking trade setups at 2025-11-14 11:12:00
2025-11-14 11:12:00,470 [INFO] Applying EMA strategy to 5 stocks.
2025-11-14 11:12:12,990 [INFO] Checking trade setups at 2025-11-14 11:12:12
2025-11-14 11:12:12,990 [INFO] Applying EMA strategy to 5 stocks.
2025-11-14 11:12:15,915 [INFO] Executing trade for NSE:GMRAIRPORT-EQ: {'timestamp': '2025-11-14 11:10', 'action': 'SELL', 'entry_price': 95.8, 'stop_loss': 96.04, 'target': 95.07999999999997}
2025-11-14 11:12:15,915 [INFO] after SL after filtering the final SL:0.51, final_target:94.27, qty:196
2025-11-14 11:12:15,924 [INFO] Max trades reached. Skipping new orders.
2025-11-14 11:12:27,052 [INFO] Checking trade setups at 2025-11-14 11:12:27
2025-11-14 11:12:27,052 [INFO] Applying EMA strategy to 5 stocks.
2025-11-14 11:12:39,828 [INFO] Checking trade setups at 2025-11-14 11:12:39
2025-11-14 11:12:39,828 [INFO] Applying EMA strategy to 5 stocks.
2025-11-14 11:12:52,487 [INFO] Checking trade setups at 2025-11-14 11:12:52
2025-11-14 11:12:52,488 [INFO] Applying EMA strategy to 5 stocks.
2025-11-14 11:13:04,775 [INFO] Checking trade setups at 2025-11-14 11:13:04
2025-11-14 11:13:04,775 [INFO] Applying EMA strategy to 5 stocks.
2025-11-14 11:13:17,251 [INFO] Checking trade setups at 2025-11-14 11:13:17
2025-11-14 11:13:17,251 [INFO] Applying EMA strategy to 5 stocks.
2025-11-14 11:13:37,374 [INFO] Checking trade setups at 2025-11-14 11:13:37
2025-11-14 11:13:37,374 [INFO] Applying EMA strategy to 5 stocks.
2025-11-14 11:13:50,452 [INFO] Checking trade setups at 2025-11-14 11:13:50
2025-11-14 11:13:50,452 [INFO] Applying EMA strategy to 5 stocks.
2025-11-14 11:14:03,342 [INFO] Checking trade setups at 2025-11-14 11:14:03
2025-11-14 11:14:03,342 [INFO] Applying EMA strategy to 5 stocks.
2025-11-14 11:14:16,031 [INFO] Checking trade setups at 2025-11-14 11:14:16
2025-11-14 11:14:16,031 [INFO] Applying EMA strategy to 5 stocks.
2025-11-14 11:14:28,765 [INFO] Checking trade setups at 2025-11-14 11:14:28
2025-11-14 11:14:28,765 [INFO] Applying EMA strategy to 5 stocks.
2025-11-14 11:14:41,853 [INFO] Checking trade setups at 2025-11-14 11:14:41
2025-11-14 11:14:41,853 [INFO] Applying EMA strategy to 5 stocks.
2025-11-14 11:14:54,878 [INFO] Checking trade setups at 2025-11-14 11:14:54
2025-11-14 11:14:54,878 [INFO] Applying EMA strategy to 5 stocks.
2025-11-14 11:15:08,052 [INFO] Checking trade setups at 2025-11-14 11:15:08
2025-11-14 11:15:08,052 [INFO] Applying EMA strategy to 5 stocks.
2025-11-14 11:15:21,518 [INFO] Checking trade setups at 2025-11-14 11:15:21
2025-11-14 11:15:21,518 [INFO] Applying EMA strategy to 5 stocks.
2025-11-14 11:15:34,050 [INFO] Checking trade setups at 2025-11-14 11:15:34
2025-11-14 11:15:34,050 [INFO] Applying EMA strategy to 5 stocks.
2025-11-14 11:15:47,458 [INFO] Checking trade setups at 2025-11-14 11:15:47
2025-11-14 11:15:47,458 [INFO] Applying EMA strategy to 5 stocks.
2025-11-14 11:15:59,367 [INFO] Checking trade setups at 2025-11-14 11:15:59
2025-11-14 11:15:59,367 [INFO] Applying EMA strategy to 5 stocks.
2025-11-14 11:16:12,395 [INFO] Checking trade setups at 2025-11-14 11:16:12
2025-11-14 11:16:12,395 [INFO] Applying EMA strategy to 5 stocks.
2025-11-14 11:16:24,798 [INFO] Checking trade setups at 2025-11-14 11:16:24
2025-11-14 11:16:24,798 [INFO] Applying EMA strategy to 5 stocks.
2025-11-14 11:16:39,120 [INFO] Checking trade setups at 2025-11-14 11:16:39
2025-11-14 11:16:39,120 [INFO] Applying EMA strategy to 5 stocks.
2025-11-14 11:16:52,089 [INFO] Checking trade setups at 2025-11-14 11:16:52
2025-11-14 11:16:52,089 [INFO] Applying EMA strategy to 5 stocks.
2025-11-14 11:17:04,454 [INFO] Checking trade setups at 2025-11-14 11:17:04
2025-11-14 11:17:04,454 [INFO] Applying EMA strategy to 5 stocks.
2025-11-14 11:17:16,871 [INFO] Checking trade setups at 2025-11-14 11:17:16
2025-11-14 11:17:16,871 [INFO] Applying EMA strategy to 5 stocks.
2025-11-14 11:17:29,339 [INFO] Checking trade setups at 2025-11-14 11:17:29
2025-11-14 11:17:29,339 [INFO] Applying EMA strategy to 5 stocks.
2025-11-14 11:17:42,133 [INFO] Checking trade setups at 2025-11-14 11:17:42
2025-11-14 11:17:42,134 [INFO] Applying EMA strategy to 5 stocks.
2025-11-14 11:17:54,921 [INFO] Checking trade setups at 2025-11-14 11:17:54
2025-11-14 11:17:54,921 [INFO] Applying EMA strategy to 5 stocks.
2025-11-14 11:18:07,943 [INFO] Checking trade setups at 2025-11-14 11:18:07
2025-11-14 11:18:07,943 [INFO] Applying EMA strategy to 5 stocks.
2025-11-14 11:18:21,373 [INFO] Checking trade setups at 2025-11-14 11:18:21
2025-11-14 11:18:21,374 [INFO] Applying EMA strategy to 5 stocks.
2025-11-14 11:18:33,601 [INFO] Checking trade setups at 2025-11-14 11:18:33
2025-11-14 11:18:33,601 [INFO] Applying EMA strategy to 5 stocks.
2025-11-14 11:18:46,138 [INFO] Checking trade setups at 2025-11-14 11:18:46
2025-11-14 11:18:46,138 [INFO] Applying EMA strategy to 5 stocks.
2025-11-14 11:18:58,004 [INFO] Checking trade setups at 2025-11-14 11:18:58
2025-11-14 11:18:58,004 [INFO] Applying EMA strategy to 5 stocks.
2025-11-14 11:19:10,611 [INFO] Checking trade setups at 2025-11-14 11:19:10
2025-11-14 11:19:10,611 [INFO] Applying EMA strategy to 5 stocks.
2025-11-14 11:19:23,679 [INFO] Checking trade setups at 2025-11-14 11:19:23
2025-11-14 11:19:23,679 [INFO] Applying EMA strategy to 5 stocks.
2025-11-14 11:19:36,108 [INFO] Checking trade setups at 2025-11-14 11:19:36
2025-11-14 11:19:36,108 [INFO] Applying EMA strategy to 5 stocks.
2025-11-14 11:19:48,412 [INFO] Checking trade setups at 2025-11-14 11:19:48
2025-11-14 11:19:48,412 [INFO] Applying EMA strategy to 5 stocks.
2025-11-14 11:20:00,790 [INFO] Checking trade setups at 2025-11-14 11:20:00
2025-11-14 11:20:00,790 [INFO] Applying EMA strategy to 5 stocks.
2025-11-14 11:20:13,598 [INFO] Checking trade setups at 2025-11-14 11:20:13
2025-11-14 11:20:13,598 [INFO] Applying EMA strategy to 5 stocks.
2025-11-14 11:20:28,029 [INFO] Checking trade setups at 2025-11-14 11:20:28
2025-11-14 11:20:28,029 [INFO] Applying EMA strategy to 5 stocks.
2025-11-14 11:20:40,605 [INFO] Checking trade setups at 2025-11-14 11:20:40
2025-11-14 11:20:40,605 [INFO] Applying EMA strategy to 5 stocks.
2025-11-14 11:20:53,717 [INFO] Checking trade setups at 2025-11-14 11:20:53
2025-11-14 11:20:53,717 [INFO] Applying EMA strategy to 5 stocks.
2025-11-14 11:21:07,123 [INFO] Checking trade setups at 2025-11-14 11:21:07
2025-11-14 11:21:07,125 [INFO] Applying EMA strategy to 5 stocks.
2025-11-14 11:21:22,310 [INFO] Checking trade setups at 2025-11-14 11:21:22
2025-11-14 11:21:22,310 [INFO] Applying EMA strategy to 5 stocks.
2025-11-14 11:21:35,308 [INFO] Checking trade setups at 2025-11-14 11:21:35
2025-11-14 11:21:35,308 [INFO] Applying EMA strategy to 5 stocks.
2025-11-14 11:21:47,736 [INFO] Checking trade setups at 2025-11-14 11:21:47
2025-11-14 11:21:47,736 [INFO] Applying EMA strategy to 5 stocks.
2025-11-14 11:22:02,123 [INFO] Checking trade setups at 2025-11-14 11:22:02
2025-11-14 11:22:02,123 [INFO] Applying EMA strategy to 5 stocks.
2025-11-14 11:22:15,683 [INFO] Checking trade setups at 2025-11-14 11:22:15
2025-11-14 11:22:15,683 [INFO] Applying EMA strategy to 5 stocks.
2025-11-14 11:22:29,495 [INFO] Checking trade setups at 2025-11-14 11:22:29
2025-11-14 11:22:29,496 [INFO] Applying EMA strategy to 5 stocks.
2025-11-14 11:22:43,288 [INFO] Checking trade setups at 2025-11-14 11:22:43
2025-11-14 11:22:43,288 [INFO] Applying EMA strategy to 5 stocks.
2025-11-14 11:22:55,933 [INFO] Checking trade setups at 2025-11-14 11:22:55
2025-11-14 11:22:55,933 [INFO] Applying EMA strategy to 5 stocks.
2025-11-14 11:23:08,342 [INFO] Checking trade setups at 2025-11-14 11:23:08
2025-11-14 11:23:08,342 [INFO] Applying EMA strategy to 5 stocks.
2025-11-14 11:23:21,618 [INFO] Checking trade setups at 2025-11-14 11:23:21
2025-11-14 11:23:21,618 [INFO] Applying EMA strategy to 5 stocks.
2025-11-14 11:23:34,508 [INFO] Checking trade setups at 2025-11-14 11:23:34
2025-11-14 11:23:34,508 [INFO] Applying EMA strategy to 5 stocks.
2025-11-14 11:23:46,916 [INFO] Checking trade setups at 2025-11-14 11:23:46
2025-11-14 11:23:46,916 [INFO] Applying EMA strategy to 5 stocks.
2025-11-14 11:24:02,070 [INFO] Checking trade setups at 2025-11-14 11:24:02
2025-11-14 11:24:02,070 [INFO] Applying EMA strategy to 5 stocks.
2025-11-14 11:24:15,083 [INFO] Checking trade setups at 2025-11-14 11:24:15
2025-11-14 11:24:15,083 [INFO] Applying EMA strategy to 5 stocks.
2025-11-14 11:24:28,709 [INFO] Checking trade setups at 2025-11-14 11:24:28
2025-11-14 11:24:28,709 [INFO] Applying EMA strategy to 5 stocks.
2025-11-14 11:24:41,377 [INFO] Checking trade setups at 2025-11-14 11:24:41
2025-11-14 11:24:41,377 [INFO] Applying EMA strategy to 5 stocks.
2025-11-14 11:24:56,492 [INFO] Checking trade setups at 2025-11-14 11:24:56
2025-11-14 11:24:56,492 [INFO] Applying EMA strategy to 5 stocks.
2025-11-14 11:25:09,322 [INFO] Checking trade setups at 2025-11-14 11:25:09
2025-11-14 11:25:09,322 [INFO] Applying EMA strategy to 5 stocks.
2025-11-14 11:25:22,570 [INFO] Checking trade setups at 2025-11-14 11:25:22
2025-11-14 11:25:22,570 [INFO] Applying EMA strategy to 5 stocks.
2025-11-14 11:25:35,117 [INFO] Checking trade setups at 2025-11-14 11:25:35
2025-11-14 11:25:35,117 [INFO] Applying EMA strategy to 5 stocks.
2025-11-14 11:25:47,597 [INFO] Checking trade setups at 2025-11-14 11:25:47
2025-11-14 11:25:47,597 [INFO] Applying EMA strategy to 5 stocks.
2025-11-14 11:26:00,230 [INFO] Checking trade setups at 2025-11-14 11:26:00
2025-11-14 11:26:00,231 [INFO] Applying EMA strategy to 5 stocks.
2025-11-14 11:26:13,462 [INFO] Checking trade setups at 2025-11-14 11:26:13
2025-11-14 11:26:13,462 [INFO] Applying EMA strategy to 5 stocks.
2025-11-14 11:26:27,324 [INFO] Checking trade setups at 2025-11-14 11:26:27
2025-11-14 11:26:27,324 [INFO] Applying EMA strategy to 5 stocks.
2025-11-14 11:26:40,126 [INFO] Checking trade setups at 2025-11-14 11:26:40
2025-11-14 11:26:40,126 [INFO] Applying EMA strategy to 5 stocks.
2025-11-14 11:26:52,284 [INFO] Checking trade setups at 2025-11-14 11:26:52
2025-11-14 11:26:52,284 [INFO] Applying EMA strategy to 5 stocks.
2025-11-14 11:27:05,454 [INFO] Checking trade setups at 2025-11-14 11:27:05
2025-11-14 11:27:05,454 [INFO] Applying EMA strategy to 5 stocks.
2025-11-14 11:27:17,414 [INFO] Checking trade setups at 2025-11-14 11:27:17
2025-11-14 11:27:17,414 [INFO] Applying EMA strategy to 5 stocks.
2025-11-14 11:27:30,293 [INFO] Checking trade setups at 2025-11-14 11:27:30
2025-11-14 11:27:30,293 [INFO] Applying EMA strategy to 5 stocks.
2025-11-14 11:27:42,928 [INFO] Checking trade setups at 2025-11-14 11:27:42
2025-11-14 11:27:42,928 [INFO] Applying EMA strategy to 5 stocks.
2025-11-14 11:27:54,768 [INFO] Checking trade setups at 2025-11-14 11:27:54
2025-11-14 11:27:54,768 [INFO] Applying EMA strategy to 5 stocks.
2025-11-14 11:28:07,932 [INFO] Checking trade setups at 2025-11-14 11:28:07
2025-11-14 11:28:07,932 [INFO] Applying EMA strategy to 5 stocks.
2025-11-14 11:28:21,077 [INFO] Checking trade setups at 2025-11-14 11:28:21
2025-11-14 11:28:21,077 [INFO] Applying EMA strategy to 5 stocks.
2025-11-14 11:28:33,661 [INFO] Checking trade setups at 2025-11-14 11:28:33
2025-11-14 11:28:33,661 [INFO] Applying EMA strategy to 5 stocks.
2025-11-14 11:28:45,828 [INFO] Checking trade setups at 2025-11-14 11:28:45
2025-11-14 11:28:45,828 [INFO] Applying EMA strategy to 5 stocks.
2025-11-14 11:28:58,492 [INFO] Checking trade setups at 2025-11-14 11:28:58
2025-11-14 11:28:58,493 [INFO] Applying EMA strategy to 5 stocks.
2025-11-14 11:29:10,382 [INFO] Checking trade setups at 2025-11-14 11:29:10
2025-11-14 11:29:10,382 [INFO] Applying EMA strategy to 5 stocks.
2025-11-14 11:29:23,252 [INFO] Checking trade setups at 2025-11-14 11:29:23
2025-11-14 11:29:23,252 [INFO] Applying EMA strategy to 5 stocks.
2025-11-14 11:29:36,203 [INFO] Checking trade setups at 2025-11-14 11:29:36
2025-11-14 11:29:36,203 [INFO] Applying EMA strategy to 5 stocks.
2025-11-14 11:29:48,898 [INFO] Checking trade setups at 2025-11-14 11:29:48
2025-11-14 11:29:48,898 [INFO] Applying EMA strategy to 5 stocks.
2025-11-14 11:30:01,675 [INFO] Checking trade setups at 2025-11-14 11:30:01
2025-11-14 11:30:01,675 [INFO] Applying EMA strategy to 5 stocks.
2025-11-14 11:30:14,408 [INFO] Checking trade setups at 2025-11-14 11:30:14
2025-11-14 11:30:14,408 [INFO] Applying EMA strategy to 5 stocks.
2025-11-14 11:30:26,702 [INFO] Checking trade setups at 2025-11-14 11:30:26
2025-11-14 11:30:26,702 [INFO] Applying EMA strategy to 5 stocks.
2025-11-14 11:30:40,161 [INFO] Checking trade setups at 2025-11-14 11:30:40
2025-11-14 11:30:40,161 [INFO] Applying EMA strategy to 5 stocks.
2025-11-14 11:30:53,409 [INFO] Checking trade setups at 2025-11-14 11:30:53
2025-11-14 11:30:53,409 [INFO] Applying EMA strategy to 5 stocks.
2025-11-14 11:31:06,309 [INFO] Checking trade setups at 2025-11-14 11:31:06
2025-11-14 11:31:06,310 [INFO] Applying EMA strategy to 5 stocks.
2025-11-14 11:31:19,358 [INFO] Checking trade setups at 2025-11-14 11:31:19
2025-11-14 11:31:19,358 [INFO] Applying EMA strategy to 5 stocks.
2025-11-14 11:31:22,280 [INFO] Executing trade for NSE:MUTHOOTFIN-EQ: {'timestamp': '2025-11-14 11:30', 'action': 'SELL', 'entry_price': 3737, 'stop_loss': 3751.1, 'target': 3694.7000000000003}
2025-11-14 11:31:22,281 [INFO] after SL after filtering the final SL:14.1, final_target:3694.7, qty:7
2025-11-14 11:31:22,289 [INFO] NSE:MUTHOOTFIN-EQ already traded today. Skipping.
2025-11-14 11:31:32,649 [INFO] Checking trade setups at 2025-11-14 11:31:32
2025-11-14 11:31:32,649 [INFO] Applying EMA strategy to 5 stocks.
2025-11-14 11:31:44,648 [INFO] Checking trade setups at 2025-11-14 11:31:44
2025-11-14 11:31:44,648 [INFO] Applying EMA strategy to 5 stocks.
2025-11-14 11:31:58,046 [INFO] Checking trade setups at 2025-11-14 11:31:58
2025-11-14 11:31:58,046 [INFO] Applying EMA strategy to 5 stocks.
2025-11-14 11:32:10,855 [INFO] Checking trade setups at 2025-11-14 11:32:10
2025-11-14 11:32:10,855 [INFO] Applying EMA strategy to 5 stocks.
2025-11-14 11:32:23,504 [INFO] Checking trade setups at 2025-11-14 11:32:23
2025-11-14 11:32:23,505 [INFO] Applying EMA strategy to 5 stocks.
2025-11-14 11:32:36,687 [INFO] Checking trade setups at 2025-11-14 11:32:36
2025-11-14 11:32:36,688 [INFO] Applying EMA strategy to 5 stocks.
2025-11-14 11:32:49,243 [INFO] Checking trade setups at 2025-11-14 11:32:49
2025-11-14 11:32:49,243 [INFO] Applying EMA strategy to 5 stocks.
2025-11-14 11:33:01,761 [INFO] Checking trade setups at 2025-11-14 11:33:01
2025-11-14 11:33:01,761 [INFO] Applying EMA strategy to 5 stocks.
2025-11-14 11:33:15,030 [INFO] Checking trade setups at 2025-11-14 11:33:15
2025-11-14 11:33:15,030 [INFO] Applying EMA strategy to 5 stocks.
2025-11-14 11:33:28,768 [INFO] Checking trade setups at 2025-11-14 11:33:28
2025-11-14 11:33:28,768 [INFO] Applying EMA strategy to 5 stocks.
2025-11-14 11:33:41,153 [INFO] Checking trade setups at 2025-11-14 11:33:41
2025-11-14 11:33:41,155 [INFO] Applying EMA strategy to 5 stocks.
2025-11-14 11:33:53,718 [INFO] Checking trade setups at 2025-11-14 11:33:53
2025-11-14 11:33:53,718 [INFO] Applying EMA strategy to 5 stocks.
2025-11-14 11:34:06,248 [INFO] Checking trade setups at 2025-11-14 11:34:06
2025-11-14 11:34:06,248 [INFO] Applying EMA strategy to 5 stocks.
2025-11-14 11:34:18,691 [INFO] Checking trade setups at 2025-11-14 11:34:18
2025-11-14 11:34:18,691 [INFO] Applying EMA strategy to 5 stocks.
2025-11-14 11:34:32,238 [INFO] Checking trade setups at 2025-11-14 11:34:32
2025-11-14 11:34:32,238 [INFO] Applying EMA strategy to 5 stocks.
2025-11-14 11:34:45,749 [INFO] Checking trade setups at 2025-11-14 11:34:45
2025-11-14 11:34:45,749 [INFO] Applying EMA strategy to 5 stocks.
2025-11-14 11:34:58,942 [INFO] Checking trade setups at 2025-11-14 11:34:58
2025-11-14 11:34:58,942 [INFO] Applying EMA strategy to 5 stocks.
2025-11-14 11:35:11,287 [INFO] Checking trade setups at 2025-11-14 11:35:11
2025-11-14 11:35:11,287 [INFO] Applying EMA strategy to 5 stocks.
2025-11-14 11:35:23,430 [INFO] Checking trade setups at 2025-11-14 11:35:23
2025-11-14 11:35:23,430 [INFO] Applying EMA strategy to 5 stocks.
2025-11-14 11:35:36,229 [INFO] Checking trade setups at 2025-11-14 11:35:36
2025-11-14 11:35:36,229 [INFO] Applying EMA strategy to 5 stocks.
2025-11-14 11:35:48,670 [INFO] Checking trade setups at 2025-11-14 11:35:48
2025-11-14 11:35:48,670 [INFO] Applying EMA strategy to 5 stocks.
2025-11-14 11:36:01,406 [INFO] Checking trade setups at 2025-11-14 11:36:01
2025-11-14 11:36:01,407 [INFO] Applying EMA strategy to 5 stocks.
2025-11-14 11:36:13,471 [INFO] Checking trade setups at 2025-11-14 11:36:13
2025-11-14 11:36:13,471 [INFO] Applying EMA strategy to 5 stocks.
2025-11-14 11:36:27,037 [INFO] Checking trade setups at 2025-11-14 11:36:27
2025-11-14 11:36:27,037 [INFO] Applying EMA strategy to 5 stocks.
2025-11-14 11:36:27,798 [INFO] Executing trade for NSE:JUBLFOOD-EQ: {'timestamp': '2025-11-14 11:35', 'action': 'SELL', 'entry_price': 619.45, 'stop_loss': 620.4, 'target': 616.6000000000003}
2025-11-14 11:36:27,798 [INFO] after SL after filtering the final SL:0.95, final_target:616.6, qty:105
2025-11-14 11:36:27,798 [INFO] NSE:JUBLFOOD-EQ already traded today. Skipping.
2025-11-14 11:36:40,052 [INFO] Checking trade setups at 2025-11-14 11:36:40
2025-11-14 11:36:40,052 [INFO] Applying EMA strategy to 5 stocks.
2025-11-14 11:36:53,472 [INFO] Checking trade setups at 2025-11-14 11:36:53
2025-11-14 11:36:53,472 [INFO] Applying EMA strategy to 5 stocks.
2025-11-14 11:37:06,952 [INFO] Checking trade setups at 2025-11-14 11:37:06
2025-11-14 11:37:06,952 [INFO] Applying EMA strategy to 5 stocks.
2025-11-14 11:37:19,351 [INFO] Checking trade setups at 2025-11-14 11:37:19
2025-11-14 11:37:19,351 [INFO] Applying EMA strategy to 5 stocks.
2025-11-14 11:37:31,204 [INFO] Checking trade setups at 2025-11-14 11:37:31
2025-11-14 11:37:31,204 [INFO] Applying EMA strategy to 5 stocks.
2025-11-14 11:37:43,616 [INFO] Checking trade setups at 2025-11-14 11:37:43
2025-11-14 11:37:43,616 [INFO] Applying EMA strategy to 5 stocks.
2025-11-14 11:37:55,986 [INFO] Checking trade setups at 2025-11-14 11:37:55
2025-11-14 11:37:55,986 [INFO] Applying EMA strategy to 5 stocks.
2025-11-14 11:38:08,430 [INFO] Checking trade setups at 2025-11-14 11:38:08
2025-11-14 11:38:08,430 [INFO] Applying EMA strategy to 5 stocks.
2025-11-14 11:38:21,773 [INFO] Checking trade setups at 2025-11-14 11:38:21
2025-11-14 11:38:21,773 [INFO] Applying EMA strategy to 5 stocks.
2025-11-14 11:38:34,001 [INFO] Checking trade setups at 2025-11-14 11:38:34
2025-11-14 11:38:34,001 [INFO] Applying EMA strategy to 5 stocks.
2025-11-14 11:38:47,557 [INFO] Checking trade setups at 2025-11-14 11:38:47
2025-11-14 11:38:47,557 [INFO] Applying EMA strategy to 5 stocks.
2025-11-14 11:38:59,882 [INFO] Checking trade setups at 2025-11-14 11:38:59
2025-11-14 11:38:59,882 [INFO] Applying EMA strategy to 5 stocks.
2025-11-14 11:39:11,752 [INFO] Checking trade setups at 2025-11-14 11:39:11
2025-11-14 11:39:11,753 [INFO] Applying EMA strategy to 5 stocks.
2025-11-14 11:39:25,322 [INFO] Checking trade setups at 2025-11-14 11:39:25
2025-11-14 11:39:25,322 [INFO] Applying EMA strategy to 5 stocks.
2025-11-14 11:39:38,118 [INFO] Checking trade setups at 2025-11-14 11:39:38
2025-11-14 11:39:38,118 [INFO] Applying EMA strategy to 5 stocks.
2025-11-14 11:39:51,080 [INFO] Checking trade setups at 2025-11-14 11:39:51
2025-11-14 11:39:51,080 [INFO] Applying EMA strategy to 5 stocks.
2025-11-14 11:40:03,213 [INFO] Checking trade setups at 2025-11-14 11:40:03
2025-11-14 11:40:03,214 [INFO] Applying EMA strategy to 5 stocks.
2025-11-14 11:40:17,038 [INFO] Checking trade setups at 2025-11-14 11:40:17
2025-11-14 11:40:17,038 [INFO] Applying EMA strategy to 5 stocks.
2025-11-14 11:40:29,692 [INFO] Checking trade setups at 2025-11-14 11:40:29
2025-11-14 11:40:29,692 [INFO] Applying EMA strategy to 5 stocks.
2025-11-14 11:40:42,433 [INFO] Checking trade setups at 2025-11-14 11:40:42
2025-11-14 11:40:42,433 [INFO] Applying EMA strategy to 5 stocks.
2025-11-14 11:40:56,667 [INFO] Checking trade setups at 2025-11-14 11:40:56
2025-11-14 11:40:56,667 [INFO] Applying EMA strategy to 5 stocks.
2025-11-14 11:41:09,375 [INFO] Checking trade setups at 2025-11-14 11:41:09
2025-11-14 11:41:09,375 [INFO] Applying EMA strategy to 5 stocks.
2025-11-14 11:41:22,386 [INFO] Checking trade setups at 2025-11-14 11:41:22
2025-11-14 11:41:22,386 [INFO] Applying EMA strategy to 5 stocks.
2025-11-14 11:41:36,158 [INFO] Checking trade setups at 2025-11-14 11:41:36
2025-11-14 11:41:36,158 [INFO] Applying EMA strategy to 5 stocks.
2025-11-14 11:41:48,188 [INFO] Checking trade setups at 2025-11-14 11:41:48
2025-11-14 11:41:48,188 [INFO] Applying EMA strategy to 5 stocks.
2025-11-14 11:42:02,413 [INFO] Checking trade setups at 2025-11-14 11:42:02
2025-11-14 11:42:02,413 [INFO] Applying EMA strategy to 5 stocks.
2025-11-14 11:42:15,793 [INFO] Checking trade setups at 2025-11-14 11:42:15
2025-11-14 11:42:15,793 [INFO] Applying EMA strategy to 5 stocks.
2025-11-14 11:42:28,080 [INFO] Checking trade setups at 2025-11-14 11:42:28
2025-11-14 11:42:28,080 [INFO] Applying EMA strategy to 5 stocks.
2025-11-14 11:42:41,761 [INFO] Checking trade setups at 2025-11-14 11:42:41
2025-11-14 11:42:41,762 [INFO] Applying EMA strategy to 5 stocks.
2025-11-14 11:42:53,909 [INFO] Checking trade setups at 2025-11-14 11:42:53
2025-11-14 11:42:53,909 [INFO] Applying EMA strategy to 5 stocks.
2025-11-14 11:43:07,121 [INFO] Checking trade setups at 2025-11-14 11:43:07
2025-11-14 11:43:07,121 [INFO] Applying EMA strategy to 5 stocks.
2025-11-14 11:43:19,237 [INFO] Checking trade setups at 2025-11-14 11:43:19
2025-11-14 11:43:19,238 [INFO] Applying EMA strategy to 5 stocks.
2025-11-14 11:43:32,167 [INFO] Checking trade setups at 2025-11-14 11:43:32
2025-11-14 11:43:32,167 [INFO] Applying EMA strategy to 5 stocks.
2025-11-14 11:43:44,492 [INFO] Checking trade setups at 2025-11-14 11:43:44
2025-11-14 11:43:44,492 [INFO] Applying EMA strategy to 5 stocks.
2025-11-14 11:43:57,088 [INFO] Checking trade setups at 2025-11-14 11:43:57
2025-11-14 11:43:57,089 [INFO] Applying EMA strategy to 5 stocks.
2025-11-14 11:44:10,207 [INFO] Checking trade setups at 2025-11-14 11:44:10
2025-11-14 11:44:10,207 [INFO] Applying EMA strategy to 5 stocks.
2025-11-14 11:44:23,084 [INFO] Checking trade setups at 2025-11-14 11:44:23
2025-11-14 11:44:23,084 [INFO] Applying EMA strategy to 5 stocks.
2025-11-14 11:44:35,226 [INFO] Checking trade setups at 2025-11-14 11:44:35
2025-11-14 11:44:35,226 [INFO] Applying EMA strategy to 5 stocks.
2025-11-14 11:44:47,484 [INFO] Checking trade setups at 2025-11-14 11:44:47
2025-11-14 11:44:47,485 [INFO] Applying EMA strategy to 5 stocks.
2025-11-14 11:44:59,756 [INFO] Checking trade setups at 2025-11-14 11:44:59
2025-11-14 11:44:59,756 [INFO] Applying EMA strategy to 5 stocks.
2025-11-14 11:45:12,146 [INFO] Checking trade setups at 2025-11-14 11:45:12
2025-11-14 11:45:12,146 [INFO] Applying EMA strategy to 5 stocks.
2025-11-14 11:45:25,369 [INFO] Checking trade setups at 2025-11-14 11:45:25
2025-11-14 11:45:25,369 [INFO] Applying EMA strategy to 5 stocks.
2025-11-14 11:45:38,082 [INFO] Checking trade setups at 2025-11-14 11:45:38
2025-11-14 11:45:38,082 [INFO] Applying EMA strategy to 5 stocks.
2025-11-14 11:45:50,546 [INFO] Checking trade setups at 2025-11-14 11:45:50
2025-11-14 11:45:50,550 [INFO] Applying EMA strategy to 5 stocks.
2025-11-14 11:46:03,956 [INFO] Checking trade setups at 2025-11-14 11:46:03
2025-11-14 11:46:03,956 [INFO] Applying EMA strategy to 5 stocks.
2025-11-14 11:46:16,694 [INFO] Checking trade setups at 2025-11-14 11:46:16
2025-11-14 11:46:16,694 [INFO] Applying EMA strategy to 5 stocks.
2025-11-14 11:46:28,979 [INFO] Checking trade setups at 2025-11-14 11:46:28
2025-11-14 11:46:28,979 [INFO] Applying EMA strategy to 5 stocks.
2025-11-14 11:46:41,457 [INFO] Checking trade setups at 2025-11-14 11:46:41
2025-11-14 11:46:41,457 [INFO] Applying EMA strategy to 5 stocks.
2025-11-14 11:46:54,968 [INFO] Checking trade setups at 2025-11-14 11:46:54
2025-11-14 11:46:54,968 [INFO] Applying EMA strategy to 5 stocks.
2025-11-14 11:47:07,187 [INFO] Checking trade setups at 2025-11-14 11:47:07
2025-11-14 11:47:07,187 [INFO] Applying EMA strategy to 5 stocks.
2025-11-14 11:47:19,432 [INFO] Checking trade setups at 2025-11-14 11:47:19
2025-11-14 11:47:19,432 [INFO] Applying EMA strategy to 5 stocks.
2025-11-14 11:47:32,405 [INFO] Checking trade setups at 2025-11-14 11:47:32
2025-11-14 11:47:32,405 [INFO] Applying EMA strategy to 5 stocks.
2025-11-14 11:47:45,341 [INFO] Checking trade setups at 2025-11-14 11:47:45
2025-11-14 11:47:45,341 [INFO] Applying EMA strategy to 5 stocks.
2025-11-14 11:47:57,278 [INFO] Checking trade setups at 2025-11-14 11:47:57
2025-11-14 11:47:57,278 [INFO] Applying EMA strategy to 5 stocks.
2025-11-14 11:48:09,667 [INFO] Checking trade setups at 2025-11-14 11:48:09
2025-11-14 11:48:09,667 [INFO] Applying EMA strategy to 5 stocks.
2025-11-14 11:48:23,416 [INFO] Checking trade setups at 2025-11-14 11:48:23
2025-11-14 11:48:23,417 [INFO] Applying EMA strategy to 5 stocks.
2025-11-14 11:48:36,013 [INFO] Checking trade setups at 2025-11-14 11:48:36
2025-11-14 11:48:36,013 [INFO] Applying EMA strategy to 5 stocks.
2025-11-14 11:48:49,294 [INFO] Checking trade setups at 2025-11-14 11:48:49
2025-11-14 11:48:49,294 [INFO] Applying EMA strategy to 5 stocks.
2025-11-14 11:49:01,844 [INFO] Checking trade setups at 2025-11-14 11:49:01
2025-11-14 11:49:01,845 [INFO] Applying EMA strategy to 5 stocks.
2025-11-14 11:49:15,227 [INFO] Checking trade setups at 2025-11-14 11:49:15
2025-11-14 11:49:15,227 [INFO] Applying EMA strategy to 5 stocks.
2025-11-14 11:49:27,892 [INFO] Checking trade setups at 2025-11-14 11:49:27
2025-11-14 11:49:27,892 [INFO] Applying EMA strategy to 5 stocks.
2025-11-14 11:49:40,090 [INFO] Checking trade setups at 2025-11-14 11:49:40
2025-11-14 11:49:40,090 [INFO] Applying EMA strategy to 5 stocks.
2025-11-14 11:49:52,445 [INFO] Checking trade setups at 2025-11-14 11:49:52
2025-11-14 11:49:52,445 [INFO] Applying EMA strategy to 5 stocks.
2025-11-14 11:50:05,142 [INFO] Checking trade setups at 2025-11-14 11:50:05
2025-11-14 11:50:05,142 [INFO] Applying EMA strategy to 5 stocks.
2025-11-14 11:50:19,317 [INFO] Checking trade setups at 2025-11-14 11:50:19
2025-11-14 11:50:19,317 [INFO] Applying EMA strategy to 5 stocks.
2025-11-14 11:50:31,668 [INFO] Checking trade setups at 2025-11-14 11:50:31
2025-11-14 11:50:31,668 [INFO] Applying EMA strategy to 5 stocks.
2025-11-14 11:50:32,554 [INFO] Executing trade for NSE:GPIL-EQ: {'timestamp': '2025-11-14 11:50', 'action': 'SELL', 'entry_price': 279.5, 'stop_loss': 279.95, 'target': 278.15000000000003}
2025-11-14 11:50:32,554 [INFO] after SL after filtering the final SL:0.51, final_target:277.97, qty:196
2025-11-14 11:50:32,554 [INFO] Max trades reached. Skipping new orders.
2025-11-14 11:50:44,266 [INFO] Checking trade setups at 2025-11-14 11:50:44
2025-11-14 11:50:44,266 [INFO] Applying EMA strategy to 5 stocks.
2025-11-14 11:50:56,709 [INFO] Checking trade setups at 2025-11-14 11:50:56
2025-11-14 11:50:56,709 [INFO] Applying EMA strategy to 5 stocks.
2025-11-14 11:51:08,921 [INFO] Checking trade setups at 2025-11-14 11:51:08
2025-11-14 11:51:08,922 [INFO] Applying EMA strategy to 5 stocks.
2025-11-14 11:51:21,347 [INFO] Checking trade setups at 2025-11-14 11:51:21
2025-11-14 11:51:21,347 [INFO] Applying EMA strategy to 5 stocks.
2025-11-14 11:51:34,031 [INFO] Checking trade setups at 2025-11-14 11:51:34
2025-11-14 11:51:34,032 [INFO] Applying EMA strategy to 5 stocks.
2025-11-14 11:51:46,568 [INFO] Checking trade setups at 2025-11-14 11:51:46
2025-11-14 11:51:46,569 [INFO] Applying EMA strategy to 5 stocks.
2025-11-14 11:51:59,108 [INFO] Checking trade setups at 2025-11-14 11:51:59
2025-11-14 11:51:59,108 [INFO] Applying EMA strategy to 5 stocks.
2025-11-14 11:52:11,643 [INFO] Checking trade setups at 2025-11-14 11:52:11
2025-11-14 11:52:11,643 [INFO] Applying EMA strategy to 5 stocks.
2025-11-14 11:52:25,145 [INFO] Checking trade setups at 2025-11-14 11:52:25
2025-11-14 11:52:25,145 [INFO] Applying EMA strategy to 5 stocks.
2025-11-14 11:52:37,536 [INFO] Checking trade setups at 2025-11-14 11:52:37
2025-11-14 11:52:37,537 [INFO] Applying EMA strategy to 5 stocks.
2025-11-14 11:52:49,628 [INFO] Checking trade setups at 2025-11-14 11:52:49
2025-11-14 11:52:49,628 [INFO] Applying EMA strategy to 5 stocks.
2025-11-14 11:53:03,346 [INFO] Checking trade setups at 2025-11-14 11:53:03
2025-11-14 11:53:03,346 [INFO] Applying EMA strategy to 5 stocks.
2025-11-14 11:53:15,853 [INFO] Checking trade setups at 2025-11-14 11:53:15
2025-11-14 11:53:15,854 [INFO] Applying EMA strategy to 5 stocks.
2025-11-14 11:53:28,565 [INFO] Checking trade setups at 2025-11-14 11:53:28
2025-11-14 11:53:28,565 [INFO] Applying EMA strategy to 5 stocks.
2025-11-14 11:53:40,500 [INFO] Checking trade setups at 2025-11-14 11:53:40
2025-11-14 11:53:40,500 [INFO] Applying EMA strategy to 5 stocks.
2025-11-14 11:53:53,918 [INFO] Checking trade setups at 2025-11-14 11:53:53
2025-11-14 11:53:53,919 [INFO] Applying EMA strategy to 5 stocks.
2025-11-14 11:54:06,249 [INFO] Checking trade setups at 2025-11-14 11:54:06
2025-11-14 11:54:06,249 [INFO] Applying EMA strategy to 5 stocks.
2025-11-14 11:54:18,720 [INFO] Checking trade setups at 2025-11-14 11:54:18
2025-11-14 11:54:18,720 [INFO] Applying EMA strategy to 5 stocks.
2025-11-14 11:54:30,821 [INFO] Checking trade setups at 2025-11-14 11:54:30
2025-11-14 11:54:30,821 [INFO] Applying EMA strategy to 5 stocks.
2025-11-14 11:54:44,538 [INFO] Checking trade setups at 2025-11-14 11:54:44
2025-11-14 11:54:44,538 [INFO] Applying EMA strategy to 5 stocks.
2025-11-14 11:54:57,089 [INFO] Checking trade setups at 2025-11-14 11:54:57
2025-11-14 11:54:57,089 [INFO] Applying EMA strategy to 5 stocks.
2025-11-14 11:55:09,463 [INFO] Checking trade setups at 2025-11-14 11:55:09
2025-11-14 11:55:09,463 [INFO] Applying EMA strategy to 5 stocks.
2025-11-14 11:55:22,074 [INFO] Checking trade setups at 2025-11-14 11:55:22
2025-11-14 11:55:22,074 [INFO] Applying EMA strategy to 5 stocks.
2025-11-14 11:55:34,804 [INFO] Checking trade setups at 2025-11-14 11:55:34
2025-11-14 11:55:34,804 [INFO] Applying EMA strategy to 5 stocks.
2025-11-14 11:55:48,800 [INFO] Checking trade setups at 2025-11-14 11:55:48
2025-11-14 11:55:48,800 [INFO] Applying EMA strategy to 5 stocks.
2025-11-14 11:56:01,389 [INFO] Checking trade setups at 2025-11-14 11:56:01
2025-11-14 11:56:01,389 [INFO] Applying EMA strategy to 5 stocks.
2025-11-14 11:56:13,589 [INFO] Checking trade setups at 2025-11-14 11:56:13
2025-11-14 11:56:13,590 [INFO] Applying EMA strategy to 5 stocks.
2025-11-14 11:56:26,605 [INFO] Checking trade setups at 2025-11-14 11:56:26
2025-11-14 11:56:26,605 [INFO] Applying EMA strategy to 5 stocks.
2025-11-14 11:56:38,956 [INFO] Checking trade setups at 2025-11-14 11:56:38
2025-11-14 11:56:38,957 [INFO] Applying EMA strategy to 5 stocks.
2025-11-14 11:56:51,672 [INFO] Checking trade setups at 2025-11-14 11:56:51
2025-11-14 11:56:51,672 [INFO] Applying EMA strategy to 5 stocks.
2025-11-14 11:57:04,992 [INFO] Checking trade setups at 2025-11-14 11:57:04
2025-11-14 11:57:04,992 [INFO] Applying EMA strategy to 5 stocks.
2025-11-14 11:57:17,438 [INFO] Checking trade setups at 2025-11-14 11:57:17
2025-11-14 11:57:17,438 [INFO] Applying EMA strategy to 5 stocks.
2025-11-14 11:57:29,645 [INFO] Checking trade setups at 2025-11-14 11:57:29
2025-11-14 11:57:29,645 [INFO] Applying EMA strategy to 5 stocks.
2025-11-14 11:57:42,410 [INFO] Checking trade setups at 2025-11-14 11:57:42
2025-11-14 11:57:42,410 [INFO] Applying EMA strategy to 5 stocks.
2025-11-14 11:57:54,549 [INFO] Checking trade setups at 2025-11-14 11:57:54
2025-11-14 11:57:54,549 [INFO] Applying EMA strategy to 5 stocks.
2025-11-14 11:58:08,029 [INFO] Checking trade setups at 2025-11-14 11:58:08
2025-11-14 11:58:08,029 [INFO] Applying EMA strategy to 5 stocks.
2025-11-14 11:58:20,530 [INFO] Checking trade setups at 2025-11-14 11:58:20
2025-11-14 11:58:20,530 [INFO] Applying EMA strategy to 5 stocks.
2025-11-14 11:58:32,671 [INFO] Checking trade setups at 2025-11-14 11:58:32
2025-11-14 11:58:32,671 [INFO] Applying EMA strategy to 5 stocks.
2025-11-14 11:58:45,047 [INFO] Checking trade setups at 2025-11-14 11:58:45
2025-11-14 11:58:45,047 [INFO] Applying EMA strategy to 5 stocks.
2025-11-14 11:58:57,529 [INFO] Checking trade setups at 2025-11-14 11:58:57
2025-11-14 11:58:57,529 [INFO] Applying EMA strategy to 5 stocks.
2025-11-14 11:59:09,831 [INFO] Checking trade setups at 2025-11-14 11:59:09
2025-11-14 11:59:09,831 [INFO] Applying EMA strategy to 5 stocks.
2025-11-14 11:59:22,627 [INFO] Checking trade setups at 2025-11-14 11:59:22
2025-11-14 11:59:22,628 [INFO] Applying EMA strategy to 5 stocks.
2025-11-14 11:59:35,217 [INFO] Checking trade setups at 2025-11-14 11:59:35
2025-11-14 11:59:35,217 [INFO] Applying EMA strategy to 5 stocks.
2025-11-14 11:59:48,254 [INFO] Checking trade setups at 2025-11-14 11:59:48
2025-11-14 11:59:48,254 [INFO] Applying EMA strategy to 5 stocks.
2025-11-14 12:00:00,923 [INFO] Checking trade setups at 2025-11-14 12:00:00
2025-11-14 12:00:00,924 [INFO] Applying EMA strategy to 5 stocks.
2025-11-14 12:00:13,238 [INFO] Checking trade setups at 2025-11-14 12:00:13
2025-11-14 12:00:13,238 [INFO] Applying EMA strategy to 5 stocks.
2025-11-14 12:00:25,772 [INFO] Checking trade setups at 2025-11-14 12:00:25
2025-11-14 12:00:25,772 [INFO] Applying EMA strategy to 5 stocks.
2025-11-14 12:00:39,393 [INFO] Checking trade setups at 2025-11-14 12:00:39
2025-11-14 12:00:39,394 [INFO] Applying EMA strategy to 5 stocks.
2025-11-14 12:00:52,051 [INFO] Checking trade setups at 2025-11-14 12:00:52
2025-11-14 12:00:52,051 [INFO] Applying EMA strategy to 5 stocks.
2025-11-14 12:01:04,312 [INFO] Checking trade setups at 2025-11-14 12:01:04
2025-11-14 12:01:04,312 [INFO] Applying EMA strategy to 5 stocks.
2025-11-14 12:01:17,316 [INFO] Checking trade setups at 2025-11-14 12:01:17
2025-11-14 12:01:17,316 [INFO] Applying EMA strategy to 5 stocks.
2025-11-14 12:01:29,472 [INFO] Checking trade setups at 2025-11-14 12:01:29
2025-11-14 12:01:29,472 [INFO] Applying EMA strategy to 5 stocks.
2025-11-14 12:01:41,882 [INFO] Checking trade setups at 2025-11-14 12:01:41
2025-11-14 12:01:41,882 [INFO] Applying EMA strategy to 5 stocks.
2025-11-14 12:01:54,853 [INFO] Checking trade setups at 2025-11-14 12:01:54
2025-11-14 12:01:54,853 [INFO] Applying EMA strategy to 5 stocks.
2025-11-14 12:02:07,606 [INFO] Checking trade setups at 2025-11-14 12:02:07
2025-11-14 12:02:07,606 [INFO] Applying EMA strategy to 5 stocks.
2025-11-14 12:02:20,217 [INFO] Checking trade setups at 2025-11-14 12:02:20
2025-11-14 12:02:20,217 [INFO] Applying EMA strategy to 5 stocks.
2025-11-14 12:02:32,677 [INFO] Checking trade setups at 2025-11-14 12:02:32
2025-11-14 12:02:32,678 [INFO] Applying EMA strategy to 5 stocks.
2025-11-14 12:02:45,085 [INFO] Checking trade setups at 2025-11-14 12:02:45
2025-11-14 12:02:45,085 [INFO] Applying EMA strategy to 5 stocks.
2025-11-14 12:02:57,872 [INFO] Checking trade setups at 2025-11-14 12:02:57
2025-11-14 12:02:57,872 [INFO] Applying EMA strategy to 5 stocks.
2025-11-14 12:03:11,338 [INFO] Checking trade setups at 2025-11-14 12:03:11
2025-11-14 12:03:11,338 [INFO] Applying EMA strategy to 5 stocks.
2025-11-14 12:03:23,983 [INFO] Checking trade setups at 2025-11-14 12:03:23
2025-11-14 12:03:23,983 [INFO] Applying EMA strategy to 5 stocks.
2025-11-14 12:03:37,504 [INFO] Checking trade setups at 2025-11-14 12:03:37
2025-11-14 12:03:37,504 [INFO] Applying EMA strategy to 5 stocks.
2025-11-14 12:03:49,414 [INFO] Checking trade setups at 2025-11-14 12:03:49
2025-11-14 12:03:49,415 [INFO] Applying EMA strategy to 5 stocks.
2025-11-14 12:04:02,837 [INFO] Checking trade setups at 2025-11-14 12:04:02
2025-11-14 12:04:02,837 [INFO] Applying EMA strategy to 5 stocks.
2025-11-14 12:04:15,201 [INFO] Checking trade setups at 2025-11-14 12:04:15
2025-11-14 12:04:15,201 [INFO] Applying EMA strategy to 5 stocks.
2025-11-14 12:04:27,828 [INFO] Checking trade setups at 2025-11-14 12:04:27
2025-11-14 12:04:27,829 [INFO] Applying EMA strategy to 5 stocks.
2025-11-14 12:04:40,070 [INFO] Checking trade setups at 2025-11-14 12:04:40
2025-11-14 12:04:40,070 [INFO] Applying EMA strategy to 5 stocks.
2025-11-14 12:04:52,263 [INFO] Checking trade setups at 2025-11-14 12:04:52
2025-11-14 12:04:52,264 [INFO] Applying EMA strategy to 5 stocks.
2025-11-14 12:05:05,184 [INFO] Checking trade setups at 2025-11-14 12:05:05
2025-11-14 12:05:05,184 [INFO] Applying EMA strategy to 5 stocks.
2025-11-14 12:05:17,651 [INFO] Checking trade setups at 2025-11-14 12:05:17
2025-11-14 12:05:17,651 [INFO] Applying EMA strategy to 5 stocks.
2025-11-14 12:05:29,925 [INFO] Checking trade setups at 2025-11-14 12:05:29
2025-11-14 12:05:29,925 [INFO] Applying EMA strategy to 5 stocks.
2025-11-14 12:05:42,455 [INFO] Checking trade setups at 2025-11-14 12:05:42
2025-11-14 12:05:42,455 [INFO] Applying EMA strategy to 5 stocks.
2025-11-14 12:05:54,725 [INFO] Checking trade setups at 2025-11-14 12:05:54
2025-11-14 12:05:54,725 [INFO] Applying EMA strategy to 5 stocks.
2025-11-14 12:06:07,427 [INFO] Checking trade setups at 2025-11-14 12:06:07
2025-11-14 12:06:07,427 [INFO] Applying EMA strategy to 5 stocks.
2025-11-14 12:06:20,098 [INFO] Checking trade setups at 2025-11-14 12:06:20
2025-11-14 12:06:20,099 [INFO] Applying EMA strategy to 5 stocks.
2025-11-14 12:06:32,570 [INFO] Checking trade setups at 2025-11-14 12:06:32
2025-11-14 12:06:32,571 [INFO] Applying EMA strategy to 5 stocks.
2025-11-14 12:06:45,028 [INFO] Checking trade setups at 2025-11-14 12:06:45
2025-11-14 12:06:45,028 [INFO] Applying EMA strategy to 5 stocks.
2025-11-14 12:06:57,506 [INFO] Checking trade setups at 2025-11-14 12:06:57
2025-11-14 12:06:57,507 [INFO] Applying EMA strategy to 5 stocks.
2025-11-14 12:07:10,378 [INFO] Checking trade setups at 2025-11-14 12:07:10
2025-11-14 12:07:10,379 [INFO] Applying EMA strategy to 5 stocks.
2025-11-14 12:07:22,774 [INFO] Checking trade setups at 2025-11-14 12:07:22
2025-11-14 12:07:22,774 [INFO] Applying EMA strategy to 5 stocks.
2025-11-14 12:07:35,234 [INFO] Checking trade setups at 2025-11-14 12:07:35
2025-11-14 12:07:35,234 [INFO] Applying EMA strategy to 5 stocks.
2025-11-14 12:07:47,656 [INFO] Checking trade setups at 2025-11-14 12:07:47
2025-11-14 12:07:47,656 [INFO] Applying EMA strategy to 5 stocks.
2025-11-14 12:07:59,516 [INFO] Checking trade setups at 2025-11-14 12:07:59
2025-11-14 12:07:59,517 [INFO] Applying EMA strategy to 5 stocks.
2025-11-14 12:08:11,941 [INFO] Checking trade setups at 2025-11-14 12:08:11
2025-11-14 12:08:11,941 [INFO] Applying EMA strategy to 5 stocks.
2025-11-14 12:08:24,230 [INFO] Checking trade setups at 2025-11-14 12:08:24
2025-11-14 12:08:24,230 [INFO] Applying EMA strategy to 5 stocks.
2025-11-14 12:08:36,777 [INFO] Checking trade setups at 2025-11-14 12:08:36
2025-11-14 12:08:36,777 [INFO] Applying EMA strategy to 5 stocks.
2025-11-14 12:08:49,188 [INFO] Checking trade setups at 2025-11-14 12:08:49
2025-11-14 12:08:49,188 [INFO] Applying EMA strategy to 5 stocks.
2025-11-14 12:09:01,666 [INFO] Checking trade setups at 2025-11-14 12:09:01
2025-11-14 12:09:01,667 [INFO] Applying EMA strategy to 5 stocks.
2025-11-14 12:09:13,741 [INFO] Checking trade setups at 2025-11-14 12:09:13
2025-11-14 12:09:13,741 [INFO] Applying EMA strategy to 5 stocks.
2025-11-14 12:09:25,647 [INFO] Checking trade setups at 2025-11-14 12:09:25
2025-11-14 12:09:25,647 [INFO] Applying EMA strategy to 5 stocks.
2025-11-14 12:09:37,947 [INFO] Checking trade setups at 2025-11-14 12:09:37
2025-11-14 12:09:37,947 [INFO] Applying EMA strategy to 5 stocks.
2025-11-14 12:09:49,946 [INFO] Checking trade setups at 2025-11-14 12:09:49
2025-11-14 12:09:49,946 [INFO] Applying EMA strategy to 5 stocks.
2025-11-14 12:10:01,902 [INFO] Checking trade setups at 2025-11-14 12:10:01
2025-11-14 12:10:01,902 [INFO] Applying EMA strategy to 5 stocks.
2025-11-14 12:10:14,362 [INFO] Checking trade setups at 2025-11-14 12:10:14
2025-11-14 12:10:14,362 [INFO] Applying EMA strategy to 5 stocks.
2025-11-14 12:10:26,446 [INFO] Checking trade setups at 2025-11-14 12:10:26
2025-11-14 12:10:26,446 [INFO] Applying EMA strategy to 5 stocks.
2025-11-14 12:10:39,109 [INFO] Checking trade setups at 2025-11-14 12:10:39
2025-11-14 12:10:39,109 [INFO] Applying EMA strategy to 5 stocks.
2025-11-14 12:10:51,388 [INFO] Checking trade setups at 2025-11-14 12:10:51
2025-11-14 12:10:51,388 [INFO] Applying EMA strategy to 5 stocks.
2025-11-14 12:11:03,675 [INFO] Checking trade setups at 2025-11-14 12:11:03
2025-11-14 12:11:03,675 [INFO] Applying EMA strategy to 5 stocks.
2025-11-14 12:11:16,293 [INFO] Checking trade setups at 2025-11-14 12:11:16
2025-11-14 12:11:16,293 [INFO] Applying EMA strategy to 5 stocks.
2025-11-14 12:11:28,741 [INFO] Checking trade setups at 2025-11-14 12:11:28
2025-11-14 12:11:28,741 [INFO] Applying EMA strategy to 5 stocks.
2025-11-14 12:11:40,944 [INFO] Checking trade setups at 2025-11-14 12:11:40
2025-11-14 12:11:40,944 [INFO] Applying EMA strategy to 5 stocks.
2025-11-14 12:11:53,005 [INFO] Checking trade setups at 2025-11-14 12:11:53
2025-11-14 12:11:53,006 [INFO] Applying EMA strategy to 5 stocks.
2025-11-14 12:12:05,074 [INFO] Checking trade setups at 2025-11-14 12:12:05
2025-11-14 12:12:05,074 [INFO] Applying EMA strategy to 5 stocks.
2025-11-14 12:12:19,183 [INFO] Checking trade setups at 2025-11-14 12:12:19
2025-11-14 12:12:19,183 [INFO] Applying EMA strategy to 5 stocks.
2025-11-14 12:12:32,549 [INFO] Checking trade setups at 2025-11-14 12:12:32
2025-11-14 12:12:32,549 [INFO] Applying EMA strategy to 5 stocks.
2025-11-14 12:12:45,552 [INFO] Checking trade setups at 2025-11-14 12:12:45
2025-11-14 12:12:45,552 [INFO] Applying EMA strategy to 5 stocks.
2025-11-14 12:12:58,368 [INFO] Checking trade setups at 2025-11-14 12:12:58
2025-11-14 12:12:58,368 [INFO] Applying EMA strategy to 5 stocks.
2025-11-14 12:13:10,964 [INFO] Checking trade setups at 2025-11-14 12:13:10
2025-11-14 12:13:10,964 [INFO] Applying EMA strategy to 5 stocks.
2025-11-14 12:13:23,439 [INFO] Checking trade setups at 2025-11-14 12:13:23
2025-11-14 12:13:23,439 [INFO] Applying EMA strategy to 5 stocks.
2025-11-14 12:13:35,534 [INFO] Checking trade setups at 2025-11-14 12:13:35
2025-11-14 12:13:35,535 [INFO] Applying EMA strategy to 5 stocks.
2025-11-14 12:13:49,008 [INFO] Checking trade setups at 2025-11-14 12:13:49
2025-11-14 12:13:49,008 [INFO] Applying EMA strategy to 5 stocks.
2025-11-14 12:14:01,245 [INFO] Checking trade setups at 2025-11-14 12:14:01
2025-11-14 12:14:01,245 [INFO] Applying EMA strategy to 5 stocks.
2025-11-14 12:14:14,662 [INFO] Checking trade setups at 2025-11-14 12:14:14
2025-11-14 12:14:14,662 [INFO] Applying EMA strategy to 5 stocks.
2025-11-14 12:14:27,464 [INFO] Checking trade setups at 2025-11-14 12:14:27
2025-11-14 12:14:27,464 [INFO] Applying EMA strategy to 5 stocks.
2025-11-14 12:14:39,893 [INFO] Checking trade setups at 2025-11-14 12:14:39
2025-11-14 12:14:39,893 [INFO] Applying EMA strategy to 5 stocks.
2025-11-14 12:14:52,171 [INFO] Checking trade setups at 2025-11-14 12:14:52
2025-11-14 12:14:52,171 [INFO] Applying EMA strategy to 5 stocks.
2025-11-14 12:15:04,520 [INFO] Checking trade setups at 2025-11-14 12:15:04
2025-11-14 12:15:04,520 [INFO] Applying EMA strategy to 5 stocks.
2025-11-14 12:15:16,612 [INFO] Checking trade setups at 2025-11-14 12:15:16
2025-11-14 12:15:16,612 [INFO] Applying EMA strategy to 5 stocks.
2025-11-14 12:15:28,718 [INFO] Checking trade setups at 2025-11-14 12:15:28
2025-11-14 12:15:28,718 [INFO] Applying EMA strategy to 5 stocks.
2025-11-14 12:15:41,233 [INFO] Checking trade setups at 2025-11-14 12:15:41
2025-11-14 12:15:41,234 [INFO] Applying EMA strategy to 5 stocks.
2025-11-14 12:15:53,377 [INFO] Checking trade setups at 2025-11-14 12:15:53
2025-11-14 12:15:53,377 [INFO] Applying EMA strategy to 5 stocks.
2025-11-14 12:16:06,199 [INFO] Checking trade setups at 2025-11-14 12:16:06
2025-11-14 12:16:06,200 [INFO] Applying EMA strategy to 5 stocks.
2025-11-14 12:16:18,567 [INFO] Checking trade setups at 2025-11-14 12:16:18
2025-11-14 12:16:18,567 [INFO] Applying EMA strategy to 5 stocks.
2025-11-14 12:16:31,329 [INFO] Checking trade setups at 2025-11-14 12:16:31
2025-11-14 12:16:31,329 [INFO] Applying EMA strategy to 5 stocks.
2025-11-14 12:16:43,471 [INFO] Checking trade setups at 2025-11-14 12:16:43
2025-11-14 12:16:43,471 [INFO] Applying EMA strategy to 5 stocks.
2025-11-14 12:16:55,671 [INFO] Checking trade setups at 2025-11-14 12:16:55
2025-11-14 12:16:55,672 [INFO] Applying EMA strategy to 5 stocks.
2025-11-14 12:17:07,911 [INFO] Checking trade setups at 2025-11-14 12:17:07
2025-11-14 12:17:07,911 [INFO] Applying EMA strategy to 5 stocks.
2025-11-14 12:17:20,524 [INFO] Checking trade setups at 2025-11-14 12:17:20
2025-11-14 12:17:20,524 [INFO] Applying EMA strategy to 5 stocks.
2025-11-14 12:17:33,409 [INFO] Checking trade setups at 2025-11-14 12:17:33
2025-11-14 12:17:33,409 [INFO] Applying EMA strategy to 5 stocks.
2025-11-14 12:17:45,998 [INFO] Checking trade setups at 2025-11-14 12:17:45
2025-11-14 12:17:45,999 [INFO] Applying EMA strategy to 5 stocks.
2025-11-14 12:17:58,378 [INFO] Checking trade setups at 2025-11-14 12:17:58
2025-11-14 12:17:58,378 [INFO] Applying EMA strategy to 5 stocks.
2025-11-14 12:18:11,354 [INFO] Checking trade setups at 2025-11-14 12:18:11
2025-11-14 12:18:11,354 [INFO] Applying EMA strategy to 5 stocks.
2025-11-14 12:18:23,566 [INFO] Checking trade setups at 2025-11-14 12:18:23
2025-11-14 12:18:23,566 [INFO] Applying EMA strategy to 5 stocks.
2025-11-14 12:18:36,910 [INFO] Checking trade setups at 2025-11-14 12:18:36
2025-11-14 12:18:36,910 [INFO] Applying EMA strategy to 5 stocks.
2025-11-14 12:18:48,813 [INFO] Checking trade setups at 2025-11-14 12:18:48
2025-11-14 12:18:48,813 [INFO] Applying EMA strategy to 5 stocks.
2025-11-14 12:19:01,488 [INFO] Checking trade setups at 2025-11-14 12:19:01
2025-11-14 12:19:01,488 [INFO] Applying EMA strategy to 5 stocks.
2025-11-14 12:19:15,169 [INFO] Checking trade setups at 2025-11-14 12:19:15
2025-11-14 12:19:15,169 [INFO] Applying EMA strategy to 5 stocks.
2025-11-14 12:19:27,909 [INFO] Checking trade setups at 2025-11-14 12:19:27
2025-11-14 12:19:27,909 [INFO] Applying EMA strategy to 5 stocks.
2025-11-14 12:19:39,677 [INFO] Checking trade setups at 2025-11-14 12:19:39
2025-11-14 12:19:39,677 [INFO] Applying EMA strategy to 5 stocks.
2025-11-14 12:19:52,627 [INFO] Checking trade setups at 2025-11-14 12:19:52
2025-11-14 12:19:52,627 [INFO] Applying EMA strategy to 5 stocks.
2025-11-14 12:20:04,686 [INFO] Checking trade setups at 2025-11-14 12:20:04
2025-11-14 12:20:04,687 [INFO] Applying EMA strategy to 5 stocks.
2025-11-14 12:20:17,317 [INFO] Checking trade setups at 2025-11-14 12:20:17
2025-11-14 12:20:17,317 [INFO] Applying EMA strategy to 5 stocks.
2025-11-14 12:20:29,647 [INFO] Checking trade setups at 2025-11-14 12:20:29
2025-11-14 12:20:29,647 [INFO] Applying EMA strategy to 5 stocks.
2025-11-14 12:20:41,852 [INFO] Checking trade setups at 2025-11-14 12:20:41
2025-11-14 12:20:41,852 [INFO] Applying EMA strategy to 5 stocks.
2025-11-14 12:20:55,317 [INFO] Checking trade setups at 2025-11-14 12:20:55
2025-11-14 12:20:55,317 [INFO] Applying EMA strategy to 5 stocks.
2025-11-14 12:21:07,545 [INFO] Checking trade setups at 2025-11-14 12:21:07
2025-11-14 12:21:07,545 [INFO] Applying EMA strategy to 5 stocks.
2025-11-14 12:21:19,782 [INFO] Checking trade setups at 2025-11-14 12:21:19
2025-11-14 12:21:19,782 [INFO] Applying EMA strategy to 5 stocks.
2025-11-14 12:21:32,124 [INFO] Checking trade setups at 2025-11-14 12:21:32
2025-11-14 12:21:32,124 [INFO] Applying EMA strategy to 5 stocks.
2025-11-14 12:21:45,362 [INFO] Checking trade setups at 2025-11-14 12:21:45
2025-11-14 12:21:45,362 [INFO] Applying EMA strategy to 5 stocks.
2025-11-14 12:21:58,223 [INFO] Checking trade setups at 2025-11-14 12:21:58
2025-11-14 12:21:58,223 [INFO] Applying EMA strategy to 5 stocks.
2025-11-14 12:22:13,112 [INFO] Checking trade setups at 2025-11-14 12:22:13
2025-11-14 12:22:13,112 [INFO] Applying EMA strategy to 5 stocks.
2025-11-14 12:22:25,731 [INFO] Checking trade setups at 2025-11-14 12:22:25
2025-11-14 12:22:25,731 [INFO] Applying EMA strategy to 5 stocks.
2025-11-14 12:22:28,058 [INFO] Executing trade for NSE:BDL-EQ: {'timestamp': '2025-11-14 12:20', 'action': 'SELL', 'entry_price': 1627.2, 'stop_loss': 1633.4, 'target': 1608.6}
2025-11-14 12:22:28,058 [INFO] after SL after filtering the final SL:6.2, final_target:1608.6, qty:16
2025-11-14 12:22:28,067 [INFO] Max trades reached. Skipping new orders.
2025-11-14 12:22:38,069 [INFO] Checking trade setups at 2025-11-14 12:22:38
2025-11-14 12:22:38,069 [INFO] Applying EMA strategy to 5 stocks.
2025-11-14 12:22:50,666 [INFO] Checking trade setups at 2025-11-14 12:22:50
2025-11-14 12:22:50,666 [INFO] Applying EMA strategy to 5 stocks.
2025-11-14 12:23:02,765 [INFO] Checking trade setups at 2025-11-14 12:23:02
2025-11-14 12:23:02,765 [INFO] Applying EMA strategy to 5 stocks.
2025-11-14 12:23:15,759 [INFO] Checking trade setups at 2025-11-14 12:23:15
2025-11-14 12:23:15,759 [INFO] Applying EMA strategy to 5 stocks.
2025-11-14 12:23:28,375 [INFO] Checking trade setups at 2025-11-14 12:23:28
2025-11-14 12:23:28,375 [INFO] Applying EMA strategy to 5 stocks.
2025-11-14 12:23:40,414 [INFO] Checking trade setups at 2025-11-14 12:23:40
2025-11-14 12:23:40,414 [INFO] Applying EMA strategy to 5 stocks.
2025-11-14 12:23:52,763 [INFO] Checking trade setups at 2025-11-14 12:23:52
2025-11-14 12:23:52,763 [INFO] Applying EMA strategy to 5 stocks.
2025-11-14 12:24:04,935 [INFO] Checking trade setups at 2025-11-14 12:24:04
2025-11-14 12:24:04,935 [INFO] Applying EMA strategy to 5 stocks.
2025-11-14 12:24:17,496 [INFO] Checking trade setups at 2025-11-14 12:24:17
2025-11-14 12:24:17,496 [INFO] Applying EMA strategy to 5 stocks.
2025-11-14 12:24:29,786 [INFO] Checking trade setups at 2025-11-14 12:24:29
2025-11-14 12:24:29,786 [INFO] Applying EMA strategy to 5 stocks.
2025-11-14 12:24:42,068 [INFO] Checking trade setups at 2025-11-14 12:24:42
2025-11-14 12:24:42,068 [INFO] Applying EMA strategy to 5 stocks.
2025-11-14 12:24:55,375 [INFO] Checking trade setups at 2025-11-14 12:24:55
2025-11-14 12:24:55,375 [INFO] Applying EMA strategy to 5 stocks.
2025-11-14 12:25:07,854 [INFO] Checking trade setups at 2025-11-14 12:25:07
2025-11-14 12:25:07,854 [INFO] Applying EMA strategy to 5 stocks.
2025-11-14 12:25:19,912 [INFO] Checking trade setups at 2025-11-14 12:25:19
2025-11-14 12:25:19,912 [INFO] Applying EMA strategy to 5 stocks.
2025-11-14 12:25:32,367 [INFO] Checking trade setups at 2025-11-14 12:25:32
2025-11-14 12:25:32,367 [INFO] Applying EMA strategy to 5 stocks.
2025-11-14 12:25:45,059 [INFO] Checking trade setups at 2025-11-14 12:25:45
2025-11-14 12:25:45,059 [INFO] Applying EMA strategy to 5 stocks.
2025-11-14 12:25:58,295 [INFO] Checking trade setups at 2025-11-14 12:25:58
2025-11-14 12:25:58,295 [INFO] Applying EMA strategy to 5 stocks.
2025-11-14 12:26:10,762 [INFO] Checking trade setups at 2025-11-14 12:26:10
2025-11-14 12:26:10,762 [INFO] Applying EMA strategy to 5 stocks.
2025-11-14 12:26:23,358 [INFO] Checking trade setups at 2025-11-14 12:26:23
2025-11-14 12:26:23,358 [INFO] Applying EMA strategy to 5 stocks.
2025-11-14 12:26:36,990 [INFO] Checking trade setups at 2025-11-14 12:26:36
2025-11-14 12:26:36,990 [INFO] Applying EMA strategy to 5 stocks.
2025-11-14 12:26:48,965 [INFO] Checking trade setups at 2025-11-14 12:26:48
2025-11-14 12:26:48,965 [INFO] Applying EMA strategy to 5 stocks.
2025-11-14 12:27:01,657 [INFO] Checking trade setups at 2025-11-14 12:27:01
2025-11-14 12:27:01,657 [INFO] Applying EMA strategy to 5 stocks.
2025-11-14 12:27:14,081 [INFO] Checking trade setups at 2025-11-14 12:27:14
2025-11-14 12:27:14,082 [INFO] Applying EMA strategy to 5 stocks.
2025-11-14 12:27:26,695 [INFO] Checking trade setups at 2025-11-14 12:27:26
2025-11-14 12:27:26,695 [INFO] Applying EMA strategy to 5 stocks.
2025-11-14 12:27:38,947 [INFO] Checking trade setups at 2025-11-14 12:27:38
2025-11-14 12:27:38,947 [INFO] Applying EMA strategy to 5 stocks.
2025-11-14 12:27:51,605 [INFO] Checking trade setups at 2025-11-14 12:27:51
2025-11-14 12:27:51,605 [INFO] Applying EMA strategy to 5 stocks.
2025-11-14 12:28:05,028 [INFO] Checking trade setups at 2025-11-14 12:28:05
2025-11-14 12:28:05,028 [INFO] Applying EMA strategy to 5 stocks.
2025-11-14 12:28:17,314 [INFO] Checking trade setups at 2025-11-14 12:28:17
2025-11-14 12:28:17,314 [INFO] Applying EMA strategy to 5 stocks.
2025-11-14 12:28:29,961 [INFO] Checking trade setups at 2025-11-14 12:28:29
2025-11-14 12:28:29,961 [INFO] Applying EMA strategy to 5 stocks.
2025-11-14 12:28:42,231 [INFO] Checking trade setups at 2025-11-14 12:28:42
2025-11-14 12:28:42,231 [INFO] Applying EMA strategy to 5 stocks.
2025-11-14 12:28:54,956 [INFO] Checking trade setups at 2025-11-14 12:28:54
2025-11-14 12:28:54,956 [INFO] Applying EMA strategy to 5 stocks.
2025-11-14 12:29:07,379 [INFO] Checking trade setups at 2025-11-14 12:29:07
2025-11-14 12:29:07,379 [INFO] Applying EMA strategy to 5 stocks.
2025-11-14 12:29:19,500 [INFO] Checking trade setups at 2025-11-14 12:29:19
2025-11-14 12:29:19,500 [INFO] Applying EMA strategy to 5 stocks.
2025-11-14 12:29:31,415 [INFO] Checking trade setups at 2025-11-14 12:29:31
2025-11-14 12:29:31,415 [INFO] Applying EMA strategy to 5 stocks.
2025-11-14 12:29:43,745 [INFO] Checking trade setups at 2025-11-14 12:29:43
2025-11-14 12:29:43,746 [INFO] Applying EMA strategy to 5 stocks.
2025-11-14 12:29:56,248 [INFO] Checking trade setups at 2025-11-14 12:29:56
2025-11-14 12:29:56,249 [INFO] Applying EMA strategy to 5 stocks.
2025-11-14 12:30:08,327 [INFO] Checking trade setups at 2025-11-14 12:30:08
2025-11-14 12:30:08,327 [INFO] Applying EMA strategy to 5 stocks.
2025-11-14 12:30:21,248 [INFO] Checking trade setups at 2025-11-14 12:30:21
2025-11-14 12:30:21,248 [INFO] Applying EMA strategy to 5 stocks.
2025-11-14 12:30:34,073 [INFO] Checking trade setups at 2025-11-14 12:30:34
2025-11-14 12:30:34,073 [INFO] Applying EMA strategy to 5 stocks.
2025-11-14 12:30:46,100 [INFO] Checking trade setups at 2025-11-14 12:30:46
2025-11-14 12:30:46,100 [INFO] Applying EMA strategy to 5 stocks.
2025-11-14 12:30:58,684 [INFO] Checking trade setups at 2025-11-14 12:30:58
2025-11-14 12:30:58,684 [INFO] Applying EMA strategy to 5 stocks.
2025-11-14 12:31:10,897 [INFO] Checking trade setups at 2025-11-14 12:31:10
2025-11-14 12:31:10,897 [INFO] Applying EMA strategy to 5 stocks.
2025-11-14 12:31:23,745 [INFO] Checking trade setups at 2025-11-14 12:31:23
2025-11-14 12:31:23,745 [INFO] Applying EMA strategy to 5 stocks.
2025-11-14 12:31:35,892 [INFO] Checking trade setups at 2025-11-14 12:31:35
2025-11-14 12:31:35,892 [INFO] Applying EMA strategy to 5 stocks.
2025-11-14 12:31:48,924 [INFO] Checking trade setups at 2025-11-14 12:31:48
2025-11-14 12:31:48,924 [INFO] Applying EMA strategy to 5 stocks.
2025-11-14 12:32:01,625 [INFO] Checking trade setups at 2025-11-14 12:32:01
2025-11-14 12:32:01,625 [INFO] Applying EMA strategy to 5 stocks.
2025-11-14 12:32:13,577 [INFO] Checking trade setups at 2025-11-14 12:32:13
2025-11-14 12:32:13,577 [INFO] Applying EMA strategy to 5 stocks.
2025-11-14 12:32:25,593 [INFO] Checking trade setups at 2025-11-14 12:32:25
2025-11-14 12:32:25,593 [INFO] Applying EMA strategy to 5 stocks.
2025-11-14 12:32:37,739 [INFO] Checking trade setups at 2025-11-14 12:32:37
2025-11-14 12:32:37,739 [INFO] Applying EMA strategy to 5 stocks.
2025-11-14 12:32:50,147 [INFO] Checking trade setups at 2025-11-14 12:32:50
2025-11-14 12:32:50,147 [INFO] Applying EMA strategy to 5 stocks.
2025-11-14 12:33:02,430 [INFO] Checking trade setups at 2025-11-14 12:33:02
2025-11-14 12:33:02,430 [INFO] Applying EMA strategy to 5 stocks.
2025-11-14 12:33:15,639 [INFO] Checking trade setups at 2025-11-14 12:33:15
2025-11-14 12:33:15,640 [INFO] Applying EMA strategy to 5 stocks.
2025-11-14 12:33:27,726 [INFO] Checking trade setups at 2025-11-14 12:33:27
2025-11-14 12:33:27,726 [INFO] Applying EMA strategy to 5 stocks.
2025-11-14 12:33:40,096 [INFO] Checking trade setups at 2025-11-14 12:33:40
2025-11-14 12:33:40,096 [INFO] Applying EMA strategy to 5 stocks.
2025-11-14 12:33:53,787 [INFO] Checking trade setups at 2025-11-14 12:33:53
2025-11-14 12:33:53,788 [INFO] Applying EMA strategy to 5 stocks.
2025-11-14 12:34:06,611 [INFO] Checking trade setups at 2025-11-14 12:34:06
2025-11-14 12:34:06,611 [INFO] Applying EMA strategy to 5 stocks.
2025-11-14 12:34:19,046 [INFO] Checking trade setups at 2025-11-14 12:34:19
2025-11-14 12:34:19,047 [INFO] Applying EMA strategy to 5 stocks.
2025-11-14 12:34:30,963 [INFO] Checking trade setups at 2025-11-14 12:34:30
2025-11-14 12:34:30,963 [INFO] Applying EMA strategy to 5 stocks.
2025-11-14 12:34:43,627 [INFO] Checking trade setups at 2025-11-14 12:34:43
2025-11-14 12:34:43,627 [INFO] Applying EMA strategy to 5 stocks.
2025-11-14 12:34:56,018 [INFO] Checking trade setups at 2025-11-14 12:34:56
2025-11-14 12:34:56,019 [INFO] Applying EMA strategy to 5 stocks.
2025-11-14 12:35:08,647 [INFO] Checking trade setups at 2025-11-14 12:35:08
2025-11-14 12:35:08,648 [INFO] Applying EMA strategy to 5 stocks.
2025-11-14 12:35:21,049 [INFO] Checking trade setups at 2025-11-14 12:35:21
2025-11-14 12:35:21,050 [INFO] Applying EMA strategy to 5 stocks.
2025-11-14 12:35:33,477 [INFO] Checking trade setups at 2025-11-14 12:35:33
2025-11-14 12:35:33,477 [INFO] Applying EMA strategy to 5 stocks.
2025-11-14 12:35:46,067 [INFO] Checking trade setups at 2025-11-14 12:35:46
2025-11-14 12:35:46,067 [INFO] Applying EMA strategy to 5 stocks.
2025-11-14 12:35:58,801 [INFO] Checking trade setups at 2025-11-14 12:35:58
2025-11-14 12:35:58,801 [INFO] Applying EMA strategy to 5 stocks.
2025-11-14 12:36:11,202 [INFO] Checking trade setups at 2025-11-14 12:36:11
2025-11-14 12:36:11,202 [INFO] Applying EMA strategy to 5 stocks.
2025-11-14 12:36:23,411 [INFO] Checking trade setups at 2025-11-14 12:36:23
2025-11-14 12:36:23,411 [INFO] Applying EMA strategy to 5 stocks.
2025-11-14 12:36:35,873 [INFO] Checking trade setups at 2025-11-14 12:36:35
2025-11-14 12:36:35,873 [INFO] Applying EMA strategy to 5 stocks.
2025-11-14 12:36:49,049 [INFO] Checking trade setups at 2025-11-14 12:36:49
2025-11-14 12:36:49,049 [INFO] Applying EMA strategy to 5 stocks.
2025-11-14 12:37:01,965 [INFO] Checking trade setups at 2025-11-14 12:37:01
2025-11-14 12:37:01,966 [INFO] Applying EMA strategy to 5 stocks.
2025-11-14 12:37:14,437 [INFO] Checking trade setups at 2025-11-14 12:37:14
2025-11-14 12:37:14,438 [INFO] Applying EMA strategy to 5 stocks.
2025-11-14 12:37:26,833 [INFO] Checking trade setups at 2025-11-14 12:37:26
2025-11-14 12:37:26,834 [INFO] Applying EMA strategy to 5 stocks.
2025-11-14 12:37:39,425 [INFO] Checking trade setups at 2025-11-14 12:37:39
2025-11-14 12:37:39,426 [INFO] Applying EMA strategy to 5 stocks.
2025-11-14 12:37:52,502 [INFO] Checking trade setups at 2025-11-14 12:37:52
2025-11-14 12:37:52,503 [INFO] Applying EMA strategy to 5 stocks.
2025-11-14 12:38:05,437 [INFO] Checking trade setups at 2025-11-14 12:38:05
2025-11-14 12:38:05,437 [INFO] Applying EMA strategy to 5 stocks.
2025-11-14 12:38:17,729 [INFO] Checking trade setups at 2025-11-14 12:38:17
2025-11-14 12:38:17,729 [INFO] Applying EMA strategy to 5 stocks.
2025-11-14 12:38:29,963 [INFO] Checking trade setups at 2025-11-14 12:38:29
2025-11-14 12:38:29,963 [INFO] Applying EMA strategy to 5 stocks.
2025-11-14 12:38:42,397 [INFO] Checking trade setups at 2025-11-14 12:38:42
2025-11-14 12:38:42,397 [INFO] Applying EMA strategy to 5 stocks.
2025-11-14 12:38:54,889 [INFO] Checking trade setups at 2025-11-14 12:38:54
2025-11-14 12:38:54,889 [INFO] Applying EMA strategy to 5 stocks.
2025-11-14 12:39:07,106 [INFO] Checking trade setups at 2025-11-14 12:39:07
2025-11-14 12:39:07,107 [INFO] Applying EMA strategy to 5 stocks.
2025-11-14 12:39:19,295 [INFO] Checking trade setups at 2025-11-14 12:39:19
2025-11-14 12:39:19,295 [INFO] Applying EMA strategy to 5 stocks.
2025-11-14 12:39:31,560 [INFO] Checking trade setups at 2025-11-14 12:39:31
2025-11-14 12:39:31,560 [INFO] Applying EMA strategy to 5 stocks.
2025-11-14 12:39:43,757 [INFO] Checking trade setups at 2025-11-14 12:39:43
2025-11-14 12:39:43,758 [INFO] Applying EMA strategy to 5 stocks.
2025-11-14 12:39:56,338 [INFO] Checking trade setups at 2025-11-14 12:39:56
2025-11-14 12:39:56,338 [INFO] Applying EMA strategy to 5 stocks.
2025-11-14 12:40:08,975 [INFO] Checking trade setups at 2025-11-14 12:40:08
2025-11-14 12:40:08,975 [INFO] Applying EMA strategy to 5 stocks.
2025-11-14 12:40:21,419 [INFO] Checking trade setups at 2025-11-14 12:40:21
2025-11-14 12:40:21,419 [INFO] Applying EMA strategy to 5 stocks.
2025-11-14 12:40:35,894 [INFO] Checking trade setups at 2025-11-14 12:40:35
2025-11-14 12:40:35,895 [INFO] Applying EMA strategy to 5 stocks.
2025-11-14 12:40:48,026 [INFO] Checking trade setups at 2025-11-14 12:40:48
2025-11-14 12:40:48,026 [INFO] Applying EMA strategy to 5 stocks.
2025-11-14 12:41:00,443 [INFO] Checking trade setups at 2025-11-14 12:41:00
2025-11-14 12:41:00,444 [INFO] Applying EMA strategy to 5 stocks.
2025-11-14 12:41:12,952 [INFO] Checking trade setups at 2025-11-14 12:41:12
2025-11-14 12:41:12,952 [INFO] Applying EMA strategy to 5 stocks.
2025-11-14 12:41:25,548 [INFO] Checking trade setups at 2025-11-14 12:41:25
2025-11-14 12:41:25,549 [INFO] Applying EMA strategy to 5 stocks.
2025-11-14 12:41:37,906 [INFO] Checking trade setups at 2025-11-14 12:41:37
2025-11-14 12:41:37,906 [INFO] Applying EMA strategy to 5 stocks.
2025-11-14 12:41:49,999 [INFO] Checking trade setups at 2025-11-14 12:41:49
2025-11-14 12:41:49,999 [INFO] Applying EMA strategy to 5 stocks.
2025-11-14 12:42:02,977 [INFO] Checking trade setups at 2025-11-14 12:42:02
2025-11-14 12:42:02,977 [INFO] Applying EMA strategy to 5 stocks.
2025-11-14 12:42:18,891 [INFO] Checking trade setups at 2025-11-14 12:42:18
2025-11-14 12:42:18,892 [INFO] Applying EMA strategy to 5 stocks.
2025-11-14 12:42:31,949 [INFO] Checking trade setups at 2025-11-14 12:42:31
2025-11-14 12:42:31,949 [INFO] Applying EMA strategy to 5 stocks.
2025-11-14 12:42:45,683 [INFO] Checking trade setups at 2025-11-14 12:42:45
2025-11-14 12:42:45,683 [INFO] Applying EMA strategy to 5 stocks.
2025-11-14 12:42:57,983 [INFO] Checking trade setups at 2025-11-14 12:42:57
2025-11-14 12:42:57,983 [INFO] Applying EMA strategy to 5 stocks.
2025-11-14 12:43:10,694 [INFO] Checking trade setups at 2025-11-14 12:43:10
2025-11-14 12:43:10,694 [INFO] Applying EMA strategy to 5 stocks.
2025-11-14 12:43:23,247 [INFO] Checking trade setups at 2025-11-14 12:43:23
2025-11-14 12:43:23,247 [INFO] Applying EMA strategy to 5 stocks.
2025-11-14 12:43:37,350 [INFO] Checking trade setups at 2025-11-14 12:43:37
2025-11-14 12:43:37,351 [INFO] Applying EMA strategy to 5 stocks.
2025-11-14 12:43:49,928 [INFO] Checking trade setups at 2025-11-14 12:43:49
2025-11-14 12:43:49,928 [INFO] Applying EMA strategy to 5 stocks.
2025-11-14 12:44:02,138 [INFO] Checking trade setups at 2025-11-14 12:44:02
2025-11-14 12:44:02,138 [INFO] Applying EMA strategy to 5 stocks.
2025-11-14 12:44:14,855 [INFO] Checking trade setups at 2025-11-14 12:44:14
2025-11-14 12:44:14,855 [INFO] Applying EMA strategy to 5 stocks.
2025-11-14 12:44:28,132 [INFO] Checking trade setups at 2025-11-14 12:44:28
2025-11-14 12:44:28,132 [INFO] Applying EMA strategy to 5 stocks.
2025-11-14 12:44:40,711 [INFO] Checking trade setups at 2025-11-14 12:44:40
2025-11-14 12:44:40,711 [INFO] Applying EMA strategy to 5 stocks.
2025-11-14 12:44:53,822 [INFO] Checking trade setups at 2025-11-14 12:44:53
2025-11-14 12:44:53,822 [INFO] Applying EMA strategy to 5 stocks.
2025-11-14 12:45:05,926 [INFO] Checking trade setups at 2025-11-14 12:45:05
2025-11-14 12:45:05,926 [INFO] Applying EMA strategy to 5 stocks.
2025-11-14 12:45:19,546 [INFO] Checking trade setups at 2025-11-14 12:45:19
2025-11-14 12:45:19,547 [INFO] Applying EMA strategy to 5 stocks.
2025-11-14 12:45:33,256 [INFO] Checking trade setups at 2025-11-14 12:45:33
2025-11-14 12:45:33,256 [INFO] Applying EMA strategy to 5 stocks.
2025-11-14 12:45:45,987 [INFO] Checking trade setups at 2025-11-14 12:45:45
2025-11-14 12:45:45,988 [INFO] Applying EMA strategy to 5 stocks.
2025-11-14 12:45:58,309 [INFO] Checking trade setups at 2025-11-14 12:45:58
2025-11-14 12:45:58,310 [INFO] Applying EMA strategy to 5 stocks.
2025-11-14 12:46:11,037 [INFO] Checking trade setups at 2025-11-14 12:46:11
2025-11-14 12:46:11,037 [INFO] Applying EMA strategy to 5 stocks.
2025-11-14 12:46:23,329 [INFO] Checking trade setups at 2025-11-14 12:46:23
2025-11-14 12:46:23,329 [INFO] Applying EMA strategy to 5 stocks.
2025-11-14 12:46:36,805 [INFO] Checking trade setups at 2025-11-14 12:46:36
2025-11-14 12:46:36,805 [INFO] Applying EMA strategy to 5 stocks.
2025-11-14 12:46:49,176 [INFO] Checking trade setups at 2025-11-14 12:46:49
2025-11-14 12:46:49,176 [INFO] Applying EMA strategy to 5 stocks.
2025-11-14 12:47:02,845 [INFO] Checking trade setups at 2025-11-14 12:47:02
2025-11-14 12:47:02,845 [INFO] Applying EMA strategy to 5 stocks.
2025-11-14 12:47:15,069 [INFO] Checking trade setups at 2025-11-14 12:47:15
2025-11-14 12:47:15,069 [INFO] Applying EMA strategy to 5 stocks.
2025-11-14 12:47:27,405 [INFO] Checking trade setups at 2025-11-14 12:47:27
2025-11-14 12:47:27,405 [INFO] Applying EMA strategy to 5 stocks.
2025-11-14 12:47:39,827 [INFO] Checking trade setups at 2025-11-14 12:47:39
2025-11-14 12:47:39,827 [INFO] Applying EMA strategy to 5 stocks.
2025-11-14 12:47:52,216 [INFO] Checking trade setups at 2025-11-14 12:47:52
2025-11-14 12:47:52,217 [INFO] Applying EMA strategy to 5 stocks.
2025-11-14 12:48:04,854 [INFO] Checking trade setups at 2025-11-14 12:48:04
2025-11-14 12:48:04,854 [INFO] Applying EMA strategy to 5 stocks.
2025-11-14 12:48:17,163 [INFO] Checking trade setups at 2025-11-14 12:48:17
2025-11-14 12:48:17,163 [INFO] Applying EMA strategy to 5 stocks.
2025-11-14 12:48:30,709 [INFO] Checking trade setups at 2025-11-14 12:48:30
2025-11-14 12:48:30,709 [INFO] Applying EMA strategy to 5 stocks.
2025-11-14 12:48:42,996 [INFO] Checking trade setups at 2025-11-14 12:48:42
2025-11-14 12:48:42,996 [INFO] Applying EMA strategy to 5 stocks.
2025-11-14 12:48:54,821 [INFO] Checking trade setups at 2025-11-14 12:48:54
2025-11-14 12:48:54,821 [INFO] Applying EMA strategy to 5 stocks.
2025-11-14 12:49:07,857 [INFO] Checking trade setups at 2025-11-14 12:49:07
2025-11-14 12:49:07,857 [INFO] Applying EMA strategy to 5 stocks.
2025-11-14 12:49:21,256 [INFO] Checking trade setups at 2025-11-14 12:49:21
2025-11-14 12:49:21,256 [INFO] Applying EMA strategy to 5 stocks.
2025-11-14 12:49:34,516 [INFO] Checking trade setups at 2025-11-14 12:49:34
2025-11-14 12:49:34,516 [INFO] Applying EMA strategy to 5 stocks.
2025-11-14 12:49:52,032 [INFO] Checking trade setups at 2025-11-14 12:49:52
2025-11-14 12:49:52,032 [INFO] Applying EMA strategy to 5 stocks.
2025-11-14 12:50:05,159 [INFO] Checking trade setups at 2025-11-14 12:50:05
2025-11-14 12:50:05,159 [INFO] Applying EMA strategy to 5 stocks.
2025-11-14 12:50:18,764 [INFO] Checking trade setups at 2025-11-14 12:50:18
2025-11-14 12:50:18,764 [INFO] Applying EMA strategy to 5 stocks.
2025-11-14 12:50:30,970 [INFO] Checking trade setups at 2025-11-14 12:50:30
2025-11-14 12:50:30,971 [INFO] Applying EMA strategy to 5 stocks.
2025-11-14 12:50:43,337 [INFO] Checking trade setups at 2025-11-14 12:50:43
2025-11-14 12:50:43,337 [INFO] Applying EMA strategy to 5 stocks.
2025-11-14 12:50:56,792 [INFO] Checking trade setups at 2025-11-14 12:50:56
2025-11-14 12:50:56,792 [INFO] Applying EMA strategy to 5 stocks.
2025-11-14 12:51:09,775 [INFO] Checking trade setups at 2025-11-14 12:51:09
2025-11-14 12:51:09,775 [INFO] Applying EMA strategy to 5 stocks.
2025-11-14 12:51:22,465 [INFO] Checking trade setups at 2025-11-14 12:51:22
2025-11-14 12:51:22,466 [INFO] Applying EMA strategy to 5 stocks.
2025-11-14 12:51:36,049 [INFO] Checking trade setups at 2025-11-14 12:51:36
2025-11-14 12:51:36,049 [INFO] Applying EMA strategy to 5 stocks.
2025-11-14 12:51:49,498 [INFO] Checking trade setups at 2025-11-14 12:51:49
2025-11-14 12:51:49,498 [INFO] Applying EMA strategy to 5 stocks.
2025-11-14 12:52:01,668 [INFO] Checking trade setups at 2025-11-14 12:52:01
2025-11-14 12:52:01,668 [INFO] Applying EMA strategy to 5 stocks.
2025-11-14 12:52:14,001 [INFO] Checking trade setups at 2025-11-14 12:52:14
2025-11-14 12:52:14,001 [INFO] Applying EMA strategy to 5 stocks.
2025-11-14 12:52:26,817 [INFO] Checking trade setups at 2025-11-14 12:52:26
2025-11-14 12:52:26,817 [INFO] Applying EMA strategy to 5 stocks.
2025-11-14 12:52:39,317 [INFO] Checking trade setups at 2025-11-14 12:52:39
2025-11-14 12:52:39,317 [INFO] Applying EMA strategy to 5 stocks.
2025-11-14 12:52:52,386 [INFO] Checking trade setups at 2025-11-14 12:52:52
2025-11-14 12:52:52,386 [INFO] Applying EMA strategy to 5 stocks.
2025-11-14 12:53:05,148 [INFO] Checking trade setups at 2025-11-14 12:53:05
2025-11-14 12:53:05,148 [INFO] Applying EMA strategy to 5 stocks.
2025-11-14 12:53:17,603 [INFO] Checking trade setups at 2025-11-14 12:53:17
2025-11-14 12:53:17,604 [INFO] Applying EMA strategy to 5 stocks.
2025-11-14 12:53:31,263 [INFO] Checking trade setups at 2025-11-14 12:53:31
2025-11-14 12:53:31,263 [INFO] Applying EMA strategy to 5 stocks.
2025-11-14 12:53:44,884 [INFO] Checking trade setups at 2025-11-14 12:53:44
2025-11-14 12:53:44,884 [INFO] Applying EMA strategy to 5 stocks.
2025-11-14 12:53:56,764 [INFO] Checking trade setups at 2025-11-14 12:53:56
2025-11-14 12:53:56,764 [INFO] Applying EMA strategy to 5 stocks.
2025-11-14 12:54:10,285 [INFO] Checking trade setups at 2025-11-14 12:54:10
2025-11-14 12:54:10,285 [INFO] Applying EMA strategy to 5 stocks.
2025-11-14 12:54:22,845 [INFO] Checking trade setups at 2025-11-14 12:54:22
2025-11-14 12:54:22,845 [INFO] Applying EMA strategy to 5 stocks.
2025-11-14 12:54:35,062 [INFO] Checking trade setups at 2025-11-14 12:54:35
2025-11-14 12:54:35,062 [INFO] Applying EMA strategy to 5 stocks.
2025-11-14 12:54:48,281 [INFO] Checking trade setups at 2025-11-14 12:54:48
2025-11-14 12:54:48,281 [INFO] Applying EMA strategy to 5 stocks.
2025-11-14 12:55:00,584 [INFO] Checking trade setups at 2025-11-14 12:55:00
2025-11-14 12:55:00,584 [INFO] Applying EMA strategy to 5 stocks.
2025-11-14 12:55:12,969 [INFO] Checking trade setups at 2025-11-14 12:55:12
2025-11-14 12:55:12,969 [INFO] Applying EMA strategy to 5 stocks.
2025-11-14 12:55:25,141 [INFO] Checking trade setups at 2025-11-14 12:55:25
2025-11-14 12:55:25,142 [INFO] Applying EMA strategy to 5 stocks.
2025-11-14 12:55:37,431 [INFO] Checking trade setups at 2025-11-14 12:55:37
2025-11-14 12:55:37,431 [INFO] Applying EMA strategy to 5 stocks.
2025-11-14 12:55:49,570 [INFO] Checking trade setups at 2025-11-14 12:55:49
2025-11-14 12:55:49,570 [INFO] Applying EMA strategy to 5 stocks.
2025-11-14 12:56:02,547 [INFO] Checking trade setups at 2025-11-14 12:56:02
2025-11-14 12:56:02,547 [INFO] Applying EMA strategy to 5 stocks.
2025-11-14 12:56:15,927 [INFO] Checking trade setups at 2025-11-14 12:56:15
2025-11-14 12:56:15,927 [INFO] Applying EMA strategy to 5 stocks.
2025-11-14 12:56:28,714 [INFO] Checking trade setups at 2025-11-14 12:56:28
2025-11-14 12:56:28,714 [INFO] Applying EMA strategy to 5 stocks.
2025-11-14 12:56:41,067 [INFO] Checking trade setups at 2025-11-14 12:56:41
2025-11-14 12:56:41,067 [INFO] Applying EMA strategy to 5 stocks.
2025-11-14 12:56:55,560 [INFO] Checking trade setups at 2025-11-14 12:56:55
2025-11-14 12:56:55,560 [INFO] Applying EMA strategy to 5 stocks.
2025-11-14 12:57:07,869 [INFO] Checking trade setups at 2025-11-14 12:57:07
2025-11-14 12:57:07,869 [INFO] Applying EMA strategy to 5 stocks.
2025-11-14 12:57:19,885 [INFO] Checking trade setups at 2025-11-14 12:57:19
2025-11-14 12:57:19,885 [INFO] Applying EMA strategy to 5 stocks.
2025-11-14 12:57:31,870 [INFO] Checking trade setups at 2025-11-14 12:57:31
2025-11-14 12:57:31,871 [INFO] Applying EMA strategy to 5 stocks.
2025-11-14 12:57:44,528 [INFO] Checking trade setups at 2025-11-14 12:57:44
2025-11-14 12:57:44,528 [INFO] Applying EMA strategy to 5 stocks.
2025-11-14 12:57:58,028 [INFO] Checking trade setups at 2025-11-14 12:57:58
2025-11-14 12:57:58,028 [INFO] Applying EMA strategy to 5 stocks.
2025-11-14 12:58:09,986 [INFO] Checking trade setups at 2025-11-14 12:58:09
2025-11-14 12:58:09,986 [INFO] Applying EMA strategy to 5 stocks.
2025-11-14 12:58:23,108 [INFO] Checking trade setups at 2025-11-14 12:58:23
2025-11-14 12:58:23,108 [INFO] Applying EMA strategy to 5 stocks.
2025-11-14 12:58:35,607 [INFO] Checking trade setups at 2025-11-14 12:58:35
2025-11-14 12:58:35,607 [INFO] Applying EMA strategy to 5 stocks.
2025-11-14 12:58:48,238 [INFO] Checking trade setups at 2025-11-14 12:58:48
2025-11-14 12:58:48,238 [INFO] Applying EMA strategy to 5 stocks.
2025-11-14 12:59:00,486 [INFO] Checking trade setups at 2025-11-14 12:59:00
2025-11-14 12:59:00,486 [INFO] Applying EMA strategy to 5 stocks.
2025-11-14 12:59:12,783 [INFO] Checking trade setups at 2025-11-14 12:59:12
2025-11-14 12:59:12,783 [INFO] Applying EMA strategy to 5 stocks.
2025-11-14 12:59:26,470 [INFO] Checking trade setups at 2025-11-14 12:59:26
2025-11-14 12:59:26,471 [INFO] Applying EMA strategy to 5 stocks.
2025-11-14 12:59:38,978 [INFO] Checking trade setups at 2025-11-14 12:59:38
2025-11-14 12:59:38,978 [INFO] Applying EMA strategy to 5 stocks.
2025-11-14 12:59:51,901 [INFO] Checking trade setups at 2025-11-14 12:59:51
2025-11-14 12:59:51,901 [INFO] Applying EMA strategy to 5 stocks.
2025-11-14 13:00:04,225 [INFO] Checking trade setups at 2025-11-14 13:00:04
2025-11-14 13:00:04,226 [INFO] Applying EMA strategy to 5 stocks.
2025-11-14 13:00:16,802 [INFO] Checking trade setups at 2025-11-14 13:00:16
2025-11-14 13:00:16,802 [INFO] Applying EMA strategy to 5 stocks.
2025-11-14 13:00:29,284 [INFO] Checking trade setups at 2025-11-14 13:00:29
2025-11-14 13:00:29,284 [INFO] Applying EMA strategy to 5 stocks.
2025-11-14 13:00:42,406 [INFO] Checking trade setups at 2025-11-14 13:00:42
2025-11-14 13:00:42,406 [INFO] Applying EMA strategy to 5 stocks.
2025-11-14 13:00:55,607 [INFO] Checking trade setups at 2025-11-14 13:00:55
2025-11-14 13:00:55,607 [INFO] Applying EMA strategy to 5 stocks.
2025-11-14 13:01:07,697 [INFO] Checking trade setups at 2025-11-14 13:01:07
2025-11-14 13:01:07,697 [INFO] Applying EMA strategy to 5 stocks.
2025-11-14 13:01:20,220 [INFO] Checking trade setups at 2025-11-14 13:01:20
2025-11-14 13:01:20,220 [INFO] Applying EMA strategy to 5 stocks.
2025-11-14 13:01:32,560 [INFO] Checking trade setups at 2025-11-14 13:01:32
2025-11-14 13:01:32,561 [INFO] Applying EMA strategy to 5 stocks.
2025-11-14 13:01:44,751 [INFO] Checking trade setups at 2025-11-14 13:01:44
2025-11-14 13:01:44,751 [INFO] Applying EMA strategy to 5 stocks.
2025-11-14 13:01:57,876 [INFO] Checking trade setups at 2025-11-14 13:01:57
2025-11-14 13:01:57,876 [INFO] Applying EMA strategy to 5 stocks.
2025-11-14 13:02:10,230 [INFO] Checking trade setups at 2025-11-14 13:02:10
2025-11-14 13:02:10,230 [INFO] Applying EMA strategy to 5 stocks.
2025-11-14 13:02:22,408 [INFO] Checking trade setups at 2025-11-14 13:02:22
2025-11-14 13:02:22,408 [INFO] Applying EMA strategy to 5 stocks.
2025-11-14 13:02:34,449 [INFO] Checking trade setups at 2025-11-14 13:02:34
2025-11-14 13:02:34,449 [INFO] Applying EMA strategy to 5 stocks.
2025-11-14 13:02:47,527 [INFO] Checking trade setups at 2025-11-14 13:02:47
2025-11-14 13:02:47,528 [INFO] Applying EMA strategy to 5 stocks.
2025-11-14 13:03:00,702 [INFO] Checking trade setups at 2025-11-14 13:03:00
2025-11-14 13:03:00,702 [INFO] Applying EMA strategy to 5 stocks.
2025-11-14 13:03:13,226 [INFO] Checking trade setups at 2025-11-14 13:03:13
2025-11-14 13:03:13,226 [INFO] Applying EMA strategy to 5 stocks.
2025-11-14 13:03:25,921 [INFO] Checking trade setups at 2025-11-14 13:03:25
2025-11-14 13:03:25,921 [INFO] Applying EMA strategy to 5 stocks.
2025-11-14 13:03:38,107 [INFO] Checking trade setups at 2025-11-14 13:03:38
2025-11-14 13:03:38,107 [INFO] Applying EMA strategy to 5 stocks.
2025-11-14 13:03:50,487 [INFO] Checking trade setups at 2025-11-14 13:03:50
2025-11-14 13:03:50,487 [INFO] Applying EMA strategy to 5 stocks.
2025-11-14 13:04:02,983 [INFO] Checking trade setups at 2025-11-14 13:04:02
2025-11-14 13:04:02,983 [INFO] Applying EMA strategy to 5 stocks.
2025-11-14 13:04:15,147 [INFO] Checking trade setups at 2025-11-14 13:04:15
2025-11-14 13:04:15,147 [INFO] Applying EMA strategy to 5 stocks.
2025-11-14 13:04:27,393 [INFO] Checking trade setups at 2025-11-14 13:04:27
2025-11-14 13:04:27,393 [INFO] Applying EMA strategy to 5 stocks.
2025-11-14 13:04:39,453 [INFO] Checking trade setups at 2025-11-14 13:04:39
2025-11-14 13:04:39,453 [INFO] Applying EMA strategy to 5 stocks.
2025-11-14 13:04:51,595 [INFO] Checking trade setups at 2025-11-14 13:04:51
2025-11-14 13:04:51,595 [INFO] Applying EMA strategy to 5 stocks.
2025-11-14 13:05:04,226 [INFO] Checking trade setups at 2025-11-14 13:05:04
2025-11-14 13:05:04,226 [INFO] Applying EMA strategy to 5 stocks.
2025-11-14 13:05:16,620 [INFO] Checking trade setups at 2025-11-14 13:05:16
2025-11-14 13:05:16,620 [INFO] Applying EMA strategy to 5 stocks.
2025-11-14 13:05:28,914 [INFO] Checking trade setups at 2025-11-14 13:05:28
2025-11-14 13:05:28,915 [INFO] Applying EMA strategy to 5 stocks.
2025-11-14 13:05:41,208 [INFO] Checking trade setups at 2025-11-14 13:05:41
2025-11-14 13:05:41,208 [INFO] Applying EMA strategy to 5 stocks.
2025-11-14 13:05:53,889 [INFO] Checking trade setups at 2025-11-14 13:05:53
2025-11-14 13:05:53,889 [INFO] Applying EMA strategy to 5 stocks.
2025-11-14 13:06:07,044 [INFO] Checking trade setups at 2025-11-14 13:06:07
2025-11-14 13:06:07,044 [INFO] Applying EMA strategy to 5 stocks.
2025-11-14 13:06:20,269 [INFO] Checking trade setups at 2025-11-14 13:06:20
2025-11-14 13:06:20,269 [INFO] Applying EMA strategy to 5 stocks.
2025-11-14 13:06:32,656 [INFO] Checking trade setups at 2025-11-14 13:06:32
2025-11-14 13:06:32,656 [INFO] Applying EMA strategy to 5 stocks.
2025-11-14 13:06:45,420 [INFO] Checking trade setups at 2025-11-14 13:06:45
2025-11-14 13:06:45,420 [INFO] Applying EMA strategy to 5 stocks.
2025-11-14 13:06:58,267 [INFO] Checking trade setups at 2025-11-14 13:06:58
2025-11-14 13:06:58,267 [INFO] Applying EMA strategy to 5 stocks.
2025-11-14 13:07:10,721 [INFO] Checking trade setups at 2025-11-14 13:07:10
2025-11-14 13:07:10,721 [INFO] Applying EMA strategy to 5 stocks.
2025-11-14 13:07:23,108 [INFO] Checking trade setups at 2025-11-14 13:07:23
2025-11-14 13:07:23,108 [INFO] Applying EMA strategy to 5 stocks.
2025-11-14 13:07:35,098 [INFO] Checking trade setups at 2025-11-14 13:07:35
2025-11-14 13:07:35,098 [INFO] Applying EMA strategy to 5 stocks.
2025-11-14 13:07:47,363 [INFO] Checking trade setups at 2025-11-14 13:07:47
2025-11-14 13:07:47,364 [INFO] Applying EMA strategy to 5 stocks.
2025-11-14 13:07:59,984 [INFO] Checking trade setups at 2025-11-14 13:07:59
2025-11-14 13:07:59,984 [INFO] Applying EMA strategy to 5 stocks.
2025-11-14 13:08:01,831 [INFO] Executing trade for NSE:MUTHOOTFIN-EQ: {'timestamp': '2025-11-14 13:05', 'action': 'SELL', 'entry_price': 3707.1, 'stop_loss': 3713.2, 'target': 3688.8}
2025-11-14 13:08:01,831 [INFO] after SL after filtering the final SL:6.1, final_target:3688.8, qty:16
2025-11-14 13:08:01,838 [INFO] NSE:MUTHOOTFIN-EQ already traded today. Skipping.
2025-11-14 13:08:12,245 [INFO] Checking trade setups at 2025-11-14 13:08:12
2025-11-14 13:08:12,245 [INFO] Applying EMA strategy to 5 stocks.
2025-11-14 13:08:24,535 [INFO] Checking trade setups at 2025-11-14 13:08:24
2025-11-14 13:08:24,535 [INFO] Applying EMA strategy to 5 stocks.
2025-11-14 13:08:36,921 [INFO] Checking trade setups at 2025-11-14 13:08:36
2025-11-14 13:08:36,922 [INFO] Applying EMA strategy to 5 stocks.
2025-11-14 13:08:49,047 [INFO] Checking trade setups at 2025-11-14 13:08:49
2025-11-14 13:08:49,047 [INFO] Applying EMA strategy to 5 stocks.
2025-11-14 13:09:01,903 [INFO] Checking trade setups at 2025-11-14 13:09:01
2025-11-14 13:09:01,903 [INFO] Applying EMA strategy to 5 stocks.
2025-11-14 13:09:13,887 [INFO] Checking trade setups at 2025-11-14 13:09:13
2025-11-14 13:09:13,887 [INFO] Applying EMA strategy to 5 stocks.
2025-11-14 13:09:25,914 [INFO] Checking trade setups at 2025-11-14 13:09:25
2025-11-14 13:09:25,914 [INFO] Applying EMA strategy to 5 stocks.
2025-11-14 13:09:39,652 [INFO] Checking trade setups at 2025-11-14 13:09:39
2025-11-14 13:09:39,652 [INFO] Applying EMA strategy to 5 stocks.
2025-11-14 13:09:52,393 [INFO] Checking trade setups at 2025-11-14 13:09:52
2025-11-14 13:09:52,394 [INFO] Applying EMA strategy to 5 stocks.
2025-11-14 13:10:05,348 [INFO] Checking trade setups at 2025-11-14 13:10:05
2025-11-14 13:10:05,348 [INFO] Applying EMA strategy to 5 stocks.
2025-11-14 13:10:17,961 [INFO] Checking trade setups at 2025-11-14 13:10:17
2025-11-14 13:10:17,961 [INFO] Applying EMA strategy to 5 stocks.
2025-11-14 13:10:30,433 [INFO] Checking trade setups at 2025-11-14 13:10:30
2025-11-14 13:10:30,433 [INFO] Applying EMA strategy to 5 stocks.
2025-11-14 13:10:42,897 [INFO] Checking trade setups at 2025-11-14 13:10:42
2025-11-14 13:10:42,897 [INFO] Applying EMA strategy to 5 stocks.
2025-11-14 13:10:54,919 [INFO] Checking trade setups at 2025-11-14 13:10:54
2025-11-14 13:10:54,919 [INFO] Applying EMA strategy to 5 stocks.
2025-11-14 13:11:06,995 [INFO] Checking trade setups at 2025-11-14 13:11:06
2025-11-14 13:11:06,995 [INFO] Applying EMA strategy to 5 stocks.
2025-11-14 13:11:20,264 [INFO] Checking trade setups at 2025-11-14 13:11:20
2025-11-14 13:11:20,264 [INFO] Applying EMA strategy to 5 stocks.
2025-11-14 13:11:33,098 [INFO] Checking trade setups at 2025-11-14 13:11:33
2025-11-14 13:11:33,098 [INFO] Applying EMA strategy to 5 stocks.
2025-11-14 13:11:45,230 [INFO] Checking trade setups at 2025-11-14 13:11:45
2025-11-14 13:11:45,230 [INFO] Applying EMA strategy to 5 stocks.
2025-11-14 13:11:57,611 [INFO] Checking trade setups at 2025-11-14 13:11:57
2025-11-14 13:11:57,611 [INFO] Applying EMA strategy to 5 stocks.
2025-11-14 13:12:10,185 [INFO] Checking trade setups at 2025-11-14 13:12:10
2025-11-14 13:12:10,185 [INFO] Applying EMA strategy to 5 stocks.
2025-11-14 13:12:23,706 [INFO] Checking trade setups at 2025-11-14 13:12:23
2025-11-14 13:12:23,707 [INFO] Applying EMA strategy to 5 stocks.
2025-11-14 13:12:29,417 [INFO] Executing trade for NSE:MUTHOOTFIN-EQ: {'timestamp': '2025-11-14 13:10', 'action': 'SELL', 'entry_price': 3707, 'stop_loss': 3711, 'target': 3695}
2025-11-14 13:12:29,417 [INFO] after SL after filtering the final SL:4, final_target:3695, qty:25
2025-11-14 13:12:29,431 [INFO] NSE:MUTHOOTFIN-EQ already traded today. Skipping.
2025-11-14 13:12:40,215 [INFO] Checking trade setups at 2025-11-14 13:12:40
2025-11-14 13:12:40,215 [INFO] Applying EMA strategy to 5 stocks.
2025-11-14 13:12:53,460 [INFO] Checking trade setups at 2025-11-14 13:12:53
2025-11-14 13:12:53,460 [INFO] Applying EMA strategy to 5 stocks.
2025-11-14 13:13:07,376 [INFO] Checking trade setups at 2025-11-14 13:13:07
2025-11-14 13:13:07,376 [INFO] Applying EMA strategy to 5 stocks.
2025-11-14 13:13:21,748 [INFO] Checking trade setups at 2025-11-14 13:13:21
2025-11-14 13:13:21,748 [INFO] Applying EMA strategy to 5 stocks.
2025-11-14 13:13:35,651 [INFO] Checking trade setups at 2025-11-14 13:13:35
2025-11-14 13:13:35,651 [INFO] Applying EMA strategy to 5 stocks.
2025-11-14 13:13:49,564 [INFO] Checking trade setups at 2025-11-14 13:13:49
2025-11-14 13:13:49,564 [INFO] Applying EMA strategy to 5 stocks.
2025-11-14 13:14:03,220 [INFO] Checking trade setups at 2025-11-14 13:14:03
2025-11-14 13:14:03,220 [INFO] Applying EMA strategy to 5 stocks.
2025-11-14 13:14:16,907 [INFO] Checking trade setups at 2025-11-14 13:14:16
2025-11-14 13:14:16,907 [INFO] Applying EMA strategy to 5 stocks.
2025-11-14 13:14:31,863 [INFO] Checking trade setups at 2025-11-14 13:14:31
2025-11-14 13:14:31,863 [INFO] Applying EMA strategy to 5 stocks.
2025-11-14 13:14:45,799 [INFO] Checking trade setups at 2025-11-14 13:14:45
2025-11-14 13:14:45,799 [INFO] Applying EMA strategy to 5 stocks.
2025-11-14 13:14:59,607 [INFO] Checking trade setups at 2025-11-14 13:14:59
2025-11-14 13:14:59,607 [INFO] Applying EMA strategy to 5 stocks.
2025-11-14 13:15:14,661 [INFO] Checking trade setups at 2025-11-14 13:15:14
2025-11-14 13:15:14,661 [INFO] Applying EMA strategy to 5 stocks.
2025-11-14 13:15:29,005 [INFO] Checking trade setups at 2025-11-14 13:15:29
2025-11-14 13:15:29,007 [INFO] Applying EMA strategy to 5 stocks.
2025-11-14 13:15:42,512 [INFO] Checking trade setups at 2025-11-14 13:15:42
2025-11-14 13:15:42,512 [INFO] Applying EMA strategy to 5 stocks.
2025-11-14 13:15:57,503 [INFO] Checking trade setups at 2025-11-14 13:15:57
2025-11-14 13:15:57,503 [INFO] Applying EMA strategy to 5 stocks.
2025-11-14 13:16:11,705 [INFO] Checking trade setups at 2025-11-14 13:16:11
2025-11-14 13:16:11,705 [INFO] Applying EMA strategy to 5 stocks.
2025-11-14 13:16:26,051 [INFO] Checking trade setups at 2025-11-14 13:16:26
2025-11-14 13:16:26,051 [INFO] Applying EMA strategy to 5 stocks.
2025-11-14 13:16:39,968 [INFO] Checking trade setups at 2025-11-14 13:16:39
2025-11-14 13:16:39,968 [INFO] Applying EMA strategy to 5 stocks.
2025-11-14 13:16:53,897 [INFO] Checking trade setups at 2025-11-14 13:16:53
2025-11-14 13:16:53,897 [INFO] Applying EMA strategy to 5 stocks.
2025-11-14 13:17:07,416 [INFO] Checking trade setups at 2025-11-14 13:17:07
2025-11-14 13:17:07,416 [INFO] Applying EMA strategy to 5 stocks.
2025-11-14 13:17:22,684 [INFO] Checking trade setups at 2025-11-14 13:17:22
2025-11-14 13:17:22,684 [INFO] Applying EMA strategy to 5 stocks.
2025-11-14 13:17:36,190 [INFO] Checking trade setups at 2025-11-14 13:17:36
2025-11-14 13:17:36,190 [INFO] Applying EMA strategy to 5 stocks.
2025-11-14 13:17:51,048 [INFO] Checking trade setups at 2025-11-14 13:17:51
2025-11-14 13:17:51,048 [INFO] Applying EMA strategy to 5 stocks.
2025-11-14 13:18:06,395 [INFO] Checking trade setups at 2025-11-14 13:18:06
2025-11-14 13:18:06,395 [INFO] Applying EMA strategy to 5 stocks.
2025-11-14 13:18:20,936 [INFO] Checking trade setups at 2025-11-14 13:18:20
2025-11-14 13:18:20,936 [INFO] Applying EMA strategy to 5 stocks.
2025-11-14 13:18:34,867 [INFO] Checking trade setups at 2025-11-14 13:18:34
2025-11-14 13:18:34,867 [INFO] Applying EMA strategy to 5 stocks.
2025-11-14 13:18:48,693 [INFO] Checking trade setups at 2025-11-14 13:18:48
2025-11-14 13:18:48,693 [INFO] Applying EMA strategy to 5 stocks.
2025-11-14 13:19:03,736 [INFO] Checking trade setups at 2025-11-14 13:19:03
2025-11-14 13:19:03,736 [INFO] Applying EMA strategy to 5 stocks.
2025-11-14 13:19:17,366 [INFO] Checking trade setups at 2025-11-14 13:19:17
2025-11-14 13:19:17,366 [INFO] Applying EMA strategy to 5 stocks.
2025-11-14 13:19:31,291 [INFO] Checking trade setups at 2025-11-14 13:19:31
2025-11-14 13:19:31,291 [INFO] Applying EMA strategy to 5 stocks.
2025-11-14 13:19:44,701 [INFO] Checking trade setups at 2025-11-14 13:19:44
2025-11-14 13:19:44,703 [INFO] Applying EMA strategy to 5 stocks.
2025-11-14 13:19:59,285 [INFO] Checking trade setups at 2025-11-14 13:19:59
2025-11-14 13:19:59,285 [INFO] Applying EMA strategy to 5 stocks.
2025-11-14 13:20:12,761 [INFO] Checking trade setups at 2025-11-14 13:20:12
2025-11-14 13:20:12,761 [INFO] Applying EMA strategy to 5 stocks.
2025-11-14 13:20:28,332 [INFO] Checking trade setups at 2025-11-14 13:20:28
2025-11-14 13:20:28,332 [INFO] Applying EMA strategy to 5 stocks.
2025-11-14 13:20:42,048 [INFO] Checking trade setups at 2025-11-14 13:20:42
2025-11-14 13:20:42,049 [INFO] Applying EMA strategy to 5 stocks.
2025-11-14 13:20:56,792 [INFO] Checking trade setups at 2025-11-14 13:20:56
2025-11-14 13:20:56,792 [INFO] Applying EMA strategy to 5 stocks.
2025-11-14 13:21:10,625 [INFO] Checking trade setups at 2025-11-14 13:21:10
2025-11-14 13:21:10,625 [INFO] Applying EMA strategy to 5 stocks.
2025-11-14 13:21:26,802 [INFO] Checking trade setups at 2025-11-14 13:21:26
2025-11-14 13:21:26,802 [INFO] Applying EMA strategy to 5 stocks.
2025-11-14 13:21:40,216 [INFO] Checking trade setups at 2025-11-14 13:21:40
2025-11-14 13:21:40,216 [INFO] Applying EMA strategy to 5 stocks.
2025-11-14 13:21:54,143 [INFO] Checking trade setups at 2025-11-14 13:21:54
2025-11-14 13:21:54,143 [INFO] Applying EMA strategy to 5 stocks.
2025-11-14 13:22:07,865 [INFO] Checking trade setups at 2025-11-14 13:22:07
2025-11-14 13:22:07,865 [INFO] Applying EMA strategy to 5 stocks.
2025-11-14 13:22:21,689 [INFO] Checking trade setups at 2025-11-14 13:22:21
2025-11-14 13:22:21,689 [INFO] Applying EMA strategy to 5 stocks.
2025-11-14 13:22:37,256 [INFO] Checking trade setups at 2025-11-14 13:22:37
2025-11-14 13:22:37,256 [INFO] Applying EMA strategy to 5 stocks.
2025-11-14 13:22:51,361 [INFO] Checking trade setups at 2025-11-14 13:22:51
2025-11-14 13:22:51,361 [INFO] Applying EMA strategy to 5 stocks.
2025-11-14 13:23:04,907 [INFO] Checking trade setups at 2025-11-14 13:23:04
2025-11-14 13:23:04,907 [INFO] Applying EMA strategy to 5 stocks.
2025-11-14 13:23:18,727 [INFO] Checking trade setups at 2025-11-14 13:23:18
2025-11-14 13:23:18,728 [INFO] Applying EMA strategy to 5 stocks.
2025-11-14 13:23:33,163 [INFO] Checking trade setups at 2025-11-14 13:23:33
2025-11-14 13:23:33,164 [INFO] Applying EMA strategy to 5 stocks.
2025-11-14 13:23:46,886 [INFO] Checking trade setups at 2025-11-14 13:23:46
2025-11-14 13:23:46,886 [INFO] Applying EMA strategy to 5 stocks.
2025-11-14 13:24:01,652 [INFO] Checking trade setups at 2025-11-14 13:24:01
2025-11-14 13:24:01,653 [INFO] Applying EMA strategy to 5 stocks.
2025-11-14 13:24:15,357 [INFO] Checking trade setups at 2025-11-14 13:24:15
2025-11-14 13:24:15,357 [INFO] Applying EMA strategy to 5 stocks.
2025-11-14 13:24:31,534 [INFO] Checking trade setups at 2025-11-14 13:24:31
2025-11-14 13:24:31,535 [INFO] Applying EMA strategy to 5 stocks.
2025-11-14 13:24:45,463 [INFO] Checking trade setups at 2025-11-14 13:24:45
2025-11-14 13:24:45,463 [INFO] Applying EMA strategy to 5 stocks.
2025-11-14 13:24:59,903 [INFO] Checking trade setups at 2025-11-14 13:24:59
2025-11-14 13:24:59,903 [INFO] Applying EMA strategy to 5 stocks.
2025-11-14 13:25:13,428 [INFO] Checking trade setups at 2025-11-14 13:25:13
2025-11-14 13:25:13,429 [INFO] Applying EMA strategy to 5 stocks.
2025-11-14 13:25:28,276 [INFO] Checking trade setups at 2025-11-14 13:25:28
2025-11-14 13:25:28,276 [INFO] Applying EMA strategy to 5 stocks.
2025-11-14 13:25:42,626 [INFO] Checking trade setups at 2025-11-14 13:25:42
2025-11-14 13:25:42,626 [INFO] Applying EMA strategy to 5 stocks.
2025-11-14 13:25:56,323 [INFO] Checking trade setups at 2025-11-14 13:25:56
2025-11-14 13:25:56,323 [INFO] Applying EMA strategy to 5 stocks.
2025-11-14 13:26:10,198 [INFO] Checking trade setups at 2025-11-14 13:26:10
2025-11-14 13:26:10,199 [INFO] Applying EMA strategy to 5 stocks.
2025-11-14 13:26:23,684 [INFO] Checking trade setups at 2025-11-14 13:26:23
2025-11-14 13:26:23,684 [INFO] Applying EMA strategy to 5 stocks.
2025-11-14 13:26:38,721 [INFO] Checking trade setups at 2025-11-14 13:26:38
2025-11-14 13:26:38,721 [INFO] Applying EMA strategy to 5 stocks.
2025-11-14 13:26:52,440 [INFO] Checking trade setups at 2025-11-14 13:26:52
2025-11-14 13:26:52,440 [INFO] Applying EMA strategy to 5 stocks.
2025-11-14 13:27:06,272 [INFO] Checking trade setups at 2025-11-14 13:27:06
2025-11-14 13:27:06,272 [INFO] Applying EMA strategy to 5 stocks.
2025-11-14 13:27:19,783 [INFO] Checking trade setups at 2025-11-14 13:27:19
2025-11-14 13:27:19,783 [INFO] Applying EMA strategy to 5 stocks.
2025-11-14 13:27:33,934 [INFO] Checking trade setups at 2025-11-14 13:27:33
2025-11-14 13:27:33,935 [INFO] Applying EMA strategy to 5 stocks.
2025-11-14 13:27:47,438 [INFO] Checking trade setups at 2025-11-14 13:27:47
2025-11-14 13:27:47,438 [INFO] Applying EMA strategy to 5 stocks.
2025-11-14 13:28:01,668 [INFO] Checking trade setups at 2025-11-14 13:28:01
2025-11-14 13:28:01,668 [INFO] Applying EMA strategy to 5 stocks.
2025-11-14 13:28:15,488 [INFO] Checking trade setups at 2025-11-14 13:28:15
2025-11-14 13:28:15,488 [INFO] Applying EMA strategy to 5 stocks.
2025-11-14 13:28:29,723 [INFO] Checking trade setups at 2025-11-14 13:28:29
2025-11-14 13:28:29,723 [INFO] Applying EMA strategy to 5 stocks.
2025-11-14 13:28:43,696 [INFO] Checking trade setups at 2025-11-14 13:28:43
2025-11-14 13:28:43,696 [INFO] Applying EMA strategy to 5 stocks.
2025-11-14 13:28:59,128 [INFO] Checking trade setups at 2025-11-14 13:28:59
2025-11-14 13:28:59,128 [INFO] Applying EMA strategy to 5 stocks.
2025-11-14 13:29:14,433 [INFO] Checking trade setups at 2025-11-14 13:29:14
2025-11-14 13:29:14,433 [INFO] Applying EMA strategy to 5 stocks.
2025-11-14 13:29:27,995 [INFO] Checking trade setups at 2025-11-14 13:29:27
2025-11-14 13:29:27,995 [INFO] Applying EMA strategy to 5 stocks.
2025-11-14 13:29:42,469 [INFO] Checking trade setups at 2025-11-14 13:29:42
2025-11-14 13:29:42,469 [INFO] Applying EMA strategy to 5 stocks.
2025-11-14 13:29:57,482 [INFO] Checking trade setups at 2025-11-14 13:29:57
2025-11-14 13:29:57,482 [INFO] Applying EMA strategy to 5 stocks.
2025-11-14 13:30:13,462 [INFO] Checking trade setups at 2025-11-14 13:30:13
2025-11-14 13:30:13,462 [INFO] Applying EMA strategy to 5 stocks.
2025-11-14 13:30:27,193 [INFO] Checking trade setups at 2025-11-14 13:30:27
2025-11-14 13:30:27,193 [INFO] Applying EMA strategy to 5 stocks.
2025-11-14 13:30:41,621 [INFO] Checking trade setups at 2025-11-14 13:30:41
2025-11-14 13:30:41,621 [INFO] Applying EMA strategy to 5 stocks.
2025-11-14 13:30:55,143 [INFO] Checking trade setups at 2025-11-14 13:30:55
2025-11-14 13:30:55,144 [INFO] Applying EMA strategy to 5 stocks.
2025-11-14 13:31:09,474 [INFO] Checking trade setups at 2025-11-14 13:31:09
2025-11-14 13:31:09,474 [INFO] Applying EMA strategy to 5 stocks.
2025-11-14 13:31:23,300 [INFO] Checking trade setups at 2025-11-14 13:31:23
2025-11-14 13:31:23,300 [INFO] Applying EMA strategy to 5 stocks.
2025-11-14 13:31:37,164 [INFO] Checking trade setups at 2025-11-14 13:31:37
2025-11-14 13:31:37,164 [INFO] Applying EMA strategy to 5 stocks.
2025-11-14 13:31:50,946 [INFO] Checking trade setups at 2025-11-14 13:31:50
2025-11-14 13:31:50,946 [INFO] Applying EMA strategy to 5 stocks.
2025-11-14 13:32:04,979 [INFO] Checking trade setups at 2025-11-14 13:32:04
2025-11-14 13:32:04,979 [INFO] Applying EMA strategy to 5 stocks.
2025-11-14 13:32:19,413 [INFO] Checking trade setups at 2025-11-14 13:32:19
2025-11-14 13:32:19,413 [INFO] Applying EMA strategy to 5 stocks.
2025-11-14 13:32:35,704 [INFO] Checking trade setups at 2025-11-14 13:32:35
2025-11-14 13:32:35,704 [INFO] Applying EMA strategy to 5 stocks.
2025-11-14 13:32:49,845 [INFO] Checking trade setups at 2025-11-14 13:32:49
2025-11-14 13:32:49,845 [INFO] Applying EMA strategy to 5 stocks.
2025-11-14 13:33:03,786 [INFO] Checking trade setups at 2025-11-14 13:33:03
2025-11-14 13:33:03,786 [INFO] Applying EMA strategy to 5 stocks.
2025-11-14 13:33:19,531 [INFO] Checking trade setups at 2025-11-14 13:33:19
2025-11-14 13:33:19,531 [INFO] Applying EMA strategy to 5 stocks.
2025-11-14 13:33:33,357 [INFO] Checking trade setups at 2025-11-14 13:33:33
2025-11-14 13:33:33,358 [INFO] Applying EMA strategy to 5 stocks.
2025-11-14 13:33:46,979 [INFO] Checking trade setups at 2025-11-14 13:33:46
2025-11-14 13:33:46,979 [INFO] Applying EMA strategy to 5 stocks.
2025-11-14 13:34:02,239 [INFO] Checking trade setups at 2025-11-14 13:34:02
2025-11-14 13:34:02,239 [INFO] Applying EMA strategy to 5 stocks.
2025-11-14 13:34:16,980 [INFO] Checking trade setups at 2025-11-14 13:34:16
2025-11-14 13:34:16,981 [INFO] Applying EMA strategy to 5 stocks.
2025-11-14 13:34:31,213 [INFO] Checking trade setups at 2025-11-14 13:34:31
2025-11-14 13:34:31,213 [INFO] Applying EMA strategy to 5 stocks.
2025-11-14 13:34:46,982 [INFO] Checking trade setups at 2025-11-14 13:34:46
2025-11-14 13:34:46,982 [INFO] Applying EMA strategy to 5 stocks.
2025-11-14 13:35:04,095 [INFO] Checking trade setups at 2025-11-14 13:35:04
2025-11-14 13:35:04,095 [INFO] Applying EMA strategy to 5 stocks.
2025-11-14 13:35:18,729 [INFO] Checking trade setups at 2025-11-14 13:35:18
2025-11-14 13:35:18,730 [INFO] Applying EMA strategy to 5 stocks.
2025-11-14 13:35:33,999 [INFO] Checking trade setups at 2025-11-14 13:35:33
2025-11-14 13:35:33,999 [INFO] Applying EMA strategy to 5 stocks.
2025-11-14 13:35:49,369 [INFO] Checking trade setups at 2025-11-14 13:35:49
2025-11-14 13:35:49,369 [INFO] Applying EMA strategy to 5 stocks.
2025-11-14 13:36:04,414 [INFO] Checking trade setups at 2025-11-14 13:36:04
2025-11-14 13:36:04,414 [INFO] Applying EMA strategy to 5 stocks.
2025-11-14 13:36:18,745 [INFO] Checking trade setups at 2025-11-14 13:36:18
2025-11-14 13:36:18,745 [INFO] Applying EMA strategy to 5 stocks.
2025-11-14 13:36:32,578 [INFO] Checking trade setups at 2025-11-14 13:36:32
2025-11-14 13:36:32,578 [INFO] Applying EMA strategy to 5 stocks.
2025-11-14 13:36:46,079 [INFO] Checking trade setups at 2025-11-14 13:36:46
2025-11-14 13:36:46,079 [INFO] Applying EMA strategy to 5 stocks.
2025-11-14 13:37:00,816 [INFO] Checking trade setups at 2025-11-14 13:37:00
2025-11-14 13:37:00,816 [INFO] Applying EMA strategy to 5 stocks.
2025-11-14 13:37:14,673 [INFO] Checking trade setups at 2025-11-14 13:37:14
2025-11-14 13:37:14,673 [INFO] Applying EMA strategy to 5 stocks.
2025-11-14 13:37:28,484 [INFO] Checking trade setups at 2025-11-14 13:37:28
2025-11-14 13:37:28,484 [INFO] Applying EMA strategy to 5 stocks.
2025-11-14 13:37:42,203 [INFO] Checking trade setups at 2025-11-14 13:37:42
2025-11-14 13:37:42,203 [INFO] Applying EMA strategy to 5 stocks.
2025-11-14 13:37:56,219 [INFO] Checking trade setups at 2025-11-14 13:37:56
2025-11-14 13:37:56,219 [INFO] Applying EMA strategy to 5 stocks.
2025-11-14 13:38:10,054 [INFO] Checking trade setups at 2025-11-14 13:38:10
2025-11-14 13:38:10,054 [INFO] Applying EMA strategy to 5 stocks.
2025-11-14 13:38:24,907 [INFO] Checking trade setups at 2025-11-14 13:38:24
2025-11-14 13:38:24,907 [INFO] Applying EMA strategy to 5 stocks.
2025-11-14 13:38:38,523 [INFO] Checking trade setups at 2025-11-14 13:38:38
2025-11-14 13:38:38,523 [INFO] Applying EMA strategy to 5 stocks.
2025-11-14 13:38:52,648 [INFO] Checking trade setups at 2025-11-14 13:38:52
2025-11-14 13:38:52,648 [INFO] Applying EMA strategy to 5 stocks.
2025-11-14 13:39:06,375 [INFO] Checking trade setups at 2025-11-14 13:39:06
2025-11-14 13:39:06,375 [INFO] Applying EMA strategy to 5 stocks.
2025-11-14 13:39:20,299 [INFO] Checking trade setups at 2025-11-14 13:39:20
2025-11-14 13:39:20,299 [INFO] Applying EMA strategy to 5 stocks.
2025-11-14 13:39:33,821 [INFO] Checking trade setups at 2025-11-14 13:39:33
2025-11-14 13:39:33,821 [INFO] Applying EMA strategy to 5 stocks.
2025-11-14 13:39:48,154 [INFO] Checking trade setups at 2025-11-14 13:39:48
2025-11-14 13:39:48,154 [INFO] Applying EMA strategy to 5 stocks.
2025-11-14 13:39:50,202 [INFO] Executing trade for NSE:GPIL-EQ: {'timestamp': '2025-11-14 13:35', 'action': 'SELL', 'entry_price': 274.35, 'stop_loss': 275.9, 'target': 269.70000000000016}
2025-11-14 13:39:50,202 [INFO] after SL after filtering the final SL:1.55, final_target:269.7, qty:64
2025-11-14 13:39:50,249 [INFO] Max trades reached. Skipping new orders.
2025-11-14 13:40:02,284 [INFO] Checking trade setups at 2025-11-14 13:40:02
2025-11-14 13:40:02,284 [INFO] Applying EMA strategy to 5 stocks.
2025-11-14 13:40:17,042 [INFO] Checking trade setups at 2025-11-14 13:40:17
2025-11-14 13:40:17,042 [INFO] Applying EMA strategy to 5 stocks.
2025-11-14 13:40:18,587 [INFO] Executing trade for NSE:GPIL-EQ: {'timestamp': '2025-11-14 13:40', 'action': 'SELL', 'entry_price': 274.3, 'stop_loss': 275.6, 'target': 270.4}
2025-11-14 13:40:18,594 [INFO] after SL after filtering the final SL:1.3, final_target:270.4, qty:76
2025-11-14 13:40:18,612 [INFO] Max trades reached. Skipping new orders.
2025-11-14 13:40:30,850 [INFO] Checking trade setups at 2025-11-14 13:40:30
2025-11-14 13:40:30,850 [INFO] Applying EMA strategy to 5 stocks.
2025-11-14 13:40:45,608 [INFO] Checking trade setups at 2025-11-14 13:40:45
2025-11-14 13:40:45,609 [INFO] Applying EMA strategy to 5 stocks.
2025-11-14 13:41:01,273 [INFO] Checking trade setups at 2025-11-14 13:41:01
2025-11-14 13:41:01,274 [INFO] Applying EMA strategy to 5 stocks.
2025-11-14 13:41:17,055 [INFO] Checking trade setups at 2025-11-14 13:41:17
2025-11-14 13:41:17,055 [INFO] Applying EMA strategy to 5 stocks.
2025-11-14 13:41:31,038 [INFO] Checking trade setups at 2025-11-14 13:41:31
2025-11-14 13:41:31,038 [INFO] Applying EMA strategy to 5 stocks.
2025-11-14 13:41:45,429 [INFO] Checking trade setups at 2025-11-14 13:41:45
2025-11-14 13:41:45,429 [INFO] Applying EMA strategy to 5 stocks.
2025-11-14 13:42:00,235 [INFO] Checking trade setups at 2025-11-14 13:42:00
2025-11-14 13:42:00,235 [INFO] Applying EMA strategy to 5 stocks.
2025-11-14 13:42:15,567 [INFO] Checking trade setups at 2025-11-14 13:42:15
2025-11-14 13:42:15,567 [INFO] Applying EMA strategy to 5 stocks.
2025-11-14 13:42:30,771 [INFO] Checking trade setups at 2025-11-14 13:42:30
2025-11-14 13:42:30,771 [INFO] Applying EMA strategy to 5 stocks.
2025-11-14 13:42:44,803 [INFO] Checking trade setups at 2025-11-14 13:42:44
2025-11-14 13:42:44,804 [INFO] Applying EMA strategy to 5 stocks.
2025-11-14 13:43:00,708 [INFO] Checking trade setups at 2025-11-14 13:43:00
2025-11-14 13:43:00,708 [INFO] Applying EMA strategy to 5 stocks.
2025-11-14 13:43:14,699 [INFO] Checking trade setups at 2025-11-14 13:43:14
2025-11-14 13:43:14,699 [INFO] Applying EMA strategy to 5 stocks.
2025-11-14 13:43:29,395 [INFO] Checking trade setups at 2025-11-14 13:43:29
2025-11-14 13:43:29,395 [INFO] Applying EMA strategy to 5 stocks.
2025-11-14 13:43:43,271 [INFO] Checking trade setups at 2025-11-14 13:43:43
2025-11-14 13:43:43,271 [INFO] Applying EMA strategy to 5 stocks.
2025-11-14 13:43:57,878 [INFO] Checking trade setups at 2025-11-14 13:43:57
2025-11-14 13:43:57,879 [INFO] Applying EMA strategy to 5 stocks.
2025-11-14 13:44:12,170 [INFO] Checking trade setups at 2025-11-14 13:44:12
2025-11-14 13:44:12,171 [INFO] Applying EMA strategy to 5 stocks.
2025-11-14 13:44:25,954 [INFO] Checking trade setups at 2025-11-14 13:44:25
2025-11-14 13:44:25,954 [INFO] Applying EMA strategy to 5 stocks.
2025-11-14 13:44:40,443 [INFO] Checking trade setups at 2025-11-14 13:44:40
2025-11-14 13:44:40,443 [INFO] Applying EMA strategy to 5 stocks.
2025-11-14 13:44:54,852 [INFO] Checking trade setups at 2025-11-14 13:44:54
2025-11-14 13:44:54,852 [INFO] Applying EMA strategy to 5 stocks.
2025-11-14 13:45:10,622 [INFO] Checking trade setups at 2025-11-14 13:45:10
2025-11-14 13:45:10,622 [INFO] Applying EMA strategy to 5 stocks.
2025-11-14 13:45:25,698 [INFO] Checking trade setups at 2025-11-14 13:45:25
2025-11-14 13:45:25,698 [INFO] Applying EMA strategy to 5 stocks.
2025-11-14 13:45:40,222 [INFO] Checking trade setups at 2025-11-14 13:45:40
2025-11-14 13:45:40,224 [INFO] Applying EMA strategy to 5 stocks.
2025-11-14 13:45:56,088 [INFO] Checking trade setups at 2025-11-14 13:45:56
2025-11-14 13:45:56,088 [INFO] Applying EMA strategy to 5 stocks.
2025-11-14 13:46:12,063 [INFO] Checking trade setups at 2025-11-14 13:46:12
2025-11-14 13:46:12,063 [INFO] Applying EMA strategy to 5 stocks.
2025-11-14 13:46:26,601 [INFO] Checking trade setups at 2025-11-14 13:46:26
2025-11-14 13:46:26,602 [INFO] Applying EMA strategy to 5 stocks.
2025-11-14 13:46:42,078 [INFO] Checking trade setups at 2025-11-14 13:46:42
2025-11-14 13:46:42,079 [INFO] Applying EMA strategy to 5 stocks.
2025-11-14 13:46:58,459 [INFO] Checking trade setups at 2025-11-14 13:46:58
2025-11-14 13:46:58,459 [INFO] Applying EMA strategy to 5 stocks.
2025-11-14 13:47:13,339 [INFO] Checking trade setups at 2025-11-14 13:47:13
2025-11-14 13:47:13,339 [INFO] Applying EMA strategy to 5 stocks.
2025-11-14 13:47:29,893 [INFO] Checking trade setups at 2025-11-14 13:47:29
2025-11-14 13:47:29,894 [INFO] Applying EMA strategy to 5 stocks.
2025-11-14 13:47:45,047 [INFO] Checking trade setups at 2025-11-14 13:47:45
2025-11-14 13:47:45,048 [INFO] Applying EMA strategy to 5 stocks.
2025-11-14 13:47:59,387 [INFO] Checking trade setups at 2025-11-14 13:47:59
2025-11-14 13:47:59,387 [INFO] Applying EMA strategy to 5 stocks.
2025-11-14 13:48:15,983 [INFO] Checking trade setups at 2025-11-14 13:48:15
2025-11-14 13:48:15,983 [INFO] Applying EMA strategy to 5 stocks.
2025-11-14 13:48:30,323 [INFO] Checking trade setups at 2025-11-14 13:48:30
2025-11-14 13:48:30,323 [INFO] Applying EMA strategy to 5 stocks.
2025-11-14 13:48:45,371 [INFO] Checking trade setups at 2025-11-14 13:48:45
2025-11-14 13:48:45,371 [INFO] Applying EMA strategy to 5 stocks.
2025-11-14 13:49:05,878 [INFO] Checking trade setups at 2025-11-14 13:49:05
2025-11-14 13:49:05,878 [INFO] Applying EMA strategy to 5 stocks.
2025-11-14 13:49:19,976 [INFO] Checking trade setups at 2025-11-14 13:49:19
2025-11-14 13:49:19,976 [INFO] Applying EMA strategy to 5 stocks.
2025-11-14 13:49:35,230 [INFO] Checking trade setups at 2025-11-14 13:49:35
2025-11-14 13:49:35,230 [INFO] Applying EMA strategy to 5 stocks.
2025-11-14 13:49:55,739 [INFO] Checking trade setups at 2025-11-14 13:49:55
2025-11-14 13:49:55,740 [INFO] Applying EMA strategy to 5 stocks.
2025-11-14 13:50:10,880 [INFO] Checking trade setups at 2025-11-14 13:50:10
2025-11-14 13:50:10,880 [INFO] Applying EMA strategy to 5 stocks.
2025-11-14 13:50:26,560 [INFO] Checking trade setups at 2025-11-14 13:50:26
2025-11-14 13:50:26,560 [INFO] Applying EMA strategy to 5 stocks.
2025-11-14 13:50:40,984 [INFO] Checking trade setups at 2025-11-14 13:50:40
2025-11-14 13:50:40,986 [INFO] Applying EMA strategy to 5 stocks.
2025-11-14 13:50:57,876 [INFO] Checking trade setups at 2025-11-14 13:50:57
2025-11-14 13:50:57,876 [INFO] Applying EMA strategy to 5 stocks.
2025-11-14 13:51:13,544 [INFO] Checking trade setups at 2025-11-14 13:51:13
2025-11-14 13:51:13,544 [INFO] Applying EMA strategy to 5 stocks.
2025-11-14 13:51:29,214 [INFO] Checking trade setups at 2025-11-14 13:51:29
2025-11-14 13:51:29,214 [INFO] Applying EMA strategy to 5 stocks.
2025-11-14 13:51:43,660 [INFO] Checking trade setups at 2025-11-14 13:51:43
2025-11-14 13:51:43,660 [INFO] Applying EMA strategy to 5 stocks.
2025-11-14 13:51:59,116 [INFO] Checking trade setups at 2025-11-14 13:51:59
2025-11-14 13:51:59,116 [INFO] Applying EMA strategy to 5 stocks.
2025-11-14 13:52:13,763 [INFO] Checking trade setups at 2025-11-14 13:52:13
2025-11-14 13:52:13,763 [INFO] Applying EMA strategy to 5 stocks.
2025-11-14 13:52:28,971 [INFO] Checking trade setups at 2025-11-14 13:52:28
2025-11-14 13:52:28,974 [INFO] Applying EMA strategy to 5 stocks.
2025-11-14 13:52:45,095 [INFO] Checking trade setups at 2025-11-14 13:52:45
2025-11-14 13:52:45,095 [INFO] Applying EMA strategy to 5 stocks.
2025-11-14 13:53:00,450 [INFO] Checking trade setups at 2025-11-14 13:53:00
2025-11-14 13:53:00,450 [INFO] Applying EMA strategy to 5 stocks.
2025-11-14 13:53:14,933 [INFO] Checking trade setups at 2025-11-14 13:53:14
2025-11-14 13:53:14,934 [INFO] Applying EMA strategy to 5 stocks.
2025-11-14 13:53:30,601 [INFO] Checking trade setups at 2025-11-14 13:53:30
2025-11-14 13:53:30,601 [INFO] Applying EMA strategy to 5 stocks.
2025-11-14 13:53:44,580 [INFO] Checking trade setups at 2025-11-14 13:53:44
2025-11-14 13:53:44,580 [INFO] Applying EMA strategy to 5 stocks.
2025-11-14 13:54:00,364 [INFO] Checking trade setups at 2025-11-14 13:54:00
2025-11-14 13:54:00,364 [INFO] Applying EMA strategy to 5 stocks.
2025-11-14 13:54:14,894 [INFO] Checking trade setups at 2025-11-14 13:54:14
2025-11-14 13:54:14,895 [INFO] Applying EMA strategy to 5 stocks.
2025-11-14 13:54:30,555 [INFO] Checking trade setups at 2025-11-14 13:54:30
2025-11-14 13:54:30,555 [INFO] Applying EMA strategy to 5 stocks.
2025-11-14 13:54:46,962 [INFO] Checking trade setups at 2025-11-14 13:54:46
2025-11-14 13:54:46,962 [INFO] Applying EMA strategy to 5 stocks.
2025-11-14 13:55:03,180 [INFO] Checking trade setups at 2025-11-14 13:55:03
2025-11-14 13:55:03,180 [INFO] Applying EMA strategy to 5 stocks.
2025-11-14 13:55:19,840 [INFO] Checking trade setups at 2025-11-14 13:55:19
2025-11-14 13:55:19,840 [INFO] Applying EMA strategy to 5 stocks.
2025-11-14 13:55:34,263 [INFO] Checking trade setups at 2025-11-14 13:55:34
2025-11-14 13:55:34,263 [INFO] Applying EMA strategy to 5 stocks.
2025-11-14 13:55:48,802 [INFO] Checking trade setups at 2025-11-14 13:55:48
2025-11-14 13:55:48,802 [INFO] Applying EMA strategy to 5 stocks.
2025-11-14 13:56:03,766 [INFO] Checking trade setups at 2025-11-14 13:56:03
2025-11-14 13:56:03,766 [INFO] Applying EMA strategy to 5 stocks.
2025-11-14 13:56:19,015 [INFO] Checking trade setups at 2025-11-14 13:56:19
2025-11-14 13:56:19,015 [INFO] Applying EMA strategy to 5 stocks.
2025-11-14 13:56:34,688 [INFO] Checking trade setups at 2025-11-14 13:56:34
2025-11-14 13:56:34,688 [INFO] Applying EMA strategy to 5 stocks.
2025-11-14 13:56:51,519 [INFO] Checking trade setups at 2025-11-14 13:56:51
2025-11-14 13:56:51,519 [INFO] Applying EMA strategy to 5 stocks.
2025-11-14 13:57:05,505 [INFO] Checking trade setups at 2025-11-14 13:57:05
2025-11-14 13:57:05,505 [INFO] Applying EMA strategy to 5 stocks.
2025-11-14 13:57:20,367 [INFO] Checking trade setups at 2025-11-14 13:57:20
2025-11-14 13:57:20,367 [INFO] Applying EMA strategy to 5 stocks.
2025-11-14 13:57:34,391 [INFO] Checking trade setups at 2025-11-14 13:57:34
2025-11-14 13:57:34,391 [INFO] Applying EMA strategy to 5 stocks.
2025-11-14 13:57:52,839 [INFO] Checking trade setups at 2025-11-14 13:57:52
2025-11-14 13:57:52,845 [INFO] Applying EMA strategy to 5 stocks.
2025-11-14 13:58:06,232 [INFO] Checking trade setups at 2025-11-14 13:58:06
2025-11-14 13:58:06,234 [INFO] Applying EMA strategy to 5 stocks.
2025-11-14 13:58:20,457 [INFO] Checking trade setups at 2025-11-14 13:58:20
2025-11-14 13:58:20,457 [INFO] Applying EMA strategy to 5 stocks.
2025-11-14 13:58:36,749 [INFO] Checking trade setups at 2025-11-14 13:58:36
2025-11-14 13:58:36,750 [INFO] Applying EMA strategy to 5 stocks.
2025-11-14 13:58:51,387 [INFO] Checking trade setups at 2025-11-14 13:58:51
2025-11-14 13:58:51,387 [INFO] Applying EMA strategy to 5 stocks.
2025-11-14 13:59:06,243 [INFO] Checking trade setups at 2025-11-14 13:59:06
2025-11-14 13:59:06,243 [INFO] Applying EMA strategy to 5 stocks.
2025-11-14 13:59:22,416 [INFO] Checking trade setups at 2025-11-14 13:59:22
2025-11-14 13:59:22,416 [INFO] Applying EMA strategy to 5 stocks.
2025-11-14 13:59:37,295 [INFO] Checking trade setups at 2025-11-14 13:59:37
2025-11-14 13:59:37,295 [INFO] Applying EMA strategy to 5 stocks.
2025-11-14 13:59:51,398 [INFO] Checking trade setups at 2025-11-14 13:59:51
2025-11-14 13:59:51,398 [INFO] Applying EMA strategy to 5 stocks.
2025-11-14 14:00:06,350 [INFO] Checking trade setups at 2025-11-14 14:00:06
2025-11-14 14:00:06,350 [INFO] Applying EMA strategy to 5 stocks.
2025-11-14 14:00:21,820 [INFO] Checking trade setups at 2025-11-14 14:00:21
2025-11-14 14:00:21,820 [INFO] Applying EMA strategy to 5 stocks.
2025-11-14 14:00:36,052 [INFO] Checking trade setups at 2025-11-14 14:00:36
2025-11-14 14:00:36,052 [INFO] Applying EMA strategy to 5 stocks.
2025-11-14 14:00:51,026 [INFO] Checking trade setups at 2025-11-14 14:00:51
2025-11-14 14:00:51,027 [INFO] Applying EMA strategy to 5 stocks.
2025-11-14 14:01:06,398 [INFO] Checking trade setups at 2025-11-14 14:01:06
2025-11-14 14:01:06,399 [INFO] Applying EMA strategy to 5 stocks.
2025-11-14 14:01:22,434 [INFO] Checking trade setups at 2025-11-14 14:01:22
2025-11-14 14:01:22,434 [INFO] Applying EMA strategy to 5 stocks.
2025-11-14 14:01:37,293 [INFO] Checking trade setups at 2025-11-14 14:01:37
2025-11-14 14:01:37,293 [INFO] Applying EMA strategy to 5 stocks.
2025-11-14 14:01:51,133 [INFO] Checking trade setups at 2025-11-14 14:01:51
2025-11-14 14:01:51,133 [INFO] Applying EMA strategy to 5 stocks.
2025-11-14 14:02:06,268 [INFO] Checking trade setups at 2025-11-14 14:02:06
2025-11-14 14:02:06,268 [INFO] Applying EMA strategy to 5 stocks.
2025-11-14 14:02:22,554 [INFO] Checking trade setups at 2025-11-14 14:02:22
2025-11-14 14:02:22,554 [INFO] Applying EMA strategy to 5 stocks.
2025-11-14 14:02:36,238 [INFO] Checking trade setups at 2025-11-14 14:02:36
2025-11-14 14:02:36,238 [INFO] Applying EMA strategy to 5 stocks.
2025-11-14 14:02:50,102 [INFO] Checking trade setups at 2025-11-14 14:02:50
2025-11-14 14:02:50,102 [INFO] Applying EMA strategy to 5 stocks.
2025-11-14 14:03:04,836 [INFO] Checking trade setups at 2025-11-14 14:03:04
2025-11-14 14:03:04,836 [INFO] Applying EMA strategy to 5 stocks.
2025-11-14 14:03:23,809 [INFO] Checking trade setups at 2025-11-14 14:03:23
2025-11-14 14:03:23,809 [INFO] Applying EMA strategy to 5 stocks.
2025-11-14 14:03:38,734 [INFO] Checking trade setups at 2025-11-14 14:03:38
2025-11-14 14:03:38,734 [INFO] Applying EMA strategy to 5 stocks.
2025-11-14 14:03:55,289 [INFO] Checking trade setups at 2025-11-14 14:03:55
2025-11-14 14:03:55,290 [INFO] Applying EMA strategy to 5 stocks.
2025-11-14 14:04:10,987 [INFO] Checking trade setups at 2025-11-14 14:04:10
2025-11-14 14:04:10,988 [INFO] Applying EMA strategy to 5 stocks.
2025-11-14 14:04:27,421 [INFO] Checking trade setups at 2025-11-14 14:04:27
2025-11-14 14:04:27,421 [INFO] Applying EMA strategy to 5 stocks.
2025-11-14 14:04:43,155 [INFO] Checking trade setups at 2025-11-14 14:04:43
2025-11-14 14:04:43,155 [INFO] Applying EMA strategy to 5 stocks.
2025-11-14 14:04:57,801 [INFO] Checking trade setups at 2025-11-14 14:04:57
2025-11-14 14:04:57,801 [INFO] Applying EMA strategy to 5 stocks.
2025-11-14 14:05:13,658 [INFO] Checking trade setups at 2025-11-14 14:05:13
2025-11-14 14:05:13,658 [INFO] Applying EMA strategy to 5 stocks.
2025-11-14 14:05:27,588 [INFO] Checking trade setups at 2025-11-14 14:05:27
2025-11-14 14:05:27,588 [INFO] Applying EMA strategy to 5 stocks.
2025-11-14 14:05:44,098 [INFO] Checking trade setups at 2025-11-14 14:05:44
2025-11-14 14:05:44,098 [INFO] Applying EMA strategy to 5 stocks.
2025-11-14 14:05:59,336 [INFO] Checking trade setups at 2025-11-14 14:05:59
2025-11-14 14:05:59,336 [INFO] Applying EMA strategy to 5 stocks.
2025-11-14 14:06:14,302 [INFO] Checking trade setups at 2025-11-14 14:06:14
2025-11-14 14:06:14,302 [INFO] Applying EMA strategy to 5 stocks.
2025-11-14 14:06:19,072 [INFO] Executing trade for NSE:BDL-EQ: {'timestamp': '2025-11-14 14:05', 'action': 'SELL', 'entry_price': 1614.2, 'stop_loss': 1618.7, 'target': 1600.7}
2025-11-14 14:06:19,072 [INFO] after SL after filtering the final SL:4.5, final_target:1600.7, qty:22
2025-11-14 14:06:19,086 [INFO] Max trades reached. Skipping new orders.
2025-11-14 14:06:29,093 [INFO] Checking trade setups at 2025-11-14 14:06:29
2025-11-14 14:06:29,093 [INFO] Applying EMA strategy to 5 stocks.
2025-11-14 14:06:46,854 [INFO] Checking trade setups at 2025-11-14 14:06:46
2025-11-14 14:06:46,854 [INFO] Applying EMA strategy to 5 stocks.
2025-11-14 14:07:07,241 [INFO] Checking trade setups at 2025-11-14 14:07:07
2025-11-14 14:07:07,241 [INFO] Applying EMA strategy to 5 stocks.
2025-11-14 14:07:21,664 [INFO] Checking trade setups at 2025-11-14 14:07:21
2025-11-14 14:07:21,664 [INFO] Applying EMA strategy to 5 stocks.
2025-11-14 14:07:37,347 [INFO] Checking trade setups at 2025-11-14 14:07:37
2025-11-14 14:07:37,347 [INFO] Applying EMA strategy to 5 stocks.
2025-11-14 14:07:51,697 [INFO] Checking trade setups at 2025-11-14 14:07:51
2025-11-14 14:07:51,697 [INFO] Applying EMA strategy to 5 stocks.
2025-11-14 14:08:06,209 [INFO] Checking trade setups at 2025-11-14 14:08:06
2025-11-14 14:08:06,209 [INFO] Applying EMA strategy to 5 stocks.
2025-11-14 14:08:21,385 [INFO] Checking trade setups at 2025-11-14 14:08:21
2025-11-14 14:08:21,385 [INFO] Applying EMA strategy to 5 stocks.
2025-11-14 14:08:37,057 [INFO] Checking trade setups at 2025-11-14 14:08:37
2025-11-14 14:08:37,057 [INFO] Applying EMA strategy to 5 stocks.
2025-11-14 14:08:51,081 [INFO] Checking trade setups at 2025-11-14 14:08:51
2025-11-14 14:08:51,081 [INFO] Applying EMA strategy to 5 stocks.
2025-11-14 14:09:06,223 [INFO] Checking trade setups at 2025-11-14 14:09:06
2025-11-14 14:09:06,224 [INFO] Applying EMA strategy to 5 stocks.
2025-11-14 14:09:21,805 [INFO] Checking trade setups at 2025-11-14 14:09:21
2025-11-14 14:09:21,805 [INFO] Applying EMA strategy to 5 stocks.
2025-11-14 14:09:35,508 [INFO] Checking trade setups at 2025-11-14 14:09:35
2025-11-14 14:09:35,508 [INFO] Applying EMA strategy to 5 stocks.
2025-11-14 14:09:50,412 [INFO] Checking trade setups at 2025-11-14 14:09:50
2025-11-14 14:09:50,412 [INFO] Applying EMA strategy to 5 stocks.
2025-11-14 14:10:04,578 [INFO] Checking trade setups at 2025-11-14 14:10:04
2025-11-14 14:10:04,578 [INFO] Applying EMA strategy to 5 stocks.
2025-11-14 14:10:21,932 [INFO] Checking trade setups at 2025-11-14 14:10:21
2025-11-14 14:10:21,932 [INFO] Applying EMA strategy to 5 stocks.
2025-11-14 14:10:35,921 [INFO] Checking trade setups at 2025-11-14 14:10:35
2025-11-14 14:10:35,921 [INFO] Applying EMA strategy to 5 stocks.
2025-11-14 14:10:49,658 [INFO] Checking trade setups at 2025-11-14 14:10:49
2025-11-14 14:10:49,658 [INFO] Applying EMA strategy to 5 stocks.
2025-11-14 14:11:04,485 [INFO] Checking trade setups at 2025-11-14 14:11:04
2025-11-14 14:11:04,485 [INFO] Applying EMA strategy to 5 stocks.
2025-11-14 14:11:18,597 [INFO] Checking trade setups at 2025-11-14 14:11:18
2025-11-14 14:11:18,597 [INFO] Applying EMA strategy to 5 stocks.
2025-11-14 14:11:33,709 [INFO] Checking trade setups at 2025-11-14 14:11:33
2025-11-14 14:11:33,709 [INFO] Applying EMA strategy to 5 stocks.
2025-11-14 14:11:48,733 [INFO] Checking trade setups at 2025-11-14 14:11:48
2025-11-14 14:11:48,733 [INFO] Applying EMA strategy to 5 stocks.
2025-11-14 14:12:02,864 [INFO] Checking trade setups at 2025-11-14 14:12:02
2025-11-14 14:12:02,864 [INFO] Applying EMA strategy to 5 stocks.
2025-11-14 14:12:16,477 [INFO] Checking trade setups at 2025-11-14 14:12:16
2025-11-14 14:12:16,478 [INFO] Applying EMA strategy to 5 stocks.
2025-11-14 14:12:32,551 [INFO] Checking trade setups at 2025-11-14 14:12:32
2025-11-14 14:12:32,552 [INFO] Applying EMA strategy to 5 stocks.
2025-11-14 14:12:46,282 [INFO] Checking trade setups at 2025-11-14 14:12:46
2025-11-14 14:12:46,283 [INFO] Applying EMA strategy to 5 stocks.
2025-11-14 14:13:00,208 [INFO] Checking trade setups at 2025-11-14 14:13:00
2025-11-14 14:13:00,208 [INFO] Applying EMA strategy to 5 stocks.
2025-11-14 14:13:15,139 [INFO] Checking trade setups at 2025-11-14 14:13:15
2025-11-14 14:13:15,139 [INFO] Applying EMA strategy to 5 stocks.
2025-11-14 14:13:29,210 [INFO] Checking trade setups at 2025-11-14 14:13:29
2025-11-14 14:13:29,210 [INFO] Applying EMA strategy to 5 stocks.
2025-11-14 14:13:42,844 [INFO] Checking trade setups at 2025-11-14 14:13:42
2025-11-14 14:13:42,844 [INFO] Applying EMA strategy to 5 stocks.
2025-11-14 14:13:57,762 [INFO] Checking trade setups at 2025-11-14 14:13:57
2025-11-14 14:13:57,762 [INFO] Applying EMA strategy to 5 stocks.
2025-11-14 14:14:12,210 [INFO] Checking trade setups at 2025-11-14 14:14:12
2025-11-14 14:14:12,210 [INFO] Applying EMA strategy to 5 stocks.
2025-11-14 14:14:27,046 [INFO] Checking trade setups at 2025-11-14 14:14:27
2025-11-14 14:14:27,046 [INFO] Applying EMA strategy to 5 stocks.
2025-11-14 14:14:42,607 [INFO] Checking trade setups at 2025-11-14 14:14:42
2025-11-14 14:14:42,607 [INFO] Applying EMA strategy to 5 stocks.
2025-11-14 14:14:57,049 [INFO] Checking trade setups at 2025-11-14 14:14:57
2025-11-14 14:14:57,050 [INFO] Applying EMA strategy to 5 stocks.
2025-11-14 14:15:11,479 [INFO] Checking trade setups at 2025-11-14 14:15:11
2025-11-14 14:15:11,479 [INFO] Applying EMA strategy to 5 stocks.
2025-11-14 14:15:25,941 [INFO] Checking trade setups at 2025-11-14 14:15:25
2025-11-14 14:15:25,942 [INFO] Applying EMA strategy to 5 stocks.
2025-11-14 14:15:27,505 [INFO] Executing trade for NSE:GPIL-EQ: {'timestamp': '2025-11-14 14:15', 'action': 'SELL', 'entry_price': 276.3, 'stop_loss': 276.75, 'target': 274.95000000000005}
2025-11-14 14:15:27,505 [INFO] after SL after filtering the final SL:0.51, final_target:274.77, qty:196
2025-11-14 14:15:27,521 [INFO] Max trades reached. Skipping new orders.
2025-11-14 14:15:40,172 [INFO] Checking trade setups at 2025-11-14 14:15:40
2025-11-14 14:15:40,172 [INFO] Applying EMA strategy to 5 stocks.
2025-11-14 14:15:56,650 [INFO] Checking trade setups at 2025-11-14 14:15:56
2025-11-14 14:15:56,650 [INFO] Applying EMA strategy to 5 stocks.
2025-11-14 14:16:13,030 [INFO] Checking trade setups at 2025-11-14 14:16:13
2025-11-14 14:16:13,030 [INFO] Applying EMA strategy to 5 stocks.
2025-11-14 14:16:28,752 [INFO] Checking trade setups at 2025-11-14 14:16:28
2025-11-14 14:16:28,752 [INFO] Applying EMA strategy to 5 stocks.
2025-11-14 14:16:45,229 [INFO] Checking trade setups at 2025-11-14 14:16:45
2025-11-14 14:16:45,229 [INFO] Applying EMA strategy to 5 stocks.
2025-11-14 14:16:59,319 [INFO] Checking trade setups at 2025-11-14 14:16:59
2025-11-14 14:16:59,319 [INFO] Applying EMA strategy to 5 stocks.
2025-11-14 14:17:15,700 [INFO] Checking trade setups at 2025-11-14 14:17:15
2025-11-14 14:17:15,700 [INFO] Applying EMA strategy to 5 stocks.
2025-11-14 14:17:29,537 [INFO] Checking trade setups at 2025-11-14 14:17:29
2025-11-14 14:17:29,537 [INFO] Applying EMA strategy to 5 stocks.
2025-11-14 14:17:45,313 [INFO] Checking trade setups at 2025-11-14 14:17:45
2025-11-14 14:17:45,313 [INFO] Applying EMA strategy to 5 stocks.
2025-11-14 14:18:01,390 [INFO] Checking trade setups at 2025-11-14 14:18:01
2025-11-14 14:18:01,390 [INFO] Applying EMA strategy to 5 stocks.
2025-11-14 14:18:16,229 [INFO] Checking trade setups at 2025-11-14 14:18:16
2025-11-14 14:18:16,229 [INFO] Applying EMA strategy to 5 stocks.
2025-11-14 14:18:30,670 [INFO] Checking trade setups at 2025-11-14 14:18:30
2025-11-14 14:18:30,670 [INFO] Applying EMA strategy to 5 stocks.
2025-11-14 14:18:50,682 [INFO] Checking trade setups at 2025-11-14 14:18:50
2025-11-14 14:18:50,682 [INFO] Applying EMA strategy to 5 stocks.
2025-11-14 14:19:05,075 [INFO] Checking trade setups at 2025-11-14 14:19:05
2025-11-14 14:19:05,077 [INFO] Applying EMA strategy to 5 stocks.
2025-11-14 14:19:20,937 [INFO] Checking trade setups at 2025-11-14 14:19:20
2025-11-14 14:19:20,937 [INFO] Applying EMA strategy to 5 stocks.
2025-11-14 14:19:36,319 [INFO] Checking trade setups at 2025-11-14 14:19:36
2025-11-14 14:19:36,319 [INFO] Applying EMA strategy to 5 stocks.
2025-11-14 14:19:53,524 [INFO] Checking trade setups at 2025-11-14 14:19:53
2025-11-14 14:19:53,524 [INFO] Applying EMA strategy to 5 stocks.
2025-11-14 14:20:07,346 [INFO] Checking trade setups at 2025-11-14 14:20:07
2025-11-14 14:20:07,346 [INFO] Applying EMA strategy to 5 stocks.
2025-11-14 14:20:24,159 [INFO] Checking trade setups at 2025-11-14 14:20:24
2025-11-14 14:20:24,159 [INFO] Applying EMA strategy to 5 stocks.
2025-11-14 14:20:38,253 [INFO] Checking trade setups at 2025-11-14 14:20:38
2025-11-14 14:20:38,253 [INFO] Applying EMA strategy to 5 stocks.
2025-11-14 14:20:54,873 [INFO] Checking trade setups at 2025-11-14 14:20:54
2025-11-14 14:20:54,873 [INFO] Applying EMA strategy to 5 stocks.
2025-11-14 14:21:10,602 [INFO] Checking trade setups at 2025-11-14 14:21:10
2025-11-14 14:21:10,602 [INFO] Applying EMA strategy to 5 stocks.
2025-11-14 14:21:25,424 [INFO] Checking trade setups at 2025-11-14 14:21:25
2025-11-14 14:21:25,424 [INFO] Applying EMA strategy to 5 stocks.
2025-11-14 14:21:40,133 [INFO] Checking trade setups at 2025-11-14 14:21:40
2025-11-14 14:21:40,133 [INFO] Applying EMA strategy to 5 stocks.
2025-11-14 14:21:42,799 [INFO] Executing trade for NSE:GMRAIRPORT-EQ: {'timestamp': '2025-11-14 14:20', 'action': 'SELL', 'entry_price': 95.56, 'stop_loss': 95.71, 'target': 95.11000000000003}
2025-11-14 14:21:42,801 [INFO] after SL after filtering the final SL:0.51, final_target:94.03, qty:196
2025-11-14 14:21:42,816 [INFO] Max trades reached. Skipping new orders.
2025-11-14 14:21:54,775 [INFO] Checking trade setups at 2025-11-14 14:21:54
2025-11-14 14:21:54,775 [INFO] Applying EMA strategy to 5 stocks.
2025-11-14 14:22:09,820 [INFO] Checking trade setups at 2025-11-14 14:22:09
2025-11-14 14:22:09,821 [INFO] Applying EMA strategy to 5 stocks.
2025-11-14 14:22:27,836 [INFO] Checking trade setups at 2025-11-14 14:22:27
2025-11-14 14:22:27,837 [INFO] Applying EMA strategy to 5 stocks.
2025-11-14 14:22:42,492 [INFO] Checking trade setups at 2025-11-14 14:22:42
2025-11-14 14:22:42,492 [INFO] Applying EMA strategy to 5 stocks.
2025-11-14 14:22:57,235 [INFO] Checking trade setups at 2025-11-14 14:22:57
2025-11-14 14:22:57,235 [INFO] Applying EMA strategy to 5 stocks.
2025-11-14 14:23:12,371 [INFO] Checking trade setups at 2025-11-14 14:23:12
2025-11-14 14:23:12,371 [INFO] Applying EMA strategy to 5 stocks.
2025-11-14 14:23:26,917 [INFO] Checking trade setups at 2025-11-14 14:23:26
2025-11-14 14:23:26,917 [INFO] Applying EMA strategy to 5 stocks.
2025-11-14 14:23:41,057 [INFO] Checking trade setups at 2025-11-14 14:23:41
2025-11-14 14:23:41,057 [INFO] Applying EMA strategy to 5 stocks.
2025-11-14 14:23:55,592 [INFO] Checking trade setups at 2025-11-14 14:23:55
2025-11-14 14:23:55,592 [INFO] Applying EMA strategy to 5 stocks.
2025-11-14 14:24:12,887 [INFO] Checking trade setups at 2025-11-14 14:24:12
2025-11-14 14:24:12,887 [INFO] Applying EMA strategy to 5 stocks.
2025-11-14 14:24:27,954 [INFO] Checking trade setups at 2025-11-14 14:24:27
2025-11-14 14:24:27,954 [INFO] Applying EMA strategy to 5 stocks.
2025-11-14 14:24:42,815 [INFO] Checking trade setups at 2025-11-14 14:24:42
2025-11-14 14:24:42,815 [INFO] Applying EMA strategy to 5 stocks.
2025-11-14 14:24:58,377 [INFO] Checking trade setups at 2025-11-14 14:24:58
2025-11-14 14:24:58,377 [INFO] Applying EMA strategy to 5 stocks.
2025-11-14 14:25:17,614 [INFO] Checking trade setups at 2025-11-14 14:25:17
2025-11-14 14:25:17,614 [INFO] Applying EMA strategy to 5 stocks.
2025-11-14 14:25:31,862 [INFO] Checking trade setups at 2025-11-14 14:25:31
2025-11-14 14:25:31,862 [INFO] Applying EMA strategy to 5 stocks.
2025-11-14 14:25:47,437 [INFO] Checking trade setups at 2025-11-14 14:25:47
2025-11-14 14:25:47,437 [INFO] Applying EMA strategy to 5 stocks.
2025-11-14 14:26:02,710 [INFO] Checking trade setups at 2025-11-14 14:26:02
2025-11-14 14:26:02,710 [INFO] Applying EMA strategy to 5 stocks.
2025-11-14 14:26:16,704 [INFO] Checking trade setups at 2025-11-14 14:26:16
2025-11-14 14:26:16,704 [INFO] Applying EMA strategy to 5 stocks.
2025-11-14 14:26:33,514 [INFO] Checking trade setups at 2025-11-14 14:26:33
2025-11-14 14:26:33,517 [INFO] Applying EMA strategy to 5 stocks.
2025-11-14 14:26:47,327 [INFO] Checking trade setups at 2025-11-14 14:26:47
2025-11-14 14:26:47,327 [INFO] Applying EMA strategy to 5 stocks.
2025-11-14 14:27:03,126 [INFO] Checking trade setups at 2025-11-14 14:27:03
2025-11-14 14:27:03,126 [INFO] Applying EMA strategy to 5 stocks.
2025-11-14 14:27:17,030 [INFO] Checking trade setups at 2025-11-14 14:27:17
2025-11-14 14:27:17,030 [INFO] Applying EMA strategy to 5 stocks.
2025-11-14 14:27:21,269 [INFO] Executing trade for NSE:GMRAIRPORT-EQ: {'timestamp': '2025-11-14 14:25', 'action': 'SELL', 'entry_price': 95.54, 'stop_loss': 95.65, 'target': 95.21000000000001}
2025-11-14 14:27:21,269 [INFO] after SL after filtering the final SL:0.51, final_target:94.01, qty:196
2025-11-14 14:27:21,285 [INFO] Max trades reached. Skipping new orders.
2025-11-14 14:27:33,428 [INFO] Checking trade setups at 2025-11-14 14:27:33
2025-11-14 14:27:33,428 [INFO] Applying EMA strategy to 5 stocks.
2025-11-14 14:27:47,328 [INFO] Checking trade setups at 2025-11-14 14:27:47
2025-11-14 14:27:47,328 [INFO] Applying EMA strategy to 5 stocks.
2025-11-14 14:28:01,375 [INFO] Checking trade setups at 2025-11-14 14:28:01
2025-11-14 14:28:01,376 [INFO] Applying EMA strategy to 5 stocks.
2025-11-14 14:28:16,111 [INFO] Checking trade setups at 2025-11-14 14:28:16
2025-11-14 14:28:16,112 [INFO] Applying EMA strategy to 5 stocks.
2025-11-14 14:28:30,659 [INFO] Checking trade setups at 2025-11-14 14:28:30
2025-11-14 14:28:30,659 [INFO] Applying EMA strategy to 5 stocks.
2025-11-14 14:28:44,466 [INFO] Checking trade setups at 2025-11-14 14:28:44
2025-11-14 14:28:44,467 [INFO] Applying EMA strategy to 5 stocks.
2025-11-14 14:28:58,944 [INFO] Checking trade setups at 2025-11-14 14:28:58
2025-11-14 14:28:58,944 [INFO] Applying EMA strategy to 5 stocks.
2025-11-14 14:29:12,842 [INFO] Checking trade setups at 2025-11-14 14:29:12
2025-11-14 14:29:12,842 [INFO] Applying EMA strategy to 5 stocks.
2025-11-14 14:29:27,067 [INFO] Checking trade setups at 2025-11-14 14:29:27
2025-11-14 14:29:27,069 [INFO] Applying EMA strategy to 5 stocks.
2025-11-14 14:29:41,920 [INFO] Checking trade setups at 2025-11-14 14:29:41
2025-11-14 14:29:41,920 [INFO] Applying EMA strategy to 5 stocks.
2025-11-14 14:29:57,590 [INFO] Checking trade setups at 2025-11-14 14:29:57
2025-11-14 14:29:57,590 [INFO] Applying EMA strategy to 5 stocks.
2025-11-14 14:30:12,279 [INFO] Checking trade setups at 2025-11-14 14:30:12
2025-11-14 14:30:12,279 [INFO] Applying EMA strategy to 5 stocks.
2025-11-14 14:30:26,258 [INFO] Checking trade setups at 2025-11-14 14:30:26
2025-11-14 14:30:26,258 [INFO] Applying EMA strategy to 5 stocks.
2025-11-14 14:30:41,430 [INFO] Checking trade setups at 2025-11-14 14:30:41
2025-11-14 14:30:41,431 [INFO] Applying EMA strategy to 5 stocks.
2025-11-14 14:30:57,197 [INFO] Checking trade setups at 2025-11-14 14:30:57
2025-11-14 14:30:57,197 [INFO] Applying EMA strategy to 5 stocks.
2025-11-14 14:31:12,042 [INFO] Checking trade setups at 2025-11-14 14:31:12
2025-11-14 14:31:12,042 [INFO] Applying EMA strategy to 5 stocks.
2025-11-14 14:31:27,104 [INFO] Checking trade setups at 2025-11-14 14:31:27
2025-11-14 14:31:27,104 [INFO] Applying EMA strategy to 5 stocks.
2025-11-14 14:31:41,423 [INFO] Checking trade setups at 2025-11-14 14:31:41
2025-11-14 14:31:41,423 [INFO] Applying EMA strategy to 5 stocks.
2025-11-14 14:31:57,915 [INFO] Checking trade setups at 2025-11-14 14:31:57
2025-11-14 14:31:57,915 [INFO] Applying EMA strategy to 5 stocks.
2025-11-14 14:32:13,995 [INFO] Checking trade setups at 2025-11-14 14:32:13
2025-11-14 14:32:13,996 [INFO] Applying EMA strategy to 5 stocks.
2025-11-14 14:32:28,229 [INFO] Checking trade setups at 2025-11-14 14:32:28
2025-11-14 14:32:28,229 [INFO] Applying EMA strategy to 5 stocks.
2025-11-14 14:32:44,096 [INFO] Checking trade setups at 2025-11-14 14:32:44
2025-11-14 14:32:44,096 [INFO] Applying EMA strategy to 5 stocks.
2025-11-14 14:33:00,493 [INFO] Checking trade setups at 2025-11-14 14:33:00
2025-11-14 14:33:00,493 [INFO] Applying EMA strategy to 5 stocks.
2025-11-14 14:33:17,604 [INFO] Checking trade setups at 2025-11-14 14:33:17
2025-11-14 14:33:17,606 [INFO] Applying EMA strategy to 5 stocks.
2025-11-14 14:33:34,078 [INFO] Checking trade setups at 2025-11-14 14:33:34
2025-11-14 14:33:34,078 [INFO] Applying EMA strategy to 5 stocks.
2025-11-14 14:33:49,737 [INFO] Checking trade setups at 2025-11-14 14:33:49
2025-11-14 14:33:49,737 [INFO] Applying EMA strategy to 5 stocks.
2025-11-14 14:34:05,826 [INFO] Checking trade setups at 2025-11-14 14:34:05
2025-11-14 14:34:05,826 [INFO] Applying EMA strategy to 5 stocks.
2025-11-14 14:34:20,551 [INFO] Checking trade setups at 2025-11-14 14:34:20
2025-11-14 14:34:20,551 [INFO] Applying EMA strategy to 5 stocks.
2025-11-14 14:34:36,245 [INFO] Checking trade setups at 2025-11-14 14:34:36
2025-11-14 14:34:36,245 [INFO] Applying EMA strategy to 5 stocks.
2025-11-14 14:34:50,464 [INFO] Checking trade setups at 2025-11-14 14:34:50
2025-11-14 14:34:50,464 [INFO] Applying EMA strategy to 5 stocks.
2025-11-14 14:35:06,405 [INFO] Checking trade setups at 2025-11-14 14:35:06
2025-11-14 14:35:06,405 [INFO] Applying EMA strategy to 5 stocks.
2025-11-14 14:35:20,668 [INFO] Checking trade setups at 2025-11-14 14:35:20
2025-11-14 14:35:20,669 [INFO] Applying EMA strategy to 5 stocks.
2025-11-14 14:35:35,542 [INFO] Checking trade setups at 2025-11-14 14:35:35
2025-11-14 14:35:35,542 [INFO] Applying EMA strategy to 5 stocks.
2025-11-14 14:35:50,629 [INFO] Checking trade setups at 2025-11-14 14:35:50
2025-11-14 14:35:50,637 [INFO] Applying EMA strategy to 5 stocks.
2025-11-14 14:36:08,190 [INFO] Checking trade setups at 2025-11-14 14:36:08
2025-11-14 14:36:08,190 [INFO] Applying EMA strategy to 5 stocks.
2025-11-14 14:36:22,221 [INFO] Checking trade setups at 2025-11-14 14:36:22
2025-11-14 14:36:22,221 [INFO] Applying EMA strategy to 5 stocks.
2025-11-14 14:36:36,968 [INFO] Checking trade setups at 2025-11-14 14:36:36
2025-11-14 14:36:36,968 [INFO] Applying EMA strategy to 5 stocks.
2025-11-14 14:36:51,651 [INFO] Checking trade setups at 2025-11-14 14:36:51
2025-11-14 14:36:51,652 [INFO] Applying EMA strategy to 5 stocks.
2025-11-14 14:37:05,423 [INFO] Checking trade setups at 2025-11-14 14:37:05
2025-11-14 14:37:05,423 [INFO] Applying EMA strategy to 5 stocks.
2025-11-14 14:37:19,360 [INFO] Checking trade setups at 2025-11-14 14:37:19
2025-11-14 14:37:19,360 [INFO] Applying EMA strategy to 5 stocks.
2025-11-14 14:37:34,723 [INFO] Checking trade setups at 2025-11-14 14:37:34
2025-11-14 14:37:34,723 [INFO] Applying EMA strategy to 5 stocks.
2025-11-14 14:37:48,659 [INFO] Checking trade setups at 2025-11-14 14:37:48
2025-11-14 14:37:48,659 [INFO] Applying EMA strategy to 5 stocks.
2025-11-14 14:38:03,284 [INFO] Checking trade setups at 2025-11-14 14:38:03
2025-11-14 14:38:03,284 [INFO] Applying EMA strategy to 5 stocks.
2025-11-14 14:38:18,577 [INFO] Checking trade setups at 2025-11-14 14:38:18
2025-11-14 14:38:18,578 [INFO] Applying EMA strategy to 5 stocks.
2025-11-14 14:38:32,789 [INFO] Checking trade setups at 2025-11-14 14:38:32
2025-11-14 14:38:32,789 [INFO] Applying EMA strategy to 5 stocks.
2025-11-14 14:38:47,735 [INFO] Checking trade setups at 2025-11-14 14:38:47
2025-11-14 14:38:47,735 [INFO] Applying EMA strategy to 5 stocks.
2025-11-14 14:39:02,269 [INFO] Checking trade setups at 2025-11-14 14:39:02
2025-11-14 14:39:02,269 [INFO] Applying EMA strategy to 5 stocks.
2025-11-14 14:39:18,877 [INFO] Checking trade setups at 2025-11-14 14:39:18
2025-11-14 14:39:18,877 [INFO] Applying EMA strategy to 5 stocks.
2025-11-14 14:39:33,302 [INFO] Checking trade setups at 2025-11-14 14:39:33
2025-11-14 14:39:33,302 [INFO] Applying EMA strategy to 5 stocks.
2025-11-14 14:39:52,365 [INFO] Checking trade setups at 2025-11-14 14:39:52
2025-11-14 14:39:52,366 [INFO] Applying EMA strategy to 5 stocks.
2025-11-14 14:40:05,966 [INFO] Checking trade setups at 2025-11-14 14:40:05
2025-11-14 14:40:05,966 [INFO] Applying EMA strategy to 5 stocks.
2025-11-14 14:40:21,430 [INFO] Checking trade setups at 2025-11-14 14:40:21
2025-11-14 14:40:21,430 [INFO] Applying EMA strategy to 5 stocks.
2025-11-14 14:40:36,587 [INFO] Checking trade setups at 2025-11-14 14:40:36
2025-11-14 14:40:36,587 [INFO] Applying EMA strategy to 5 stocks.
2025-11-14 14:40:50,420 [INFO] Checking trade setups at 2025-11-14 14:40:50
2025-11-14 14:40:50,420 [INFO] Applying EMA strategy to 5 stocks.
2025-11-14 14:41:04,172 [INFO] Checking trade setups at 2025-11-14 14:41:04
2025-11-14 14:41:04,172 [INFO] Applying EMA strategy to 5 stocks.
2025-11-14 14:41:18,363 [INFO] Checking trade setups at 2025-11-14 14:41:18
2025-11-14 14:41:18,363 [INFO] Applying EMA strategy to 5 stocks.
2025-11-14 14:41:32,191 [INFO] Checking trade setups at 2025-11-14 14:41:32
2025-11-14 14:41:32,191 [INFO] Applying EMA strategy to 5 stocks.
2025-11-14 14:41:46,141 [INFO] Checking trade setups at 2025-11-14 14:41:46
2025-11-14 14:41:46,141 [INFO] Applying EMA strategy to 5 stocks.
2025-11-14 14:42:00,260 [INFO] Checking trade setups at 2025-11-14 14:42:00
2025-11-14 14:42:00,260 [INFO] Applying EMA strategy to 5 stocks.
2025-11-14 14:42:17,680 [INFO] Checking trade setups at 2025-11-14 14:42:17
2025-11-14 14:42:17,680 [INFO] Applying EMA strategy to 5 stocks.
2025-11-14 14:42:32,099 [INFO] Checking trade setups at 2025-11-14 14:42:32
2025-11-14 14:42:32,099 [INFO] Applying EMA strategy to 5 stocks.
2025-11-14 14:42:46,950 [INFO] Checking trade setups at 2025-11-14 14:42:46
2025-11-14 14:42:46,950 [INFO] Applying EMA strategy to 5 stocks.
2025-11-14 14:43:01,970 [INFO] Checking trade setups at 2025-11-14 14:43:01
2025-11-14 14:43:01,971 [INFO] Applying EMA strategy to 5 stocks.
2025-11-14 14:43:16,337 [INFO] Checking trade setups at 2025-11-14 14:43:16
2025-11-14 14:43:16,337 [INFO] Applying EMA strategy to 5 stocks.
2025-11-14 14:43:30,390 [INFO] Checking trade setups at 2025-11-14 14:43:30
2025-11-14 14:43:30,390 [INFO] Applying EMA strategy to 5 stocks.
2025-11-14 14:43:44,189 [INFO] Checking trade setups at 2025-11-14 14:43:44
2025-11-14 14:43:44,191 [INFO] Applying EMA strategy to 5 stocks.
2025-11-14 14:44:00,103 [INFO] Checking trade setups at 2025-11-14 14:44:00
2025-11-14 14:44:00,103 [INFO] Applying EMA strategy to 5 stocks.
2025-11-14 14:44:16,050 [INFO] Checking trade setups at 2025-11-14 14:44:16
2025-11-14 14:44:16,050 [INFO] Applying EMA strategy to 5 stocks.
2025-11-14 14:44:30,605 [INFO] Checking trade setups at 2025-11-14 14:44:30
2025-11-14 14:44:30,605 [INFO] Applying EMA strategy to 5 stocks.
2025-11-14 14:44:45,023 [INFO] Checking trade setups at 2025-11-14 14:44:45
2025-11-14 14:44:45,023 [INFO] Applying EMA strategy to 5 stocks.
2025-11-14 14:45:01,820 [INFO] Checking trade setups at 2025-11-14 14:45:01
2025-11-14 14:45:01,820 [INFO] Applying EMA strategy to 5 stocks.
2025-11-14 14:45:17,172 [INFO] Checking trade setups at 2025-11-14 14:45:17
2025-11-14 14:45:17,172 [INFO] Applying EMA strategy to 5 stocks.
2025-11-14 14:45:34,314 [INFO] Checking trade setups at 2025-11-14 14:45:34
2025-11-14 14:45:34,314 [INFO] Applying EMA strategy to 5 stocks.
2025-11-14 14:45:48,517 [INFO] Checking trade setups at 2025-11-14 14:45:48
2025-11-14 14:45:48,517 [INFO] Applying EMA strategy to 5 stocks.
2025-11-14 14:46:06,325 [INFO] Checking trade setups at 2025-11-14 14:46:06
2025-11-14 14:46:06,325 [INFO] Applying EMA strategy to 5 stocks.
2025-11-14 14:46:24,411 [INFO] Checking trade setups at 2025-11-14 14:46:24
2025-11-14 14:46:24,411 [INFO] Applying EMA strategy to 5 stocks.
2025-11-14 14:46:38,815 [INFO] Checking trade setups at 2025-11-14 14:46:38
2025-11-14 14:46:38,815 [INFO] Applying EMA strategy to 5 stocks.
2025-11-14 14:46:53,330 [INFO] Checking trade setups at 2025-11-14 14:46:53
2025-11-14 14:46:53,330 [INFO] Applying EMA strategy to 5 stocks.
2025-11-14 14:47:14,961 [INFO] Checking trade setups at 2025-11-14 14:47:14
2025-11-14 14:47:14,961 [INFO] Applying EMA strategy to 5 stocks.
2025-11-14 14:47:29,377 [INFO] Checking trade setups at 2025-11-14 14:47:29
2025-11-14 14:47:29,377 [INFO] Applying EMA strategy to 5 stocks.
2025-11-14 14:47:46,286 [INFO] Checking trade setups at 2025-11-14 14:47:46
2025-11-14 14:47:46,287 [INFO] Applying EMA strategy to 5 stocks.
2025-11-14 14:48:03,592 [INFO] Checking trade setups at 2025-11-14 14:48:03
2025-11-14 14:48:03,593 [INFO] Applying EMA strategy to 5 stocks.
2025-11-14 14:48:17,344 [INFO] Checking trade setups at 2025-11-14 14:48:17
2025-11-14 14:48:17,344 [INFO] Applying EMA strategy to 5 stocks.
2025-11-14 14:48:32,165 [INFO] Checking trade setups at 2025-11-14 14:48:32
2025-11-14 14:48:32,165 [INFO] Applying EMA strategy to 5 stocks.
2025-11-14 14:48:46,077 [INFO] Checking trade setups at 2025-11-14 14:48:46
2025-11-14 14:48:46,077 [INFO] Applying EMA strategy to 5 stocks.
2025-11-14 14:49:01,125 [INFO] Checking trade setups at 2025-11-14 14:49:01
2025-11-14 14:49:01,125 [INFO] Applying EMA strategy to 5 stocks.
2025-11-14 14:49:15,626 [INFO] Checking trade setups at 2025-11-14 14:49:15
2025-11-14 14:49:15,626 [INFO] Applying EMA strategy to 5 stocks.
2025-11-14 14:49:31,932 [INFO] Checking trade setups at 2025-11-14 14:49:31
2025-11-14 14:49:31,932 [INFO] Applying EMA strategy to 5 stocks.
2025-11-14 14:49:46,096 [INFO] Checking trade setups at 2025-11-14 14:49:46
2025-11-14 14:49:46,096 [INFO] Applying EMA strategy to 5 stocks.
2025-11-14 14:50:03,800 [INFO] Checking trade setups at 2025-11-14 14:50:03
2025-11-14 14:50:03,800 [INFO] Applying EMA strategy to 5 stocks.
2025-11-14 14:50:18,634 [INFO] Checking trade setups at 2025-11-14 14:50:18
2025-11-14 14:50:18,635 [INFO] Applying EMA strategy to 5 stocks.
2025-11-14 14:50:33,123 [INFO] Checking trade setups at 2025-11-14 14:50:33
2025-11-14 14:50:33,123 [INFO] Applying EMA strategy to 5 stocks.
2025-11-14 14:50:48,959 [INFO] Checking trade setups at 2025-11-14 14:50:48
2025-11-14 14:50:48,959 [INFO] Applying EMA strategy to 5 stocks.
2025-11-14 14:51:06,490 [INFO] Checking trade setups at 2025-11-14 14:51:06
2025-11-14 14:51:06,490 [INFO] Applying EMA strategy to 5 stocks.
2025-11-14 14:51:21,932 [INFO] Checking trade setups at 2025-11-14 14:51:21
2025-11-14 14:51:21,932 [INFO] Applying EMA strategy to 5 stocks.
2025-11-14 14:51:37,528 [INFO] Checking trade setups at 2025-11-14 14:51:37
2025-11-14 14:51:37,528 [INFO] Applying EMA strategy to 5 stocks.
2025-11-14 14:51:53,153 [INFO] Checking trade setups at 2025-11-14 14:51:53
2025-11-14 14:51:53,154 [INFO] Applying EMA strategy to 5 stocks.
2025-11-14 14:52:09,033 [INFO] Checking trade setups at 2025-11-14 14:52:09
2025-11-14 14:52:09,033 [INFO] Applying EMA strategy to 5 stocks.
2025-11-14 14:52:23,171 [INFO] Checking trade setups at 2025-11-14 14:52:23
2025-11-14 14:52:23,171 [INFO] Applying EMA strategy to 5 stocks.
2025-11-14 14:52:38,551 [INFO] Checking trade setups at 2025-11-14 14:52:38
2025-11-14 14:52:38,552 [INFO] Applying EMA strategy to 5 stocks.
2025-11-14 14:52:55,854 [INFO] Checking trade setups at 2025-11-14 14:52:55
2025-11-14 14:52:55,854 [INFO] Applying EMA strategy to 5 stocks.
2025-11-14 14:53:12,134 [INFO] Checking trade setups at 2025-11-14 14:53:12
2025-11-14 14:53:12,134 [INFO] Applying EMA strategy to 5 stocks.
2025-11-14 14:53:26,680 [INFO] Checking trade setups at 2025-11-14 14:53:26
2025-11-14 14:53:26,680 [INFO] Applying EMA strategy to 5 stocks.
2025-11-14 14:53:47,787 [INFO] Checking trade setups at 2025-11-14 14:53:47
2025-11-14 14:53:47,787 [INFO] Applying EMA strategy to 5 stocks.
2025-11-14 14:54:02,825 [INFO] Checking trade setups at 2025-11-14 14:54:02
2025-11-14 14:54:02,825 [INFO] Applying EMA strategy to 5 stocks.
2025-11-14 14:54:19,024 [INFO] Checking trade setups at 2025-11-14 14:54:19
2025-11-14 14:54:19,025 [INFO] Applying EMA strategy to 5 stocks.
2025-11-14 14:54:36,001 [INFO] Checking trade setups at 2025-11-14 14:54:36
2025-11-14 14:54:36,001 [INFO] Applying EMA strategy to 5 stocks.
2025-11-14 14:54:50,224 [INFO] Checking trade setups at 2025-11-14 14:54:50
2025-11-14 14:54:50,224 [INFO] Applying EMA strategy to 5 stocks.
2025-11-14 14:55:07,120 [INFO] Checking trade setups at 2025-11-14 14:55:07
2025-11-14 14:55:07,120 [INFO] Applying EMA strategy to 5 stocks.
2025-11-14 14:55:22,501 [INFO] Checking trade setups at 2025-11-14 14:55:22
2025-11-14 14:55:22,501 [INFO] Applying EMA strategy to 5 stocks.
2025-11-14 14:55:38,473 [INFO] Checking trade setups at 2025-11-14 14:55:38
2025-11-14 14:55:38,473 [INFO] Applying EMA strategy to 5 stocks.
2025-11-14 14:55:53,812 [INFO] Checking trade setups at 2025-11-14 14:55:53
2025-11-14 14:55:53,812 [INFO] Applying EMA strategy to 5 stocks.
2025-11-14 14:56:07,639 [INFO] Checking trade setups at 2025-11-14 14:56:07
2025-11-14 14:56:07,639 [INFO] Applying EMA strategy to 5 stocks.
2025-11-14 14:56:23,932 [INFO] Checking trade setups at 2025-11-14 14:56:23
2025-11-14 14:56:23,932 [INFO] Applying EMA strategy to 5 stocks.
2025-11-14 14:56:46,341 [INFO] Checking trade setups at 2025-11-14 14:56:46
2025-11-14 14:56:46,341 [INFO] Applying EMA strategy to 5 stocks.
2025-11-14 14:57:01,507 [INFO] Checking trade setups at 2025-11-14 14:57:01
2025-11-14 14:57:01,507 [INFO] Applying EMA strategy to 5 stocks.
2025-11-14 14:57:18,200 [INFO] Checking trade setups at 2025-11-14 14:57:18
2025-11-14 14:57:18,200 [INFO] Applying EMA strategy to 5 stocks.
2025-11-14 14:57:35,712 [INFO] Checking trade setups at 2025-11-14 14:57:35
2025-11-14 14:57:35,712 [INFO] Applying EMA strategy to 5 stocks.
2025-11-14 14:57:49,333 [INFO] Checking trade setups at 2025-11-14 14:57:49
2025-11-14 14:57:49,333 [INFO] Applying EMA strategy to 5 stocks.
2025-11-14 14:57:50,376 [INFO] Executing trade for NSE:JUBLFOOD-EQ: {'timestamp': '2025-11-14 14:55', 'action': 'SELL', 'entry_price': 613.2, 'stop_loss': 614.5, 'target': 609.3000000000002}
2025-11-14 14:57:50,380 [INFO] after SL after filtering the final SL:1.3, final_target:609.3, qty:76
2025-11-14 14:57:50,391 [INFO] NSE:JUBLFOOD-EQ already traded today. Skipping.
2025-11-14 14:58:03,971 [INFO] Checking trade setups at 2025-11-14 14:58:03
2025-11-14 14:58:03,972 [INFO] Applying EMA strategy to 5 stocks.
2025-11-14 14:58:18,014 [INFO] Checking trade setups at 2025-11-14 14:58:18
2025-11-14 14:58:18,014 [INFO] Applying EMA strategy to 5 stocks.
2025-11-14 14:58:32,851 [INFO] Checking trade setups at 2025-11-14 14:58:32
2025-11-14 14:58:32,852 [INFO] Applying EMA strategy to 5 stocks.
2025-11-14 14:58:49,343 [INFO] Checking trade setups at 2025-11-14 14:58:49
2025-11-14 14:58:49,343 [INFO] Applying EMA strategy to 5 stocks.
2025-11-14 14:59:04,088 [INFO] Checking trade setups at 2025-11-14 14:59:04
2025-11-14 14:59:04,089 [INFO] Applying EMA strategy to 5 stocks.
2025-11-14 14:59:21,188 [INFO] Checking trade setups at 2025-11-14 14:59:21
2025-11-14 14:59:21,188 [INFO] Applying EMA strategy to 5 stocks.
2025-11-14 14:59:39,511 [INFO] Checking trade setups at 2025-11-14 14:59:39
2025-11-14 14:59:39,511 [INFO] Applying EMA strategy to 5 stocks.
2025-11-14 14:59:54,471 [INFO] Checking trade setups at 2025-11-14 14:59:54
2025-11-14 14:59:54,471 [INFO] Applying EMA strategy to 5 stocks.
2025-11-14 15:00:09,410 [INFO] Market closed. Sleeping for 60 seconds.
2025-11-14 15:01:09,412 [INFO] Market closed. Sleeping for 60 seconds.
2025-11-14 15:02:09,413 [INFO] Market closed. Sleeping for 60 seconds.
2025-11-14 15:03:09,433 [INFO] file filtered_stocks.csv deleted successfully
2025-11-14 15:03:09,468 [INFO] file filtered_stocks.json deleted successfully
2025-11-14 15:03:09,472 [INFO] file gapup_data.csv deleted successfully
2025-11-14 15:03:09,477 [INFO] file gapup_data.json does not exist
2025-11-14 15:03:09,485 [INFO] file trades.txt deleted successfully
2025-11-14 15:03:09,502 [INFO] file GapUp_stocks.json deleted successfully
2025-11-14 15:03:09,523 [INFO] file tamo.txt deleted successfully
2025-11-14 15:03:09,526 [INFO] Market closed for the day. Exiting...
