2025-11-12 07:45:47,742 [INFO] 🔹 Starting trading script...
2025-11-12 07:45:47,742 [INFO] file filtered_stocks.csv does not exist
2025-11-12 07:45:47,742 [INFO] file filtered_stocks.json does not exist
2025-11-12 07:45:47,742 [INFO] file gapup_data.csv does not exist
2025-11-12 07:45:47,742 [INFO] file gapup_data.json does not exist
2025-11-12 07:45:47,742 [INFO] file trades.txt does not exist
2025-11-12 07:45:47,748 [INFO] file GapUp_stocks.json does not exist
2025-11-12 07:45:47,748 [INFO] file tamo.txt does not exist
2025-11-12 07:45:47,748 [INFO] Authenticating with Fyers API...
2025-11-12 07:45:48,450 [INFO] Access token is not valid.
2025-11-12 07:45:49,056 [INFO] verify_client_id success
2025-11-12 07:45:49,059 [INFO] generate_totp success
2025-11-12 07:45:49,593 [INFO] verify_totp_result success
2025-11-12 07:45:51,105 [INFO] verify_pin_result success
2025-11-12 07:45:51,610 [INFO] token_result success
2025-11-12 07:45:52,229 [INFO] validate_authcode success
2025-11-12 07:45:52,262 [INFO] Authentication successful
2025-11-12 07:45:52,277 [INFO] Authentication successful.
2025-11-12 07:45:55,280 [INFO] Creating FyersModel instance with access token...
2025-11-12 07:45:55,280 [INFO] Authenticated Fyers instance created.
2025-11-12 07:45:55,280 [INFO] Fetching new gap-up stocks using WebSocket...
2025-11-12 07:45:56,042 [INFO] Loaded 499 symbols from Stock_list.xlsx.
2025-11-12 07:45:56,557 [INFO] Websocket connected
2025-11-12 07:45:56,577 [INFO] Response: {'type': 'cn', 'code': 200, 'message': 'Authentication done', 's': 'ok'}
2025-11-12 07:45:56,651 [INFO] Response: {'type': 'ful', 'code': 200, 'message': 'Full Mode On', 's': 'ok'}
2025-11-12 07:45:58,085 [INFO] WebSocket connection opened. Subscribing to data...
2025-11-12 07:45:59,109 [INFO] Response: {'type': 'sub', 'code': 200, 'message': 'Subscribed', 's': 'ok'}
2025-11-12 07:46:14,108 [INFO] Connection closed: {'code': 200, 'message': 'Connection Closed', 's': 'ok'}
2025-11-12 07:46:16,564 [INFO] Evaluating for gap-up stocks...
2025-11-12 07:46:16,565 [INFO] No gap-up stocks found.
2025-11-12 07:46:16,571 [INFO] Gap-up stocks found: 0
2025-11-12 07:46:16,575 [INFO] Symbol              Gap Up %    Avg Volume  Status
2025-11-12 07:46:16,581 [INFO] ------------------------------------------------------------
2025-11-12 07:46:16,595 [INFO] No stocks passed volume filter. Retrying (1)...
2025-11-12 07:46:19,633 [INFO] Symbol              Gap Up %    Avg Volume  Status
2025-11-12 07:46:19,633 [INFO] ------------------------------------------------------------
2025-11-12 07:46:19,636 [INFO] No stocks passed volume filter. Retrying (0)...
2025-11-12 07:46:22,639 [INFO] No stocks passed after retries. Exiting.
2025-11-12 09:15:26,917 [INFO] 🔹 Starting trading script...
2025-11-12 09:15:26,917 [INFO] file filtered_stocks.csv deleted successfully
2025-11-12 09:15:26,917 [INFO] file filtered_stocks.json does not exist
2025-11-12 09:15:26,917 [INFO] file gapup_data.csv does not exist
2025-11-12 09:15:26,917 [INFO] file gapup_data.json does not exist
2025-11-12 09:15:26,917 [INFO] file trades.txt does not exist
2025-11-12 09:15:26,922 [INFO] file GapUp_stocks.json deleted successfully
2025-11-12 09:15:26,923 [INFO] file tamo.txt does not exist
2025-11-12 09:15:26,923 [INFO] Authenticating with Fyers API...
2025-11-12 09:15:27,499 [INFO] Access token is valid.
2025-11-12 09:15:27,499 [INFO] Authentication successful.
2025-11-12 09:15:30,501 [INFO] Creating FyersModel instance with access token...
2025-11-12 09:15:30,503 [INFO] Authenticated Fyers instance created.
2025-11-12 09:15:30,503 [INFO] Fetching new gap-up stocks using WebSocket...
2025-11-12 09:15:31,067 [INFO] Loaded 499 symbols from Stock_list.xlsx.
2025-11-12 09:15:31,947 [INFO] Websocket connected
2025-11-12 09:15:32,293 [INFO] Response: {'type': 'cn', 'code': 200, 'message': 'Authentication done', 's': 'ok'}
2025-11-12 09:15:32,484 [INFO] Response: {'type': 'ful', 'code': 200, 'message': 'Full Mode On', 's': 'ok'}
2025-11-12 09:15:33,080 [INFO] WebSocket connection opened. Subscribing to data...
2025-11-12 09:15:34,478 [INFO] Response: {'type': 'sub', 'code': 200, 'message': 'Subscribed', 's': 'ok'}
2025-11-12 09:15:49,374 [INFO] Connection closed: {'code': 200, 'message': 'Connection Closed', 's': 'ok'}
2025-11-12 09:15:51,951 [INFO] Evaluating for gap-up stocks...
2025-11-12 09:15:51,963 [INFO] Gap-up stocks saved to gapup_data.csv with 8 entries.
2025-11-12 09:15:51,971 [INFO] Total gap-up stocks found: 8
2025-11-12 09:15:52,005 [INFO] Gap-up stocks found: 8
2025-11-12 09:15:57,653 [INFO] Symbol              Gap Up %    Avg Volume  Status
2025-11-12 09:15:57,653 [INFO] ------------------------------------------------------------
2025-11-12 09:15:57,653 [INFO] Included NSE:MAXHEALTH-EQ | Volume: 4208752
2025-11-12 09:15:57,655 [INFO] Included NSE:LALPATHLAB-EQ | Volume: 136320
2025-11-12 09:15:57,655 [INFO] Included NSE:BAJAJHLDNG-EQ | Volume: 70535
2025-11-12 09:15:57,655 [INFO] Included NSE:TARIL-EQ | Volume: 858476
2025-11-12 09:15:57,655 [INFO] Included NSE:BSE-EQ | Volume: 4958122
2025-11-12 09:15:57,658 [INFO] Included NSE:IFCI-EQ | Volume: 8539175
2025-11-12 09:15:57,658 [INFO] Included NSE:KIRLOSENG-EQ | Volume: 402507
2025-11-12 09:15:57,658 [INFO] Included NSE:EIDPARRY-EQ | Volume: 150837
2025-11-12 09:15:57,675 [INFO] Entering monitoring loop...
2025-11-12 09:15:57,675 [INFO] Checking trade setups at 2025-11-12 09:15:57
2025-11-12 09:15:57,675 [INFO] Applying EMA strategy to 8 stocks.
2025-11-12 09:16:13,048 [INFO] Checking trade setups at 2025-11-12 09:16:13
2025-11-12 09:16:13,048 [INFO] Applying EMA strategy to 8 stocks.
2025-11-12 09:16:29,945 [INFO] Checking trade setups at 2025-11-12 09:16:29
2025-11-12 09:16:29,945 [INFO] Applying EMA strategy to 8 stocks.
2025-11-12 09:16:46,630 [INFO] Checking trade setups at 2025-11-12 09:16:46
2025-11-12 09:16:46,630 [INFO] Applying EMA strategy to 8 stocks.
2025-11-12 09:17:02,825 [INFO] Checking trade setups at 2025-11-12 09:17:02
2025-11-12 09:17:02,825 [INFO] Applying EMA strategy to 8 stocks.
2025-11-12 09:17:19,308 [INFO] Checking trade setups at 2025-11-12 09:17:19
2025-11-12 09:17:19,309 [INFO] Applying EMA strategy to 8 stocks.
2025-11-12 09:17:35,741 [INFO] Checking trade setups at 2025-11-12 09:17:35
2025-11-12 09:17:35,741 [INFO] Applying EMA strategy to 8 stocks.
2025-11-12 09:17:52,820 [INFO] Checking trade setups at 2025-11-12 09:17:52
2025-11-12 09:17:52,820 [INFO] Applying EMA strategy to 8 stocks.
2025-11-12 09:18:08,862 [INFO] Checking trade setups at 2025-11-12 09:18:08
2025-11-12 09:18:08,862 [INFO] Applying EMA strategy to 8 stocks.
2025-11-12 09:18:26,783 [INFO] Checking trade setups at 2025-11-12 09:18:26
2025-11-12 09:18:26,783 [INFO] Applying EMA strategy to 8 stocks.
2025-11-12 09:18:42,766 [INFO] Checking trade setups at 2025-11-12 09:18:42
2025-11-12 09:18:42,766 [INFO] Applying EMA strategy to 8 stocks.
2025-11-12 09:18:59,762 [INFO] Checking trade setups at 2025-11-12 09:18:59
2025-11-12 09:18:59,762 [INFO] Applying EMA strategy to 8 stocks.
2025-11-12 09:19:15,952 [INFO] Checking trade setups at 2025-11-12 09:19:15
2025-11-12 09:19:15,952 [INFO] Applying EMA strategy to 8 stocks.
2025-11-12 09:19:31,537 [INFO] Checking trade setups at 2025-11-12 09:19:31
2025-11-12 09:19:31,537 [INFO] Applying EMA strategy to 8 stocks.
2025-11-12 09:19:49,250 [INFO] Checking trade setups at 2025-11-12 09:19:49
2025-11-12 09:19:49,250 [INFO] Applying EMA strategy to 8 stocks.
2025-11-12 09:20:04,897 [INFO] Checking trade setups at 2025-11-12 09:20:04
2025-11-12 09:20:04,897 [INFO] Applying EMA strategy to 8 stocks.
2025-11-12 09:20:08,750 [INFO] Executing trade for NSE:TARIL-EQ: {'timestamp': '2025-11-12 09:20', 'action': 'SELL', 'entry_price': 284.35, 'stop_loss': 293.7, 'target': 256.3000000000001}
2025-11-12 09:20:08,752 [INFO] after SL after filtering the final SL:2.84, final_target:275.82, qty:35
2025-11-12 09:20:09,828 [INFO] Order Response: {'code': 1101, 'message': 'Successfully placed order', 's': 'ok', 'id': '25111200015852-BO-1'}
2025-11-12 09:20:09,828 [INFO] Trades taken today: 1
2025-11-12 09:20:09,831 [INFO] Remaining trades for the day: 5
2025-11-12 09:20:09,836 [INFO] ✅ Order placed successfully for NSE:TARIL-EQ
2025-11-12 09:20:22,703 [INFO] Checking trade setups at 2025-11-12 09:20:22
2025-11-12 09:20:22,703 [INFO] Applying EMA strategy to 8 stocks.
2025-11-12 09:20:39,000 [INFO] Checking trade setups at 2025-11-12 09:20:39
2025-11-12 09:20:39,000 [INFO] Applying EMA strategy to 8 stocks.
2025-11-12 09:20:55,060 [INFO] Checking trade setups at 2025-11-12 09:20:55
2025-11-12 09:20:55,060 [INFO] Applying EMA strategy to 8 stocks.
2025-11-12 09:21:12,877 [INFO] Checking trade setups at 2025-11-12 09:21:12
2025-11-12 09:21:12,877 [INFO] Applying EMA strategy to 8 stocks.
2025-11-12 09:21:18,660 [INFO] Executing trade for NSE:IFCI-EQ: {'timestamp': '2025-11-12 09:20', 'action': 'SELL', 'entry_price': 55.41, 'stop_loss': 56.36, 'target': 52.55999999999999}
2025-11-12 09:21:18,663 [INFO] after SL after filtering the final SL:0.55, final_target:53.75, qty:181
2025-11-12 09:21:19,485 [INFO] Order Response: {'code': 1101, 'message': 'Successfully placed order', 's': 'ok', 'id': '25111200018854-BO-1'}
2025-11-12 09:21:19,487 [INFO] Trades taken today: 2
2025-11-12 09:21:19,487 [INFO] Remaining trades for the day: 4
2025-11-12 09:21:19,490 [INFO] ✅ Order placed successfully for NSE:IFCI-EQ
2025-11-12 09:21:31,127 [INFO] Checking trade setups at 2025-11-12 09:21:31
2025-11-12 09:21:31,128 [INFO] Applying EMA strategy to 8 stocks.
2025-11-12 09:21:46,890 [INFO] Checking trade setups at 2025-11-12 09:21:46
2025-11-12 09:21:46,890 [INFO] Applying EMA strategy to 8 stocks.
2025-11-12 09:22:04,132 [INFO] Checking trade setups at 2025-11-12 09:22:04
2025-11-12 09:22:04,132 [INFO] Applying EMA strategy to 8 stocks.
2025-11-12 09:22:20,361 [INFO] Checking trade setups at 2025-11-12 09:22:20
2025-11-12 09:22:20,361 [INFO] Applying EMA strategy to 8 stocks.
2025-11-12 09:22:37,727 [INFO] Checking trade setups at 2025-11-12 09:22:37
2025-11-12 09:22:37,727 [INFO] Applying EMA strategy to 8 stocks.
2025-11-12 09:22:55,610 [INFO] Checking trade setups at 2025-11-12 09:22:55
2025-11-12 09:22:55,610 [INFO] Applying EMA strategy to 8 stocks.
2025-11-12 09:23:11,052 [INFO] Checking trade setups at 2025-11-12 09:23:11
2025-11-12 09:23:11,052 [INFO] Applying EMA strategy to 8 stocks.
2025-11-12 09:23:27,959 [INFO] Checking trade setups at 2025-11-12 09:23:27
2025-11-12 09:23:27,959 [INFO] Applying EMA strategy to 8 stocks.
2025-11-12 09:23:44,046 [INFO] Checking trade setups at 2025-11-12 09:23:44
2025-11-12 09:23:44,046 [INFO] Applying EMA strategy to 8 stocks.
2025-11-12 09:24:00,620 [INFO] Checking trade setups at 2025-11-12 09:24:00
2025-11-12 09:24:00,620 [INFO] Applying EMA strategy to 8 stocks.
2025-11-12 09:24:17,524 [INFO] Checking trade setups at 2025-11-12 09:24:17
2025-11-12 09:24:17,524 [INFO] Applying EMA strategy to 8 stocks.
2025-11-12 09:24:18,342 [INFO] Executing trade for NSE:MAXHEALTH-EQ: {'timestamp': '2025-11-12 09:20', 'action': 'SELL', 'entry_price': 1107, 'stop_loss': 1124.9, 'target': 1053.2999999999997}
2025-11-12 09:24:18,344 [INFO] after SL after filtering the final SL:11.07, final_target:1073.79, qty:9
2025-11-12 09:24:19,083 [INFO] Order Response: {'code': 1101, 'message': 'Successfully placed order', 's': 'ok', 'id': '25111200025392-BO-1'}
2025-11-12 09:24:19,085 [INFO] Trades taken today: 3
2025-11-12 09:24:19,087 [INFO] Remaining trades for the day: 3
2025-11-12 09:24:19,088 [INFO] ✅ Order placed successfully for NSE:MAXHEALTH-EQ
2025-11-12 09:24:35,133 [INFO] Checking trade setups at 2025-11-12 09:24:35
2025-11-12 09:24:35,133 [INFO] Applying EMA strategy to 8 stocks.
2025-11-12 09:24:52,170 [INFO] Checking trade setups at 2025-11-12 09:24:52
2025-11-12 09:24:52,170 [INFO] Applying EMA strategy to 8 stocks.
2025-11-12 09:25:08,006 [INFO] Checking trade setups at 2025-11-12 09:25:08
2025-11-12 09:25:08,006 [INFO] Applying EMA strategy to 8 stocks.
2025-11-12 09:25:25,303 [INFO] Checking trade setups at 2025-11-12 09:25:25
2025-11-12 09:25:25,303 [INFO] Applying EMA strategy to 8 stocks.
2025-11-12 09:25:25,970 [INFO] Executing trade for NSE:MAXHEALTH-EQ: {'timestamp': '2025-11-12 09:25', 'action': 'SELL', 'entry_price': 1106.6, 'stop_loss': 1113, 'target': 1087.3999999999996}
2025-11-12 09:25:25,970 [INFO] after SL after filtering the final SL:6.4, final_target:1087.4, qty:15
2025-11-12 09:25:26,018 [INFO] Cannot trade NSE:MAXHEALTH-EQ as it has already been traded within 10 minutes.
2025-11-12 09:25:26,020 [INFO] NSE:MAXHEALTH-EQ already traded today. Skipping.
2025-11-12 09:25:42,837 [INFO] Checking trade setups at 2025-11-12 09:25:42
2025-11-12 09:25:42,837 [INFO] Applying EMA strategy to 8 stocks.
2025-11-12 09:25:59,001 [INFO] Checking trade setups at 2025-11-12 09:25:59
2025-11-12 09:25:59,001 [INFO] Applying EMA strategy to 8 stocks.
2025-11-12 09:26:15,687 [INFO] Checking trade setups at 2025-11-12 09:26:15
2025-11-12 09:26:15,687 [INFO] Applying EMA strategy to 8 stocks.
2025-11-12 09:26:21,241 [INFO] Executing trade for NSE:KIRLOSENG-EQ: {'timestamp': '2025-11-12 09:25', 'action': 'SELL', 'entry_price': 1056.3, 'stop_loss': 1069, 'target': 1018.1999999999998}
2025-11-12 09:26:21,241 [INFO] after SL after filtering the final SL:10.56, final_target:1024.61, qty:9
2025-11-12 09:26:22,674 [INFO] Order Response: {'code': 1101, 'message': 'Successfully placed order', 's': 'ok', 'id': '25111200030145-BO-1'}
2025-11-12 09:26:22,674 [INFO] Trades taken today: 4
2025-11-12 09:26:22,674 [INFO] Remaining trades for the day: 2
2025-11-12 09:26:22,679 [INFO] ✅ Order placed successfully for NSE:KIRLOSENG-EQ
2025-11-12 09:26:33,410 [INFO] Checking trade setups at 2025-11-12 09:26:33
2025-11-12 09:26:33,410 [INFO] Applying EMA strategy to 8 stocks.
2025-11-12 09:26:38,969 [INFO] Executing trade for NSE:EIDPARRY-EQ: {'timestamp': '2025-11-12 09:25', 'action': 'SELL', 'entry_price': 1053, 'stop_loss': 1060.9, 'target': 1029.2999999999997}
2025-11-12 09:26:38,970 [INFO] after SL after filtering the final SL:7.9, final_target:1029.3, qty:12
2025-11-12 09:26:39,682 [INFO] Order Response: {'code': 1101, 'message': 'Successfully placed order', 's': 'ok', 'id': '25111200030576-BO-1'}
2025-11-12 09:26:39,682 [INFO] Trades taken today: 5
2025-11-12 09:26:39,682 [INFO] Remaining trades for the day: 1
2025-11-12 09:26:39,687 [INFO] ✅ Order placed successfully for NSE:EIDPARRY-EQ
2025-11-12 09:26:49,690 [INFO] Checking trade setups at 2025-11-12 09:26:49
2025-11-12 09:26:49,690 [INFO] Applying EMA strategy to 8 stocks.
2025-11-12 09:27:05,768 [INFO] Checking trade setups at 2025-11-12 09:27:05
2025-11-12 09:27:05,768 [INFO] Applying EMA strategy to 8 stocks.
2025-11-12 09:27:21,843 [INFO] Checking trade setups at 2025-11-12 09:27:21
2025-11-12 09:27:21,843 [INFO] Applying EMA strategy to 8 stocks.
2025-11-12 09:27:39,057 [INFO] Checking trade setups at 2025-11-12 09:27:39
2025-11-12 09:27:39,057 [INFO] Applying EMA strategy to 8 stocks.
2025-11-12 09:27:55,324 [INFO] Checking trade setups at 2025-11-12 09:27:55
2025-11-12 09:27:55,324 [INFO] Applying EMA strategy to 8 stocks.
2025-11-12 09:28:12,440 [INFO] Checking trade setups at 2025-11-12 09:28:12
2025-11-12 09:28:12,441 [INFO] Applying EMA strategy to 8 stocks.
2025-11-12 09:28:29,356 [INFO] Checking trade setups at 2025-11-12 09:28:29
2025-11-12 09:28:29,356 [INFO] Applying EMA strategy to 8 stocks.
2025-11-12 09:28:45,710 [INFO] Checking trade setups at 2025-11-12 09:28:45
2025-11-12 09:28:45,710 [INFO] Applying EMA strategy to 8 stocks.
2025-11-12 09:29:03,092 [INFO] Checking trade setups at 2025-11-12 09:29:03
2025-11-12 09:29:03,092 [INFO] Applying EMA strategy to 8 stocks.
2025-11-12 09:29:21,040 [INFO] Checking trade setups at 2025-11-12 09:29:21
2025-11-12 09:29:21,040 [INFO] Applying EMA strategy to 8 stocks.
2025-11-12 09:29:37,016 [INFO] Checking trade setups at 2025-11-12 09:29:37
2025-11-12 09:29:37,016 [INFO] Applying EMA strategy to 8 stocks.
2025-11-12 09:29:54,132 [INFO] Checking trade setups at 2025-11-12 09:29:54
2025-11-12 09:29:54,132 [INFO] Applying EMA strategy to 8 stocks.
2025-11-12 09:30:00,711 [INFO] Executing trade for NSE:EIDPARRY-EQ: {'timestamp': '2025-11-12 09:30', 'action': 'SELL', 'entry_price': 1047.6, 'stop_loss': 1056.7, 'target': 1020.2999999999995}
2025-11-12 09:30:00,713 [INFO] after SL after filtering the final SL:9.1, final_target:1020.3, qty:10
2025-11-12 09:30:00,784 [INFO] Cannot trade NSE:EIDPARRY-EQ as it has already been traded within 10 minutes.
2025-11-12 09:30:00,786 [INFO] NSE:EIDPARRY-EQ already traded today. Skipping.
2025-11-12 09:30:10,788 [INFO] Checking trade setups at 2025-11-12 09:30:10
2025-11-12 09:30:10,788 [INFO] Applying EMA strategy to 8 stocks.
2025-11-12 09:30:26,400 [INFO] Checking trade setups at 2025-11-12 09:30:26
2025-11-12 09:30:26,400 [INFO] Applying EMA strategy to 8 stocks.
2025-11-12 09:30:43,576 [INFO] Checking trade setups at 2025-11-12 09:30:43
2025-11-12 09:30:43,576 [INFO] Applying EMA strategy to 8 stocks.
2025-11-12 09:30:59,903 [INFO] Checking trade setups at 2025-11-12 09:30:59
2025-11-12 09:30:59,903 [INFO] Applying EMA strategy to 8 stocks.
2025-11-12 09:31:04,405 [INFO] Executing trade for NSE:KIRLOSENG-EQ: {'timestamp': '2025-11-12 09:30', 'action': 'SELL', 'entry_price': 1053, 'stop_loss': 1063.6, 'target': 1021.2000000000003}
2025-11-12 09:31:04,408 [INFO] after SL after filtering the final SL:10.53, final_target:1021.41, qty:9
2025-11-12 09:31:04,423 [INFO] Cannot trade NSE:KIRLOSENG-EQ as it has already been traded within 10 minutes.
2025-11-12 09:31:04,423 [INFO] NSE:KIRLOSENG-EQ already traded today. Skipping.
2025-11-12 09:31:15,324 [INFO] Checking trade setups at 2025-11-12 09:31:15
2025-11-12 09:31:15,324 [INFO] Applying EMA strategy to 8 stocks.
2025-11-12 09:31:31,520 [INFO] Checking trade setups at 2025-11-12 09:31:31
2025-11-12 09:31:31,521 [INFO] Applying EMA strategy to 8 stocks.
2025-11-12 09:31:46,968 [INFO] Checking trade setups at 2025-11-12 09:31:46
2025-11-12 09:31:46,968 [INFO] Applying EMA strategy to 8 stocks.
2025-11-12 09:32:02,744 [INFO] Checking trade setups at 2025-11-12 09:32:02
2025-11-12 09:32:02,744 [INFO] Applying EMA strategy to 8 stocks.
2025-11-12 09:32:18,720 [INFO] Checking trade setups at 2025-11-12 09:32:18
2025-11-12 09:32:18,720 [INFO] Applying EMA strategy to 8 stocks.
2025-11-12 09:32:34,480 [INFO] Checking trade setups at 2025-11-12 09:32:34
2025-11-12 09:32:34,480 [INFO] Applying EMA strategy to 8 stocks.
2025-11-12 09:32:50,062 [INFO] Checking trade setups at 2025-11-12 09:32:50
2025-11-12 09:32:50,062 [INFO] Applying EMA strategy to 8 stocks.
2025-11-12 09:33:05,608 [INFO] Checking trade setups at 2025-11-12 09:33:05
2025-11-12 09:33:05,608 [INFO] Applying EMA strategy to 8 stocks.
2025-11-12 09:33:21,481 [INFO] Checking trade setups at 2025-11-12 09:33:21
2025-11-12 09:33:21,481 [INFO] Applying EMA strategy to 8 stocks.
2025-11-12 09:33:37,360 [INFO] Checking trade setups at 2025-11-12 09:33:37
2025-11-12 09:33:37,360 [INFO] Applying EMA strategy to 8 stocks.
2025-11-12 09:33:54,154 [INFO] Checking trade setups at 2025-11-12 09:33:54
2025-11-12 09:33:54,154 [INFO] Applying EMA strategy to 8 stocks.
2025-11-12 09:34:09,847 [INFO] Checking trade setups at 2025-11-12 09:34:09
2025-11-12 09:34:09,847 [INFO] Applying EMA strategy to 8 stocks.
2025-11-12 09:34:26,099 [INFO] Checking trade setups at 2025-11-12 09:34:26
2025-11-12 09:34:26,099 [INFO] Applying EMA strategy to 8 stocks.
2025-11-12 09:34:42,177 [INFO] Checking trade setups at 2025-11-12 09:34:42
2025-11-12 09:34:42,177 [INFO] Applying EMA strategy to 8 stocks.
2025-11-12 09:34:58,870 [INFO] Checking trade setups at 2025-11-12 09:34:58
2025-11-12 09:34:58,872 [INFO] Applying EMA strategy to 8 stocks.
2025-11-12 09:35:14,542 [INFO] Checking trade setups at 2025-11-12 09:35:14
2025-11-12 09:35:14,542 [INFO] Applying EMA strategy to 8 stocks.
2025-11-12 09:35:29,998 [INFO] Checking trade setups at 2025-11-12 09:35:29
2025-11-12 09:35:29,998 [INFO] Applying EMA strategy to 8 stocks.
2025-11-12 09:35:45,937 [INFO] Checking trade setups at 2025-11-12 09:35:45
2025-11-12 09:35:45,937 [INFO] Applying EMA strategy to 8 stocks.
2025-11-12 09:36:01,851 [INFO] Checking trade setups at 2025-11-12 09:36:01
2025-11-12 09:36:01,851 [INFO] Applying EMA strategy to 8 stocks.
2025-11-12 09:36:17,519 [INFO] Checking trade setups at 2025-11-12 09:36:17
2025-11-12 09:36:17,519 [INFO] Applying EMA strategy to 8 stocks.
2025-11-12 09:36:34,093 [INFO] Checking trade setups at 2025-11-12 09:36:34
2025-11-12 09:36:34,093 [INFO] Applying EMA strategy to 8 stocks.
2025-11-12 09:36:49,670 [INFO] Checking trade setups at 2025-11-12 09:36:49
2025-11-12 09:36:49,670 [INFO] Applying EMA strategy to 8 stocks.
2025-11-12 09:37:05,858 [INFO] Checking trade setups at 2025-11-12 09:37:05
2025-11-12 09:37:05,858 [INFO] Applying EMA strategy to 8 stocks.
2025-11-12 09:37:22,232 [INFO] Checking trade setups at 2025-11-12 09:37:22
2025-11-12 09:37:22,232 [INFO] Applying EMA strategy to 8 stocks.
2025-11-12 09:37:38,821 [INFO] Checking trade setups at 2025-11-12 09:37:38
2025-11-12 09:37:38,821 [INFO] Applying EMA strategy to 8 stocks.
2025-11-12 09:37:54,618 [INFO] Checking trade setups at 2025-11-12 09:37:54
2025-11-12 09:37:54,618 [INFO] Applying EMA strategy to 8 stocks.
2025-11-12 09:38:10,054 [INFO] Checking trade setups at 2025-11-12 09:38:10
2025-11-12 09:38:10,054 [INFO] Applying EMA strategy to 8 stocks.
2025-11-12 09:38:27,049 [INFO] Checking trade setups at 2025-11-12 09:38:27
2025-11-12 09:38:27,049 [INFO] Applying EMA strategy to 8 stocks.
2025-11-12 09:38:43,036 [INFO] Checking trade setups at 2025-11-12 09:38:43
2025-11-12 09:38:43,036 [INFO] Applying EMA strategy to 8 stocks.
2025-11-12 09:38:59,369 [INFO] Checking trade setups at 2025-11-12 09:38:59
2025-11-12 09:38:59,369 [INFO] Applying EMA strategy to 8 stocks.
2025-11-12 09:39:14,776 [INFO] Checking trade setups at 2025-11-12 09:39:14
2025-11-12 09:39:14,776 [INFO] Applying EMA strategy to 8 stocks.
2025-11-12 09:39:30,238 [INFO] Checking trade setups at 2025-11-12 09:39:30
2025-11-12 09:39:30,238 [INFO] Applying EMA strategy to 8 stocks.
2025-11-12 09:39:46,648 [INFO] Checking trade setups at 2025-11-12 09:39:46
2025-11-12 09:39:46,648 [INFO] Applying EMA strategy to 8 stocks.
2025-11-12 09:40:02,184 [INFO] Checking trade setups at 2025-11-12 09:40:02
2025-11-12 09:40:02,184 [INFO] Applying EMA strategy to 8 stocks.
2025-11-12 09:40:19,191 [INFO] Checking trade setups at 2025-11-12 09:40:19
2025-11-12 09:40:19,191 [INFO] Applying EMA strategy to 8 stocks.
2025-11-12 09:40:23,532 [INFO] Executing trade for NSE:IFCI-EQ: {'timestamp': '2025-11-12 09:40', 'action': 'SELL', 'entry_price': 56.02, 'stop_loss': 56.29, 'target': 55.210000000000015}
2025-11-12 09:40:23,532 [INFO] after SL after filtering the final SL:0.51, final_target:54.49, qty:196
2025-11-12 09:40:24,438 [INFO] Order Response: {'code': 1101, 'message': 'Successfully placed order', 's': 'ok', 'id': '25111200058279-BO-1'}
2025-11-12 09:40:24,438 [INFO] Trades taken today: 6
2025-11-12 09:40:24,438 [INFO] Remaining trades for the day: 0
2025-11-12 09:40:24,446 [INFO] ✅ Order placed successfully for NSE:IFCI-EQ
2025-11-12 09:40:35,879 [INFO] Checking trade setups at 2025-11-12 09:40:35
2025-11-12 09:40:35,881 [INFO] Applying EMA strategy to 8 stocks.
2025-11-12 09:40:52,526 [INFO] Checking trade setups at 2025-11-12 09:40:52
2025-11-12 09:40:52,526 [INFO] Applying EMA strategy to 8 stocks.
2025-11-12 09:40:56,291 [INFO] Executing trade for NSE:BSE-EQ: {'timestamp': '2025-11-12 09:40', 'action': 'SELL', 'entry_price': 2801.1, 'stop_loss': 2816.7, 'target': 2754.3}
2025-11-12 09:40:56,293 [INFO] after SL after filtering the final SL:15.6, final_target:2754.3, qty:6
2025-11-12 09:40:56,336 [INFO] Max trades reached. Skipping new orders.
2025-11-12 09:41:08,876 [INFO] Checking trade setups at 2025-11-12 09:41:08
2025-11-12 09:41:08,876 [INFO] Applying EMA strategy to 8 stocks.
2025-11-12 09:41:24,832 [INFO] Checking trade setups at 2025-11-12 09:41:24
2025-11-12 09:41:24,832 [INFO] Applying EMA strategy to 8 stocks.
2025-11-12 09:41:41,868 [INFO] Checking trade setups at 2025-11-12 09:41:41
2025-11-12 09:41:41,868 [INFO] Applying EMA strategy to 8 stocks.
2025-11-12 09:41:58,023 [INFO] Checking trade setups at 2025-11-12 09:41:58
2025-11-12 09:41:58,023 [INFO] Applying EMA strategy to 8 stocks.
2025-11-12 09:42:13,980 [INFO] Checking trade setups at 2025-11-12 09:42:13
2025-11-12 09:42:13,980 [INFO] Applying EMA strategy to 8 stocks.
2025-11-12 09:42:30,327 [INFO] Checking trade setups at 2025-11-12 09:42:30
2025-11-12 09:42:30,327 [INFO] Applying EMA strategy to 8 stocks.
2025-11-12 09:42:46,745 [INFO] Checking trade setups at 2025-11-12 09:42:46
2025-11-12 09:42:46,745 [INFO] Applying EMA strategy to 8 stocks.
2025-11-12 09:43:02,728 [INFO] Checking trade setups at 2025-11-12 09:43:02
2025-11-12 09:43:02,728 [INFO] Applying EMA strategy to 8 stocks.
2025-11-12 09:43:19,034 [INFO] Checking trade setups at 2025-11-12 09:43:19
2025-11-12 09:43:19,034 [INFO] Applying EMA strategy to 8 stocks.
2025-11-12 09:43:34,645 [INFO] Checking trade setups at 2025-11-12 09:43:34
2025-11-12 09:43:34,645 [INFO] Applying EMA strategy to 8 stocks.
2025-11-12 09:43:51,504 [INFO] Checking trade setups at 2025-11-12 09:43:51
2025-11-12 09:43:51,504 [INFO] Applying EMA strategy to 8 stocks.
2025-11-12 09:44:07,449 [INFO] Checking trade setups at 2025-11-12 09:44:07
2025-11-12 09:44:07,449 [INFO] Applying EMA strategy to 8 stocks.
2025-11-12 09:44:24,857 [INFO] Checking trade setups at 2025-11-12 09:44:24
2025-11-12 09:44:24,857 [INFO] Applying EMA strategy to 8 stocks.
2025-11-12 09:44:40,425 [INFO] Checking trade setups at 2025-11-12 09:44:40
2025-11-12 09:44:40,425 [INFO] Applying EMA strategy to 8 stocks.
2025-11-12 09:44:56,490 [INFO] Checking trade setups at 2025-11-12 09:44:56
2025-11-12 09:44:56,490 [INFO] Applying EMA strategy to 8 stocks.
2025-11-12 09:44:59,395 [INFO] Executing trade for NSE:TARIL-EQ: {'timestamp': '2025-11-12 09:40', 'action': 'SELL', 'entry_price': 299, 'stop_loss': 304.65, 'target': 282.05000000000007}
2025-11-12 09:44:59,395 [INFO] after SL after filtering the final SL:2.99, final_target:290.03, qty:33
2025-11-12 09:44:59,411 [INFO] Max trades reached. Skipping new orders.
2025-11-12 09:45:12,679 [INFO] Checking trade setups at 2025-11-12 09:45:12
2025-11-12 09:45:12,679 [INFO] Applying EMA strategy to 8 stocks.
2025-11-12 09:45:28,222 [INFO] Checking trade setups at 2025-11-12 09:45:28
2025-11-12 09:45:28,222 [INFO] Applying EMA strategy to 8 stocks.
2025-11-12 09:45:31,276 [INFO] Executing trade for NSE:TARIL-EQ: {'timestamp': '2025-11-12 09:45', 'action': 'SELL', 'entry_price': 298.35, 'stop_loss': 304.05, 'target': 281.25000000000006}
2025-11-12 09:45:31,278 [INFO] after SL after filtering the final SL:2.98, final_target:289.4, qty:33
2025-11-12 09:45:31,292 [INFO] Max trades reached. Skipping new orders.
2025-11-12 09:45:34,623 [INFO] Executing trade for NSE:EIDPARRY-EQ: {'timestamp': '2025-11-12 09:45', 'action': 'SELL', 'entry_price': 1063.2, 'stop_loss': 1068, 'target': 1048.8000000000002}
2025-11-12 09:45:34,623 [INFO] after SL after filtering the final SL:4.8, final_target:1048.8, qty:20
2025-11-12 09:45:34,637 [INFO] Max trades reached. Skipping new orders.
2025-11-12 09:45:44,640 [INFO] Checking trade setups at 2025-11-12 09:45:44
2025-11-12 09:45:44,640 [INFO] Applying EMA strategy to 8 stocks.
2025-11-12 09:46:00,711 [INFO] Checking trade setups at 2025-11-12 09:46:00
2025-11-12 09:46:00,711 [INFO] Applying EMA strategy to 8 stocks.
2025-11-12 09:46:16,369 [INFO] Checking trade setups at 2025-11-12 09:46:16
2025-11-12 09:46:16,369 [INFO] Applying EMA strategy to 8 stocks.
2025-11-12 09:46:21,483 [INFO] Executing trade for NSE:BSE-EQ: {'timestamp': '2025-11-12 09:45', 'action': 'SELL', 'entry_price': 2799, 'stop_loss': 2808, 'target': 2772}
2025-11-12 09:46:21,491 [INFO] after SL after filtering the final SL:9, final_target:2772, qty:11
2025-11-12 09:46:21,501 [INFO] Max trades reached. Skipping new orders.
2025-11-12 09:46:34,814 [INFO] Checking trade setups at 2025-11-12 09:46:34
2025-11-12 09:46:34,815 [INFO] Applying EMA strategy to 8 stocks.
2025-11-12 09:46:51,916 [INFO] Checking trade setups at 2025-11-12 09:46:51
2025-11-12 09:46:51,917 [INFO] Applying EMA strategy to 8 stocks.
2025-11-12 09:47:07,880 [INFO] Checking trade setups at 2025-11-12 09:47:07
2025-11-12 09:47:07,880 [INFO] Applying EMA strategy to 8 stocks.
2025-11-12 09:47:23,976 [INFO] Checking trade setups at 2025-11-12 09:47:23
2025-11-12 09:47:23,976 [INFO] Applying EMA strategy to 8 stocks.
2025-11-12 09:47:39,519 [INFO] Checking trade setups at 2025-11-12 09:47:39
2025-11-12 09:47:39,519 [INFO] Applying EMA strategy to 8 stocks.
2025-11-12 09:47:55,206 [INFO] Checking trade setups at 2025-11-12 09:47:55
2025-11-12 09:47:55,206 [INFO] Applying EMA strategy to 8 stocks.
2025-11-12 09:48:11,507 [INFO] Checking trade setups at 2025-11-12 09:48:11
2025-11-12 09:48:11,507 [INFO] Applying EMA strategy to 8 stocks.
2025-11-12 09:48:27,241 [INFO] Checking trade setups at 2025-11-12 09:48:27
2025-11-12 09:48:27,241 [INFO] Applying EMA strategy to 8 stocks.
2025-11-12 09:48:32,603 [INFO] Executing trade for NSE:KIRLOSENG-EQ: {'timestamp': '2025-11-12 09:45', 'action': 'SELL', 'entry_price': 1071, 'stop_loss': 1085, 'target': 1029}
2025-11-12 09:48:32,603 [INFO] after SL after filtering the final SL:10.71, final_target:1038.87, qty:9
2025-11-12 09:48:32,618 [INFO] Max trades reached. Skipping new orders.
2025-11-12 09:48:43,524 [INFO] Checking trade setups at 2025-11-12 09:48:43
2025-11-12 09:48:43,524 [INFO] Applying EMA strategy to 8 stocks.
2025-11-12 09:49:00,339 [INFO] Checking trade setups at 2025-11-12 09:49:00
2025-11-12 09:49:00,339 [INFO] Applying EMA strategy to 8 stocks.
2025-11-12 09:49:15,468 [INFO] Checking trade setups at 2025-11-12 09:49:15
2025-11-12 09:49:15,468 [INFO] Applying EMA strategy to 8 stocks.
2025-11-12 09:49:32,710 [INFO] Checking trade setups at 2025-11-12 09:49:32
2025-11-12 09:49:32,710 [INFO] Applying EMA strategy to 8 stocks.
2025-11-12 09:49:48,762 [INFO] Checking trade setups at 2025-11-12 09:49:48
2025-11-12 09:49:48,762 [INFO] Applying EMA strategy to 8 stocks.
2025-11-12 09:50:04,546 [INFO] Checking trade setups at 2025-11-12 09:50:04
2025-11-12 09:50:04,546 [INFO] Applying EMA strategy to 8 stocks.
2025-11-12 09:50:21,322 [INFO] Checking trade setups at 2025-11-12 09:50:21
2025-11-12 09:50:21,322 [INFO] Applying EMA strategy to 8 stocks.
2025-11-12 09:50:36,791 [INFO] Checking trade setups at 2025-11-12 09:50:36
2025-11-12 09:50:36,791 [INFO] Applying EMA strategy to 8 stocks.
2025-11-12 09:50:52,924 [INFO] Checking trade setups at 2025-11-12 09:50:52
2025-11-12 09:50:52,924 [INFO] Applying EMA strategy to 8 stocks.
2025-11-12 09:51:09,585 [INFO] Checking trade setups at 2025-11-12 09:51:09
2025-11-12 09:51:09,585 [INFO] Applying EMA strategy to 8 stocks.
2025-11-12 09:51:25,633 [INFO] Checking trade setups at 2025-11-12 09:51:25
2025-11-12 09:51:25,633 [INFO] Applying EMA strategy to 8 stocks.
2025-11-12 09:51:42,011 [INFO] Checking trade setups at 2025-11-12 09:51:42
2025-11-12 09:51:42,011 [INFO] Applying EMA strategy to 8 stocks.
2025-11-12 09:51:58,913 [INFO] Checking trade setups at 2025-11-12 09:51:58
2025-11-12 09:51:58,913 [INFO] Applying EMA strategy to 8 stocks.
2025-11-12 09:52:15,298 [INFO] Checking trade setups at 2025-11-12 09:52:15
2025-11-12 09:52:15,298 [INFO] Applying EMA strategy to 8 stocks.
2025-11-12 09:52:31,375 [INFO] Checking trade setups at 2025-11-12 09:52:31
2025-11-12 09:52:31,375 [INFO] Applying EMA strategy to 8 stocks.
2025-11-12 09:52:47,350 [INFO] Checking trade setups at 2025-11-12 09:52:47
2025-11-12 09:52:47,350 [INFO] Applying EMA strategy to 8 stocks.
2025-11-12 09:53:04,034 [INFO] Checking trade setups at 2025-11-12 09:53:04
2025-11-12 09:53:04,034 [INFO] Applying EMA strategy to 8 stocks.
2025-11-12 09:53:20,013 [INFO] Checking trade setups at 2025-11-12 09:53:20
2025-11-12 09:53:20,013 [INFO] Applying EMA strategy to 8 stocks.
2025-11-12 09:53:36,259 [INFO] Checking trade setups at 2025-11-12 09:53:36
2025-11-12 09:53:36,259 [INFO] Applying EMA strategy to 8 stocks.
2025-11-12 09:53:53,108 [INFO] Checking trade setups at 2025-11-12 09:53:53
2025-11-12 09:53:53,108 [INFO] Applying EMA strategy to 8 stocks.
2025-11-12 09:54:08,417 [INFO] Checking trade setups at 2025-11-12 09:54:08
2025-11-12 09:54:08,417 [INFO] Applying EMA strategy to 8 stocks.
2025-11-12 09:54:26,175 [INFO] Checking trade setups at 2025-11-12 09:54:26
2025-11-12 09:54:26,175 [INFO] Applying EMA strategy to 8 stocks.
2025-11-12 09:54:41,629 [INFO] Checking trade setups at 2025-11-12 09:54:41
2025-11-12 09:54:41,629 [INFO] Applying EMA strategy to 8 stocks.
2025-11-12 09:54:58,421 [INFO] Checking trade setups at 2025-11-12 09:54:58
2025-11-12 09:54:58,421 [INFO] Applying EMA strategy to 8 stocks.
2025-11-12 09:55:13,676 [INFO] Checking trade setups at 2025-11-12 09:55:13
2025-11-12 09:55:13,676 [INFO] Applying EMA strategy to 8 stocks.
2025-11-12 09:55:30,478 [INFO] Checking trade setups at 2025-11-12 09:55:30
2025-11-12 09:55:30,478 [INFO] Applying EMA strategy to 8 stocks.
2025-11-12 09:55:46,752 [INFO] Checking trade setups at 2025-11-12 09:55:46
2025-11-12 09:55:46,752 [INFO] Applying EMA strategy to 8 stocks.
2025-11-12 09:56:02,113 [INFO] Checking trade setups at 2025-11-12 09:56:02
2025-11-12 09:56:02,113 [INFO] Applying EMA strategy to 8 stocks.
2025-11-12 09:56:18,913 [INFO] Checking trade setups at 2025-11-12 09:56:18
2025-11-12 09:56:18,913 [INFO] Applying EMA strategy to 8 stocks.
2025-11-12 09:56:34,268 [INFO] Checking trade setups at 2025-11-12 09:56:34
2025-11-12 09:56:34,268 [INFO] Applying EMA strategy to 8 stocks.
2025-11-12 09:56:50,656 [INFO] Checking trade setups at 2025-11-12 09:56:50
2025-11-12 09:56:50,656 [INFO] Applying EMA strategy to 8 stocks.
2025-11-12 09:57:07,559 [INFO] Checking trade setups at 2025-11-12 09:57:07
2025-11-12 09:57:07,559 [INFO] Applying EMA strategy to 8 stocks.
2025-11-12 09:57:23,670 [INFO] Checking trade setups at 2025-11-12 09:57:23
2025-11-12 09:57:23,670 [INFO] Applying EMA strategy to 8 stocks.
2025-11-12 09:57:39,192 [INFO] Checking trade setups at 2025-11-12 09:57:39
2025-11-12 09:57:39,192 [INFO] Applying EMA strategy to 8 stocks.
2025-11-12 09:57:54,963 [INFO] Checking trade setups at 2025-11-12 09:57:54
2025-11-12 09:57:54,963 [INFO] Applying EMA strategy to 8 stocks.
2025-11-12 09:58:02,075 [INFO] Fetching candles for NSE:TMPV-EQ...
2025-11-12 09:58:02,702 [INFO] No candles fetched for NSE:TMPV-EQ. Skipping evaluation.
2025-11-12 09:58:02,702 [INFO] Error in trading logic:
Traceback (most recent call last):
  File "D:\Datascience\TradingBot\main.py", line 149, in main
    tamo_signal, _ = tamo_strategy.evaluate_trade_signal()
    ^^^^^^^^^^^^^^
TypeError: cannot unpack non-iterable bool object

2025-11-12 09:58:12,706 [INFO] Checking trade setups at 2025-11-12 09:58:12
2025-11-12 09:58:12,706 [INFO] Applying EMA strategy to 8 stocks.
2025-11-12 09:58:18,643 [INFO] Fetching candles for NSE:TMPV-EQ...
2025-11-12 09:58:19,366 [INFO] No candles fetched for NSE:TMPV-EQ. Skipping evaluation.
2025-11-12 09:58:19,366 [INFO] Error in trading logic:
Traceback (most recent call last):
  File "D:\Datascience\TradingBot\main.py", line 149, in main
    tamo_signal, _ = tamo_strategy.evaluate_trade_signal()
    ^^^^^^^^^^^^^^
TypeError: cannot unpack non-iterable bool object

2025-11-12 09:58:29,371 [INFO] Checking trade setups at 2025-11-12 09:58:29
2025-11-12 09:58:29,373 [INFO] Applying EMA strategy to 8 stocks.
2025-11-12 09:58:35,247 [INFO] Fetching candles for NSE:TMPV-EQ...
2025-11-12 09:58:35,852 [INFO] No candles fetched for NSE:TMPV-EQ. Skipping evaluation.
2025-11-12 09:58:35,855 [INFO] Error in trading logic:
Traceback (most recent call last):
  File "D:\Datascience\TradingBot\main.py", line 149, in main
    tamo_signal, _ = tamo_strategy.evaluate_trade_signal()
    ^^^^^^^^^^^^^^
TypeError: cannot unpack non-iterable bool object

2025-11-12 09:58:45,857 [INFO] Checking trade setups at 2025-11-12 09:58:45
2025-11-12 09:58:45,857 [INFO] Applying EMA strategy to 8 stocks.
2025-11-12 09:58:51,631 [INFO] Fetching candles for NSE:TMPV-EQ...
2025-11-12 09:58:52,341 [INFO] No candles fetched for NSE:TMPV-EQ. Skipping evaluation.
2025-11-12 09:58:52,341 [INFO] Error in trading logic:
Traceback (most recent call last):
  File "D:\Datascience\TradingBot\main.py", line 149, in main
    tamo_signal, _ = tamo_strategy.evaluate_trade_signal()
    ^^^^^^^^^^^^^^
TypeError: cannot unpack non-iterable bool object

2025-11-12 09:59:02,347 [INFO] Checking trade setups at 2025-11-12 09:59:02
2025-11-12 09:59:02,347 [INFO] Applying EMA strategy to 8 stocks.
2025-11-12 09:59:07,807 [INFO] Fetching candles for NSE:TMPV-EQ...
2025-11-12 09:59:08,480 [INFO] No candles fetched for NSE:TMPV-EQ. Skipping evaluation.
2025-11-12 09:59:08,480 [INFO] Error in trading logic:
Traceback (most recent call last):
  File "D:\Datascience\TradingBot\main.py", line 149, in main
    tamo_signal, _ = tamo_strategy.evaluate_trade_signal()
    ^^^^^^^^^^^^^^
TypeError: cannot unpack non-iterable bool object

2025-11-12 09:59:18,483 [INFO] Checking trade setups at 2025-11-12 09:59:18
2025-11-12 09:59:18,483 [INFO] Applying EMA strategy to 8 stocks.
2025-11-12 09:59:23,579 [INFO] Fetching candles for NSE:TMPV-EQ...
2025-11-12 09:59:24,322 [INFO] No candles fetched for NSE:TMPV-EQ. Skipping evaluation.
2025-11-12 09:59:24,324 [INFO] Error in trading logic:
Traceback (most recent call last):
  File "D:\Datascience\TradingBot\main.py", line 149, in main
    tamo_signal, _ = tamo_strategy.evaluate_trade_signal()
    ^^^^^^^^^^^^^^
TypeError: cannot unpack non-iterable bool object

2025-11-12 09:59:34,326 [INFO] Checking trade setups at 2025-11-12 09:59:34
2025-11-12 09:59:34,326 [INFO] Applying EMA strategy to 8 stocks.
2025-11-12 09:59:40,449 [INFO] Fetching candles for NSE:TMPV-EQ...
2025-11-12 09:59:41,286 [INFO] No candles fetched for NSE:TMPV-EQ. Skipping evaluation.
2025-11-12 09:59:41,288 [INFO] Error in trading logic:
Traceback (most recent call last):
  File "D:\Datascience\TradingBot\main.py", line 149, in main
    tamo_signal, _ = tamo_strategy.evaluate_trade_signal()
    ^^^^^^^^^^^^^^
TypeError: cannot unpack non-iterable bool object

2025-11-12 09:59:51,290 [INFO] Checking trade setups at 2025-11-12 09:59:51
2025-11-12 09:59:51,290 [INFO] Applying EMA strategy to 8 stocks.
2025-11-12 09:59:57,678 [INFO] Fetching candles for NSE:TMPV-EQ...
2025-11-12 09:59:58,389 [INFO] No candles fetched for NSE:TMPV-EQ. Skipping evaluation.
2025-11-12 09:59:58,390 [INFO] Error in trading logic:
Traceback (most recent call last):
  File "D:\Datascience\TradingBot\main.py", line 149, in main
    tamo_signal, _ = tamo_strategy.evaluate_trade_signal()
    ^^^^^^^^^^^^^^
TypeError: cannot unpack non-iterable bool object

2025-11-12 10:00:08,392 [INFO] Checking trade setups at 2025-11-12 10:00:08
2025-11-12 10:00:08,392 [INFO] Applying EMA strategy to 8 stocks.
2025-11-12 10:00:13,863 [INFO] Fetching candles for NSE:TMPV-EQ...
2025-11-12 10:00:14,483 [INFO] Trigger candle found for NSE:TMPV-EQ - High: 408.45, Low: 408.3
2025-11-12 10:00:14,483 [INFO] Candle 10:00 evaluated. High: 408.45, Low: 408.3
2025-11-12 10:00:14,483 [INFO] No breakout yet. Watching further candles...
2025-11-12 10:00:14,483 [INFO] Error in trading logic:
Traceback (most recent call last):
  File "D:\Datascience\TradingBot\main.py", line 149, in main
    tamo_signal, _ = tamo_strategy.evaluate_trade_signal()
    ^^^^^^^^^^^^^^
TypeError: cannot unpack non-iterable NoneType object

2025-11-12 10:00:24,487 [INFO] Checking trade setups at 2025-11-12 10:00:24
2025-11-12 10:00:24,487 [INFO] Applying EMA strategy to 8 stocks.
2025-11-12 10:00:29,842 [INFO] Fetching candles for NSE:TMPV-EQ...
2025-11-12 10:00:30,509 [INFO] Trigger candle found for NSE:TMPV-EQ - High: 408.45, Low: 408.05
2025-11-12 10:00:30,513 [INFO] Candle 10:00 evaluated. High: 408.45, Low: 408.05
2025-11-12 10:00:30,514 [INFO] No breakout yet. Watching further candles...
2025-11-12 10:00:30,515 [INFO] Error in trading logic:
Traceback (most recent call last):
  File "D:\Datascience\TradingBot\main.py", line 149, in main
    tamo_signal, _ = tamo_strategy.evaluate_trade_signal()
    ^^^^^^^^^^^^^^
TypeError: cannot unpack non-iterable NoneType object

2025-11-12 10:00:40,517 [INFO] Checking trade setups at 2025-11-12 10:00:40
2025-11-12 10:00:40,517 [INFO] Applying EMA strategy to 8 stocks.
2025-11-12 10:00:46,238 [INFO] Executing trade for NSE:KIRLOSENG-EQ: {'timestamp': '2025-11-12 10:00', 'action': 'SELL', 'entry_price': 1072, 'stop_loss': 1079.9, 'target': 1048.2999999999997}
2025-11-12 10:00:46,238 [INFO] after SL after filtering the final SL:7.9, final_target:1048.3, qty:12
2025-11-12 10:00:46,252 [INFO] Max trades reached. Skipping new orders.
2025-11-12 10:00:47,256 [INFO] Fetching candles for NSE:TMPV-EQ...
2025-11-12 10:00:48,392 [INFO] Trigger candle found for NSE:TMPV-EQ - High: 408.45, Low: 407.6
2025-11-12 10:00:48,392 [INFO] Candle 10:00 evaluated. High: 408.45, Low: 407.6
2025-11-12 10:00:48,392 [INFO] No breakout yet. Watching further candles...
2025-11-12 10:00:48,396 [INFO] Error in trading logic:
Traceback (most recent call last):
  File "D:\Datascience\TradingBot\main.py", line 149, in main
    tamo_signal, _ = tamo_strategy.evaluate_trade_signal()
    ^^^^^^^^^^^^^^
TypeError: cannot unpack non-iterable NoneType object

2025-11-12 10:00:58,398 [INFO] Checking trade setups at 2025-11-12 10:00:58
2025-11-12 10:00:58,398 [INFO] Applying EMA strategy to 8 stocks.
2025-11-12 10:01:03,404 [INFO] Fetching candles for NSE:TMPV-EQ...
2025-11-12 10:01:04,130 [INFO] Trigger candle found for NSE:TMPV-EQ - High: 408.45, Low: 407.4
2025-11-12 10:01:04,130 [INFO] Candle 10:00 evaluated. High: 408.45, Low: 407.4
2025-11-12 10:01:04,135 [INFO] No breakout yet. Watching further candles...
2025-11-12 10:01:04,135 [INFO] Error in trading logic:
Traceback (most recent call last):
  File "D:\Datascience\TradingBot\main.py", line 149, in main
    tamo_signal, _ = tamo_strategy.evaluate_trade_signal()
    ^^^^^^^^^^^^^^
TypeError: cannot unpack non-iterable NoneType object

2025-11-12 10:01:14,138 [INFO] Checking trade setups at 2025-11-12 10:01:14
2025-11-12 10:01:14,138 [INFO] Applying EMA strategy to 8 stocks.
2025-11-12 10:01:20,833 [INFO] Fetching candles for NSE:TMPV-EQ...
2025-11-12 10:01:21,544 [INFO] Trigger candle found for NSE:TMPV-EQ - High: 408.45, Low: 406.65
2025-11-12 10:01:21,544 [INFO] Candle 10:00 evaluated. High: 408.45, Low: 406.65
2025-11-12 10:01:21,544 [INFO] No breakout yet. Watching further candles...
2025-11-12 10:01:21,544 [INFO] Error in trading logic:
Traceback (most recent call last):
  File "D:\Datascience\TradingBot\main.py", line 149, in main
    tamo_signal, _ = tamo_strategy.evaluate_trade_signal()
    ^^^^^^^^^^^^^^
TypeError: cannot unpack non-iterable NoneType object

2025-11-12 10:01:31,546 [INFO] Checking trade setups at 2025-11-12 10:01:31
2025-11-12 10:01:31,546 [INFO] Applying EMA strategy to 8 stocks.
2025-11-12 10:01:33,209 [INFO] Executing trade for NSE:LALPATHLAB-EQ: {'timestamp': '2025-11-12 10:00', 'action': 'SELL', 'entry_price': 3052, 'stop_loss': 3057.2, 'target': 3036.4000000000005}
2025-11-12 10:01:33,209 [INFO] after SL after filtering the final SL:5.2, final_target:3036.4, qty:19
2025-11-12 10:01:33,224 [INFO] Max trades reached. Skipping new orders.
2025-11-12 10:01:38,548 [INFO] Fetching candles for NSE:TMPV-EQ...
2025-11-12 10:01:39,152 [INFO] Trigger candle found for NSE:TMPV-EQ - High: 408.45, Low: 406.2
2025-11-12 10:01:39,154 [INFO] Candle 10:00 evaluated. High: 408.45, Low: 406.2
2025-11-12 10:01:39,154 [INFO] No breakout yet. Watching further candles...
2025-11-12 10:01:39,155 [INFO] Error in trading logic:
Traceback (most recent call last):
  File "D:\Datascience\TradingBot\main.py", line 149, in main
    tamo_signal, _ = tamo_strategy.evaluate_trade_signal()
    ^^^^^^^^^^^^^^
TypeError: cannot unpack non-iterable NoneType object

2025-11-12 10:01:49,157 [INFO] Checking trade setups at 2025-11-12 10:01:49
2025-11-12 10:01:49,157 [INFO] Applying EMA strategy to 8 stocks.
2025-11-12 10:01:54,762 [INFO] Fetching candles for NSE:TMPV-EQ...
2025-11-12 10:01:55,335 [INFO] Trigger candle found for NSE:TMPV-EQ - High: 408.45, Low: 406
2025-11-12 10:01:55,336 [INFO] Candle 10:00 evaluated. High: 408.45, Low: 406
2025-11-12 10:01:55,336 [INFO] No breakout yet. Watching further candles...
2025-11-12 10:01:55,336 [INFO] Error in trading logic:
Traceback (most recent call last):
  File "D:\Datascience\TradingBot\main.py", line 149, in main
    tamo_signal, _ = tamo_strategy.evaluate_trade_signal()
    ^^^^^^^^^^^^^^
TypeError: cannot unpack non-iterable NoneType object

2025-11-12 10:02:05,339 [INFO] Checking trade setups at 2025-11-12 10:02:05
2025-11-12 10:02:05,339 [INFO] Applying EMA strategy to 8 stocks.
2025-11-12 10:02:11,109 [INFO] Fetching candles for NSE:TMPV-EQ...
2025-11-12 10:02:11,930 [INFO] Trigger candle found for NSE:TMPV-EQ - High: 408.45, Low: 405.9
2025-11-12 10:02:11,932 [INFO] Candle 10:00 evaluated. High: 408.45, Low: 405.9
2025-11-12 10:02:11,932 [INFO] No breakout yet. Watching further candles...
2025-11-12 10:02:11,932 [INFO] Error in trading logic:
Traceback (most recent call last):
  File "D:\Datascience\TradingBot\main.py", line 149, in main
    tamo_signal, _ = tamo_strategy.evaluate_trade_signal()
    ^^^^^^^^^^^^^^
TypeError: cannot unpack non-iterable NoneType object

2025-11-12 10:02:21,935 [INFO] Checking trade setups at 2025-11-12 10:02:21
2025-11-12 10:02:21,935 [INFO] Applying EMA strategy to 8 stocks.
2025-11-12 10:02:27,323 [INFO] Fetching candles for NSE:TMPV-EQ...
2025-11-12 10:02:27,905 [INFO] Trigger candle found for NSE:TMPV-EQ - High: 408.45, Low: 405.85
2025-11-12 10:02:27,905 [INFO] Candle 10:00 evaluated. High: 408.45, Low: 405.85
2025-11-12 10:02:27,905 [INFO] No breakout yet. Watching further candles...
2025-11-12 10:02:27,905 [INFO] Error in trading logic:
Traceback (most recent call last):
  File "D:\Datascience\TradingBot\main.py", line 149, in main
    tamo_signal, _ = tamo_strategy.evaluate_trade_signal()
    ^^^^^^^^^^^^^^
TypeError: cannot unpack non-iterable NoneType object

2025-11-12 10:02:37,908 [INFO] Checking trade setups at 2025-11-12 10:02:37
2025-11-12 10:02:37,908 [INFO] Applying EMA strategy to 8 stocks.
2025-11-12 10:02:44,529 [INFO] Fetching candles for NSE:TMPV-EQ...
2025-11-12 10:02:45,404 [INFO] Trigger candle found for NSE:TMPV-EQ - High: 408.45, Low: 405.5
2025-11-12 10:02:45,406 [INFO] Candle 10:00 evaluated. High: 408.45, Low: 405.5
2025-11-12 10:02:45,406 [INFO] No breakout yet. Watching further candles...
2025-11-12 10:02:45,407 [INFO] Error in trading logic:
Traceback (most recent call last):
  File "D:\Datascience\TradingBot\main.py", line 149, in main
    tamo_signal, _ = tamo_strategy.evaluate_trade_signal()
    ^^^^^^^^^^^^^^
TypeError: cannot unpack non-iterable NoneType object

2025-11-12 10:02:55,409 [INFO] Checking trade setups at 2025-11-12 10:02:55
2025-11-12 10:02:55,409 [INFO] Applying EMA strategy to 8 stocks.
2025-11-12 10:03:01,288 [INFO] Fetching candles for NSE:TMPV-EQ...
2025-11-12 10:03:01,903 [INFO] Trigger candle found for NSE:TMPV-EQ - High: 408.45, Low: 405.5
2025-11-12 10:03:01,904 [INFO] Candle 10:00 evaluated. High: 408.45, Low: 405.5
2025-11-12 10:03:01,904 [INFO] No breakout yet. Watching further candles...
2025-11-12 10:03:01,906 [INFO] Error in trading logic:
Traceback (most recent call last):
  File "D:\Datascience\TradingBot\main.py", line 149, in main
    tamo_signal, _ = tamo_strategy.evaluate_trade_signal()
    ^^^^^^^^^^^^^^
TypeError: cannot unpack non-iterable NoneType object

2025-11-12 10:03:11,908 [INFO] Checking trade setups at 2025-11-12 10:03:11
2025-11-12 10:03:11,908 [INFO] Applying EMA strategy to 8 stocks.
2025-11-12 10:03:17,776 [INFO] Fetching candles for NSE:TMPV-EQ...
2025-11-12 10:03:18,387 [INFO] Trigger candle found for NSE:TMPV-EQ - High: 408.45, Low: 405.5
2025-11-12 10:03:18,387 [INFO] Candle 10:00 evaluated. High: 408.45, Low: 405.5
2025-11-12 10:03:18,387 [INFO] No breakout yet. Watching further candles...
2025-11-12 10:03:18,387 [INFO] Error in trading logic:
Traceback (most recent call last):
  File "D:\Datascience\TradingBot\main.py", line 149, in main
    tamo_signal, _ = tamo_strategy.evaluate_trade_signal()
    ^^^^^^^^^^^^^^
TypeError: cannot unpack non-iterable NoneType object

2025-11-12 10:03:28,393 [INFO] Checking trade setups at 2025-11-12 10:03:28
2025-11-12 10:03:28,393 [INFO] Applying EMA strategy to 8 stocks.
2025-11-12 10:03:34,693 [INFO] Fetching candles for NSE:TMPV-EQ...
2025-11-12 10:03:35,609 [INFO] Trigger candle found for NSE:TMPV-EQ - High: 408.45, Low: 405.5
2025-11-12 10:03:35,609 [INFO] Candle 10:00 evaluated. High: 408.45, Low: 405.5
2025-11-12 10:03:35,609 [INFO] No breakout yet. Watching further candles...
2025-11-12 10:03:35,609 [INFO] Error in trading logic:
Traceback (most recent call last):
  File "D:\Datascience\TradingBot\main.py", line 149, in main
    tamo_signal, _ = tamo_strategy.evaluate_trade_signal()
    ^^^^^^^^^^^^^^
TypeError: cannot unpack non-iterable NoneType object

2025-11-12 10:03:45,614 [INFO] Checking trade setups at 2025-11-12 10:03:45
2025-11-12 10:03:45,614 [INFO] Applying EMA strategy to 8 stocks.
2025-11-12 10:03:51,158 [INFO] Fetching candles for NSE:TMPV-EQ...
2025-11-12 10:03:51,766 [INFO] Trigger candle found for NSE:TMPV-EQ - High: 408.45, Low: 405.5
2025-11-12 10:03:51,766 [INFO] Candle 10:00 evaluated. High: 408.45, Low: 405.5
2025-11-12 10:03:51,768 [INFO] No breakout yet. Watching further candles...
2025-11-12 10:03:51,768 [INFO] Error in trading logic:
Traceback (most recent call last):
  File "D:\Datascience\TradingBot\main.py", line 149, in main
    tamo_signal, _ = tamo_strategy.evaluate_trade_signal()
    ^^^^^^^^^^^^^^
TypeError: cannot unpack non-iterable NoneType object

2025-11-12 10:04:01,771 [INFO] Checking trade setups at 2025-11-12 10:04:01
2025-11-12 10:04:01,771 [INFO] Applying EMA strategy to 8 stocks.
2025-11-12 10:04:08,102 [INFO] Fetching candles for NSE:TMPV-EQ...
2025-11-12 10:04:08,864 [INFO] Trigger candle found for NSE:TMPV-EQ - High: 408.45, Low: 405.5
2025-11-12 10:04:08,864 [INFO] Candle 10:00 evaluated. High: 408.45, Low: 405.5
2025-11-12 10:04:08,868 [INFO] No breakout yet. Watching further candles...
2025-11-12 10:04:08,869 [INFO] Error in trading logic:
Traceback (most recent call last):
  File "D:\Datascience\TradingBot\main.py", line 149, in main
    tamo_signal, _ = tamo_strategy.evaluate_trade_signal()
    ^^^^^^^^^^^^^^
TypeError: cannot unpack non-iterable NoneType object

2025-11-12 10:04:18,871 [INFO] Checking trade setups at 2025-11-12 10:04:18
2025-11-12 10:04:18,871 [INFO] Applying EMA strategy to 8 stocks.
2025-11-12 10:04:24,647 [INFO] Fetching candles for NSE:TMPV-EQ...
2025-11-12 10:04:25,475 [INFO] Trigger candle found for NSE:TMPV-EQ - High: 408.45, Low: 405.5
2025-11-12 10:04:25,483 [INFO] Candle 10:00 evaluated. High: 408.45, Low: 405.5
2025-11-12 10:04:25,483 [INFO] No breakout yet. Watching further candles...
2025-11-12 10:04:25,483 [INFO] Error in trading logic:
Traceback (most recent call last):
  File "D:\Datascience\TradingBot\main.py", line 149, in main
    tamo_signal, _ = tamo_strategy.evaluate_trade_signal()
    ^^^^^^^^^^^^^^
TypeError: cannot unpack non-iterable NoneType object

2025-11-12 10:04:35,486 [INFO] Checking trade setups at 2025-11-12 10:04:35
2025-11-12 10:04:35,486 [INFO] Applying EMA strategy to 8 stocks.
2025-11-12 10:04:41,638 [INFO] Executing trade for NSE:EIDPARRY-EQ: {'timestamp': '2025-11-12 10:00', 'action': 'SELL', 'entry_price': 1071, 'stop_loss': 1077.5, 'target': 1051.5}
2025-11-12 10:04:41,638 [INFO] after SL after filtering the final SL:6.5, final_target:1051.5, qty:15
2025-11-12 10:04:41,658 [INFO] Max trades reached. Skipping new orders.
2025-11-12 10:04:41,659 [INFO] Fetching candles for NSE:TMPV-EQ...
2025-11-12 10:04:42,452 [INFO] Trigger candle found for NSE:TMPV-EQ - High: 408.45, Low: 405.5
2025-11-12 10:04:42,452 [INFO] Candle 10:00 evaluated. High: 408.45, Low: 405.5
2025-11-12 10:04:42,452 [INFO] No breakout yet. Watching further candles...
2025-11-12 10:04:42,456 [INFO] Error in trading logic:
Traceback (most recent call last):
  File "D:\Datascience\TradingBot\main.py", line 149, in main
    tamo_signal, _ = tamo_strategy.evaluate_trade_signal()
    ^^^^^^^^^^^^^^
TypeError: cannot unpack non-iterable NoneType object

2025-11-12 10:04:52,458 [INFO] Checking trade setups at 2025-11-12 10:04:52
2025-11-12 10:04:52,458 [INFO] Applying EMA strategy to 8 stocks.
2025-11-12 10:04:59,081 [INFO] Fetching candles for NSE:TMPV-EQ...
2025-11-12 10:04:59,987 [INFO] Trigger candle found for NSE:TMPV-EQ - High: 408.45, Low: 405.5
2025-11-12 10:04:59,987 [INFO] Candle 10:00 evaluated. High: 408.45, Low: 405.5
2025-11-12 10:04:59,987 [INFO] No breakout yet. Watching further candles...
2025-11-12 10:04:59,992 [INFO] Error in trading logic:
Traceback (most recent call last):
  File "D:\Datascience\TradingBot\main.py", line 149, in main
    tamo_signal, _ = tamo_strategy.evaluate_trade_signal()
    ^^^^^^^^^^^^^^
TypeError: cannot unpack non-iterable NoneType object

2025-11-12 10:05:09,994 [INFO] Checking trade setups at 2025-11-12 10:05:09
2025-11-12 10:05:09,994 [INFO] Applying EMA strategy to 8 stocks.
2025-11-12 10:05:15,862 [INFO] Fetching candles for NSE:TMPV-EQ...
2025-11-12 10:05:16,767 [INFO] Trigger candle found for NSE:TMPV-EQ - High: 408.45, Low: 405.5
2025-11-12 10:05:16,767 [INFO] Candle 10:00 evaluated. High: 408.45, Low: 405.5
2025-11-12 10:05:16,769 [INFO] No breakout yet. Watching further candles...
2025-11-12 10:05:16,769 [INFO] Candle 10:05 evaluated. High: 406.2, Low: 406
2025-11-12 10:05:16,769 [INFO] No breakout yet. Watching further candles...
2025-11-12 10:05:16,769 [INFO] Error in trading logic:
Traceback (most recent call last):
  File "D:\Datascience\TradingBot\main.py", line 149, in main
    tamo_signal, _ = tamo_strategy.evaluate_trade_signal()
    ^^^^^^^^^^^^^^
TypeError: cannot unpack non-iterable NoneType object

2025-11-12 10:05:26,773 [INFO] Checking trade setups at 2025-11-12 10:05:26
2025-11-12 10:05:26,773 [INFO] Applying EMA strategy to 8 stocks.
2025-11-12 10:05:30,119 [INFO] Executing trade for NSE:TARIL-EQ: {'timestamp': '2025-11-12 10:05', 'action': 'SELL', 'entry_price': 300.05, 'stop_loss': 302, 'target': 294.20000000000005}
2025-11-12 10:05:30,119 [INFO] after SL after filtering the final SL:1.95, final_target:294.2, qty:51
2025-11-12 10:05:30,136 [INFO] Max trades reached. Skipping new orders.
2025-11-12 10:05:32,949 [INFO] Fetching candles for NSE:TMPV-EQ...
2025-11-12 10:05:33,557 [INFO] Trigger candle found for NSE:TMPV-EQ - High: 408.45, Low: 405.5
2025-11-12 10:05:33,557 [INFO] Candle 10:00 evaluated. High: 408.45, Low: 405.5
2025-11-12 10:05:33,557 [INFO] No breakout yet. Watching further candles...
2025-11-12 10:05:33,557 [INFO] Candle 10:05 evaluated. High: 406.2, Low: 406
2025-11-12 10:05:33,557 [INFO] No breakout yet. Watching further candles...
2025-11-12 10:05:33,557 [INFO] Error in trading logic:
Traceback (most recent call last):
  File "D:\Datascience\TradingBot\main.py", line 149, in main
    tamo_signal, _ = tamo_strategy.evaluate_trade_signal()
    ^^^^^^^^^^^^^^
TypeError: cannot unpack non-iterable NoneType object

2025-11-12 10:05:43,563 [INFO] Checking trade setups at 2025-11-12 10:05:43
2025-11-12 10:05:43,563 [INFO] Applying EMA strategy to 8 stocks.
2025-11-12 10:05:49,850 [INFO] Fetching candles for NSE:TMPV-EQ...
2025-11-12 10:05:50,478 [INFO] Trigger candle found for NSE:TMPV-EQ - High: 408.45, Low: 405.5
2025-11-12 10:05:50,479 [INFO] Candle 10:00 evaluated. High: 408.45, Low: 405.5
2025-11-12 10:05:50,479 [INFO] No breakout yet. Watching further candles...
2025-11-12 10:05:50,479 [INFO] Candle 10:05 evaluated. High: 406.2, Low: 406
2025-11-12 10:05:50,479 [INFO] No breakout yet. Watching further candles...
2025-11-12 10:05:50,479 [INFO] Error in trading logic:
Traceback (most recent call last):
  File "D:\Datascience\TradingBot\main.py", line 149, in main
    tamo_signal, _ = tamo_strategy.evaluate_trade_signal()
    ^^^^^^^^^^^^^^
TypeError: cannot unpack non-iterable NoneType object

2025-11-12 10:06:00,483 [INFO] Checking trade setups at 2025-11-12 10:06:00
2025-11-12 10:06:00,483 [INFO] Applying EMA strategy to 8 stocks.
2025-11-12 10:06:06,439 [INFO] Fetching candles for NSE:TMPV-EQ...
2025-11-12 10:06:07,153 [INFO] Trigger candle found for NSE:TMPV-EQ - High: 408.45, Low: 405.5
2025-11-12 10:06:07,155 [INFO] Candle 10:00 evaluated. High: 408.45, Low: 405.5
2025-11-12 10:06:07,155 [INFO] No breakout yet. Watching further candles...
2025-11-12 10:06:07,157 [INFO] Candle 10:05 evaluated. High: 406.3, Low: 406
2025-11-12 10:06:07,157 [INFO] No breakout yet. Watching further candles...
2025-11-12 10:06:07,158 [INFO] Error in trading logic:
Traceback (most recent call last):
  File "D:\Datascience\TradingBot\main.py", line 149, in main
    tamo_signal, _ = tamo_strategy.evaluate_trade_signal()
    ^^^^^^^^^^^^^^
TypeError: cannot unpack non-iterable NoneType object

2025-11-12 10:06:17,160 [INFO] Checking trade setups at 2025-11-12 10:06:17
2025-11-12 10:06:17,160 [INFO] Applying EMA strategy to 8 stocks.
2025-11-12 10:06:24,260 [INFO] Fetching candles for NSE:TMPV-EQ...
2025-11-12 10:06:24,805 [INFO] Trigger candle found for NSE:TMPV-EQ - High: 408.45, Low: 405.5
2025-11-12 10:06:24,805 [INFO] Candle 10:00 evaluated. High: 408.45, Low: 405.5
2025-11-12 10:06:24,805 [INFO] No breakout yet. Watching further candles...
2025-11-12 10:06:24,805 [INFO] Candle 10:05 evaluated. High: 406.3, Low: 406
2025-11-12 10:06:24,805 [INFO] No breakout yet. Watching further candles...
2025-11-12 10:06:24,805 [INFO] Error in trading logic:
Traceback (most recent call last):
  File "D:\Datascience\TradingBot\main.py", line 149, in main
    tamo_signal, _ = tamo_strategy.evaluate_trade_signal()
    ^^^^^^^^^^^^^^
TypeError: cannot unpack non-iterable NoneType object

2025-11-12 10:06:34,810 [INFO] Checking trade setups at 2025-11-12 10:06:34
2025-11-12 10:06:34,810 [INFO] Applying EMA strategy to 8 stocks.
2025-11-12 10:06:40,434 [INFO] Fetching candles for NSE:TMPV-EQ...
2025-11-12 10:06:41,033 [INFO] Trigger candle found for NSE:TMPV-EQ - High: 408.45, Low: 405.5
2025-11-12 10:06:41,033 [INFO] Candle 10:00 evaluated. High: 408.45, Low: 405.5
2025-11-12 10:06:41,033 [INFO] No breakout yet. Watching further candles...
2025-11-12 10:06:41,033 [INFO] Candle 10:05 evaluated. High: 406.3, Low: 406
2025-11-12 10:06:41,033 [INFO] No breakout yet. Watching further candles...
2025-11-12 10:06:41,038 [INFO] Error in trading logic:
Traceback (most recent call last):
  File "D:\Datascience\TradingBot\main.py", line 149, in main
    tamo_signal, _ = tamo_strategy.evaluate_trade_signal()
    ^^^^^^^^^^^^^^
TypeError: cannot unpack non-iterable NoneType object

2025-11-12 10:06:51,040 [INFO] Checking trade setups at 2025-11-12 10:06:51
2025-11-12 10:06:51,040 [INFO] Applying EMA strategy to 8 stocks.
2025-11-12 10:06:57,223 [INFO] Fetching candles for NSE:TMPV-EQ...
2025-11-12 10:06:57,901 [INFO] Trigger candle found for NSE:TMPV-EQ - High: 408.45, Low: 405.5
2025-11-12 10:06:57,901 [INFO] Candle 10:00 evaluated. High: 408.45, Low: 405.5
2025-11-12 10:06:57,901 [INFO] No breakout yet. Watching further candles...
2025-11-12 10:06:57,901 [INFO] Candle 10:05 evaluated. High: 406.3, Low: 406
2025-11-12 10:06:57,901 [INFO] No breakout yet. Watching further candles...
2025-11-12 10:06:57,901 [INFO] Error in trading logic:
Traceback (most recent call last):
  File "D:\Datascience\TradingBot\main.py", line 149, in main
    tamo_signal, _ = tamo_strategy.evaluate_trade_signal()
    ^^^^^^^^^^^^^^
TypeError: cannot unpack non-iterable NoneType object

2025-11-12 10:07:07,905 [INFO] Checking trade setups at 2025-11-12 10:07:07
2025-11-12 10:07:07,905 [INFO] Applying EMA strategy to 8 stocks.
2025-11-12 10:07:14,645 [INFO] Fetching candles for NSE:TMPV-EQ...
2025-11-12 10:07:15,346 [INFO] Trigger candle found for NSE:TMPV-EQ - High: 408.45, Low: 405.5
2025-11-12 10:07:15,346 [INFO] Candle 10:00 evaluated. High: 408.45, Low: 405.5
2025-11-12 10:07:15,346 [INFO] No breakout yet. Watching further candles...
2025-11-12 10:07:15,346 [INFO] Candle 10:05 evaluated. High: 406.3, Low: 406
2025-11-12 10:07:15,346 [INFO] No breakout yet. Watching further candles...
2025-11-12 10:07:15,353 [INFO] Error in trading logic:
Traceback (most recent call last):
  File "D:\Datascience\TradingBot\main.py", line 149, in main
    tamo_signal, _ = tamo_strategy.evaluate_trade_signal()
    ^^^^^^^^^^^^^^
TypeError: cannot unpack non-iterable NoneType object

2025-11-12 10:07:25,356 [INFO] Checking trade setups at 2025-11-12 10:07:25
2025-11-12 10:07:25,356 [INFO] Applying EMA strategy to 8 stocks.
2025-11-12 10:07:30,920 [INFO] Fetching candles for NSE:TMPV-EQ...
2025-11-12 10:07:31,625 [INFO] Trigger candle found for NSE:TMPV-EQ - High: 408.45, Low: 405.5
2025-11-12 10:07:31,626 [INFO] Candle 10:00 evaluated. High: 408.45, Low: 405.5
2025-11-12 10:07:31,626 [INFO] No breakout yet. Watching further candles...
2025-11-12 10:07:31,626 [INFO] Candle 10:05 evaluated. High: 406.3, Low: 405.85
2025-11-12 10:07:31,626 [INFO] No breakout yet. Watching further candles...
2025-11-12 10:07:31,627 [INFO] Error in trading logic:
Traceback (most recent call last):
  File "D:\Datascience\TradingBot\main.py", line 149, in main
    tamo_signal, _ = tamo_strategy.evaluate_trade_signal()
    ^^^^^^^^^^^^^^
TypeError: cannot unpack non-iterable NoneType object

2025-11-12 10:07:41,629 [INFO] Checking trade setups at 2025-11-12 10:07:41
2025-11-12 10:07:41,629 [INFO] Applying EMA strategy to 8 stocks.
2025-11-12 10:07:49,252 [INFO] Fetching candles for NSE:TMPV-EQ...
2025-11-12 10:07:50,058 [INFO] Trigger candle found for NSE:TMPV-EQ - High: 408.45, Low: 405.5
2025-11-12 10:07:50,058 [INFO] Candle 10:00 evaluated. High: 408.45, Low: 405.5
2025-11-12 10:07:50,058 [INFO] No breakout yet. Watching further candles...
2025-11-12 10:07:50,058 [INFO] Candle 10:05 evaluated. High: 406.3, Low: 405.6
2025-11-12 10:07:50,063 [INFO] No breakout yet. Watching further candles...
2025-11-12 10:07:50,063 [INFO] Error in trading logic:
Traceback (most recent call last):
  File "D:\Datascience\TradingBot\main.py", line 149, in main
    tamo_signal, _ = tamo_strategy.evaluate_trade_signal()
    ^^^^^^^^^^^^^^
TypeError: cannot unpack non-iterable NoneType object

2025-11-12 10:08:00,065 [INFO] Checking trade setups at 2025-11-12 10:08:00
2025-11-12 10:08:00,065 [INFO] Applying EMA strategy to 8 stocks.
2025-11-12 10:08:05,838 [INFO] Fetching candles for NSE:TMPV-EQ...
2025-11-12 10:08:06,547 [INFO] Trigger candle found for NSE:TMPV-EQ - High: 408.45, Low: 405.5
2025-11-12 10:08:06,547 [INFO] Candle 10:00 evaluated. High: 408.45, Low: 405.5
2025-11-12 10:08:06,547 [INFO] No breakout yet. Watching further candles...
2025-11-12 10:08:06,547 [INFO] Candle 10:05 evaluated. High: 406.3, Low: 405.5
2025-11-12 10:08:06,547 [INFO] No breakout yet. Watching further candles...
2025-11-12 10:08:06,547 [INFO] Error in trading logic:
Traceback (most recent call last):
  File "D:\Datascience\TradingBot\main.py", line 149, in main
    tamo_signal, _ = tamo_strategy.evaluate_trade_signal()
    ^^^^^^^^^^^^^^
TypeError: cannot unpack non-iterable NoneType object

2025-11-12 10:08:16,551 [INFO] Checking trade setups at 2025-11-12 10:08:16
2025-11-12 10:08:16,551 [INFO] Applying EMA strategy to 8 stocks.
2025-11-12 10:08:22,589 [INFO] Fetching candles for NSE:TMPV-EQ...
2025-11-12 10:08:23,346 [INFO] Trigger candle found for NSE:TMPV-EQ - High: 408.45, Low: 405.5
2025-11-12 10:08:23,346 [INFO] Candle 10:00 evaluated. High: 408.45, Low: 405.5
2025-11-12 10:08:23,346 [INFO] No breakout yet. Watching further candles...
2025-11-12 10:08:23,346 [INFO] Candle 10:05 evaluated. High: 406.3, Low: 405.5
2025-11-12 10:08:23,346 [INFO] No breakout yet. Watching further candles...
2025-11-12 10:08:23,350 [INFO] Error in trading logic:
Traceback (most recent call last):
  File "D:\Datascience\TradingBot\main.py", line 149, in main
    tamo_signal, _ = tamo_strategy.evaluate_trade_signal()
    ^^^^^^^^^^^^^^
TypeError: cannot unpack non-iterable NoneType object

2025-11-12 10:08:33,352 [INFO] Checking trade setups at 2025-11-12 10:08:33
2025-11-12 10:08:33,352 [INFO] Applying EMA strategy to 8 stocks.
2025-11-12 10:08:39,340 [INFO] Fetching candles for NSE:TMPV-EQ...
2025-11-12 10:08:40,047 [INFO] Trigger candle found for NSE:TMPV-EQ - High: 408.45, Low: 405.5
2025-11-12 10:08:40,047 [INFO] Candle 10:00 evaluated. High: 408.45, Low: 405.5
2025-11-12 10:08:40,047 [INFO] No breakout yet. Watching further candles...
2025-11-12 10:08:40,047 [INFO] Candle 10:05 evaluated. High: 406.3, Low: 405.5
2025-11-12 10:08:40,047 [INFO] No breakout yet. Watching further candles...
2025-11-12 10:08:40,052 [INFO] Error in trading logic:
Traceback (most recent call last):
  File "D:\Datascience\TradingBot\main.py", line 149, in main
    tamo_signal, _ = tamo_strategy.evaluate_trade_signal()
    ^^^^^^^^^^^^^^
TypeError: cannot unpack non-iterable NoneType object

2025-11-12 10:08:50,054 [INFO] Checking trade setups at 2025-11-12 10:08:50
2025-11-12 10:08:50,054 [INFO] Applying EMA strategy to 8 stocks.
2025-11-12 10:08:55,605 [INFO] Fetching candles for NSE:TMPV-EQ...
2025-11-12 10:08:56,209 [INFO] Trigger candle found for NSE:TMPV-EQ - High: 408.45, Low: 405.5
2025-11-12 10:08:56,209 [INFO] Candle 10:00 evaluated. High: 408.45, Low: 405.5
2025-11-12 10:08:56,210 [INFO] No breakout yet. Watching further candles...
2025-11-12 10:08:56,210 [INFO] Candle 10:05 evaluated. High: 406.3, Low: 405.5
2025-11-12 10:08:56,210 [INFO] No breakout yet. Watching further candles...
2025-11-12 10:08:56,210 [INFO] Error in trading logic:
Traceback (most recent call last):
  File "D:\Datascience\TradingBot\main.py", line 149, in main
    tamo_signal, _ = tamo_strategy.evaluate_trade_signal()
    ^^^^^^^^^^^^^^
TypeError: cannot unpack non-iterable NoneType object

2025-11-12 10:09:06,212 [INFO] Checking trade setups at 2025-11-12 10:09:06
2025-11-12 10:09:06,212 [INFO] Applying EMA strategy to 8 stocks.
2025-11-12 10:09:12,103 [INFO] Fetching candles for NSE:TMPV-EQ...
2025-11-12 10:09:12,801 [INFO] Trigger candle found for NSE:TMPV-EQ - High: 408.45, Low: 405.5
2025-11-12 10:09:12,801 [INFO] Candle 10:00 evaluated. High: 408.45, Low: 405.5
2025-11-12 10:09:12,801 [INFO] No breakout yet. Watching further candles...
2025-11-12 10:09:12,801 [INFO] Candle 10:05 evaluated. High: 406.3, Low: 405
2025-11-12 10:09:12,801 [INFO] Trade signal evaluated as Sell.
2025-11-12 10:09:12,801 [INFO] Sell Triggered for NSE:TMPV-EQ SETUP at 2025-11-12 10:05
2025-11-12 10:09:13,529 [INFO] Order Response: {'code': 1101, 'message': 'Successfully placed order', 's': 'ok', 'id': '25111200100869-BO-1'}
2025-11-12 10:09:13,530 [INFO] Trades taken today: 7
2025-11-12 10:09:13,534 [INFO] Remaining trades for the day: -1
2025-11-12 10:09:13,539 [INFO] ✅ Order placed successfully for NSE:TMPV-EQ
2025-11-12 10:09:13,539 [INFO] TAMO trade executed successfully at 2025-11-12 10:05
2025-11-12 10:09:23,542 [INFO] Checking trade setups at 2025-11-12 10:09:23
2025-11-12 10:09:23,542 [INFO] Applying EMA strategy to 8 stocks.
2025-11-12 10:09:39,842 [INFO] Checking trade setups at 2025-11-12 10:09:39
2025-11-12 10:09:39,842 [INFO] Applying EMA strategy to 8 stocks.
2025-11-12 10:09:55,785 [INFO] Checking trade setups at 2025-11-12 10:09:55
2025-11-12 10:09:55,785 [INFO] Applying EMA strategy to 8 stocks.
2025-11-12 10:10:12,185 [INFO] Checking trade setups at 2025-11-12 10:10:12
2025-11-12 10:10:12,185 [INFO] Applying EMA strategy to 8 stocks.
2025-11-12 10:10:27,940 [INFO] Checking trade setups at 2025-11-12 10:10:27
2025-11-12 10:10:27,941 [INFO] Applying EMA strategy to 8 stocks.
2025-11-12 10:10:45,083 [INFO] Checking trade setups at 2025-11-12 10:10:45
2025-11-12 10:10:45,083 [INFO] Applying EMA strategy to 8 stocks.
2025-11-12 10:11:01,444 [INFO] Checking trade setups at 2025-11-12 10:11:01
2025-11-12 10:11:01,444 [INFO] Applying EMA strategy to 8 stocks.
2025-11-12 10:11:18,121 [INFO] Checking trade setups at 2025-11-12 10:11:18
2025-11-12 10:11:18,121 [INFO] Applying EMA strategy to 8 stocks.
2025-11-12 10:11:35,323 [INFO] Checking trade setups at 2025-11-12 10:11:35
2025-11-12 10:11:35,323 [INFO] Applying EMA strategy to 8 stocks.
2025-11-12 10:11:51,297 [INFO] Checking trade setups at 2025-11-12 10:11:51
2025-11-12 10:11:51,297 [INFO] Applying EMA strategy to 8 stocks.
2025-11-12 10:12:07,677 [INFO] Checking trade setups at 2025-11-12 10:12:07
2025-11-12 10:12:07,677 [INFO] Applying EMA strategy to 8 stocks.
2025-11-12 10:12:23,455 [INFO] Checking trade setups at 2025-11-12 10:12:23
2025-11-12 10:12:23,455 [INFO] Applying EMA strategy to 8 stocks.
2025-11-12 10:12:40,351 [INFO] Checking trade setups at 2025-11-12 10:12:40
2025-11-12 10:12:40,355 [INFO] Applying EMA strategy to 8 stocks.
2025-11-12 10:12:56,735 [INFO] Checking trade setups at 2025-11-12 10:12:56
2025-11-12 10:12:56,735 [INFO] Applying EMA strategy to 8 stocks.
2025-11-12 10:13:12,303 [INFO] Checking trade setups at 2025-11-12 10:13:12
2025-11-12 10:13:12,303 [INFO] Applying EMA strategy to 8 stocks.
2025-11-12 10:13:28,271 [INFO] Checking trade setups at 2025-11-12 10:13:28
2025-11-12 10:13:28,271 [INFO] Applying EMA strategy to 8 stocks.
2025-11-12 10:13:44,633 [INFO] Checking trade setups at 2025-11-12 10:13:44
2025-11-12 10:13:44,633 [INFO] Applying EMA strategy to 8 stocks.
2025-11-12 10:14:00,953 [INFO] Checking trade setups at 2025-11-12 10:14:00
2025-11-12 10:14:00,953 [INFO] Applying EMA strategy to 8 stocks.
2025-11-12 10:14:17,137 [INFO] Checking trade setups at 2025-11-12 10:14:17
2025-11-12 10:14:17,137 [INFO] Applying EMA strategy to 8 stocks.
2025-11-12 10:14:33,300 [INFO] Checking trade setups at 2025-11-12 10:14:33
2025-11-12 10:14:33,300 [INFO] Applying EMA strategy to 8 stocks.
2025-11-12 10:14:50,575 [INFO] Checking trade setups at 2025-11-12 10:14:50
2025-11-12 10:14:50,575 [INFO] Applying EMA strategy to 8 stocks.
2025-11-12 10:15:08,324 [INFO] Checking trade setups at 2025-11-12 10:15:08
2025-11-12 10:15:08,324 [INFO] Applying EMA strategy to 8 stocks.
2025-11-12 10:15:24,399 [INFO] Checking trade setups at 2025-11-12 10:15:24
2025-11-12 10:15:24,399 [INFO] Applying EMA strategy to 8 stocks.
2025-11-12 10:15:41,290 [INFO] Checking trade setups at 2025-11-12 10:15:41
2025-11-12 10:15:41,290 [INFO] Applying EMA strategy to 8 stocks.
2025-11-12 10:15:56,815 [INFO] Checking trade setups at 2025-11-12 10:15:56
2025-11-12 10:15:56,820 [INFO] Applying EMA strategy to 8 stocks.
2025-11-12 10:16:13,245 [INFO] Checking trade setups at 2025-11-12 10:16:13
2025-11-12 10:16:13,245 [INFO] Applying EMA strategy to 8 stocks.
2025-11-12 10:16:29,639 [INFO] Checking trade setups at 2025-11-12 10:16:29
2025-11-12 10:16:29,639 [INFO] Applying EMA strategy to 8 stocks.
2025-11-12 10:16:46,230 [INFO] Checking trade setups at 2025-11-12 10:16:46
2025-11-12 10:16:46,231 [INFO] Applying EMA strategy to 8 stocks.
2025-11-12 10:17:01,782 [INFO] Checking trade setups at 2025-11-12 10:17:01
2025-11-12 10:17:01,782 [INFO] Applying EMA strategy to 8 stocks.
2025-11-12 10:17:19,199 [INFO] Checking trade setups at 2025-11-12 10:17:19
2025-11-12 10:17:19,200 [INFO] Applying EMA strategy to 8 stocks.
2025-11-12 10:17:36,291 [INFO] Checking trade setups at 2025-11-12 10:17:36
2025-11-12 10:17:36,291 [INFO] Applying EMA strategy to 8 stocks.
2025-11-12 10:17:52,272 [INFO] Checking trade setups at 2025-11-12 10:17:52
2025-11-12 10:17:52,272 [INFO] Applying EMA strategy to 8 stocks.
2025-11-12 10:18:08,455 [INFO] Checking trade setups at 2025-11-12 10:18:08
2025-11-12 10:18:08,455 [INFO] Applying EMA strategy to 8 stocks.
2025-11-12 10:18:25,142 [INFO] Checking trade setups at 2025-11-12 10:18:25
2025-11-12 10:18:25,142 [INFO] Applying EMA strategy to 8 stocks.
2025-11-12 10:18:41,343 [INFO] Checking trade setups at 2025-11-12 10:18:41
2025-11-12 10:18:41,343 [INFO] Applying EMA strategy to 8 stocks.
2025-11-12 10:18:57,111 [INFO] Checking trade setups at 2025-11-12 10:18:57
2025-11-12 10:18:57,111 [INFO] Applying EMA strategy to 8 stocks.
2025-11-12 10:19:13,172 [INFO] Checking trade setups at 2025-11-12 10:19:13
2025-11-12 10:19:13,173 [INFO] Applying EMA strategy to 8 stocks.
2025-11-12 10:19:29,246 [INFO] Checking trade setups at 2025-11-12 10:19:29
2025-11-12 10:19:29,246 [INFO] Applying EMA strategy to 8 stocks.
2025-11-12 10:19:44,806 [INFO] Checking trade setups at 2025-11-12 10:19:44
2025-11-12 10:19:44,806 [INFO] Applying EMA strategy to 8 stocks.
2025-11-12 10:20:00,697 [INFO] Checking trade setups at 2025-11-12 10:20:00
2025-11-12 10:20:00,697 [INFO] Applying EMA strategy to 8 stocks.
2025-11-12 10:20:17,067 [INFO] Checking trade setups at 2025-11-12 10:20:17
2025-11-12 10:20:17,067 [INFO] Applying EMA strategy to 8 stocks.
2025-11-12 10:20:34,270 [INFO] Checking trade setups at 2025-11-12 10:20:34
2025-11-12 10:20:34,270 [INFO] Applying EMA strategy to 8 stocks.
2025-11-12 10:20:51,172 [INFO] Checking trade setups at 2025-11-12 10:20:51
2025-11-12 10:20:51,172 [INFO] Applying EMA strategy to 8 stocks.
2025-11-12 10:21:08,375 [INFO] Checking trade setups at 2025-11-12 10:21:08
2025-11-12 10:21:08,376 [INFO] Applying EMA strategy to 8 stocks.
2025-11-12 10:21:23,731 [INFO] Checking trade setups at 2025-11-12 10:21:23
2025-11-12 10:21:23,731 [INFO] Applying EMA strategy to 8 stocks.
2025-11-12 10:21:40,014 [INFO] Checking trade setups at 2025-11-12 10:21:40
2025-11-12 10:21:40,014 [INFO] Applying EMA strategy to 8 stocks.
2025-11-12 10:21:55,898 [INFO] Checking trade setups at 2025-11-12 10:21:55
2025-11-12 10:21:55,898 [INFO] Applying EMA strategy to 8 stocks.
2025-11-12 10:22:11,663 [INFO] Checking trade setups at 2025-11-12 10:22:11
2025-11-12 10:22:11,663 [INFO] Applying EMA strategy to 8 stocks.
2025-11-12 10:22:27,558 [INFO] Checking trade setups at 2025-11-12 10:22:27
2025-11-12 10:22:27,558 [INFO] Applying EMA strategy to 8 stocks.
2025-11-12 10:22:43,202 [INFO] Checking trade setups at 2025-11-12 10:22:43
2025-11-12 10:22:43,202 [INFO] Applying EMA strategy to 8 stocks.
2025-11-12 10:22:59,818 [INFO] Checking trade setups at 2025-11-12 10:22:59
2025-11-12 10:22:59,819 [INFO] Applying EMA strategy to 8 stocks.
2025-11-12 10:23:15,896 [INFO] Checking trade setups at 2025-11-12 10:23:15
2025-11-12 10:23:15,896 [INFO] Applying EMA strategy to 8 stocks.
2025-11-12 10:23:31,747 [INFO] Checking trade setups at 2025-11-12 10:23:31
2025-11-12 10:23:31,748 [INFO] Applying EMA strategy to 8 stocks.
2025-11-12 10:23:47,627 [INFO] Checking trade setups at 2025-11-12 10:23:47
2025-11-12 10:23:47,627 [INFO] Applying EMA strategy to 8 stocks.
2025-11-12 10:24:03,383 [INFO] Checking trade setups at 2025-11-12 10:24:03
2025-11-12 10:24:03,383 [INFO] Applying EMA strategy to 8 stocks.
2025-11-12 10:24:19,793 [INFO] Checking trade setups at 2025-11-12 10:24:19
2025-11-12 10:24:19,793 [INFO] Applying EMA strategy to 8 stocks.
2025-11-12 10:24:35,843 [INFO] Checking trade setups at 2025-11-12 10:24:35
2025-11-12 10:24:35,843 [INFO] Applying EMA strategy to 8 stocks.
2025-11-12 10:24:52,741 [INFO] Checking trade setups at 2025-11-12 10:24:52
2025-11-12 10:24:52,741 [INFO] Applying EMA strategy to 8 stocks.
2025-11-12 10:25:08,406 [INFO] Checking trade setups at 2025-11-12 10:25:08
2025-11-12 10:25:08,406 [INFO] Applying EMA strategy to 8 stocks.
2025-11-12 10:25:24,850 [INFO] Checking trade setups at 2025-11-12 10:25:24
2025-11-12 10:25:24,850 [INFO] Applying EMA strategy to 8 stocks.
2025-11-12 10:25:27,316 [INFO] Executing trade for NSE:BAJAJHLDNG-EQ: {'timestamp': '2025-11-12 10:25', 'action': 'SELL', 'entry_price': 12100, 'stop_loss': 12135, 'target': 11995}
2025-11-12 10:25:27,316 [INFO] after SL after filtering the final SL:35, final_target:11995, qty:2
2025-11-12 10:25:27,369 [INFO] Max trades reached. Skipping new orders.
2025-11-12 10:25:41,485 [INFO] Checking trade setups at 2025-11-12 10:25:41
2025-11-12 10:25:41,485 [INFO] Applying EMA strategy to 8 stocks.
2025-11-12 10:25:57,662 [INFO] Checking trade setups at 2025-11-12 10:25:57
2025-11-12 10:25:57,662 [INFO] Applying EMA strategy to 8 stocks.
2025-11-12 10:26:14,256 [INFO] Checking trade setups at 2025-11-12 10:26:14
2025-11-12 10:26:14,256 [INFO] Applying EMA strategy to 8 stocks.
2025-11-12 10:26:30,646 [INFO] Checking trade setups at 2025-11-12 10:26:30
2025-11-12 10:26:30,646 [INFO] Applying EMA strategy to 8 stocks.
2025-11-12 10:26:47,251 [INFO] Checking trade setups at 2025-11-12 10:26:47
2025-11-12 10:26:47,251 [INFO] Applying EMA strategy to 8 stocks.
2025-11-12 10:27:02,791 [INFO] Checking trade setups at 2025-11-12 10:27:02
2025-11-12 10:27:02,791 [INFO] Applying EMA strategy to 8 stocks.
2025-11-12 10:27:19,390 [INFO] Checking trade setups at 2025-11-12 10:27:19
2025-11-12 10:27:19,390 [INFO] Applying EMA strategy to 8 stocks.
2025-11-12 10:27:34,639 [INFO] Checking trade setups at 2025-11-12 10:27:34
2025-11-12 10:27:34,639 [INFO] Applying EMA strategy to 8 stocks.
2025-11-12 10:27:50,927 [INFO] Checking trade setups at 2025-11-12 10:27:50
2025-11-12 10:27:50,927 [INFO] Applying EMA strategy to 8 stocks.
2025-11-12 10:28:06,313 [INFO] Checking trade setups at 2025-11-12 10:28:06
2025-11-12 10:28:06,313 [INFO] Applying EMA strategy to 8 stocks.
2025-11-12 10:28:22,050 [INFO] Checking trade setups at 2025-11-12 10:28:22
2025-11-12 10:28:22,050 [INFO] Applying EMA strategy to 8 stocks.
2025-11-12 10:28:37,413 [INFO] Checking trade setups at 2025-11-12 10:28:37
2025-11-12 10:28:37,413 [INFO] Applying EMA strategy to 8 stocks.
2025-11-12 10:28:52,980 [INFO] Checking trade setups at 2025-11-12 10:28:52
2025-11-12 10:28:52,980 [INFO] Applying EMA strategy to 8 stocks.
2025-11-12 10:29:09,369 [INFO] Checking trade setups at 2025-11-12 10:29:09
2025-11-12 10:29:09,369 [INFO] Applying EMA strategy to 8 stocks.
2025-11-12 10:29:24,770 [INFO] Checking trade setups at 2025-11-12 10:29:24
2025-11-12 10:29:24,774 [INFO] Applying EMA strategy to 8 stocks.
2025-11-12 10:29:40,719 [INFO] Checking trade setups at 2025-11-12 10:29:40
2025-11-12 10:29:40,719 [INFO] Applying EMA strategy to 8 stocks.
2025-11-12 10:29:56,881 [INFO] Checking trade setups at 2025-11-12 10:29:56
2025-11-12 10:29:56,882 [INFO] Applying EMA strategy to 8 stocks.
2025-11-12 10:30:12,693 [INFO] Checking trade setups at 2025-11-12 10:30:12
2025-11-12 10:30:12,693 [INFO] Applying EMA strategy to 8 stocks.
2025-11-12 10:30:29,244 [INFO] Checking trade setups at 2025-11-12 10:30:29
2025-11-12 10:30:29,244 [INFO] Applying EMA strategy to 8 stocks.
2025-11-12 10:30:31,323 [INFO] Executing trade for NSE:BAJAJHLDNG-EQ: {'timestamp': '2025-11-12 10:30', 'action': 'SELL', 'entry_price': 12086, 'stop_loss': 12111, 'target': 12011}
2025-11-12 10:30:31,324 [INFO] after SL after filtering the final SL:25, final_target:12011, qty:4
2025-11-12 10:30:31,333 [INFO] Max trades reached. Skipping new orders.
2025-11-12 10:30:45,173 [INFO] Checking trade setups at 2025-11-12 10:30:45
2025-11-12 10:30:45,173 [INFO] Applying EMA strategy to 8 stocks.
2025-11-12 10:31:02,003 [INFO] Checking trade setups at 2025-11-12 10:31:02
2025-11-12 10:31:02,003 [INFO] Applying EMA strategy to 8 stocks.
2025-11-12 10:31:17,344 [INFO] Checking trade setups at 2025-11-12 10:31:17
2025-11-12 10:31:17,344 [INFO] Applying EMA strategy to 8 stocks.
2025-11-12 10:31:34,444 [INFO] Checking trade setups at 2025-11-12 10:31:34
2025-11-12 10:31:34,444 [INFO] Applying EMA strategy to 8 stocks.
2025-11-12 10:31:50,142 [INFO] Checking trade setups at 2025-11-12 10:31:50
2025-11-12 10:31:50,142 [INFO] Applying EMA strategy to 8 stocks.
2025-11-12 10:32:05,708 [INFO] Checking trade setups at 2025-11-12 10:32:05
2025-11-12 10:32:05,710 [INFO] Applying EMA strategy to 8 stocks.
2025-11-12 10:32:21,783 [INFO] Checking trade setups at 2025-11-12 10:32:21
2025-11-12 10:32:21,783 [INFO] Applying EMA strategy to 8 stocks.
2025-11-12 10:32:36,731 [INFO] Checking trade setups at 2025-11-12 10:32:36
2025-11-12 10:32:36,731 [INFO] Applying EMA strategy to 8 stocks.
2025-11-12 10:32:52,516 [INFO] Checking trade setups at 2025-11-12 10:32:52
2025-11-12 10:32:52,516 [INFO] Applying EMA strategy to 8 stocks.
2025-11-12 10:33:08,288 [INFO] Checking trade setups at 2025-11-12 10:33:08
2025-11-12 10:33:08,288 [INFO] Applying EMA strategy to 8 stocks.
2025-11-12 10:33:23,836 [INFO] Checking trade setups at 2025-11-12 10:33:23
2025-11-12 10:33:23,836 [INFO] Applying EMA strategy to 8 stocks.
2025-11-12 10:33:39,505 [INFO] Checking trade setups at 2025-11-12 10:33:39
2025-11-12 10:33:39,505 [INFO] Applying EMA strategy to 8 stocks.
2025-11-12 10:33:55,073 [INFO] Checking trade setups at 2025-11-12 10:33:55
2025-11-12 10:33:55,073 [INFO] Applying EMA strategy to 8 stocks.
2025-11-12 10:34:11,040 [INFO] Checking trade setups at 2025-11-12 10:34:11
2025-11-12 10:34:11,040 [INFO] Applying EMA strategy to 8 stocks.
2025-11-12 10:34:26,606 [INFO] Checking trade setups at 2025-11-12 10:34:26
2025-11-12 10:34:26,606 [INFO] Applying EMA strategy to 8 stocks.
2025-11-12 10:34:41,975 [INFO] Checking trade setups at 2025-11-12 10:34:41
2025-11-12 10:34:41,975 [INFO] Applying EMA strategy to 8 stocks.
2025-11-12 10:34:57,968 [INFO] Checking trade setups at 2025-11-12 10:34:57
2025-11-12 10:34:57,969 [INFO] Applying EMA strategy to 8 stocks.
2025-11-12 10:35:14,256 [INFO] Checking trade setups at 2025-11-12 10:35:14
2025-11-12 10:35:14,256 [INFO] Applying EMA strategy to 8 stocks.
2025-11-12 10:35:30,818 [INFO] Checking trade setups at 2025-11-12 10:35:30
2025-11-12 10:35:30,818 [INFO] Applying EMA strategy to 8 stocks.
2025-11-12 10:35:46,482 [INFO] Checking trade setups at 2025-11-12 10:35:46
2025-11-12 10:35:46,482 [INFO] Applying EMA strategy to 8 stocks.
2025-11-12 10:36:02,250 [INFO] Checking trade setups at 2025-11-12 10:36:02
2025-11-12 10:36:02,250 [INFO] Applying EMA strategy to 8 stocks.
2025-11-12 10:36:18,386 [INFO] Checking trade setups at 2025-11-12 10:36:18
2025-11-12 10:36:18,386 [INFO] Applying EMA strategy to 8 stocks.
2025-11-12 10:36:34,114 [INFO] Checking trade setups at 2025-11-12 10:36:34
2025-11-12 10:36:34,114 [INFO] Applying EMA strategy to 8 stocks.
2025-11-12 10:36:50,411 [INFO] Checking trade setups at 2025-11-12 10:36:50
2025-11-12 10:36:50,412 [INFO] Applying EMA strategy to 8 stocks.
2025-11-12 10:37:06,723 [INFO] Checking trade setups at 2025-11-12 10:37:06
2025-11-12 10:37:06,723 [INFO] Applying EMA strategy to 8 stocks.
2025-11-12 10:37:23,871 [INFO] Checking trade setups at 2025-11-12 10:37:23
2025-11-12 10:37:23,871 [INFO] Applying EMA strategy to 8 stocks.
2025-11-12 10:37:39,738 [INFO] Checking trade setups at 2025-11-12 10:37:39
2025-11-12 10:37:39,738 [INFO] Applying EMA strategy to 8 stocks.
2025-11-12 10:37:56,230 [INFO] Checking trade setups at 2025-11-12 10:37:56
2025-11-12 10:37:56,230 [INFO] Applying EMA strategy to 8 stocks.
2025-11-12 10:38:12,409 [INFO] Checking trade setups at 2025-11-12 10:38:12
2025-11-12 10:38:12,409 [INFO] Applying EMA strategy to 8 stocks.
2025-11-12 10:38:28,911 [INFO] Checking trade setups at 2025-11-12 10:38:28
2025-11-12 10:38:28,911 [INFO] Applying EMA strategy to 8 stocks.
2025-11-12 10:38:44,366 [INFO] Checking trade setups at 2025-11-12 10:38:44
2025-11-12 10:38:44,366 [INFO] Applying EMA strategy to 8 stocks.
2025-11-12 10:39:00,776 [INFO] Checking trade setups at 2025-11-12 10:39:00
2025-11-12 10:39:00,776 [INFO] Applying EMA strategy to 8 stocks.
2025-11-12 10:39:16,618 [INFO] Checking trade setups at 2025-11-12 10:39:16
2025-11-12 10:39:16,618 [INFO] Applying EMA strategy to 8 stocks.
2025-11-12 10:39:32,290 [INFO] Checking trade setups at 2025-11-12 10:39:32
2025-11-12 10:39:32,291 [INFO] Applying EMA strategy to 8 stocks.
2025-11-12 10:39:48,268 [INFO] Checking trade setups at 2025-11-12 10:39:48
2025-11-12 10:39:48,270 [INFO] Applying EMA strategy to 8 stocks.
2025-11-12 10:39:49,948 [INFO] Executing trade for NSE:LALPATHLAB-EQ: {'timestamp': '2025-11-12 10:35', 'action': 'SELL', 'entry_price': 3081, 'stop_loss': 3086.8, 'target': 3063.5999999999995}
2025-11-12 10:39:49,948 [INFO] after SL after filtering the final SL:5.8, final_target:3063.6, qty:17
2025-11-12 10:39:49,959 [INFO] Max trades reached. Skipping new orders.
2025-11-12 10:40:04,480 [INFO] Checking trade setups at 2025-11-12 10:40:04
2025-11-12 10:40:04,480 [INFO] Applying EMA strategy to 8 stocks.
2025-11-12 10:40:19,896 [INFO] Checking trade setups at 2025-11-12 10:40:19
2025-11-12 10:40:19,896 [INFO] Applying EMA strategy to 8 stocks.
2025-11-12 10:40:35,474 [INFO] Checking trade setups at 2025-11-12 10:40:35
2025-11-12 10:40:35,474 [INFO] Applying EMA strategy to 8 stocks.
2025-11-12 10:40:51,460 [INFO] Checking trade setups at 2025-11-12 10:40:51
2025-11-12 10:40:51,460 [INFO] Applying EMA strategy to 8 stocks.
2025-11-12 10:40:54,542 [INFO] Executing trade for NSE:TARIL-EQ: {'timestamp': '2025-11-12 10:40', 'action': 'SELL', 'entry_price': 299.2, 'stop_loss': 300.5, 'target': 295.29999999999995}
2025-11-12 10:40:54,542 [INFO] after SL after filtering the final SL:1.3, final_target:295.3, qty:76
2025-11-12 10:40:54,557 [INFO] Max trades reached. Skipping new orders.
2025-11-12 10:41:07,518 [INFO] Checking trade setups at 2025-11-12 10:41:07
2025-11-12 10:41:07,519 [INFO] Applying EMA strategy to 8 stocks.
2025-11-12 10:41:23,620 [INFO] Checking trade setups at 2025-11-12 10:41:23
2025-11-12 10:41:23,620 [INFO] Applying EMA strategy to 8 stocks.
2025-11-12 10:41:40,604 [INFO] Checking trade setups at 2025-11-12 10:41:40
2025-11-12 10:41:40,604 [INFO] Applying EMA strategy to 8 stocks.
2025-11-12 10:41:57,184 [INFO] Checking trade setups at 2025-11-12 10:41:57
2025-11-12 10:41:57,184 [INFO] Applying EMA strategy to 8 stocks.
2025-11-12 10:42:13,267 [INFO] Checking trade setups at 2025-11-12 10:42:13
2025-11-12 10:42:13,267 [INFO] Applying EMA strategy to 8 stocks.
2025-11-12 10:42:28,796 [INFO] Checking trade setups at 2025-11-12 10:42:28
2025-11-12 10:42:28,796 [INFO] Applying EMA strategy to 8 stocks.
2025-11-12 10:42:44,305 [INFO] Checking trade setups at 2025-11-12 10:42:44
2025-11-12 10:42:44,305 [INFO] Applying EMA strategy to 8 stocks.
2025-11-12 10:43:00,652 [INFO] Checking trade setups at 2025-11-12 10:43:00
2025-11-12 10:43:00,652 [INFO] Applying EMA strategy to 8 stocks.
2025-11-12 10:43:17,096 [INFO] Checking trade setups at 2025-11-12 10:43:17
2025-11-12 10:43:17,096 [INFO] Applying EMA strategy to 8 stocks.
2025-11-12 10:43:33,143 [INFO] Checking trade setups at 2025-11-12 10:43:33
2025-11-12 10:43:33,143 [INFO] Applying EMA strategy to 8 stocks.
2025-11-12 10:43:49,360 [INFO] Checking trade setups at 2025-11-12 10:43:49
2025-11-12 10:43:49,360 [INFO] Applying EMA strategy to 8 stocks.
2025-11-12 10:44:05,595 [INFO] Checking trade setups at 2025-11-12 10:44:05
2025-11-12 10:44:05,595 [INFO] Applying EMA strategy to 8 stocks.
2025-11-12 10:44:21,743 [INFO] Checking trade setups at 2025-11-12 10:44:21
2025-11-12 10:44:21,743 [INFO] Applying EMA strategy to 8 stocks.
2025-11-12 10:44:37,651 [INFO] Checking trade setups at 2025-11-12 10:44:37
2025-11-12 10:44:37,651 [INFO] Applying EMA strategy to 8 stocks.
2025-11-12 10:44:53,217 [INFO] Checking trade setups at 2025-11-12 10:44:53
2025-11-12 10:44:53,217 [INFO] Applying EMA strategy to 8 stocks.
2025-11-12 10:45:09,292 [INFO] Checking trade setups at 2025-11-12 10:45:09
2025-11-12 10:45:09,292 [INFO] Applying EMA strategy to 8 stocks.
2025-11-12 10:45:25,375 [INFO] Checking trade setups at 2025-11-12 10:45:25
2025-11-12 10:45:25,375 [INFO] Applying EMA strategy to 8 stocks.
2025-11-12 10:45:42,575 [INFO] Checking trade setups at 2025-11-12 10:45:42
2025-11-12 10:45:42,575 [INFO] Applying EMA strategy to 8 stocks.
2025-11-12 10:46:00,313 [INFO] Checking trade setups at 2025-11-12 10:46:00
2025-11-12 10:46:00,313 [INFO] Applying EMA strategy to 8 stocks.
2025-11-12 10:46:16,682 [INFO] Checking trade setups at 2025-11-12 10:46:16
2025-11-12 10:46:16,682 [INFO] Applying EMA strategy to 8 stocks.
2025-11-12 10:46:33,784 [INFO] Checking trade setups at 2025-11-12 10:46:33
2025-11-12 10:46:33,784 [INFO] Applying EMA strategy to 8 stocks.
2025-11-12 10:46:49,459 [INFO] Checking trade setups at 2025-11-12 10:46:49
2025-11-12 10:46:49,459 [INFO] Applying EMA strategy to 8 stocks.
2025-11-12 10:47:05,436 [INFO] Checking trade setups at 2025-11-12 10:47:05
2025-11-12 10:47:05,436 [INFO] Applying EMA strategy to 8 stocks.
2025-11-12 10:47:21,399 [INFO] Checking trade setups at 2025-11-12 10:47:21
2025-11-12 10:47:21,399 [INFO] Applying EMA strategy to 8 stocks.
2025-11-12 10:47:23,063 [INFO] Executing trade for NSE:LALPATHLAB-EQ: {'timestamp': '2025-11-12 10:45', 'action': 'SELL', 'entry_price': 3079.7, 'stop_loss': 3088.5, 'target': 3053.2999999999993}
2025-11-12 10:47:23,072 [INFO] after SL after filtering the final SL:8.8, final_target:3053.3, qty:11
2025-11-12 10:47:23,077 [INFO] Max trades reached. Skipping new orders.
2025-11-12 10:47:37,995 [INFO] Checking trade setups at 2025-11-12 10:47:37
2025-11-12 10:47:37,995 [INFO] Applying EMA strategy to 8 stocks.
2025-11-12 10:47:54,194 [INFO] Checking trade setups at 2025-11-12 10:47:54
2025-11-12 10:47:54,194 [INFO] Applying EMA strategy to 8 stocks.
2025-11-12 10:48:10,044 [INFO] Checking trade setups at 2025-11-12 10:48:10
2025-11-12 10:48:10,044 [INFO] Applying EMA strategy to 8 stocks.
2025-11-12 10:48:27,648 [INFO] Checking trade setups at 2025-11-12 10:48:27
2025-11-12 10:48:27,648 [INFO] Applying EMA strategy to 8 stocks.
2025-11-12 10:48:43,627 [INFO] Checking trade setups at 2025-11-12 10:48:43
2025-11-12 10:48:43,627 [INFO] Applying EMA strategy to 8 stocks.
2025-11-12 10:49:00,927 [INFO] Checking trade setups at 2025-11-12 10:49:00
2025-11-12 10:49:00,927 [INFO] Applying EMA strategy to 8 stocks.
2025-11-12 10:49:17,735 [INFO] Checking trade setups at 2025-11-12 10:49:17
2025-11-12 10:49:17,735 [INFO] Applying EMA strategy to 8 stocks.
2025-11-12 10:49:33,506 [INFO] Checking trade setups at 2025-11-12 10:49:33
2025-11-12 10:49:33,506 [INFO] Applying EMA strategy to 8 stocks.
2025-11-12 10:49:50,223 [INFO] Checking trade setups at 2025-11-12 10:49:50
2025-11-12 10:49:50,223 [INFO] Applying EMA strategy to 8 stocks.
2025-11-12 10:50:06,165 [INFO] Checking trade setups at 2025-11-12 10:50:06
2025-11-12 10:50:06,165 [INFO] Applying EMA strategy to 8 stocks.
2025-11-12 10:50:22,244 [INFO] Checking trade setups at 2025-11-12 10:50:22
2025-11-12 10:50:22,244 [INFO] Applying EMA strategy to 8 stocks.
2025-11-12 10:50:38,323 [INFO] Checking trade setups at 2025-11-12 10:50:38
2025-11-12 10:50:38,323 [INFO] Applying EMA strategy to 8 stocks.
2025-11-12 10:50:54,189 [INFO] Checking trade setups at 2025-11-12 10:50:54
2025-11-12 10:50:54,189 [INFO] Applying EMA strategy to 8 stocks.
2025-11-12 10:51:10,878 [INFO] Checking trade setups at 2025-11-12 10:51:10
2025-11-12 10:51:10,880 [INFO] Applying EMA strategy to 8 stocks.
2025-11-12 10:51:26,246 [INFO] Checking trade setups at 2025-11-12 10:51:26
2025-11-12 10:51:26,246 [INFO] Applying EMA strategy to 8 stocks.
2025-11-12 10:51:42,764 [INFO] Checking trade setups at 2025-11-12 10:51:42
2025-11-12 10:51:42,764 [INFO] Applying EMA strategy to 8 stocks.
2025-11-12 10:51:59,331 [INFO] Checking trade setups at 2025-11-12 10:51:59
2025-11-12 10:51:59,331 [INFO] Applying EMA strategy to 8 stocks.
2025-11-12 10:52:16,941 [INFO] Checking trade setups at 2025-11-12 10:52:16
2025-11-12 10:52:16,941 [INFO] Applying EMA strategy to 8 stocks.
2025-11-12 10:52:32,915 [INFO] Checking trade setups at 2025-11-12 10:52:32
2025-11-12 10:52:32,915 [INFO] Applying EMA strategy to 8 stocks.
2025-11-12 10:52:48,548 [INFO] Checking trade setups at 2025-11-12 10:52:48
2025-11-12 10:52:48,548 [INFO] Applying EMA strategy to 8 stocks.
2025-11-12 10:53:05,368 [INFO] Checking trade setups at 2025-11-12 10:53:05
2025-11-12 10:53:05,368 [INFO] Applying EMA strategy to 8 stocks.
2025-11-12 10:53:22,265 [INFO] Checking trade setups at 2025-11-12 10:53:22
2025-11-12 10:53:22,265 [INFO] Applying EMA strategy to 8 stocks.
2025-11-12 10:53:38,815 [INFO] Checking trade setups at 2025-11-12 10:53:38
2025-11-12 10:53:38,815 [INFO] Applying EMA strategy to 8 stocks.
2025-11-12 10:53:54,936 [INFO] Checking trade setups at 2025-11-12 10:53:54
2025-11-12 10:53:54,936 [INFO] Applying EMA strategy to 8 stocks.
2025-11-12 10:54:11,701 [INFO] Checking trade setups at 2025-11-12 10:54:11
2025-11-12 10:54:11,701 [INFO] Applying EMA strategy to 8 stocks.
2025-11-12 10:54:30,702 [INFO] Checking trade setups at 2025-11-12 10:54:30
2025-11-12 10:54:30,702 [INFO] Applying EMA strategy to 8 stocks.
2025-11-12 10:54:47,264 [INFO] Checking trade setups at 2025-11-12 10:54:47
2025-11-12 10:54:47,264 [INFO] Applying EMA strategy to 8 stocks.
2025-11-12 10:55:03,197 [INFO] Checking trade setups at 2025-11-12 10:55:03
2025-11-12 10:55:03,197 [INFO] Applying EMA strategy to 8 stocks.
2025-11-12 10:55:19,518 [INFO] Checking trade setups at 2025-11-12 10:55:19
2025-11-12 10:55:19,518 [INFO] Applying EMA strategy to 8 stocks.
2025-11-12 10:55:35,706 [INFO] Checking trade setups at 2025-11-12 10:55:35
2025-11-12 10:55:35,708 [INFO] Applying EMA strategy to 8 stocks.
2025-11-12 10:55:52,792 [INFO] Checking trade setups at 2025-11-12 10:55:52
2025-11-12 10:55:52,792 [INFO] Applying EMA strategy to 8 stocks.
2025-11-12 10:56:09,198 [INFO] Checking trade setups at 2025-11-12 10:56:09
2025-11-12 10:56:09,198 [INFO] Applying EMA strategy to 8 stocks.
2025-11-12 10:56:25,973 [INFO] Checking trade setups at 2025-11-12 10:56:25
2025-11-12 10:56:25,973 [INFO] Applying EMA strategy to 8 stocks.
2025-11-12 10:56:42,674 [INFO] Checking trade setups at 2025-11-12 10:56:42
2025-11-12 10:56:42,674 [INFO] Applying EMA strategy to 8 stocks.
2025-11-12 10:56:58,759 [INFO] Checking trade setups at 2025-11-12 10:56:58
2025-11-12 10:56:58,759 [INFO] Applying EMA strategy to 8 stocks.
2025-11-12 10:57:15,963 [INFO] Checking trade setups at 2025-11-12 10:57:15
2025-11-12 10:57:15,963 [INFO] Applying EMA strategy to 8 stocks.
2025-11-12 10:57:32,125 [INFO] Checking trade setups at 2025-11-12 10:57:32
2025-11-12 10:57:32,125 [INFO] Applying EMA strategy to 8 stocks.
2025-11-12 10:57:47,863 [INFO] Checking trade setups at 2025-11-12 10:57:47
2025-11-12 10:57:47,863 [INFO] Applying EMA strategy to 8 stocks.
2025-11-12 10:58:04,199 [INFO] Checking trade setups at 2025-11-12 10:58:04
2025-11-12 10:58:04,199 [INFO] Applying EMA strategy to 8 stocks.
2025-11-12 10:58:20,274 [INFO] Checking trade setups at 2025-11-12 10:58:20
2025-11-12 10:58:20,274 [INFO] Applying EMA strategy to 8 stocks.
2025-11-12 10:58:36,385 [INFO] Checking trade setups at 2025-11-12 10:58:36
2025-11-12 10:58:36,385 [INFO] Applying EMA strategy to 8 stocks.
2025-11-12 10:58:52,211 [INFO] Checking trade setups at 2025-11-12 10:58:52
2025-11-12 10:58:52,211 [INFO] Applying EMA strategy to 8 stocks.
2025-11-12 10:59:08,444 [INFO] Checking trade setups at 2025-11-12 10:59:08
2025-11-12 10:59:08,444 [INFO] Applying EMA strategy to 8 stocks.
2025-11-12 10:59:25,089 [INFO] Checking trade setups at 2025-11-12 10:59:25
2025-11-12 10:59:25,091 [INFO] Applying EMA strategy to 8 stocks.
2025-11-12 10:59:42,237 [INFO] Checking trade setups at 2025-11-12 10:59:42
2025-11-12 10:59:42,237 [INFO] Applying EMA strategy to 8 stocks.
2025-11-12 11:00:00,862 [INFO] Checking trade setups at 2025-11-12 11:00:00
2025-11-12 11:00:00,862 [INFO] Applying EMA strategy to 8 stocks.
2025-11-12 11:00:16,705 [INFO] Checking trade setups at 2025-11-12 11:00:16
2025-11-12 11:00:16,705 [INFO] Applying EMA strategy to 8 stocks.
2025-11-12 11:00:33,494 [INFO] Checking trade setups at 2025-11-12 11:00:33
2025-11-12 11:00:33,498 [INFO] Applying EMA strategy to 8 stocks.
2025-11-12 11:00:49,795 [INFO] Checking trade setups at 2025-11-12 11:00:49
2025-11-12 11:00:49,795 [INFO] Applying EMA strategy to 8 stocks.
2025-11-12 11:01:05,548 [INFO] Checking trade setups at 2025-11-12 11:01:05
2025-11-12 11:01:05,548 [INFO] Applying EMA strategy to 8 stocks.
2025-11-12 11:01:20,903 [INFO] Checking trade setups at 2025-11-12 11:01:20
2025-11-12 11:01:20,903 [INFO] Applying EMA strategy to 8 stocks.
2025-11-12 11:01:37,492 [INFO] Checking trade setups at 2025-11-12 11:01:37
2025-11-12 11:01:37,492 [INFO] Applying EMA strategy to 8 stocks.
2025-11-12 11:01:54,665 [INFO] Checking trade setups at 2025-11-12 11:01:54
2025-11-12 11:01:54,665 [INFO] Applying EMA strategy to 8 stocks.
2025-11-12 11:02:12,266 [INFO] Checking trade setups at 2025-11-12 11:02:12
2025-11-12 11:02:12,266 [INFO] Applying EMA strategy to 8 stocks.
2025-11-12 11:02:29,507 [INFO] Checking trade setups at 2025-11-12 11:02:29
2025-11-12 11:02:29,507 [INFO] Applying EMA strategy to 8 stocks.
2025-11-12 11:02:46,515 [INFO] Checking trade setups at 2025-11-12 11:02:46
2025-11-12 11:02:46,515 [INFO] Applying EMA strategy to 8 stocks.
2025-11-12 11:03:03,607 [INFO] Checking trade setups at 2025-11-12 11:03:03
2025-11-12 11:03:03,607 [INFO] Applying EMA strategy to 8 stocks.
2025-11-12 11:03:20,508 [INFO] Checking trade setups at 2025-11-12 11:03:20
2025-11-12 11:03:20,508 [INFO] Applying EMA strategy to 8 stocks.
2025-11-12 11:03:38,838 [INFO] Checking trade setups at 2025-11-12 11:03:38
2025-11-12 11:03:38,838 [INFO] Applying EMA strategy to 8 stocks.
2025-11-12 11:03:56,109 [INFO] Checking trade setups at 2025-11-12 11:03:56
2025-11-12 11:03:56,109 [INFO] Applying EMA strategy to 8 stocks.
2025-11-12 11:04:13,262 [INFO] Checking trade setups at 2025-11-12 11:04:13
2025-11-12 11:04:13,262 [INFO] Applying EMA strategy to 8 stocks.
2025-11-12 11:04:29,934 [INFO] Checking trade setups at 2025-11-12 11:04:29
2025-11-12 11:04:29,934 [INFO] Applying EMA strategy to 8 stocks.
2025-11-12 11:04:47,384 [INFO] Checking trade setups at 2025-11-12 11:04:47
2025-11-12 11:04:47,384 [INFO] Applying EMA strategy to 8 stocks.
2025-11-12 11:05:04,679 [INFO] Checking trade setups at 2025-11-12 11:05:04
2025-11-12 11:05:04,679 [INFO] Applying EMA strategy to 8 stocks.
2025-11-12 11:05:21,263 [INFO] Checking trade setups at 2025-11-12 11:05:21
2025-11-12 11:05:21,263 [INFO] Applying EMA strategy to 8 stocks.
2025-11-12 11:05:39,585 [INFO] Checking trade setups at 2025-11-12 11:05:39
2025-11-12 11:05:39,586 [INFO] Applying EMA strategy to 8 stocks.
2025-11-12 11:05:56,060 [INFO] Checking trade setups at 2025-11-12 11:05:56
2025-11-12 11:05:56,060 [INFO] Applying EMA strategy to 8 stocks.
2025-11-12 11:06:12,992 [INFO] Checking trade setups at 2025-11-12 11:06:12
2025-11-12 11:06:12,992 [INFO] Applying EMA strategy to 8 stocks.
2025-11-12 11:06:31,743 [INFO] Checking trade setups at 2025-11-12 11:06:31
2025-11-12 11:06:31,743 [INFO] Applying EMA strategy to 8 stocks.
2025-11-12 11:06:49,179 [INFO] Checking trade setups at 2025-11-12 11:06:49
2025-11-12 11:06:49,179 [INFO] Applying EMA strategy to 8 stocks.
2025-11-12 11:07:07,329 [INFO] Checking trade setups at 2025-11-12 11:07:07
2025-11-12 11:07:07,329 [INFO] Applying EMA strategy to 8 stocks.
2025-11-12 11:07:25,257 [INFO] Checking trade setups at 2025-11-12 11:07:25
2025-11-12 11:07:25,257 [INFO] Applying EMA strategy to 8 stocks.
2025-11-12 11:07:45,419 [INFO] Checking trade setups at 2025-11-12 11:07:45
2025-11-12 11:07:45,419 [INFO] Applying EMA strategy to 8 stocks.
2025-11-12 11:08:03,750 [INFO] Checking trade setups at 2025-11-12 11:08:03
2025-11-12 11:08:03,750 [INFO] Applying EMA strategy to 8 stocks.
2025-11-12 11:08:22,706 [INFO] Checking trade setups at 2025-11-12 11:08:22
2025-11-12 11:08:22,706 [INFO] Applying EMA strategy to 8 stocks.
2025-11-12 11:08:40,209 [INFO] Checking trade setups at 2025-11-12 11:08:40
2025-11-12 11:08:40,209 [INFO] Applying EMA strategy to 8 stocks.
2025-11-12 11:08:57,318 [INFO] Checking trade setups at 2025-11-12 11:08:57
2025-11-12 11:08:57,318 [INFO] Applying EMA strategy to 8 stocks.
2025-11-12 11:09:13,898 [INFO] Checking trade setups at 2025-11-12 11:09:13
2025-11-12 11:09:13,898 [INFO] Applying EMA strategy to 8 stocks.
2025-11-12 11:09:29,785 [INFO] Checking trade setups at 2025-11-12 11:09:29
2025-11-12 11:09:29,785 [INFO] Applying EMA strategy to 8 stocks.
2025-11-12 11:09:46,181 [INFO] Checking trade setups at 2025-11-12 11:09:46
2025-11-12 11:09:46,181 [INFO] Applying EMA strategy to 8 stocks.
2025-11-12 11:10:02,040 [INFO] Checking trade setups at 2025-11-12 11:10:02
2025-11-12 11:10:02,040 [INFO] Applying EMA strategy to 8 stocks.
2025-11-12 11:10:19,863 [INFO] Checking trade setups at 2025-11-12 11:10:19
2025-11-12 11:10:19,863 [INFO] Applying EMA strategy to 8 stocks.
2025-11-12 11:10:35,928 [INFO] Checking trade setups at 2025-11-12 11:10:35
2025-11-12 11:10:35,928 [INFO] Applying EMA strategy to 8 stocks.
2025-11-12 11:10:53,061 [INFO] Checking trade setups at 2025-11-12 11:10:53
2025-11-12 11:10:53,061 [INFO] Applying EMA strategy to 8 stocks.
2025-11-12 11:11:10,232 [INFO] Checking trade setups at 2025-11-12 11:11:10
2025-11-12 11:11:10,232 [INFO] Applying EMA strategy to 8 stocks.
2025-11-12 11:11:31,125 [INFO] Checking trade setups at 2025-11-12 11:11:31
2025-11-12 11:11:31,125 [INFO] Applying EMA strategy to 8 stocks.
2025-11-12 11:11:47,827 [INFO] Checking trade setups at 2025-11-12 11:11:47
2025-11-12 11:11:47,827 [INFO] Applying EMA strategy to 8 stocks.
2025-11-12 11:12:07,794 [INFO] Checking trade setups at 2025-11-12 11:12:07
2025-11-12 11:12:07,794 [INFO] Applying EMA strategy to 8 stocks.
2025-11-12 11:12:23,358 [INFO] Checking trade setups at 2025-11-12 11:12:23
2025-11-12 11:12:23,358 [INFO] Applying EMA strategy to 8 stocks.
2025-11-12 11:12:39,630 [INFO] Checking trade setups at 2025-11-12 11:12:39
2025-11-12 11:12:39,630 [INFO] Applying EMA strategy to 8 stocks.
2025-11-12 11:12:59,853 [INFO] Checking trade setups at 2025-11-12 11:12:59
2025-11-12 11:12:59,853 [INFO] Applying EMA strategy to 8 stocks.
2025-11-12 11:13:16,290 [INFO] Checking trade setups at 2025-11-12 11:13:16
2025-11-12 11:13:16,290 [INFO] Applying EMA strategy to 8 stocks.
2025-11-12 11:13:32,918 [INFO] Checking trade setups at 2025-11-12 11:13:32
2025-11-12 11:13:32,918 [INFO] Applying EMA strategy to 8 stocks.
2025-11-12 11:13:49,834 [INFO] Checking trade setups at 2025-11-12 11:13:49
2025-11-12 11:13:49,834 [INFO] Applying EMA strategy to 8 stocks.
2025-11-12 11:14:06,570 [INFO] Checking trade setups at 2025-11-12 11:14:06
2025-11-12 11:14:06,570 [INFO] Applying EMA strategy to 8 stocks.
2025-11-12 11:14:23,999 [INFO] Checking trade setups at 2025-11-12 11:14:23
2025-11-12 11:14:23,999 [INFO] Applying EMA strategy to 8 stocks.
2025-11-12 11:14:40,913 [INFO] Checking trade setups at 2025-11-12 11:14:40
2025-11-12 11:14:40,913 [INFO] Applying EMA strategy to 8 stocks.
2025-11-12 11:14:57,675 [INFO] Checking trade setups at 2025-11-12 11:14:57
2025-11-12 11:14:57,675 [INFO] Applying EMA strategy to 8 stocks.
2025-11-12 11:15:03,748 [INFO] Executing trade for NSE:KIRLOSENG-EQ: {'timestamp': '2025-11-12 11:10', 'action': 'SELL', 'entry_price': 1079.2, 'stop_loss': 1083.7, 'target': 1065.7}
2025-11-12 11:15:03,748 [INFO] Trade for NSE:KIRLOSENG-EQ is outside trading window. Skipping.
2025-11-12 11:15:14,463 [INFO] Checking trade setups at 2025-11-12 11:15:14
2025-11-12 11:15:14,463 [INFO] Applying EMA strategy to 8 stocks.
2025-11-12 11:15:31,475 [INFO] Checking trade setups at 2025-11-12 11:15:31
2025-11-12 11:15:31,475 [INFO] Applying EMA strategy to 8 stocks.
2025-11-12 11:15:47,453 [INFO] Checking trade setups at 2025-11-12 11:15:47
2025-11-12 11:15:47,453 [INFO] Applying EMA strategy to 8 stocks.
2025-11-12 11:16:03,520 [INFO] Checking trade setups at 2025-11-12 11:16:03
2025-11-12 11:16:03,520 [INFO] Applying EMA strategy to 8 stocks.
2025-11-12 11:16:21,845 [INFO] Checking trade setups at 2025-11-12 11:16:21
2025-11-12 11:16:21,845 [INFO] Applying EMA strategy to 8 stocks.
2025-11-12 11:16:39,881 [INFO] Checking trade setups at 2025-11-12 11:16:39
2025-11-12 11:16:39,881 [INFO] Applying EMA strategy to 8 stocks.
2025-11-12 11:16:56,170 [INFO] Checking trade setups at 2025-11-12 11:16:56
2025-11-12 11:16:56,170 [INFO] Applying EMA strategy to 8 stocks.
2025-11-12 11:17:13,538 [INFO] Checking trade setups at 2025-11-12 11:17:13
2025-11-12 11:17:13,540 [INFO] Applying EMA strategy to 8 stocks.
2025-11-12 11:17:31,788 [INFO] Checking trade setups at 2025-11-12 11:17:31
2025-11-12 11:17:31,788 [INFO] Applying EMA strategy to 8 stocks.
2025-11-12 11:17:47,354 [INFO] Checking trade setups at 2025-11-12 11:17:47
2025-11-12 11:17:47,354 [INFO] Applying EMA strategy to 8 stocks.
2025-11-12 11:18:03,128 [INFO] Checking trade setups at 2025-11-12 11:18:03
2025-11-12 11:18:03,130 [INFO] Applying EMA strategy to 8 stocks.
2025-11-12 11:18:22,282 [INFO] Checking trade setups at 2025-11-12 11:18:22
2025-11-12 11:18:22,284 [INFO] Applying EMA strategy to 8 stocks.
2025-11-12 11:18:38,553 [INFO] Checking trade setups at 2025-11-12 11:18:38
2025-11-12 11:18:38,553 [INFO] Applying EMA strategy to 8 stocks.
2025-11-12 11:18:55,393 [INFO] Checking trade setups at 2025-11-12 11:18:55
2025-11-12 11:18:55,393 [INFO] Applying EMA strategy to 8 stocks.
2025-11-12 11:19:10,603 [INFO] Checking trade setups at 2025-11-12 11:19:10
2025-11-12 11:19:10,603 [INFO] Applying EMA strategy to 8 stocks.
2025-11-12 11:19:28,323 [INFO] Checking trade setups at 2025-11-12 11:19:28
2025-11-12 11:19:28,323 [INFO] Applying EMA strategy to 8 stocks.
2025-11-12 11:19:45,849 [INFO] Checking trade setups at 2025-11-12 11:19:45
2025-11-12 11:19:45,849 [INFO] Applying EMA strategy to 8 stocks.
2025-11-12 11:20:02,392 [INFO] Checking trade setups at 2025-11-12 11:20:02
2025-11-12 11:20:02,392 [INFO] Applying EMA strategy to 8 stocks.
2025-11-12 11:20:19,623 [INFO] Checking trade setups at 2025-11-12 11:20:19
2025-11-12 11:20:19,623 [INFO] Applying EMA strategy to 8 stocks.
2025-11-12 11:20:35,600 [INFO] Checking trade setups at 2025-11-12 11:20:35
2025-11-12 11:20:35,600 [INFO] Applying EMA strategy to 8 stocks.
2025-11-12 11:20:52,086 [INFO] Checking trade setups at 2025-11-12 11:20:52
2025-11-12 11:20:52,086 [INFO] Applying EMA strategy to 8 stocks.
2025-11-12 11:21:07,870 [INFO] Checking trade setups at 2025-11-12 11:21:07
2025-11-12 11:21:07,871 [INFO] Applying EMA strategy to 8 stocks.
2025-11-12 11:21:24,549 [INFO] Checking trade setups at 2025-11-12 11:21:24
2025-11-12 11:21:24,549 [INFO] Applying EMA strategy to 8 stocks.
2025-11-12 11:21:40,635 [INFO] Checking trade setups at 2025-11-12 11:21:40
2025-11-12 11:21:40,635 [INFO] Applying EMA strategy to 8 stocks.
2025-11-12 11:21:56,805 [INFO] Checking trade setups at 2025-11-12 11:21:56
2025-11-12 11:21:56,805 [INFO] Applying EMA strategy to 8 stocks.
2025-11-12 11:22:13,850 [INFO] Checking trade setups at 2025-11-12 11:22:13
2025-11-12 11:22:13,850 [INFO] Applying EMA strategy to 8 stocks.
2025-11-12 11:22:32,031 [INFO] Checking trade setups at 2025-11-12 11:22:32
2025-11-12 11:22:32,031 [INFO] Applying EMA strategy to 8 stocks.
2025-11-12 11:22:48,200 [INFO] Checking trade setups at 2025-11-12 11:22:48
2025-11-12 11:22:48,200 [INFO] Applying EMA strategy to 8 stocks.
2025-11-12 11:23:04,494 [INFO] Checking trade setups at 2025-11-12 11:23:04
2025-11-12 11:23:04,494 [INFO] Applying EMA strategy to 8 stocks.
2025-11-12 11:23:20,781 [INFO] Checking trade setups at 2025-11-12 11:23:20
2025-11-12 11:23:20,782 [INFO] Applying EMA strategy to 8 stocks.
2025-11-12 11:23:37,273 [INFO] Checking trade setups at 2025-11-12 11:23:37
2025-11-12 11:23:37,273 [INFO] Applying EMA strategy to 8 stocks.
2025-11-12 11:23:53,014 [INFO] Checking trade setups at 2025-11-12 11:23:53
2025-11-12 11:23:53,014 [INFO] Applying EMA strategy to 8 stocks.
2025-11-12 11:24:10,072 [INFO] Checking trade setups at 2025-11-12 11:24:10
2025-11-12 11:24:10,072 [INFO] Applying EMA strategy to 8 stocks.
2025-11-12 11:24:27,651 [INFO] Checking trade setups at 2025-11-12 11:24:27
2025-11-12 11:24:27,651 [INFO] Applying EMA strategy to 8 stocks.
2025-11-12 11:24:43,830 [INFO] Checking trade setups at 2025-11-12 11:24:43
2025-11-12 11:24:43,830 [INFO] Applying EMA strategy to 8 stocks.
2025-11-12 11:24:59,824 [INFO] Checking trade setups at 2025-11-12 11:24:59
2025-11-12 11:24:59,824 [INFO] Applying EMA strategy to 8 stocks.
2025-11-12 11:25:15,788 [INFO] Checking trade setups at 2025-11-12 11:25:15
2025-11-12 11:25:15,788 [INFO] Applying EMA strategy to 8 stocks.
2025-11-12 11:25:34,733 [INFO] Checking trade setups at 2025-11-12 11:25:34
2025-11-12 11:25:34,733 [INFO] Applying EMA strategy to 8 stocks.
2025-11-12 11:25:52,444 [INFO] Checking trade setups at 2025-11-12 11:25:52
2025-11-12 11:25:52,444 [INFO] Applying EMA strategy to 8 stocks.
2025-11-12 11:26:09,862 [INFO] Checking trade setups at 2025-11-12 11:26:09
2025-11-12 11:26:09,862 [INFO] Applying EMA strategy to 8 stocks.
2025-11-12 11:26:26,145 [INFO] Checking trade setups at 2025-11-12 11:26:26
2025-11-12 11:26:26,145 [INFO] Applying EMA strategy to 8 stocks.
2025-11-12 11:26:42,733 [INFO] Checking trade setups at 2025-11-12 11:26:42
2025-11-12 11:26:42,733 [INFO] Applying EMA strategy to 8 stocks.
2025-11-12 11:26:59,101 [INFO] Checking trade setups at 2025-11-12 11:26:59
2025-11-12 11:26:59,101 [INFO] Applying EMA strategy to 8 stocks.
2025-11-12 11:27:15,081 [INFO] Checking trade setups at 2025-11-12 11:27:15
2025-11-12 11:27:15,081 [INFO] Applying EMA strategy to 8 stocks.
2025-11-12 11:27:31,364 [INFO] Checking trade setups at 2025-11-12 11:27:31
2025-11-12 11:27:31,364 [INFO] Applying EMA strategy to 8 stocks.
2025-11-12 11:27:48,155 [INFO] Checking trade setups at 2025-11-12 11:27:48
2025-11-12 11:27:48,155 [INFO] Applying EMA strategy to 8 stocks.
2025-11-12 11:28:03,940 [INFO] Checking trade setups at 2025-11-12 11:28:03
2025-11-12 11:28:03,940 [INFO] Applying EMA strategy to 8 stocks.
2025-11-12 11:28:20,854 [INFO] Checking trade setups at 2025-11-12 11:28:20
2025-11-12 11:28:20,854 [INFO] Applying EMA strategy to 8 stocks.
2025-11-12 11:28:37,612 [INFO] Checking trade setups at 2025-11-12 11:28:37
2025-11-12 11:28:37,612 [INFO] Applying EMA strategy to 8 stocks.
2025-11-12 11:28:54,850 [INFO] Checking trade setups at 2025-11-12 11:28:54
2025-11-12 11:28:54,850 [INFO] Applying EMA strategy to 8 stocks.
2025-11-12 11:29:10,901 [INFO] Checking trade setups at 2025-11-12 11:29:10
2025-11-12 11:29:10,902 [INFO] Applying EMA strategy to 8 stocks.
2025-11-12 11:29:26,458 [INFO] Checking trade setups at 2025-11-12 11:29:26
2025-11-12 11:29:26,458 [INFO] Applying EMA strategy to 8 stocks.
2025-11-12 11:29:42,653 [INFO] Checking trade setups at 2025-11-12 11:29:42
2025-11-12 11:29:42,653 [INFO] Applying EMA strategy to 8 stocks.
2025-11-12 11:29:59,640 [INFO] Checking trade setups at 2025-11-12 11:29:59
2025-11-12 11:29:59,640 [INFO] Applying EMA strategy to 8 stocks.
2025-11-12 11:30:16,535 [INFO] Checking trade setups at 2025-11-12 11:30:16
2025-11-12 11:30:16,535 [INFO] Applying EMA strategy to 8 stocks.
2025-11-12 11:30:32,516 [INFO] Checking trade setups at 2025-11-12 11:30:32
2025-11-12 11:30:32,516 [INFO] Applying EMA strategy to 8 stocks.
2025-11-12 11:30:35,617 [INFO] Executing trade for NSE:TARIL-EQ: {'timestamp': '2025-11-12 11:30', 'action': 'SELL', 'entry_price': 302.2, 'stop_loss': 304.7, 'target': 294.7}
2025-11-12 11:30:35,617 [INFO] after SL after filtering the final SL:2.5, final_target:294.7, qty:40
2025-11-12 11:30:35,657 [INFO] Max trades reached. Skipping new orders.
2025-11-12 11:30:49,618 [INFO] Checking trade setups at 2025-11-12 11:30:49
2025-11-12 11:30:49,618 [INFO] Applying EMA strategy to 8 stocks.
2025-11-12 11:31:07,650 [INFO] Checking trade setups at 2025-11-12 11:31:07
2025-11-12 11:31:07,650 [INFO] Applying EMA strategy to 8 stocks.
2025-11-12 11:31:13,814 [INFO] Executing trade for NSE:KIRLOSENG-EQ: {'timestamp': '2025-11-12 11:30', 'action': 'SELL', 'entry_price': 1084.9, 'stop_loss': 1088, 'target': 1075.6000000000004}
2025-11-12 11:31:13,814 [INFO] after SL after filtering the final SL:3.1, final_target:1075.6, qty:32
2025-11-12 11:31:13,829 [INFO] Max trades reached. Skipping new orders.
2025-11-12 11:31:24,641 [INFO] Checking trade setups at 2025-11-12 11:31:24
2025-11-12 11:31:24,641 [INFO] Applying EMA strategy to 8 stocks.
2025-11-12 11:31:41,952 [INFO] Checking trade setups at 2025-11-12 11:31:41
2025-11-12 11:31:41,952 [INFO] Applying EMA strategy to 8 stocks.
2025-11-12 11:31:59,058 [INFO] Checking trade setups at 2025-11-12 11:31:59
2025-11-12 11:31:59,058 [INFO] Applying EMA strategy to 8 stocks.
2025-11-12 11:32:15,326 [INFO] Checking trade setups at 2025-11-12 11:32:15
2025-11-12 11:32:15,326 [INFO] Applying EMA strategy to 8 stocks.
2025-11-12 11:32:31,112 [INFO] Checking trade setups at 2025-11-12 11:32:31
2025-11-12 11:32:31,112 [INFO] Applying EMA strategy to 8 stocks.
2025-11-12 11:32:49,350 [INFO] Checking trade setups at 2025-11-12 11:32:49
2025-11-12 11:32:49,350 [INFO] Applying EMA strategy to 8 stocks.
2025-11-12 11:33:07,343 [INFO] Checking trade setups at 2025-11-12 11:33:07
2025-11-12 11:33:07,343 [INFO] Applying EMA strategy to 8 stocks.
2025-11-12 11:33:26,148 [INFO] Checking trade setups at 2025-11-12 11:33:26
2025-11-12 11:33:26,148 [INFO] Applying EMA strategy to 8 stocks.
2025-11-12 11:33:43,085 [INFO] Checking trade setups at 2025-11-12 11:33:43
2025-11-12 11:33:43,085 [INFO] Applying EMA strategy to 8 stocks.
2025-11-12 11:33:58,957 [INFO] Checking trade setups at 2025-11-12 11:33:58
2025-11-12 11:33:58,958 [INFO] Applying EMA strategy to 8 stocks.
2025-11-12 11:34:15,976 [INFO] Checking trade setups at 2025-11-12 11:34:15
2025-11-12 11:34:15,976 [INFO] Applying EMA strategy to 8 stocks.
2025-11-12 11:34:31,834 [INFO] Checking trade setups at 2025-11-12 11:34:31
2025-11-12 11:34:31,834 [INFO] Applying EMA strategy to 8 stocks.
2025-11-12 11:34:48,024 [INFO] Checking trade setups at 2025-11-12 11:34:48
2025-11-12 11:34:48,024 [INFO] Applying EMA strategy to 8 stocks.
2025-11-12 11:35:04,087 [INFO] Checking trade setups at 2025-11-12 11:35:04
2025-11-12 11:35:04,087 [INFO] Applying EMA strategy to 8 stocks.
2025-11-12 11:35:19,954 [INFO] Checking trade setups at 2025-11-12 11:35:19
2025-11-12 11:35:19,954 [INFO] Applying EMA strategy to 8 stocks.
2025-11-12 11:35:37,886 [INFO] Checking trade setups at 2025-11-12 11:35:37
2025-11-12 11:35:37,886 [INFO] Applying EMA strategy to 8 stocks.
2025-11-12 11:35:54,264 [INFO] Checking trade setups at 2025-11-12 11:35:54
2025-11-12 11:35:54,264 [INFO] Applying EMA strategy to 8 stocks.
2025-11-12 11:36:11,164 [INFO] Checking trade setups at 2025-11-12 11:36:11
2025-11-12 11:36:11,164 [INFO] Applying EMA strategy to 8 stocks.
2025-11-12 11:36:28,588 [INFO] Checking trade setups at 2025-11-12 11:36:28
2025-11-12 11:36:28,588 [INFO] Applying EMA strategy to 8 stocks.
2025-11-12 11:36:44,199 [INFO] Checking trade setups at 2025-11-12 11:36:44
2025-11-12 11:36:44,199 [INFO] Applying EMA strategy to 8 stocks.
2025-11-12 11:37:00,405 [INFO] Checking trade setups at 2025-11-12 11:37:00
2025-11-12 11:37:00,405 [INFO] Applying EMA strategy to 8 stocks.
2025-11-12 11:37:17,002 [INFO] Checking trade setups at 2025-11-12 11:37:17
2025-11-12 11:37:17,002 [INFO] Applying EMA strategy to 8 stocks.
2025-11-12 11:37:36,469 [INFO] Checking trade setups at 2025-11-12 11:37:36
2025-11-12 11:37:36,469 [INFO] Applying EMA strategy to 8 stocks.
2025-11-12 11:37:51,732 [INFO] Checking trade setups at 2025-11-12 11:37:51
2025-11-12 11:37:51,733 [INFO] Applying EMA strategy to 8 stocks.
2025-11-12 11:38:08,751 [INFO] Checking trade setups at 2025-11-12 11:38:08
2025-11-12 11:38:08,751 [INFO] Applying EMA strategy to 8 stocks.
2025-11-12 11:38:25,722 [INFO] Checking trade setups at 2025-11-12 11:38:25
2025-11-12 11:38:25,722 [INFO] Applying EMA strategy to 8 stocks.
2025-11-12 11:38:43,769 [INFO] Checking trade setups at 2025-11-12 11:38:43
2025-11-12 11:38:43,769 [INFO] Applying EMA strategy to 8 stocks.
2025-11-12 11:39:00,341 [INFO] Checking trade setups at 2025-11-12 11:39:00
2025-11-12 11:39:00,341 [INFO] Applying EMA strategy to 8 stocks.
2025-11-12 11:39:20,100 [INFO] Checking trade setups at 2025-11-12 11:39:20
2025-11-12 11:39:20,100 [INFO] Applying EMA strategy to 8 stocks.
2025-11-12 11:39:35,977 [INFO] Checking trade setups at 2025-11-12 11:39:35
2025-11-12 11:39:35,977 [INFO] Applying EMA strategy to 8 stocks.
2025-11-12 11:39:54,264 [INFO] Checking trade setups at 2025-11-12 11:39:54
2025-11-12 11:39:54,264 [INFO] Applying EMA strategy to 8 stocks.
2025-11-12 11:40:09,775 [INFO] Checking trade setups at 2025-11-12 11:40:09
2025-11-12 11:40:09,775 [INFO] Applying EMA strategy to 8 stocks.
2025-11-12 11:40:27,270 [INFO] Checking trade setups at 2025-11-12 11:40:27
2025-11-12 11:40:27,270 [INFO] Applying EMA strategy to 8 stocks.
2025-11-12 11:40:43,053 [INFO] Checking trade setups at 2025-11-12 11:40:43
2025-11-12 11:40:43,053 [INFO] Applying EMA strategy to 8 stocks.
2025-11-12 11:40:44,312 [INFO] Executing trade for NSE:LALPATHLAB-EQ: {'timestamp': '2025-11-12 11:40', 'action': 'SELL', 'entry_price': 3078.9, 'stop_loss': 3081, 'target': 3072.6000000000004}
2025-11-12 11:40:44,314 [INFO] after SL after filtering the final SL:2.1, final_target:3072.6, qty:47
2025-11-12 11:40:44,327 [INFO] Max trades reached. Skipping new orders.
2025-11-12 11:40:59,647 [INFO] Checking trade setups at 2025-11-12 11:40:59
2025-11-12 11:40:59,647 [INFO] Applying EMA strategy to 8 stocks.
2025-11-12 11:41:16,551 [INFO] Checking trade setups at 2025-11-12 11:41:16
2025-11-12 11:41:16,551 [INFO] Applying EMA strategy to 8 stocks.
2025-11-12 11:41:32,401 [INFO] Checking trade setups at 2025-11-12 11:41:32
2025-11-12 11:41:32,401 [INFO] Applying EMA strategy to 8 stocks.
2025-11-12 11:41:48,546 [INFO] Checking trade setups at 2025-11-12 11:41:48
2025-11-12 11:41:48,546 [INFO] Applying EMA strategy to 8 stocks.
2025-11-12 11:42:06,951 [INFO] Checking trade setups at 2025-11-12 11:42:06
2025-11-12 11:42:06,951 [INFO] Applying EMA strategy to 8 stocks.
2025-11-12 11:42:22,785 [INFO] Checking trade setups at 2025-11-12 11:42:22
2025-11-12 11:42:22,786 [INFO] Applying EMA strategy to 8 stocks.
2025-11-12 11:42:42,146 [INFO] Checking trade setups at 2025-11-12 11:42:42
2025-11-12 11:42:42,146 [INFO] Applying EMA strategy to 8 stocks.
2025-11-12 11:42:57,812 [INFO] Checking trade setups at 2025-11-12 11:42:57
2025-11-12 11:42:57,812 [INFO] Applying EMA strategy to 8 stocks.
2025-11-12 11:43:13,845 [INFO] Checking trade setups at 2025-11-12 11:43:13
2025-11-12 11:43:13,846 [INFO] Applying EMA strategy to 8 stocks.
2025-11-12 11:43:30,985 [INFO] Checking trade setups at 2025-11-12 11:43:30
2025-11-12 11:43:30,985 [INFO] Applying EMA strategy to 8 stocks.
2025-11-12 11:43:47,269 [INFO] Checking trade setups at 2025-11-12 11:43:47
2025-11-12 11:43:47,269 [INFO] Applying EMA strategy to 8 stocks.
2025-11-12 11:44:03,860 [INFO] Checking trade setups at 2025-11-12 11:44:03
2025-11-12 11:44:03,860 [INFO] Applying EMA strategy to 8 stocks.
2025-11-12 11:44:20,041 [INFO] Checking trade setups at 2025-11-12 11:44:20
2025-11-12 11:44:20,041 [INFO] Applying EMA strategy to 8 stocks.
2025-11-12 11:44:36,614 [INFO] Checking trade setups at 2025-11-12 11:44:36
2025-11-12 11:44:36,614 [INFO] Applying EMA strategy to 8 stocks.
2025-11-12 11:44:52,289 [INFO] Checking trade setups at 2025-11-12 11:44:52
2025-11-12 11:44:52,289 [INFO] Applying EMA strategy to 8 stocks.
2025-11-12 11:45:08,790 [INFO] Checking trade setups at 2025-11-12 11:45:08
2025-11-12 11:45:08,790 [INFO] Applying EMA strategy to 8 stocks.
2025-11-12 11:45:25,468 [INFO] Checking trade setups at 2025-11-12 11:45:25
2025-11-12 11:45:25,468 [INFO] Applying EMA strategy to 8 stocks.
2025-11-12 11:45:42,164 [INFO] Checking trade setups at 2025-11-12 11:45:42
2025-11-12 11:45:42,164 [INFO] Applying EMA strategy to 8 stocks.
2025-11-12 11:45:59,371 [INFO] Checking trade setups at 2025-11-12 11:45:59
2025-11-12 11:45:59,373 [INFO] Applying EMA strategy to 8 stocks.
2025-11-12 11:46:15,557 [INFO] Checking trade setups at 2025-11-12 11:46:15
2025-11-12 11:46:15,558 [INFO] Applying EMA strategy to 8 stocks.
2025-11-12 11:46:33,018 [INFO] Checking trade setups at 2025-11-12 11:46:33
2025-11-12 11:46:33,018 [INFO] Applying EMA strategy to 8 stocks.
2025-11-12 11:46:49,340 [INFO] Checking trade setups at 2025-11-12 11:46:49
2025-11-12 11:46:49,344 [INFO] Applying EMA strategy to 8 stocks.
2025-11-12 11:47:07,477 [INFO] Checking trade setups at 2025-11-12 11:47:07
2025-11-12 11:47:07,477 [INFO] Applying EMA strategy to 8 stocks.
2025-11-12 11:47:25,676 [INFO] Checking trade setups at 2025-11-12 11:47:25
2025-11-12 11:47:25,676 [INFO] Applying EMA strategy to 8 stocks.
2025-11-12 11:47:43,220 [INFO] Checking trade setups at 2025-11-12 11:47:43
2025-11-12 11:47:43,220 [INFO] Applying EMA strategy to 8 stocks.
2025-11-12 11:47:59,390 [INFO] Checking trade setups at 2025-11-12 11:47:59
2025-11-12 11:47:59,390 [INFO] Applying EMA strategy to 8 stocks.
2025-11-12 11:48:17,004 [INFO] Checking trade setups at 2025-11-12 11:48:17
2025-11-12 11:48:17,004 [INFO] Applying EMA strategy to 8 stocks.
2025-11-12 11:48:33,160 [INFO] Checking trade setups at 2025-11-12 11:48:33
2025-11-12 11:48:33,160 [INFO] Applying EMA strategy to 8 stocks.
2025-11-12 11:48:51,470 [INFO] Checking trade setups at 2025-11-12 11:48:51
2025-11-12 11:48:51,470 [INFO] Applying EMA strategy to 8 stocks.
2025-11-12 11:49:07,904 [INFO] Checking trade setups at 2025-11-12 11:49:07
2025-11-12 11:49:07,905 [INFO] Applying EMA strategy to 8 stocks.
2025-11-12 11:49:24,088 [INFO] Checking trade setups at 2025-11-12 11:49:24
2025-11-12 11:49:24,088 [INFO] Applying EMA strategy to 8 stocks.
2025-11-12 11:49:43,429 [INFO] Checking trade setups at 2025-11-12 11:49:43
2025-11-12 11:49:43,429 [INFO] Applying EMA strategy to 8 stocks.
2025-11-12 11:50:00,431 [INFO] Checking trade setups at 2025-11-12 11:50:00
2025-11-12 11:50:00,431 [INFO] Applying EMA strategy to 8 stocks.
2025-11-12 11:50:18,256 [INFO] Checking trade setups at 2025-11-12 11:50:18
2025-11-12 11:50:18,256 [INFO] Applying EMA strategy to 8 stocks.
2025-11-12 11:50:35,754 [INFO] Checking trade setups at 2025-11-12 11:50:35
2025-11-12 11:50:35,754 [INFO] Applying EMA strategy to 8 stocks.
2025-11-12 11:50:55,005 [INFO] Checking trade setups at 2025-11-12 11:50:55
2025-11-12 11:50:55,005 [INFO] Applying EMA strategy to 8 stocks.
2025-11-12 11:51:11,909 [INFO] Checking trade setups at 2025-11-12 11:51:11
2025-11-12 11:51:11,909 [INFO] Applying EMA strategy to 8 stocks.
2025-11-12 11:51:28,901 [INFO] Checking trade setups at 2025-11-12 11:51:28
2025-11-12 11:51:28,901 [INFO] Applying EMA strategy to 8 stocks.
2025-11-12 11:51:45,494 [INFO] Checking trade setups at 2025-11-12 11:51:45
2025-11-12 11:51:45,494 [INFO] Applying EMA strategy to 8 stocks.
2025-11-12 11:52:02,800 [INFO] Checking trade setups at 2025-11-12 11:52:02
2025-11-12 11:52:02,800 [INFO] Applying EMA strategy to 8 stocks.
2025-11-12 11:52:20,310 [INFO] Checking trade setups at 2025-11-12 11:52:20
2025-11-12 11:52:20,310 [INFO] Applying EMA strategy to 8 stocks.
2025-11-12 11:52:37,001 [INFO] Checking trade setups at 2025-11-12 11:52:37
2025-11-12 11:52:37,001 [INFO] Applying EMA strategy to 8 stocks.
2025-11-12 11:52:52,676 [INFO] Checking trade setups at 2025-11-12 11:52:52
2025-11-12 11:52:52,676 [INFO] Applying EMA strategy to 8 stocks.
2025-11-12 11:53:07,724 [INFO] Checking trade setups at 2025-11-12 11:53:07
2025-11-12 11:53:07,724 [INFO] Applying EMA strategy to 8 stocks.
2025-11-12 11:53:23,616 [INFO] Checking trade setups at 2025-11-12 11:53:23
2025-11-12 11:53:23,616 [INFO] Applying EMA strategy to 8 stocks.
2025-11-12 11:53:40,712 [INFO] Checking trade setups at 2025-11-12 11:53:40
2025-11-12 11:53:40,712 [INFO] Applying EMA strategy to 8 stocks.
2025-11-12 11:53:57,709 [INFO] Checking trade setups at 2025-11-12 11:53:57
2025-11-12 11:53:57,709 [INFO] Applying EMA strategy to 8 stocks.
2025-11-12 11:54:14,503 [INFO] Checking trade setups at 2025-11-12 11:54:14
2025-11-12 11:54:14,503 [INFO] Applying EMA strategy to 8 stocks.
2025-11-12 11:54:30,388 [INFO] Checking trade setups at 2025-11-12 11:54:30
2025-11-12 11:54:30,388 [INFO] Applying EMA strategy to 8 stocks.
2025-11-12 11:54:45,824 [INFO] Checking trade setups at 2025-11-12 11:54:45
2025-11-12 11:54:45,824 [INFO] Applying EMA strategy to 8 stocks.
2025-11-12 11:55:03,619 [INFO] Checking trade setups at 2025-11-12 11:55:03
2025-11-12 11:55:03,619 [INFO] Applying EMA strategy to 8 stocks.
2025-11-12 11:55:19,645 [INFO] Checking trade setups at 2025-11-12 11:55:19
2025-11-12 11:55:19,645 [INFO] Applying EMA strategy to 8 stocks.
2025-11-12 11:55:36,102 [INFO] Checking trade setups at 2025-11-12 11:55:36
2025-11-12 11:55:36,102 [INFO] Applying EMA strategy to 8 stocks.
2025-11-12 11:55:53,317 [INFO] Checking trade setups at 2025-11-12 11:55:53
2025-11-12 11:55:53,317 [INFO] Applying EMA strategy to 8 stocks.
2025-11-12 11:56:09,078 [INFO] Checking trade setups at 2025-11-12 11:56:09
2025-11-12 11:56:09,079 [INFO] Applying EMA strategy to 8 stocks.
2025-11-12 11:56:24,947 [INFO] Checking trade setups at 2025-11-12 11:56:24
2025-11-12 11:56:24,947 [INFO] Applying EMA strategy to 8 stocks.
2025-11-12 11:56:41,574 [INFO] Checking trade setups at 2025-11-12 11:56:41
2025-11-12 11:56:41,574 [INFO] Applying EMA strategy to 8 stocks.
2025-11-12 11:56:58,650 [INFO] Checking trade setups at 2025-11-12 11:56:58
2025-11-12 11:56:58,650 [INFO] Applying EMA strategy to 8 stocks.
2025-11-12 11:57:15,336 [INFO] Checking trade setups at 2025-11-12 11:57:15
2025-11-12 11:57:15,336 [INFO] Applying EMA strategy to 8 stocks.
2025-11-12 11:57:31,334 [INFO] Checking trade setups at 2025-11-12 11:57:31
2025-11-12 11:57:31,335 [INFO] Applying EMA strategy to 8 stocks.
2025-11-12 11:57:48,530 [INFO] Checking trade setups at 2025-11-12 11:57:48
2025-11-12 11:57:48,530 [INFO] Applying EMA strategy to 8 stocks.
2025-11-12 11:58:05,827 [INFO] Checking trade setups at 2025-11-12 11:58:05
2025-11-12 11:58:05,827 [INFO] Applying EMA strategy to 8 stocks.
2025-11-12 11:58:22,816 [INFO] Checking trade setups at 2025-11-12 11:58:22
2025-11-12 11:58:22,816 [INFO] Applying EMA strategy to 8 stocks.
2025-11-12 11:58:42,173 [INFO] Checking trade setups at 2025-11-12 11:58:42
2025-11-12 11:58:42,173 [INFO] Applying EMA strategy to 8 stocks.
2025-11-12 11:59:02,042 [INFO] Checking trade setups at 2025-11-12 11:59:02
2025-11-12 11:59:02,042 [INFO] Applying EMA strategy to 8 stocks.
2025-11-12 11:59:18,548 [INFO] Checking trade setups at 2025-11-12 11:59:18
2025-11-12 11:59:18,548 [INFO] Applying EMA strategy to 8 stocks.
2025-11-12 11:59:35,425 [INFO] Checking trade setups at 2025-11-12 11:59:35
2025-11-12 11:59:35,425 [INFO] Applying EMA strategy to 8 stocks.
2025-11-12 11:59:51,601 [INFO] Checking trade setups at 2025-11-12 11:59:51
2025-11-12 11:59:51,601 [INFO] Applying EMA strategy to 8 stocks.
2025-11-12 12:00:08,802 [INFO] Checking trade setups at 2025-11-12 12:00:08
2025-11-12 12:00:08,802 [INFO] Applying EMA strategy to 8 stocks.
2025-11-12 12:00:25,375 [INFO] Checking trade setups at 2025-11-12 12:00:25
2025-11-12 12:00:25,375 [INFO] Applying EMA strategy to 8 stocks.
2025-11-12 12:00:42,446 [INFO] Checking trade setups at 2025-11-12 12:00:42
2025-11-12 12:00:42,446 [INFO] Applying EMA strategy to 8 stocks.
2025-11-12 12:00:58,574 [INFO] Checking trade setups at 2025-11-12 12:00:58
2025-11-12 12:00:58,574 [INFO] Applying EMA strategy to 8 stocks.
2025-11-12 12:01:15,374 [INFO] Checking trade setups at 2025-11-12 12:01:15
2025-11-12 12:01:15,374 [INFO] Applying EMA strategy to 8 stocks.
2025-11-12 12:01:30,845 [INFO] Checking trade setups at 2025-11-12 12:01:30
2025-11-12 12:01:30,845 [INFO] Applying EMA strategy to 8 stocks.
2025-11-12 12:01:47,116 [INFO] Checking trade setups at 2025-11-12 12:01:47
2025-11-12 12:01:47,116 [INFO] Applying EMA strategy to 8 stocks.
2025-11-12 12:02:06,329 [INFO] Checking trade setups at 2025-11-12 12:02:06
2025-11-12 12:02:06,329 [INFO] Applying EMA strategy to 8 stocks.
2025-11-12 12:02:07,931 [INFO] Executing trade for NSE:LALPATHLAB-EQ: {'timestamp': '2025-11-12 12:00', 'action': 'SELL', 'entry_price': 3084.2, 'stop_loss': 3087.7, 'target': 3073.7}
2025-11-12 12:02:07,931 [INFO] after SL after filtering the final SL:3.5, final_target:3073.7, qty:28
2025-11-12 12:02:07,945 [INFO] Max trades reached. Skipping new orders.
2025-11-12 12:02:23,565 [INFO] Checking trade setups at 2025-11-12 12:02:23
2025-11-12 12:02:23,565 [INFO] Applying EMA strategy to 8 stocks.
2025-11-12 12:02:28,524 [INFO] Executing trade for NSE:BSE-EQ: {'timestamp': '2025-11-12 12:00', 'action': 'SELL', 'entry_price': 2785, 'stop_loss': 2789.9, 'target': 2770.2999999999997}
2025-11-12 12:02:28,524 [INFO] after SL after filtering the final SL:4.9, final_target:2770.3, qty:20
2025-11-12 12:02:28,538 [INFO] Max trades reached. Skipping new orders.
2025-11-12 12:02:41,490 [INFO] Checking trade setups at 2025-11-12 12:02:41
2025-11-12 12:02:41,490 [INFO] Applying EMA strategy to 8 stocks.
2025-11-12 12:02:59,750 [INFO] Checking trade setups at 2025-11-12 12:02:59
2025-11-12 12:02:59,750 [INFO] Applying EMA strategy to 8 stocks.
2025-11-12 12:03:16,083 [INFO] Checking trade setups at 2025-11-12 12:03:16
2025-11-12 12:03:16,083 [INFO] Applying EMA strategy to 8 stocks.
2025-11-12 12:03:33,054 [INFO] Checking trade setups at 2025-11-12 12:03:33
2025-11-12 12:03:33,054 [INFO] Applying EMA strategy to 8 stocks.
2025-11-12 12:03:48,810 [INFO] Checking trade setups at 2025-11-12 12:03:48
2025-11-12 12:03:48,810 [INFO] Applying EMA strategy to 8 stocks.
2025-11-12 12:04:05,255 [INFO] Checking trade setups at 2025-11-12 12:04:05
2025-11-12 12:04:05,255 [INFO] Applying EMA strategy to 8 stocks.
2025-11-12 12:04:22,433 [INFO] Checking trade setups at 2025-11-12 12:04:22
2025-11-12 12:04:22,433 [INFO] Applying EMA strategy to 8 stocks.
2025-11-12 12:04:39,575 [INFO] Checking trade setups at 2025-11-12 12:04:39
2025-11-12 12:04:39,576 [INFO] Applying EMA strategy to 8 stocks.
2025-11-12 12:04:55,853 [INFO] Checking trade setups at 2025-11-12 12:04:55
2025-11-12 12:04:55,853 [INFO] Applying EMA strategy to 8 stocks.
2025-11-12 12:05:12,739 [INFO] Checking trade setups at 2025-11-12 12:05:12
2025-11-12 12:05:12,739 [INFO] Applying EMA strategy to 8 stocks.
2025-11-12 12:05:30,663 [INFO] Checking trade setups at 2025-11-12 12:05:30
2025-11-12 12:05:30,663 [INFO] Applying EMA strategy to 8 stocks.
2025-11-12 12:05:46,528 [INFO] Checking trade setups at 2025-11-12 12:05:46
2025-11-12 12:05:46,528 [INFO] Applying EMA strategy to 8 stocks.
2025-11-12 12:06:02,620 [INFO] Checking trade setups at 2025-11-12 12:06:02
2025-11-12 12:06:02,620 [INFO] Applying EMA strategy to 8 stocks.
2025-11-12 12:06:20,786 [INFO] Checking trade setups at 2025-11-12 12:06:20
2025-11-12 12:06:20,786 [INFO] Applying EMA strategy to 8 stocks.
2025-11-12 12:06:37,430 [INFO] Checking trade setups at 2025-11-12 12:06:37
2025-11-12 12:06:37,430 [INFO] Applying EMA strategy to 8 stocks.
2025-11-12 12:06:54,502 [INFO] Checking trade setups at 2025-11-12 12:06:54
2025-11-12 12:06:54,502 [INFO] Applying EMA strategy to 8 stocks.
2025-11-12 12:07:11,437 [INFO] Checking trade setups at 2025-11-12 12:07:11
2025-11-12 12:07:11,437 [INFO] Applying EMA strategy to 8 stocks.
2025-11-12 12:07:28,011 [INFO] Checking trade setups at 2025-11-12 12:07:28
2025-11-12 12:07:28,015 [INFO] Applying EMA strategy to 8 stocks.
2025-11-12 12:07:45,597 [INFO] Checking trade setups at 2025-11-12 12:07:45
2025-11-12 12:07:45,597 [INFO] Applying EMA strategy to 8 stocks.
2025-11-12 12:08:02,822 [INFO] Checking trade setups at 2025-11-12 12:08:02
2025-11-12 12:08:02,822 [INFO] Applying EMA strategy to 8 stocks.
2025-11-12 12:08:18,622 [INFO] Checking trade setups at 2025-11-12 12:08:18
2025-11-12 12:08:18,622 [INFO] Applying EMA strategy to 8 stocks.
2025-11-12 12:08:35,029 [INFO] Checking trade setups at 2025-11-12 12:08:35
2025-11-12 12:08:35,029 [INFO] Applying EMA strategy to 8 stocks.
2025-11-12 12:08:51,190 [INFO] Checking trade setups at 2025-11-12 12:08:51
2025-11-12 12:08:51,190 [INFO] Applying EMA strategy to 8 stocks.
2025-11-12 12:09:08,828 [INFO] Checking trade setups at 2025-11-12 12:09:08
2025-11-12 12:09:08,828 [INFO] Applying EMA strategy to 8 stocks.
2025-11-12 12:09:25,889 [INFO] Checking trade setups at 2025-11-12 12:09:25
2025-11-12 12:09:25,891 [INFO] Applying EMA strategy to 8 stocks.
2025-11-12 12:09:41,786 [INFO] Checking trade setups at 2025-11-12 12:09:41
2025-11-12 12:09:41,786 [INFO] Applying EMA strategy to 8 stocks.
2025-11-12 12:09:58,562 [INFO] Checking trade setups at 2025-11-12 12:09:58
2025-11-12 12:09:58,562 [INFO] Applying EMA strategy to 8 stocks.
2025-11-12 12:10:14,943 [INFO] Checking trade setups at 2025-11-12 12:10:14
2025-11-12 12:10:14,943 [INFO] Applying EMA strategy to 8 stocks.
2025-11-12 12:10:32,036 [INFO] Checking trade setups at 2025-11-12 12:10:32
2025-11-12 12:10:32,036 [INFO] Applying EMA strategy to 8 stocks.
2025-11-12 12:10:48,016 [INFO] Checking trade setups at 2025-11-12 12:10:48
2025-11-12 12:10:48,016 [INFO] Applying EMA strategy to 8 stocks.
2025-11-12 12:11:04,400 [INFO] Checking trade setups at 2025-11-12 12:11:04
2025-11-12 12:11:04,400 [INFO] Applying EMA strategy to 8 stocks.
2025-11-12 12:11:21,622 [INFO] Checking trade setups at 2025-11-12 12:11:21
2025-11-12 12:11:21,622 [INFO] Applying EMA strategy to 8 stocks.
2025-11-12 12:11:37,129 [INFO] Checking trade setups at 2025-11-12 12:11:37
2025-11-12 12:11:37,129 [INFO] Applying EMA strategy to 8 stocks.
2025-11-12 12:11:52,857 [INFO] Checking trade setups at 2025-11-12 12:11:52
2025-11-12 12:11:52,857 [INFO] Applying EMA strategy to 8 stocks.
2025-11-12 12:11:56,617 [INFO] Executing trade for NSE:TARIL-EQ: {'timestamp': '2025-11-12 12:10', 'action': 'SELL', 'entry_price': 302, 'stop_loss': 302.3, 'target': 301.09999999999997}
2025-11-12 12:11:56,618 [INFO] after SL after filtering the final SL:0.51, final_target:300.47, qty:196
2025-11-12 12:11:56,630 [INFO] Max trades reached. Skipping new orders.
2025-11-12 12:12:10,430 [INFO] Checking trade setups at 2025-11-12 12:12:10
2025-11-12 12:12:10,430 [INFO] Applying EMA strategy to 8 stocks.
2025-11-12 12:12:29,801 [INFO] Checking trade setups at 2025-11-12 12:12:29
2025-11-12 12:12:29,801 [INFO] Applying EMA strategy to 8 stocks.
2025-11-12 12:12:47,859 [INFO] Checking trade setups at 2025-11-12 12:12:47
2025-11-12 12:12:47,860 [INFO] Applying EMA strategy to 8 stocks.
2025-11-12 12:13:03,661 [INFO] Checking trade setups at 2025-11-12 12:13:03
2025-11-12 12:13:03,661 [INFO] Applying EMA strategy to 8 stocks.
2025-11-12 12:13:19,611 [INFO] Checking trade setups at 2025-11-12 12:13:19
2025-11-12 12:13:19,611 [INFO] Applying EMA strategy to 8 stocks.
2025-11-12 12:13:35,444 [INFO] Checking trade setups at 2025-11-12 12:13:35
2025-11-12 12:13:35,444 [INFO] Applying EMA strategy to 8 stocks.
2025-11-12 12:13:53,879 [INFO] Checking trade setups at 2025-11-12 12:13:53
2025-11-12 12:13:53,879 [INFO] Applying EMA strategy to 8 stocks.
2025-11-12 12:14:10,155 [INFO] Checking trade setups at 2025-11-12 12:14:10
2025-11-12 12:14:10,155 [INFO] Applying EMA strategy to 8 stocks.
2025-11-12 12:14:10,804 [INFO] Executing trade for NSE:MAXHEALTH-EQ: {'timestamp': '2025-11-12 12:10', 'action': 'SELL', 'entry_price': 1095, 'stop_loss': 1096.5, 'target': 1090.5}
2025-11-12 12:14:10,804 [INFO] after SL after filtering the final SL:1.5, final_target:1090.5, qty:66
2025-11-12 12:14:10,818 [INFO] Max trades reached. Skipping new orders.
2025-11-12 12:14:26,130 [INFO] Checking trade setups at 2025-11-12 12:14:26
2025-11-12 12:14:26,130 [INFO] Applying EMA strategy to 8 stocks.
2025-11-12 12:14:42,211 [INFO] Checking trade setups at 2025-11-12 12:14:42
2025-11-12 12:14:42,211 [INFO] Applying EMA strategy to 8 stocks.
2025-11-12 12:14:58,187 [INFO] Checking trade setups at 2025-11-12 12:14:58
2025-11-12 12:14:58,187 [INFO] Applying EMA strategy to 8 stocks.
2025-11-12 12:15:14,489 [INFO] Checking trade setups at 2025-11-12 12:15:14
2025-11-12 12:15:14,490 [INFO] Applying EMA strategy to 8 stocks.
2025-11-12 12:15:15,220 [INFO] Executing trade for NSE:MAXHEALTH-EQ: {'timestamp': '2025-11-12 12:15', 'action': 'SELL', 'entry_price': 1093.7, 'stop_loss': 1097.5, 'target': 1082.3000000000002}
2025-11-12 12:15:15,220 [INFO] after SL after filtering the final SL:3.8, final_target:1082.3, qty:26
2025-11-12 12:15:15,235 [INFO] Max trades reached. Skipping new orders.
2025-11-12 12:15:31,165 [INFO] Checking trade setups at 2025-11-12 12:15:31
2025-11-12 12:15:31,165 [INFO] Applying EMA strategy to 8 stocks.
2025-11-12 12:15:37,441 [INFO] Executing trade for NSE:KIRLOSENG-EQ: {'timestamp': '2025-11-12 12:15', 'action': 'SELL', 'entry_price': 1088.05, 'stop_loss': 1090, 'target': 1082.1999999999998}
2025-11-12 12:15:37,443 [INFO] after SL after filtering the final SL:1.95, final_target:1082.2, qty:51
2025-11-12 12:15:37,452 [INFO] Max trades reached. Skipping new orders.
2025-11-12 12:15:49,294 [INFO] Checking trade setups at 2025-11-12 12:15:49
2025-11-12 12:15:49,294 [INFO] Applying EMA strategy to 8 stocks.
2025-11-12 12:16:07,102 [INFO] Checking trade setups at 2025-11-12 12:16:07
2025-11-12 12:16:07,102 [INFO] Applying EMA strategy to 8 stocks.
2025-11-12 12:16:23,593 [INFO] Checking trade setups at 2025-11-12 12:16:23
2025-11-12 12:16:23,593 [INFO] Applying EMA strategy to 8 stocks.
2025-11-12 12:16:40,629 [INFO] Checking trade setups at 2025-11-12 12:16:40
2025-11-12 12:16:40,629 [INFO] Applying EMA strategy to 8 stocks.
2025-11-12 12:16:57,389 [INFO] Checking trade setups at 2025-11-12 12:16:57
2025-11-12 12:16:57,389 [INFO] Applying EMA strategy to 8 stocks.
2025-11-12 12:17:15,332 [INFO] Checking trade setups at 2025-11-12 12:17:15
2025-11-12 12:17:15,333 [INFO] Applying EMA strategy to 8 stocks.
2025-11-12 12:17:32,817 [INFO] Checking trade setups at 2025-11-12 12:17:32
2025-11-12 12:17:32,817 [INFO] Applying EMA strategy to 8 stocks.
2025-11-12 12:17:48,589 [INFO] Checking trade setups at 2025-11-12 12:17:48
2025-11-12 12:17:48,589 [INFO] Applying EMA strategy to 8 stocks.
2025-11-12 12:18:05,088 [INFO] Checking trade setups at 2025-11-12 12:18:05
2025-11-12 12:18:05,089 [INFO] Applying EMA strategy to 8 stocks.
2025-11-12 12:18:21,981 [INFO] Checking trade setups at 2025-11-12 12:18:21
2025-11-12 12:18:21,981 [INFO] Applying EMA strategy to 8 stocks.
2025-11-12 12:18:39,069 [INFO] Checking trade setups at 2025-11-12 12:18:39
2025-11-12 12:18:39,069 [INFO] Applying EMA strategy to 8 stocks.
2025-11-12 12:18:55,362 [INFO] Checking trade setups at 2025-11-12 12:18:55
2025-11-12 12:18:55,362 [INFO] Applying EMA strategy to 8 stocks.
2025-11-12 12:19:11,846 [INFO] Checking trade setups at 2025-11-12 12:19:11
2025-11-12 12:19:11,846 [INFO] Applying EMA strategy to 8 stocks.
2025-11-12 12:19:28,120 [INFO] Checking trade setups at 2025-11-12 12:19:28
2025-11-12 12:19:28,120 [INFO] Applying EMA strategy to 8 stocks.
2025-11-12 12:19:44,718 [INFO] Checking trade setups at 2025-11-12 12:19:44
2025-11-12 12:19:44,718 [INFO] Applying EMA strategy to 8 stocks.
2025-11-12 12:20:02,966 [INFO] Checking trade setups at 2025-11-12 12:20:02
2025-11-12 12:20:02,966 [INFO] Applying EMA strategy to 8 stocks.
2025-11-12 12:20:18,916 [INFO] Checking trade setups at 2025-11-12 12:20:18
2025-11-12 12:20:18,918 [INFO] Applying EMA strategy to 8 stocks.
2025-11-12 12:20:34,999 [INFO] Checking trade setups at 2025-11-12 12:20:34
2025-11-12 12:20:34,999 [INFO] Applying EMA strategy to 8 stocks.
2025-11-12 12:20:51,480 [INFO] Checking trade setups at 2025-11-12 12:20:51
2025-11-12 12:20:51,480 [INFO] Applying EMA strategy to 8 stocks.
2025-11-12 12:21:08,802 [INFO] Checking trade setups at 2025-11-12 12:21:08
2025-11-12 12:21:08,802 [INFO] Applying EMA strategy to 8 stocks.
2025-11-12 12:21:26,504 [INFO] Checking trade setups at 2025-11-12 12:21:26
2025-11-12 12:21:26,504 [INFO] Applying EMA strategy to 8 stocks.
2025-11-12 12:21:42,894 [INFO] Checking trade setups at 2025-11-12 12:21:42
2025-11-12 12:21:42,894 [INFO] Applying EMA strategy to 8 stocks.
2025-11-12 12:22:00,198 [INFO] Checking trade setups at 2025-11-12 12:22:00
2025-11-12 12:22:00,198 [INFO] Applying EMA strategy to 8 stocks.
2025-11-12 12:22:17,084 [INFO] Checking trade setups at 2025-11-12 12:22:17
2025-11-12 12:22:17,084 [INFO] Applying EMA strategy to 8 stocks.
2025-11-12 12:22:34,336 [INFO] Checking trade setups at 2025-11-12 12:22:34
2025-11-12 12:22:34,336 [INFO] Applying EMA strategy to 8 stocks.
2025-11-12 12:22:52,242 [INFO] Checking trade setups at 2025-11-12 12:22:52
2025-11-12 12:22:52,242 [INFO] Applying EMA strategy to 8 stocks.
2025-11-12 12:23:07,982 [INFO] Checking trade setups at 2025-11-12 12:23:07
2025-11-12 12:23:07,982 [INFO] Applying EMA strategy to 8 stocks.
2025-11-12 12:23:25,730 [INFO] Checking trade setups at 2025-11-12 12:23:25
2025-11-12 12:23:25,730 [INFO] Applying EMA strategy to 8 stocks.
2025-11-12 12:23:41,460 [INFO] Checking trade setups at 2025-11-12 12:23:41
2025-11-12 12:23:41,460 [INFO] Applying EMA strategy to 8 stocks.
2025-11-12 12:23:58,879 [INFO] Checking trade setups at 2025-11-12 12:23:58
2025-11-12 12:23:58,879 [INFO] Applying EMA strategy to 8 stocks.
2025-11-12 12:24:15,280 [INFO] Checking trade setups at 2025-11-12 12:24:15
2025-11-12 12:24:15,280 [INFO] Applying EMA strategy to 8 stocks.
2025-11-12 12:24:31,338 [INFO] Checking trade setups at 2025-11-12 12:24:31
2025-11-12 12:24:31,340 [INFO] Applying EMA strategy to 8 stocks.
2025-11-12 12:24:47,635 [INFO] Checking trade setups at 2025-11-12 12:24:47
2025-11-12 12:24:47,635 [INFO] Applying EMA strategy to 8 stocks.
2025-11-12 12:25:03,917 [INFO] Checking trade setups at 2025-11-12 12:25:03
2025-11-12 12:25:03,917 [INFO] Applying EMA strategy to 8 stocks.
2025-11-12 12:25:21,030 [INFO] Checking trade setups at 2025-11-12 12:25:21
2025-11-12 12:25:21,030 [INFO] Applying EMA strategy to 8 stocks.
2025-11-12 12:25:37,177 [INFO] Checking trade setups at 2025-11-12 12:25:37
2025-11-12 12:25:37,177 [INFO] Applying EMA strategy to 8 stocks.
2025-11-12 12:25:53,775 [INFO] Checking trade setups at 2025-11-12 12:25:53
2025-11-12 12:25:53,775 [INFO] Applying EMA strategy to 8 stocks.
2025-11-12 12:26:09,979 [INFO] Checking trade setups at 2025-11-12 12:26:09
2025-11-12 12:26:09,979 [INFO] Applying EMA strategy to 8 stocks.
2025-11-12 12:26:13,473 [INFO] Executing trade for NSE:BSE-EQ: {'timestamp': '2025-11-12 12:25', 'action': 'SELL', 'entry_price': 2791, 'stop_loss': 2795, 'target': 2779}
2025-11-12 12:26:13,475 [INFO] after SL after filtering the final SL:4, final_target:2779, qty:25
2025-11-12 12:26:13,486 [INFO] Max trades reached. Skipping new orders.
2025-11-12 12:26:26,645 [INFO] Checking trade setups at 2025-11-12 12:26:26
2025-11-12 12:26:26,645 [INFO] Applying EMA strategy to 8 stocks.
2025-11-12 12:26:42,511 [INFO] Checking trade setups at 2025-11-12 12:26:42
2025-11-12 12:26:42,511 [INFO] Applying EMA strategy to 8 stocks.
2025-11-12 12:26:58,639 [INFO] Checking trade setups at 2025-11-12 12:26:58
2025-11-12 12:26:58,639 [INFO] Applying EMA strategy to 8 stocks.
2025-11-12 12:27:14,988 [INFO] Checking trade setups at 2025-11-12 12:27:14
2025-11-12 12:27:14,988 [INFO] Applying EMA strategy to 8 stocks.
2025-11-12 12:27:32,289 [INFO] Checking trade setups at 2025-11-12 12:27:32
2025-11-12 12:27:32,289 [INFO] Applying EMA strategy to 8 stocks.
2025-11-12 12:27:50,032 [INFO] Checking trade setups at 2025-11-12 12:27:50
2025-11-12 12:27:50,032 [INFO] Applying EMA strategy to 8 stocks.
2025-11-12 12:28:06,082 [INFO] Checking trade setups at 2025-11-12 12:28:06
2025-11-12 12:28:06,082 [INFO] Applying EMA strategy to 8 stocks.
2025-11-12 12:28:22,332 [INFO] Checking trade setups at 2025-11-12 12:28:22
2025-11-12 12:28:22,332 [INFO] Applying EMA strategy to 8 stocks.
2025-11-12 12:28:39,735 [INFO] Checking trade setups at 2025-11-12 12:28:39
2025-11-12 12:28:39,735 [INFO] Applying EMA strategy to 8 stocks.
2025-11-12 12:28:56,873 [INFO] Checking trade setups at 2025-11-12 12:28:56
2025-11-12 12:28:56,873 [INFO] Applying EMA strategy to 8 stocks.
2025-11-12 12:29:13,268 [INFO] Checking trade setups at 2025-11-12 12:29:13
2025-11-12 12:29:13,268 [INFO] Applying EMA strategy to 8 stocks.
2025-11-12 12:29:29,355 [INFO] Checking trade setups at 2025-11-12 12:29:29
2025-11-12 12:29:29,355 [INFO] Applying EMA strategy to 8 stocks.
2025-11-12 12:29:46,849 [INFO] Checking trade setups at 2025-11-12 12:29:46
2025-11-12 12:29:46,849 [INFO] Applying EMA strategy to 8 stocks.
2025-11-12 12:30:03,129 [INFO] Checking trade setups at 2025-11-12 12:30:03
2025-11-12 12:30:03,129 [INFO] Applying EMA strategy to 8 stocks.
2025-11-12 12:30:19,561 [INFO] Checking trade setups at 2025-11-12 12:30:19
2025-11-12 12:30:19,561 [INFO] Applying EMA strategy to 8 stocks.
2025-11-12 12:30:36,932 [INFO] Checking trade setups at 2025-11-12 12:30:36
2025-11-12 12:30:36,932 [INFO] Applying EMA strategy to 8 stocks.
2025-11-12 12:30:52,502 [INFO] Checking trade setups at 2025-11-12 12:30:52
2025-11-12 12:30:52,502 [INFO] Applying EMA strategy to 8 stocks.
2025-11-12 12:31:10,247 [INFO] Checking trade setups at 2025-11-12 12:31:10
2025-11-12 12:31:10,247 [INFO] Applying EMA strategy to 8 stocks.
2025-11-12 12:31:26,785 [INFO] Checking trade setups at 2025-11-12 12:31:26
2025-11-12 12:31:26,785 [INFO] Applying EMA strategy to 8 stocks.
2025-11-12 12:31:43,374 [INFO] Checking trade setups at 2025-11-12 12:31:43
2025-11-12 12:31:43,374 [INFO] Applying EMA strategy to 8 stocks.
2025-11-12 12:31:58,849 [INFO] Checking trade setups at 2025-11-12 12:31:58
2025-11-12 12:31:58,849 [INFO] Applying EMA strategy to 8 stocks.
2025-11-12 12:32:16,906 [INFO] Checking trade setups at 2025-11-12 12:32:16
2025-11-12 12:32:16,906 [INFO] Applying EMA strategy to 8 stocks.
2025-11-12 12:32:33,592 [INFO] Checking trade setups at 2025-11-12 12:32:33
2025-11-12 12:32:33,592 [INFO] Applying EMA strategy to 8 stocks.
2025-11-12 12:32:49,844 [INFO] Checking trade setups at 2025-11-12 12:32:49
2025-11-12 12:32:49,844 [INFO] Applying EMA strategy to 8 stocks.
2025-11-12 12:33:06,140 [INFO] Checking trade setups at 2025-11-12 12:33:06
2025-11-12 12:33:06,140 [INFO] Applying EMA strategy to 8 stocks.
2025-11-12 12:33:21,795 [INFO] Checking trade setups at 2025-11-12 12:33:21
2025-11-12 12:33:21,795 [INFO] Applying EMA strategy to 8 stocks.
2025-11-12 12:33:39,086 [INFO] Checking trade setups at 2025-11-12 12:33:39
2025-11-12 12:33:39,086 [INFO] Applying EMA strategy to 8 stocks.
2025-11-12 12:33:55,796 [INFO] Checking trade setups at 2025-11-12 12:33:55
2025-11-12 12:33:55,796 [INFO] Applying EMA strategy to 8 stocks.
2025-11-12 12:34:13,038 [INFO] Checking trade setups at 2025-11-12 12:34:13
2025-11-12 12:34:13,038 [INFO] Applying EMA strategy to 8 stocks.
2025-11-12 12:34:29,574 [INFO] Checking trade setups at 2025-11-12 12:34:29
2025-11-12 12:34:29,574 [INFO] Applying EMA strategy to 8 stocks.
2025-11-12 12:34:45,450 [INFO] Checking trade setups at 2025-11-12 12:34:45
2025-11-12 12:34:45,450 [INFO] Applying EMA strategy to 8 stocks.
2025-11-12 12:35:01,670 [INFO] Checking trade setups at 2025-11-12 12:35:01
2025-11-12 12:35:01,670 [INFO] Applying EMA strategy to 8 stocks.
2025-11-12 12:35:17,308 [INFO] Checking trade setups at 2025-11-12 12:35:17
2025-11-12 12:35:17,308 [INFO] Applying EMA strategy to 8 stocks.
2025-11-12 12:35:34,817 [INFO] Checking trade setups at 2025-11-12 12:35:34
2025-11-12 12:35:34,817 [INFO] Applying EMA strategy to 8 stocks.
2025-11-12 12:35:53,473 [INFO] Checking trade setups at 2025-11-12 12:35:53
2025-11-12 12:35:53,473 [INFO] Applying EMA strategy to 8 stocks.
2025-11-12 12:36:08,809 [INFO] Checking trade setups at 2025-11-12 12:36:08
2025-11-12 12:36:08,810 [INFO] Applying EMA strategy to 8 stocks.
2025-11-12 12:36:27,041 [INFO] Checking trade setups at 2025-11-12 12:36:27
2025-11-12 12:36:27,041 [INFO] Applying EMA strategy to 8 stocks.
2025-11-12 12:36:43,735 [INFO] Checking trade setups at 2025-11-12 12:36:43
2025-11-12 12:36:43,735 [INFO] Applying EMA strategy to 8 stocks.
2025-11-12 12:36:59,302 [INFO] Checking trade setups at 2025-11-12 12:36:59
2025-11-12 12:36:59,302 [INFO] Applying EMA strategy to 8 stocks.
2025-11-12 12:37:15,601 [INFO] Checking trade setups at 2025-11-12 12:37:15
2025-11-12 12:37:15,601 [INFO] Applying EMA strategy to 8 stocks.
2025-11-12 12:37:32,075 [INFO] Checking trade setups at 2025-11-12 12:37:32
2025-11-12 12:37:32,075 [INFO] Applying EMA strategy to 8 stocks.
2025-11-12 12:37:48,872 [INFO] Checking trade setups at 2025-11-12 12:37:48
2025-11-12 12:37:48,872 [INFO] Applying EMA strategy to 8 stocks.
2025-11-12 12:38:05,554 [INFO] Checking trade setups at 2025-11-12 12:38:05
2025-11-12 12:38:05,554 [INFO] Applying EMA strategy to 8 stocks.
2025-11-12 12:38:21,532 [INFO] Checking trade setups at 2025-11-12 12:38:21
2025-11-12 12:38:21,532 [INFO] Applying EMA strategy to 8 stocks.
2025-11-12 12:38:37,500 [INFO] Checking trade setups at 2025-11-12 12:38:37
2025-11-12 12:38:37,500 [INFO] Applying EMA strategy to 8 stocks.
2025-11-12 12:38:53,936 [INFO] Checking trade setups at 2025-11-12 12:38:53
2025-11-12 12:38:53,936 [INFO] Applying EMA strategy to 8 stocks.
2025-11-12 12:39:13,029 [INFO] Checking trade setups at 2025-11-12 12:39:13
2025-11-12 12:39:13,029 [INFO] Applying EMA strategy to 8 stocks.
2025-11-12 12:39:28,598 [INFO] Checking trade setups at 2025-11-12 12:39:28
2025-11-12 12:39:28,598 [INFO] Applying EMA strategy to 8 stocks.
2025-11-12 12:39:45,897 [INFO] Checking trade setups at 2025-11-12 12:39:45
2025-11-12 12:39:45,897 [INFO] Applying EMA strategy to 8 stocks.
2025-11-12 12:40:03,415 [INFO] Checking trade setups at 2025-11-12 12:40:03
2025-11-12 12:40:03,415 [INFO] Applying EMA strategy to 8 stocks.
2025-11-12 12:40:19,081 [INFO] Checking trade setups at 2025-11-12 12:40:19
2025-11-12 12:40:19,081 [INFO] Applying EMA strategy to 8 stocks.
2025-11-12 12:40:34,844 [INFO] Checking trade setups at 2025-11-12 12:40:34
2025-11-12 12:40:34,844 [INFO] Applying EMA strategy to 8 stocks.
2025-11-12 12:40:51,186 [INFO] Checking trade setups at 2025-11-12 12:40:51
2025-11-12 12:40:51,186 [INFO] Applying EMA strategy to 8 stocks.
2025-11-12 12:41:06,910 [INFO] Checking trade setups at 2025-11-12 12:41:06
2025-11-12 12:41:06,910 [INFO] Applying EMA strategy to 8 stocks.
2025-11-12 12:41:23,497 [INFO] Checking trade setups at 2025-11-12 12:41:23
2025-11-12 12:41:23,497 [INFO] Applying EMA strategy to 8 stocks.
2025-11-12 12:41:39,490 [INFO] Checking trade setups at 2025-11-12 12:41:39
2025-11-12 12:41:39,491 [INFO] Applying EMA strategy to 8 stocks.
2025-11-12 12:41:55,755 [INFO] Checking trade setups at 2025-11-12 12:41:55
2025-11-12 12:41:55,755 [INFO] Applying EMA strategy to 8 stocks.
2025-11-12 12:42:12,236 [INFO] Checking trade setups at 2025-11-12 12:42:12
2025-11-12 12:42:12,236 [INFO] Applying EMA strategy to 8 stocks.
2025-11-12 12:42:28,139 [INFO] Checking trade setups at 2025-11-12 12:42:28
2025-11-12 12:42:28,139 [INFO] Applying EMA strategy to 8 stocks.
2025-11-12 12:42:46,357 [INFO] Checking trade setups at 2025-11-12 12:42:46
2025-11-12 12:42:46,358 [INFO] Applying EMA strategy to 8 stocks.
2025-11-12 12:43:02,006 [INFO] Checking trade setups at 2025-11-12 12:43:02
2025-11-12 12:43:02,006 [INFO] Applying EMA strategy to 8 stocks.
2025-11-12 12:43:18,629 [INFO] Checking trade setups at 2025-11-12 12:43:18
2025-11-12 12:43:18,629 [INFO] Applying EMA strategy to 8 stocks.
2025-11-12 12:43:37,975 [INFO] Checking trade setups at 2025-11-12 12:43:37
2025-11-12 12:43:37,975 [INFO] Applying EMA strategy to 8 stocks.
2025-11-12 12:43:54,026 [INFO] Checking trade setups at 2025-11-12 12:43:54
2025-11-12 12:43:54,026 [INFO] Applying EMA strategy to 8 stocks.
2025-11-12 12:44:10,411 [INFO] Checking trade setups at 2025-11-12 12:44:10
2025-11-12 12:44:10,411 [INFO] Applying EMA strategy to 8 stocks.
2025-11-12 12:44:25,977 [INFO] Checking trade setups at 2025-11-12 12:44:25
2025-11-12 12:44:25,977 [INFO] Applying EMA strategy to 8 stocks.
2025-11-12 12:44:43,072 [INFO] Checking trade setups at 2025-11-12 12:44:43
2025-11-12 12:44:43,072 [INFO] Applying EMA strategy to 8 stocks.
2025-11-12 12:44:58,953 [INFO] Checking trade setups at 2025-11-12 12:44:58
2025-11-12 12:44:58,953 [INFO] Applying EMA strategy to 8 stocks.
2025-11-12 12:45:14,945 [INFO] Checking trade setups at 2025-11-12 12:45:14
2025-11-12 12:45:14,945 [INFO] Applying EMA strategy to 8 stocks.
2025-11-12 12:45:32,121 [INFO] Checking trade setups at 2025-11-12 12:45:32
2025-11-12 12:45:32,121 [INFO] Applying EMA strategy to 8 stocks.
2025-11-12 12:45:48,347 [INFO] Checking trade setups at 2025-11-12 12:45:48
2025-11-12 12:45:48,347 [INFO] Applying EMA strategy to 8 stocks.
2025-11-12 12:46:07,152 [INFO] Checking trade setups at 2025-11-12 12:46:07
2025-11-12 12:46:07,152 [INFO] Applying EMA strategy to 8 stocks.
2025-11-12 12:46:24,558 [INFO] Checking trade setups at 2025-11-12 12:46:24
2025-11-12 12:46:24,558 [INFO] Applying EMA strategy to 8 stocks.
2025-11-12 12:46:42,432 [INFO] Checking trade setups at 2025-11-12 12:46:42
2025-11-12 12:46:42,432 [INFO] Applying EMA strategy to 8 stocks.
2025-11-12 12:46:58,478 [INFO] Checking trade setups at 2025-11-12 12:46:58
2025-11-12 12:46:58,478 [INFO] Applying EMA strategy to 8 stocks.
2025-11-12 12:47:14,943 [INFO] Checking trade setups at 2025-11-12 12:47:14
2025-11-12 12:47:14,943 [INFO] Applying EMA strategy to 8 stocks.
2025-11-12 12:47:30,825 [INFO] Checking trade setups at 2025-11-12 12:47:30
2025-11-12 12:47:30,825 [INFO] Applying EMA strategy to 8 stocks.
2025-11-12 12:47:46,582 [INFO] Checking trade setups at 2025-11-12 12:47:46
2025-11-12 12:47:46,582 [INFO] Applying EMA strategy to 8 stocks.
2025-11-12 12:48:01,944 [INFO] Checking trade setups at 2025-11-12 12:48:01
2025-11-12 12:48:01,944 [INFO] Applying EMA strategy to 8 stocks.
2025-11-12 12:48:19,349 [INFO] Checking trade setups at 2025-11-12 12:48:19
2025-11-12 12:48:19,349 [INFO] Applying EMA strategy to 8 stocks.
2025-11-12 12:48:35,331 [INFO] Checking trade setups at 2025-11-12 12:48:35
2025-11-12 12:48:35,331 [INFO] Applying EMA strategy to 8 stocks.
2025-11-12 12:48:51,622 [INFO] Checking trade setups at 2025-11-12 12:48:51
2025-11-12 12:48:51,622 [INFO] Applying EMA strategy to 8 stocks.
2025-11-12 12:49:08,111 [INFO] Checking trade setups at 2025-11-12 12:49:08
2025-11-12 12:49:08,111 [INFO] Applying EMA strategy to 8 stocks.
2025-11-12 12:49:24,797 [INFO] Checking trade setups at 2025-11-12 12:49:24
2025-11-12 12:49:24,797 [INFO] Applying EMA strategy to 8 stocks.
2025-11-12 12:49:40,149 [INFO] Checking trade setups at 2025-11-12 12:49:40
2025-11-12 12:49:40,149 [INFO] Applying EMA strategy to 8 stocks.
2025-11-12 12:49:55,666 [INFO] Checking trade setups at 2025-11-12 12:49:55
2025-11-12 12:49:55,666 [INFO] Applying EMA strategy to 8 stocks.
2025-11-12 12:50:14,231 [INFO] Checking trade setups at 2025-11-12 12:50:14
2025-11-12 12:50:14,231 [INFO] Applying EMA strategy to 8 stocks.
2025-11-12 12:50:31,568 [INFO] Checking trade setups at 2025-11-12 12:50:31
2025-11-12 12:50:31,568 [INFO] Applying EMA strategy to 8 stocks.
2025-11-12 12:50:48,148 [INFO] Checking trade setups at 2025-11-12 12:50:48
2025-11-12 12:50:48,148 [INFO] Applying EMA strategy to 8 stocks.
2025-11-12 12:51:04,528 [INFO] Checking trade setups at 2025-11-12 12:51:04
2025-11-12 12:51:04,528 [INFO] Applying EMA strategy to 8 stocks.
2025-11-12 12:51:05,179 [INFO] Executing trade for NSE:MAXHEALTH-EQ: {'timestamp': '2025-11-12 12:50', 'action': 'SELL', 'entry_price': 1096, 'stop_loss': 1097.7, 'target': 1090.8999999999999}
2025-11-12 12:51:05,179 [INFO] after SL after filtering the final SL:1.7, final_target:1090.9, qty:58
2025-11-12 12:51:05,193 [INFO] Max trades reached. Skipping new orders.
2025-11-12 12:51:21,631 [INFO] Checking trade setups at 2025-11-12 12:51:21
2025-11-12 12:51:21,631 [INFO] Applying EMA strategy to 8 stocks.
2025-11-12 12:51:38,122 [INFO] Checking trade setups at 2025-11-12 12:51:38
2025-11-12 12:51:38,122 [INFO] Applying EMA strategy to 8 stocks.
2025-11-12 12:51:54,993 [INFO] Checking trade setups at 2025-11-12 12:51:54
2025-11-12 12:51:54,993 [INFO] Applying EMA strategy to 8 stocks.
2025-11-12 12:52:11,095 [INFO] Checking trade setups at 2025-11-12 12:52:11
2025-11-12 12:52:11,096 [INFO] Applying EMA strategy to 8 stocks.
2025-11-12 12:52:29,942 [INFO] Checking trade setups at 2025-11-12 12:52:29
2025-11-12 12:52:29,942 [INFO] Applying EMA strategy to 8 stocks.
2025-11-12 12:52:47,795 [INFO] Checking trade setups at 2025-11-12 12:52:47
2025-11-12 12:52:47,795 [INFO] Applying EMA strategy to 8 stocks.
2025-11-12 12:52:51,891 [INFO] Executing trade for NSE:IFCI-EQ: {'timestamp': '2025-11-12 12:50', 'action': 'SELL', 'entry_price': 55.96, 'stop_loss': 56.15, 'target': 55.39000000000001}
2025-11-12 12:52:51,893 [INFO] after SL after filtering the final SL:0.51, final_target:54.43, qty:196
2025-11-12 12:52:51,905 [INFO] NSE:IFCI-EQ already traded today. Skipping.
2025-11-12 12:53:04,555 [INFO] Checking trade setups at 2025-11-12 12:53:04
2025-11-12 12:53:04,555 [INFO] Applying EMA strategy to 8 stocks.
2025-11-12 12:53:22,260 [INFO] Checking trade setups at 2025-11-12 12:53:22
2025-11-12 12:53:22,260 [INFO] Applying EMA strategy to 8 stocks.
2025-11-12 12:53:39,671 [INFO] Checking trade setups at 2025-11-12 12:53:39
2025-11-12 12:53:39,671 [INFO] Applying EMA strategy to 8 stocks.
2025-11-12 12:53:55,954 [INFO] Checking trade setups at 2025-11-12 12:53:55
2025-11-12 12:53:55,954 [INFO] Applying EMA strategy to 8 stocks.
2025-11-12 12:54:15,510 [INFO] Checking trade setups at 2025-11-12 12:54:15
2025-11-12 12:54:15,510 [INFO] Applying EMA strategy to 8 stocks.
2025-11-12 12:54:35,216 [INFO] Checking trade setups at 2025-11-12 12:54:35
2025-11-12 12:54:35,216 [INFO] Applying EMA strategy to 8 stocks.
2025-11-12 12:54:50,859 [INFO] Checking trade setups at 2025-11-12 12:54:50
2025-11-12 12:54:50,859 [INFO] Applying EMA strategy to 8 stocks.
2025-11-12 12:55:07,426 [INFO] Checking trade setups at 2025-11-12 12:55:07
2025-11-12 12:55:07,426 [INFO] Applying EMA strategy to 8 stocks.
2025-11-12 12:55:23,824 [INFO] Checking trade setups at 2025-11-12 12:55:23
2025-11-12 12:55:23,826 [INFO] Applying EMA strategy to 8 stocks.
2025-11-12 12:55:39,605 [INFO] Checking trade setups at 2025-11-12 12:55:39
2025-11-12 12:55:39,605 [INFO] Applying EMA strategy to 8 stocks.
2025-11-12 12:55:57,867 [INFO] Checking trade setups at 2025-11-12 12:55:57
2025-11-12 12:55:57,867 [INFO] Applying EMA strategy to 8 stocks.
2025-11-12 12:56:13,792 [INFO] Checking trade setups at 2025-11-12 12:56:13
2025-11-12 12:56:13,792 [INFO] Applying EMA strategy to 8 stocks.
2025-11-12 12:56:30,084 [INFO] Checking trade setups at 2025-11-12 12:56:30
2025-11-12 12:56:30,084 [INFO] Applying EMA strategy to 8 stocks.
2025-11-12 12:56:47,314 [INFO] Checking trade setups at 2025-11-12 12:56:47
2025-11-12 12:56:47,314 [INFO] Applying EMA strategy to 8 stocks.
2025-11-12 12:57:04,656 [INFO] Checking trade setups at 2025-11-12 12:57:04
2025-11-12 12:57:04,656 [INFO] Applying EMA strategy to 8 stocks.
2025-11-12 12:57:21,517 [INFO] Checking trade setups at 2025-11-12 12:57:21
2025-11-12 12:57:21,517 [INFO] Applying EMA strategy to 8 stocks.
2025-11-12 12:57:38,069 [INFO] Checking trade setups at 2025-11-12 12:57:38
2025-11-12 12:57:38,069 [INFO] Applying EMA strategy to 8 stocks.
2025-11-12 12:57:54,556 [INFO] Checking trade setups at 2025-11-12 12:57:54
2025-11-12 12:57:54,556 [INFO] Applying EMA strategy to 8 stocks.
2025-11-12 12:58:15,051 [INFO] Checking trade setups at 2025-11-12 12:58:15
2025-11-12 12:58:15,051 [INFO] Applying EMA strategy to 8 stocks.
2025-11-12 12:58:31,721 [INFO] Checking trade setups at 2025-11-12 12:58:31
2025-11-12 12:58:31,721 [INFO] Applying EMA strategy to 8 stocks.
2025-11-12 12:58:47,925 [INFO] Checking trade setups at 2025-11-12 12:58:47
2025-11-12 12:58:47,925 [INFO] Applying EMA strategy to 8 stocks.
2025-11-12 12:59:03,491 [INFO] Checking trade setups at 2025-11-12 12:59:03
2025-11-12 12:59:03,491 [INFO] Applying EMA strategy to 8 stocks.
2025-11-12 12:59:19,352 [INFO] Checking trade setups at 2025-11-12 12:59:19
2025-11-12 12:59:19,352 [INFO] Applying EMA strategy to 8 stocks.
2025-11-12 12:59:36,240 [INFO] Checking trade setups at 2025-11-12 12:59:36
2025-11-12 12:59:36,240 [INFO] Applying EMA strategy to 8 stocks.
2025-11-12 12:59:54,879 [INFO] Checking trade setups at 2025-11-12 12:59:54
2025-11-12 12:59:54,879 [INFO] Applying EMA strategy to 8 stocks.
2025-11-12 13:00:12,011 [INFO] Checking trade setups at 2025-11-12 13:00:12
2025-11-12 13:00:12,011 [INFO] Applying EMA strategy to 8 stocks.
2025-11-12 13:00:27,763 [INFO] Checking trade setups at 2025-11-12 13:00:27
2025-11-12 13:00:27,763 [INFO] Applying EMA strategy to 8 stocks.
2025-11-12 13:00:44,236 [INFO] Checking trade setups at 2025-11-12 13:00:44
2025-11-12 13:00:44,236 [INFO] Applying EMA strategy to 8 stocks.
2025-11-12 13:01:00,217 [INFO] Checking trade setups at 2025-11-12 13:01:00
2025-11-12 13:01:00,217 [INFO] Applying EMA strategy to 8 stocks.
2025-11-12 13:01:16,703 [INFO] Checking trade setups at 2025-11-12 13:01:16
2025-11-12 13:01:16,704 [INFO] Applying EMA strategy to 8 stocks.
2025-11-12 13:01:33,389 [INFO] Checking trade setups at 2025-11-12 13:01:33
2025-11-12 13:01:33,389 [INFO] Applying EMA strategy to 8 stocks.
2025-11-12 13:01:50,300 [INFO] Checking trade setups at 2025-11-12 13:01:50
2025-11-12 13:01:50,300 [INFO] Applying EMA strategy to 8 stocks.
2025-11-12 13:02:07,599 [INFO] Checking trade setups at 2025-11-12 13:02:07
2025-11-12 13:02:07,601 [INFO] Applying EMA strategy to 8 stocks.
2025-11-12 13:02:23,664 [INFO] Checking trade setups at 2025-11-12 13:02:23
2025-11-12 13:02:23,664 [INFO] Applying EMA strategy to 8 stocks.
2025-11-12 13:02:40,476 [INFO] Checking trade setups at 2025-11-12 13:02:40
2025-11-12 13:02:40,476 [INFO] Applying EMA strategy to 8 stocks.
2025-11-12 13:02:56,238 [INFO] Checking trade setups at 2025-11-12 13:02:56
2025-11-12 13:02:56,238 [INFO] Applying EMA strategy to 8 stocks.
2025-11-12 13:03:14,000 [INFO] Checking trade setups at 2025-11-12 13:03:14
2025-11-12 13:03:14,000 [INFO] Applying EMA strategy to 8 stocks.
2025-11-12 13:03:29,927 [INFO] Checking trade setups at 2025-11-12 13:03:29
2025-11-12 13:03:29,927 [INFO] Applying EMA strategy to 8 stocks.
2025-11-12 13:03:46,104 [INFO] Checking trade setups at 2025-11-12 13:03:46
2025-11-12 13:03:46,104 [INFO] Applying EMA strategy to 8 stocks.
2025-11-12 13:04:04,182 [INFO] Checking trade setups at 2025-11-12 13:04:04
2025-11-12 13:04:04,182 [INFO] Applying EMA strategy to 8 stocks.
2025-11-12 13:04:20,009 [INFO] Checking trade setups at 2025-11-12 13:04:20
2025-11-12 13:04:20,011 [INFO] Applying EMA strategy to 8 stocks.
2025-11-12 13:04:37,520 [INFO] Checking trade setups at 2025-11-12 13:04:37
2025-11-12 13:04:37,520 [INFO] Applying EMA strategy to 8 stocks.
2025-11-12 13:04:54,105 [INFO] Checking trade setups at 2025-11-12 13:04:54
2025-11-12 13:04:54,105 [INFO] Applying EMA strategy to 8 stocks.
2025-11-12 13:05:11,209 [INFO] Checking trade setups at 2025-11-12 13:05:11
2025-11-12 13:05:11,209 [INFO] Applying EMA strategy to 8 stocks.
2025-11-12 13:05:28,418 [INFO] Checking trade setups at 2025-11-12 13:05:28
2025-11-12 13:05:28,418 [INFO] Applying EMA strategy to 8 stocks.
2025-11-12 13:05:44,391 [INFO] Checking trade setups at 2025-11-12 13:05:44
2025-11-12 13:05:44,391 [INFO] Applying EMA strategy to 8 stocks.
2025-11-12 13:06:01,095 [INFO] Checking trade setups at 2025-11-12 13:06:01
2025-11-12 13:06:01,095 [INFO] Applying EMA strategy to 8 stocks.
2025-11-12 13:06:19,874 [INFO] Checking trade setups at 2025-11-12 13:06:19
2025-11-12 13:06:19,874 [INFO] Applying EMA strategy to 8 stocks.
2025-11-12 13:06:37,322 [INFO] Checking trade setups at 2025-11-12 13:06:37
2025-11-12 13:06:37,322 [INFO] Applying EMA strategy to 8 stocks.
2025-11-12 13:06:55,371 [INFO] Checking trade setups at 2025-11-12 13:06:55
2025-11-12 13:06:55,371 [INFO] Applying EMA strategy to 8 stocks.
2025-11-12 13:07:13,203 [INFO] Checking trade setups at 2025-11-12 13:07:13
2025-11-12 13:07:13,203 [INFO] Applying EMA strategy to 8 stocks.
2025-11-12 13:07:29,039 [INFO] Checking trade setups at 2025-11-12 13:07:29
2025-11-12 13:07:29,039 [INFO] Applying EMA strategy to 8 stocks.
2025-11-12 13:07:46,146 [INFO] Checking trade setups at 2025-11-12 13:07:46
2025-11-12 13:07:46,146 [INFO] Applying EMA strategy to 8 stocks.
2025-11-12 13:08:02,128 [INFO] Checking trade setups at 2025-11-12 13:08:02
2025-11-12 13:08:02,128 [INFO] Applying EMA strategy to 8 stocks.
2025-11-12 13:08:19,320 [INFO] Checking trade setups at 2025-11-12 13:08:19
2025-11-12 13:08:19,320 [INFO] Applying EMA strategy to 8 stocks.
2025-11-12 13:08:36,228 [INFO] Checking trade setups at 2025-11-12 13:08:36
2025-11-12 13:08:36,228 [INFO] Applying EMA strategy to 8 stocks.
2025-11-12 13:08:54,085 [INFO] Checking trade setups at 2025-11-12 13:08:54
2025-11-12 13:08:54,085 [INFO] Applying EMA strategy to 8 stocks.
2025-11-12 13:09:10,342 [INFO] Checking trade setups at 2025-11-12 13:09:10
2025-11-12 13:09:10,342 [INFO] Applying EMA strategy to 8 stocks.
2025-11-12 13:09:25,781 [INFO] Checking trade setups at 2025-11-12 13:09:25
2025-11-12 13:09:25,781 [INFO] Applying EMA strategy to 8 stocks.
2025-11-12 13:09:43,096 [INFO] Checking trade setups at 2025-11-12 13:09:43
2025-11-12 13:09:43,096 [INFO] Applying EMA strategy to 8 stocks.
2025-11-12 13:10:00,797 [INFO] Checking trade setups at 2025-11-12 13:10:00
2025-11-12 13:10:00,797 [INFO] Applying EMA strategy to 8 stocks.
2025-11-12 13:10:16,784 [INFO] Checking trade setups at 2025-11-12 13:10:16
2025-11-12 13:10:16,784 [INFO] Applying EMA strategy to 8 stocks.
2025-11-12 13:10:33,577 [INFO] Checking trade setups at 2025-11-12 13:10:33
2025-11-12 13:10:33,577 [INFO] Applying EMA strategy to 8 stocks.
2025-11-12 13:10:50,261 [INFO] Checking trade setups at 2025-11-12 13:10:50
2025-11-12 13:10:50,262 [INFO] Applying EMA strategy to 8 stocks.
2025-11-12 13:11:07,605 [INFO] Checking trade setups at 2025-11-12 13:11:07
2025-11-12 13:11:07,605 [INFO] Applying EMA strategy to 8 stocks.
2025-11-12 13:11:24,470 [INFO] Checking trade setups at 2025-11-12 13:11:24
2025-11-12 13:11:24,470 [INFO] Applying EMA strategy to 8 stocks.
2025-11-12 13:11:43,468 [INFO] Checking trade setups at 2025-11-12 13:11:43
2025-11-12 13:11:43,468 [INFO] Applying EMA strategy to 8 stocks.
2025-11-12 13:11:44,562 [INFO] Executing trade for NSE:MAXHEALTH-EQ: {'timestamp': '2025-11-12 13:10', 'action': 'SELL', 'entry_price': 1097, 'stop_loss': 1098, 'target': 1094}
2025-11-12 13:11:44,562 [INFO] after SL after filtering the final SL:1, final_target:1094, qty:100
2025-11-12 13:11:44,574 [INFO] Max trades reached. Skipping new orders.
2025-11-12 13:12:00,421 [INFO] Checking trade setups at 2025-11-12 13:12:00
2025-11-12 13:12:00,421 [INFO] Applying EMA strategy to 8 stocks.
2025-11-12 13:12:17,207 [INFO] Checking trade setups at 2025-11-12 13:12:17
2025-11-12 13:12:17,207 [INFO] Applying EMA strategy to 8 stocks.
2025-11-12 13:12:32,884 [INFO] Checking trade setups at 2025-11-12 13:12:32
2025-11-12 13:12:32,884 [INFO] Applying EMA strategy to 8 stocks.
2025-11-12 13:12:48,549 [INFO] Checking trade setups at 2025-11-12 13:12:48
2025-11-12 13:12:48,549 [INFO] Applying EMA strategy to 8 stocks.
2025-11-12 13:13:04,644 [INFO] Checking trade setups at 2025-11-12 13:13:04
2025-11-12 13:13:04,644 [INFO] Applying EMA strategy to 8 stocks.
2025-11-12 13:13:22,759 [INFO] Checking trade setups at 2025-11-12 13:13:22
2025-11-12 13:13:22,759 [INFO] Applying EMA strategy to 8 stocks.
2025-11-12 13:13:41,084 [INFO] Checking trade setups at 2025-11-12 13:13:41
2025-11-12 13:13:41,084 [INFO] Applying EMA strategy to 8 stocks.
2025-11-12 13:13:57,479 [INFO] Checking trade setups at 2025-11-12 13:13:57
2025-11-12 13:13:57,479 [INFO] Applying EMA strategy to 8 stocks.
2025-11-12 13:14:14,053 [INFO] Checking trade setups at 2025-11-12 13:14:14
2025-11-12 13:14:14,053 [INFO] Applying EMA strategy to 8 stocks.
2025-11-12 13:14:32,270 [INFO] Checking trade setups at 2025-11-12 13:14:32
2025-11-12 13:14:32,270 [INFO] Applying EMA strategy to 8 stocks.
2025-11-12 13:14:48,152 [INFO] Checking trade setups at 2025-11-12 13:14:48
2025-11-12 13:14:48,152 [INFO] Applying EMA strategy to 8 stocks.
2025-11-12 13:15:04,135 [INFO] Checking trade setups at 2025-11-12 13:15:04
2025-11-12 13:15:04,135 [INFO] Applying EMA strategy to 8 stocks.
2025-11-12 13:15:22,255 [INFO] Checking trade setups at 2025-11-12 13:15:22
2025-11-12 13:15:22,255 [INFO] Applying EMA strategy to 8 stocks.
2025-11-12 13:15:38,334 [INFO] Checking trade setups at 2025-11-12 13:15:38
2025-11-12 13:15:38,334 [INFO] Applying EMA strategy to 8 stocks.
2025-11-12 13:15:54,282 [INFO] Checking trade setups at 2025-11-12 13:15:54
2025-11-12 13:15:54,282 [INFO] Applying EMA strategy to 8 stocks.
2025-11-12 13:16:13,153 [INFO] Checking trade setups at 2025-11-12 13:16:13
2025-11-12 13:16:13,153 [INFO] Applying EMA strategy to 8 stocks.
2025-11-12 13:16:28,891 [INFO] Checking trade setups at 2025-11-12 13:16:28
2025-11-12 13:16:28,891 [INFO] Applying EMA strategy to 8 stocks.
2025-11-12 13:16:46,625 [INFO] Checking trade setups at 2025-11-12 13:16:46
2025-11-12 13:16:46,625 [INFO] Applying EMA strategy to 8 stocks.
2025-11-12 13:17:02,712 [INFO] Checking trade setups at 2025-11-12 13:17:02
2025-11-12 13:17:02,713 [INFO] Applying EMA strategy to 8 stocks.
2025-11-12 13:17:18,777 [INFO] Checking trade setups at 2025-11-12 13:17:18
2025-11-12 13:17:18,777 [INFO] Applying EMA strategy to 8 stocks.
2025-11-12 13:17:35,066 [INFO] Checking trade setups at 2025-11-12 13:17:35
2025-11-12 13:17:35,066 [INFO] Applying EMA strategy to 8 stocks.
2025-11-12 13:17:51,552 [INFO] Checking trade setups at 2025-11-12 13:17:51
2025-11-12 13:17:51,552 [INFO] Applying EMA strategy to 8 stocks.
2025-11-12 13:18:08,139 [INFO] Checking trade setups at 2025-11-12 13:18:08
2025-11-12 13:18:08,139 [INFO] Applying EMA strategy to 8 stocks.
2025-11-12 13:18:24,221 [INFO] Checking trade setups at 2025-11-12 13:18:24
2025-11-12 13:18:24,221 [INFO] Applying EMA strategy to 8 stocks.
2025-11-12 13:18:40,292 [INFO] Checking trade setups at 2025-11-12 13:18:40
2025-11-12 13:18:40,292 [INFO] Applying EMA strategy to 8 stocks.
2025-11-12 13:18:57,713 [INFO] Checking trade setups at 2025-11-12 13:18:57
2025-11-12 13:18:57,713 [INFO] Applying EMA strategy to 8 stocks.
2025-11-12 13:19:15,633 [INFO] Checking trade setups at 2025-11-12 13:19:15
2025-11-12 13:19:15,633 [INFO] Applying EMA strategy to 8 stocks.
2025-11-12 13:19:32,619 [INFO] Checking trade setups at 2025-11-12 13:19:32
2025-11-12 13:19:32,619 [INFO] Applying EMA strategy to 8 stocks.
2025-11-12 13:19:49,635 [INFO] Checking trade setups at 2025-11-12 13:19:49
2025-11-12 13:19:49,635 [INFO] Applying EMA strategy to 8 stocks.
2025-11-12 13:20:05,489 [INFO] Checking trade setups at 2025-11-12 13:20:05
2025-11-12 13:20:05,489 [INFO] Applying EMA strategy to 8 stocks.
2025-11-12 13:20:21,681 [INFO] Checking trade setups at 2025-11-12 13:20:21
2025-11-12 13:20:21,681 [INFO] Applying EMA strategy to 8 stocks.
2025-11-12 13:20:37,555 [INFO] Checking trade setups at 2025-11-12 13:20:37
2025-11-12 13:20:37,555 [INFO] Applying EMA strategy to 8 stocks.
2025-11-12 13:20:53,833 [INFO] Checking trade setups at 2025-11-12 13:20:53
2025-11-12 13:20:53,833 [INFO] Applying EMA strategy to 8 stocks.
2025-11-12 13:21:09,706 [INFO] Checking trade setups at 2025-11-12 13:21:09
2025-11-12 13:21:09,706 [INFO] Applying EMA strategy to 8 stocks.
2025-11-12 13:21:26,009 [INFO] Checking trade setups at 2025-11-12 13:21:26
2025-11-12 13:21:26,009 [INFO] Applying EMA strategy to 8 stocks.
2025-11-12 13:21:41,862 [INFO] Checking trade setups at 2025-11-12 13:21:41
2025-11-12 13:21:41,862 [INFO] Applying EMA strategy to 8 stocks.
2025-11-12 13:21:57,796 [INFO] Checking trade setups at 2025-11-12 13:21:57
2025-11-12 13:21:57,796 [INFO] Applying EMA strategy to 8 stocks.
2025-11-12 13:22:13,435 [INFO] Checking trade setups at 2025-11-12 13:22:13
2025-11-12 13:22:13,435 [INFO] Applying EMA strategy to 8 stocks.
2025-11-12 13:22:30,112 [INFO] Checking trade setups at 2025-11-12 13:22:30
2025-11-12 13:22:30,112 [INFO] Applying EMA strategy to 8 stocks.
2025-11-12 13:22:47,507 [INFO] Checking trade setups at 2025-11-12 13:22:47
2025-11-12 13:22:47,508 [INFO] Applying EMA strategy to 8 stocks.
2025-11-12 13:23:03,474 [INFO] Checking trade setups at 2025-11-12 13:23:03
2025-11-12 13:23:03,477 [INFO] Applying EMA strategy to 8 stocks.
2025-11-12 13:23:20,699 [INFO] Checking trade setups at 2025-11-12 13:23:20
2025-11-12 13:23:20,699 [INFO] Applying EMA strategy to 8 stocks.
2025-11-12 13:23:37,888 [INFO] Checking trade setups at 2025-11-12 13:23:37
2025-11-12 13:23:37,888 [INFO] Applying EMA strategy to 8 stocks.
2025-11-12 13:23:54,672 [INFO] Checking trade setups at 2025-11-12 13:23:54
2025-11-12 13:23:54,672 [INFO] Applying EMA strategy to 8 stocks.
2025-11-12 13:24:15,360 [INFO] Checking trade setups at 2025-11-12 13:24:15
2025-11-12 13:24:15,360 [INFO] Applying EMA strategy to 8 stocks.
2025-11-12 13:24:31,740 [INFO] Checking trade setups at 2025-11-12 13:24:31
2025-11-12 13:24:31,740 [INFO] Applying EMA strategy to 8 stocks.
2025-11-12 13:24:48,028 [INFO] Checking trade setups at 2025-11-12 13:24:48
2025-11-12 13:24:48,028 [INFO] Applying EMA strategy to 8 stocks.
2025-11-12 13:25:05,022 [INFO] Checking trade setups at 2025-11-12 13:25:05
2025-11-12 13:25:05,022 [INFO] Applying EMA strategy to 8 stocks.
2025-11-12 13:25:21,003 [INFO] Checking trade setups at 2025-11-12 13:25:21
2025-11-12 13:25:21,003 [INFO] Applying EMA strategy to 8 stocks.
2025-11-12 13:25:37,195 [INFO] Checking trade setups at 2025-11-12 13:25:37
2025-11-12 13:25:37,195 [INFO] Applying EMA strategy to 8 stocks.
2025-11-12 13:25:42,334 [INFO] Executing trade for NSE:IFCI-EQ: {'timestamp': '2025-11-12 13:25', 'action': 'SELL', 'entry_price': 55.91, 'stop_loss': 55.98, 'target': 55.699999999999996}
2025-11-12 13:25:42,337 [INFO] after SL after filtering the final SL:0.51, final_target:54.38, qty:196
2025-11-12 13:25:42,352 [INFO] NSE:IFCI-EQ already traded today. Skipping.
2025-11-12 13:25:54,595 [INFO] Checking trade setups at 2025-11-12 13:25:54
2025-11-12 13:25:54,595 [INFO] Applying EMA strategy to 8 stocks.
2025-11-12 13:26:12,095 [INFO] Checking trade setups at 2025-11-12 13:26:12
2025-11-12 13:26:12,095 [INFO] Applying EMA strategy to 8 stocks.
2025-11-12 13:26:28,393 [INFO] Checking trade setups at 2025-11-12 13:26:28
2025-11-12 13:26:28,393 [INFO] Applying EMA strategy to 8 stocks.
2025-11-12 13:26:44,263 [INFO] Checking trade setups at 2025-11-12 13:26:44
2025-11-12 13:26:44,263 [INFO] Applying EMA strategy to 8 stocks.
2025-11-12 13:27:01,072 [INFO] Checking trade setups at 2025-11-12 13:27:01
2025-11-12 13:27:01,072 [INFO] Applying EMA strategy to 8 stocks.
2025-11-12 13:27:18,050 [INFO] Checking trade setups at 2025-11-12 13:27:18
2025-11-12 13:27:18,050 [INFO] Applying EMA strategy to 8 stocks.
2025-11-12 13:27:35,691 [INFO] Checking trade setups at 2025-11-12 13:27:35
2025-11-12 13:27:35,691 [INFO] Applying EMA strategy to 8 stocks.
2025-11-12 13:27:51,336 [INFO] Checking trade setups at 2025-11-12 13:27:51
2025-11-12 13:27:51,336 [INFO] Applying EMA strategy to 8 stocks.
2025-11-12 13:28:07,204 [INFO] Checking trade setups at 2025-11-12 13:28:07
2025-11-12 13:28:07,204 [INFO] Applying EMA strategy to 8 stocks.
2025-11-12 13:28:24,823 [INFO] Checking trade setups at 2025-11-12 13:28:24
2025-11-12 13:28:24,823 [INFO] Applying EMA strategy to 8 stocks.
2025-11-12 13:28:40,784 [INFO] Checking trade setups at 2025-11-12 13:28:40
2025-11-12 13:28:40,784 [INFO] Applying EMA strategy to 8 stocks.
2025-11-12 13:28:58,411 [INFO] Checking trade setups at 2025-11-12 13:28:58
2025-11-12 13:28:58,411 [INFO] Applying EMA strategy to 8 stocks.
2025-11-12 13:29:13,773 [INFO] Checking trade setups at 2025-11-12 13:29:13
2025-11-12 13:29:13,773 [INFO] Applying EMA strategy to 8 stocks.
2025-11-12 13:29:31,278 [INFO] Checking trade setups at 2025-11-12 13:29:31
2025-11-12 13:29:31,278 [INFO] Applying EMA strategy to 8 stocks.
2025-11-12 13:29:47,255 [INFO] Checking trade setups at 2025-11-12 13:29:47
2025-11-12 13:29:47,255 [INFO] Applying EMA strategy to 8 stocks.
2025-11-12 13:30:03,480 [INFO] Checking trade setups at 2025-11-12 13:30:03
2025-11-12 13:30:03,480 [INFO] Applying EMA strategy to 8 stocks.
2025-11-12 13:30:21,559 [INFO] Checking trade setups at 2025-11-12 13:30:21
2025-11-12 13:30:21,559 [INFO] Applying EMA strategy to 8 stocks.
2025-11-12 13:30:38,659 [INFO] Checking trade setups at 2025-11-12 13:30:38
2025-11-12 13:30:38,659 [INFO] Applying EMA strategy to 8 stocks.
2025-11-12 13:30:54,632 [INFO] Checking trade setups at 2025-11-12 13:30:54
2025-11-12 13:30:54,632 [INFO] Applying EMA strategy to 8 stocks.
2025-11-12 13:31:11,537 [INFO] Checking trade setups at 2025-11-12 13:31:11
2025-11-12 13:31:11,537 [INFO] Applying EMA strategy to 8 stocks.
2025-11-12 13:31:26,886 [INFO] Checking trade setups at 2025-11-12 13:31:26
2025-11-12 13:31:26,886 [INFO] Applying EMA strategy to 8 stocks.
2025-11-12 13:31:42,772 [INFO] Checking trade setups at 2025-11-12 13:31:42
2025-11-12 13:31:42,772 [INFO] Applying EMA strategy to 8 stocks.
2025-11-12 13:31:58,343 [INFO] Checking trade setups at 2025-11-12 13:31:58
2025-11-12 13:31:58,343 [INFO] Applying EMA strategy to 8 stocks.
2025-11-12 13:32:14,618 [INFO] Checking trade setups at 2025-11-12 13:32:14
2025-11-12 13:32:14,618 [INFO] Applying EMA strategy to 8 stocks.
2025-11-12 13:32:30,902 [INFO] Checking trade setups at 2025-11-12 13:32:30
2025-11-12 13:32:30,902 [INFO] Applying EMA strategy to 8 stocks.
2025-11-12 13:32:48,316 [INFO] Checking trade setups at 2025-11-12 13:32:48
2025-11-12 13:32:48,316 [INFO] Applying EMA strategy to 8 stocks.
2025-11-12 13:33:03,775 [INFO] Checking trade setups at 2025-11-12 13:33:03
2025-11-12 13:33:03,775 [INFO] Applying EMA strategy to 8 stocks.
2025-11-12 13:33:20,659 [INFO] Checking trade setups at 2025-11-12 13:33:20
2025-11-12 13:33:20,660 [INFO] Applying EMA strategy to 8 stocks.
2025-11-12 13:33:36,952 [INFO] Checking trade setups at 2025-11-12 13:33:36
2025-11-12 13:33:36,952 [INFO] Applying EMA strategy to 8 stocks.
2025-11-12 13:33:53,227 [INFO] Checking trade setups at 2025-11-12 13:33:53
2025-11-12 13:33:53,227 [INFO] Applying EMA strategy to 8 stocks.
2025-11-12 13:34:12,801 [INFO] Checking trade setups at 2025-11-12 13:34:12
2025-11-12 13:34:12,801 [INFO] Applying EMA strategy to 8 stocks.
2025-11-12 13:34:28,552 [INFO] Checking trade setups at 2025-11-12 13:34:28
2025-11-12 13:34:28,552 [INFO] Applying EMA strategy to 8 stocks.
2025-11-12 13:34:45,781 [INFO] Checking trade setups at 2025-11-12 13:34:45
2025-11-12 13:34:45,781 [INFO] Applying EMA strategy to 8 stocks.
2025-11-12 13:35:02,264 [INFO] Checking trade setups at 2025-11-12 13:35:02
2025-11-12 13:35:02,264 [INFO] Applying EMA strategy to 8 stocks.
2025-11-12 13:35:18,730 [INFO] Checking trade setups at 2025-11-12 13:35:18
2025-11-12 13:35:18,730 [INFO] Applying EMA strategy to 8 stocks.
2025-11-12 13:35:35,120 [INFO] Checking trade setups at 2025-11-12 13:35:35
2025-11-12 13:35:35,120 [INFO] Applying EMA strategy to 8 stocks.
2025-11-12 13:35:53,446 [INFO] Checking trade setups at 2025-11-12 13:35:53
2025-11-12 13:35:53,447 [INFO] Applying EMA strategy to 8 stocks.
2025-11-12 13:36:09,532 [INFO] Checking trade setups at 2025-11-12 13:36:09
2025-11-12 13:36:09,532 [INFO] Applying EMA strategy to 8 stocks.
2025-11-12 13:36:25,101 [INFO] Checking trade setups at 2025-11-12 13:36:25
2025-11-12 13:36:25,103 [INFO] Applying EMA strategy to 8 stocks.
2025-11-12 13:36:42,118 [INFO] Checking trade setups at 2025-11-12 13:36:42
2025-11-12 13:36:42,118 [INFO] Applying EMA strategy to 8 stocks.
2025-11-12 13:36:58,383 [INFO] Checking trade setups at 2025-11-12 13:36:58
2025-11-12 13:36:58,383 [INFO] Applying EMA strategy to 8 stocks.
2025-11-12 13:37:14,957 [INFO] Checking trade setups at 2025-11-12 13:37:14
2025-11-12 13:37:14,957 [INFO] Applying EMA strategy to 8 stocks.
2025-11-12 13:37:31,045 [INFO] Checking trade setups at 2025-11-12 13:37:31
2025-11-12 13:37:31,045 [INFO] Applying EMA strategy to 8 stocks.
2025-11-12 13:37:47,844 [INFO] Checking trade setups at 2025-11-12 13:37:47
2025-11-12 13:37:47,844 [INFO] Applying EMA strategy to 8 stocks.
2025-11-12 13:38:05,011 [INFO] Checking trade setups at 2025-11-12 13:38:05
2025-11-12 13:38:05,011 [INFO] Applying EMA strategy to 8 stocks.
2025-11-12 13:38:23,370 [INFO] Checking trade setups at 2025-11-12 13:38:23
2025-11-12 13:38:23,370 [INFO] Applying EMA strategy to 8 stocks.
2025-11-12 13:38:40,262 [INFO] Checking trade setups at 2025-11-12 13:38:40
2025-11-12 13:38:40,262 [INFO] Applying EMA strategy to 8 stocks.
2025-11-12 13:38:56,251 [INFO] Checking trade setups at 2025-11-12 13:38:56
2025-11-12 13:38:56,251 [INFO] Applying EMA strategy to 8 stocks.
2025-11-12 13:39:13,153 [INFO] Checking trade setups at 2025-11-12 13:39:13
2025-11-12 13:39:13,153 [INFO] Applying EMA strategy to 8 stocks.
2025-11-12 13:39:30,035 [INFO] Checking trade setups at 2025-11-12 13:39:30
2025-11-12 13:39:30,035 [INFO] Applying EMA strategy to 8 stocks.
2025-11-12 13:39:46,637 [INFO] Checking trade setups at 2025-11-12 13:39:46
2025-11-12 13:39:46,638 [INFO] Applying EMA strategy to 8 stocks.
2025-11-12 13:39:49,015 [INFO] Executing trade for NSE:BAJAJHLDNG-EQ: {'timestamp': '2025-11-12 13:35', 'action': 'SELL', 'entry_price': 11999, 'stop_loss': 12005, 'target': 11981}
2025-11-12 13:39:49,017 [INFO] after SL after filtering the final SL:6, final_target:11981, qty:16
2025-11-12 13:39:49,038 [INFO] Max trades reached. Skipping new orders.
2025-11-12 13:40:02,493 [INFO] Checking trade setups at 2025-11-12 13:40:02
2025-11-12 13:40:02,493 [INFO] Applying EMA strategy to 8 stocks.
2025-11-12 13:40:19,912 [INFO] Checking trade setups at 2025-11-12 13:40:19
2025-11-12 13:40:19,912 [INFO] Applying EMA strategy to 8 stocks.
2025-11-12 13:40:36,178 [INFO] Checking trade setups at 2025-11-12 13:40:36
2025-11-12 13:40:36,178 [INFO] Applying EMA strategy to 8 stocks.
2025-11-12 13:40:52,812 [INFO] Checking trade setups at 2025-11-12 13:40:52
2025-11-12 13:40:52,812 [INFO] Applying EMA strategy to 8 stocks.
2025-11-12 13:40:53,498 [INFO] Executing trade for NSE:MAXHEALTH-EQ: {'timestamp': '2025-11-12 13:40', 'action': 'SELL', 'entry_price': 1102, 'stop_loss': 1103.5, 'target': 1097.5}
2025-11-12 13:40:53,498 [INFO] after SL after filtering the final SL:1.5, final_target:1097.5, qty:66
2025-11-12 13:40:53,507 [INFO] Max trades reached. Skipping new orders.
2025-11-12 13:41:10,378 [INFO] Checking trade setups at 2025-11-12 13:41:10
2025-11-12 13:41:10,378 [INFO] Applying EMA strategy to 8 stocks.
2025-11-12 13:41:27,085 [INFO] Checking trade setups at 2025-11-12 13:41:27
2025-11-12 13:41:27,085 [INFO] Applying EMA strategy to 8 stocks.
2025-11-12 13:41:46,137 [INFO] Checking trade setups at 2025-11-12 13:41:46
2025-11-12 13:41:46,137 [INFO] Applying EMA strategy to 8 stocks.
2025-11-12 13:42:08,956 [INFO] Checking trade setups at 2025-11-12 13:42:08
2025-11-12 13:42:08,956 [INFO] Applying EMA strategy to 8 stocks.
2025-11-12 13:42:25,345 [INFO] Checking trade setups at 2025-11-12 13:42:25
2025-11-12 13:42:25,345 [INFO] Applying EMA strategy to 8 stocks.
2025-11-12 13:42:43,460 [INFO] Checking trade setups at 2025-11-12 13:42:43
2025-11-12 13:42:43,460 [INFO] Applying EMA strategy to 8 stocks.
2025-11-12 13:43:00,153 [INFO] Checking trade setups at 2025-11-12 13:43:00
2025-11-12 13:43:00,153 [INFO] Applying EMA strategy to 8 stocks.
2025-11-12 13:43:18,587 [INFO] Checking trade setups at 2025-11-12 13:43:18
2025-11-12 13:43:18,587 [INFO] Applying EMA strategy to 8 stocks.
2025-11-12 13:43:33,851 [INFO] Checking trade setups at 2025-11-12 13:43:33
2025-11-12 13:43:33,851 [INFO] Applying EMA strategy to 8 stocks.
2025-11-12 13:43:50,134 [INFO] Checking trade setups at 2025-11-12 13:43:50
2025-11-12 13:43:50,134 [INFO] Applying EMA strategy to 8 stocks.
2025-11-12 13:44:07,271 [INFO] Checking trade setups at 2025-11-12 13:44:07
2025-11-12 13:44:07,271 [INFO] Applying EMA strategy to 8 stocks.
2025-11-12 13:44:23,516 [INFO] Checking trade setups at 2025-11-12 13:44:23
2025-11-12 13:44:23,516 [INFO] Applying EMA strategy to 8 stocks.
2025-11-12 13:44:40,010 [INFO] Checking trade setups at 2025-11-12 13:44:40
2025-11-12 13:44:40,010 [INFO] Applying EMA strategy to 8 stocks.
2025-11-12 13:44:55,543 [INFO] Checking trade setups at 2025-11-12 13:44:55
2025-11-12 13:44:55,543 [INFO] Applying EMA strategy to 8 stocks.
2025-11-12 13:45:13,406 [INFO] Checking trade setups at 2025-11-12 13:45:13
2025-11-12 13:45:13,407 [INFO] Applying EMA strategy to 8 stocks.
2025-11-12 13:45:28,753 [INFO] Checking trade setups at 2025-11-12 13:45:28
2025-11-12 13:45:28,753 [INFO] Applying EMA strategy to 8 stocks.
2025-11-12 13:45:45,850 [INFO] Checking trade setups at 2025-11-12 13:45:45
2025-11-12 13:45:45,850 [INFO] Applying EMA strategy to 8 stocks.
2025-11-12 13:46:02,147 [INFO] Checking trade setups at 2025-11-12 13:46:02
2025-11-12 13:46:02,147 [INFO] Applying EMA strategy to 8 stocks.
2025-11-12 13:46:18,524 [INFO] Checking trade setups at 2025-11-12 13:46:18
2025-11-12 13:46:18,524 [INFO] Applying EMA strategy to 8 stocks.
2025-11-12 13:46:35,526 [INFO] Checking trade setups at 2025-11-12 13:46:35
2025-11-12 13:46:35,526 [INFO] Applying EMA strategy to 8 stocks.
2025-11-12 13:46:52,496 [INFO] Checking trade setups at 2025-11-12 13:46:52
2025-11-12 13:46:52,496 [INFO] Applying EMA strategy to 8 stocks.
2025-11-12 13:47:09,737 [INFO] Checking trade setups at 2025-11-12 13:47:09
2025-11-12 13:47:09,737 [INFO] Applying EMA strategy to 8 stocks.
2025-11-12 13:47:27,256 [INFO] Checking trade setups at 2025-11-12 13:47:27
2025-11-12 13:47:27,256 [INFO] Applying EMA strategy to 8 stocks.
2025-11-12 13:47:44,487 [INFO] Checking trade setups at 2025-11-12 13:47:44
2025-11-12 13:47:44,489 [INFO] Applying EMA strategy to 8 stocks.
2025-11-12 13:48:00,611 [INFO] Checking trade setups at 2025-11-12 13:48:00
2025-11-12 13:48:00,611 [INFO] Applying EMA strategy to 8 stocks.
2025-11-12 13:48:17,516 [INFO] Checking trade setups at 2025-11-12 13:48:17
2025-11-12 13:48:17,516 [INFO] Applying EMA strategy to 8 stocks.
2025-11-12 13:48:34,711 [INFO] Checking trade setups at 2025-11-12 13:48:34
2025-11-12 13:48:34,711 [INFO] Applying EMA strategy to 8 stocks.
2025-11-12 13:48:50,690 [INFO] Checking trade setups at 2025-11-12 13:48:50
2025-11-12 13:48:50,690 [INFO] Applying EMA strategy to 8 stocks.
2025-11-12 13:49:06,352 [INFO] Checking trade setups at 2025-11-12 13:49:06
2025-11-12 13:49:06,352 [INFO] Applying EMA strategy to 8 stocks.
2025-11-12 13:49:22,026 [INFO] Checking trade setups at 2025-11-12 13:49:22
2025-11-12 13:49:22,026 [INFO] Applying EMA strategy to 8 stocks.
2025-11-12 13:49:39,843 [INFO] Checking trade setups at 2025-11-12 13:49:39
2025-11-12 13:49:39,843 [INFO] Applying EMA strategy to 8 stocks.
2025-11-12 13:49:55,718 [INFO] Checking trade setups at 2025-11-12 13:49:55
2025-11-12 13:49:55,718 [INFO] Applying EMA strategy to 8 stocks.
2025-11-12 13:50:12,411 [INFO] Checking trade setups at 2025-11-12 13:50:12
2025-11-12 13:50:12,411 [INFO] Applying EMA strategy to 8 stocks.
2025-11-12 13:50:28,174 [INFO] Checking trade setups at 2025-11-12 13:50:28
2025-11-12 13:50:28,174 [INFO] Applying EMA strategy to 8 stocks.
2025-11-12 13:50:45,384 [INFO] Checking trade setups at 2025-11-12 13:50:45
2025-11-12 13:50:45,384 [INFO] Applying EMA strategy to 8 stocks.
2025-11-12 13:51:01,569 [INFO] Checking trade setups at 2025-11-12 13:51:01
2025-11-12 13:51:01,569 [INFO] Applying EMA strategy to 8 stocks.
2025-11-12 13:51:19,784 [INFO] Checking trade setups at 2025-11-12 13:51:19
2025-11-12 13:51:19,784 [INFO] Applying EMA strategy to 8 stocks.
2025-11-12 13:51:35,514 [INFO] Checking trade setups at 2025-11-12 13:51:35
2025-11-12 13:51:35,514 [INFO] Applying EMA strategy to 8 stocks.
2025-11-12 13:51:52,452 [INFO] Checking trade setups at 2025-11-12 13:51:52
2025-11-12 13:51:52,452 [INFO] Applying EMA strategy to 8 stocks.
2025-11-12 13:52:09,591 [INFO] Checking trade setups at 2025-11-12 13:52:09
2025-11-12 13:52:09,591 [INFO] Applying EMA strategy to 8 stocks.
2025-11-12 13:52:26,039 [INFO] Checking trade setups at 2025-11-12 13:52:26
2025-11-12 13:52:26,039 [INFO] Applying EMA strategy to 8 stocks.
2025-11-12 13:52:42,225 [INFO] Checking trade setups at 2025-11-12 13:52:42
2025-11-12 13:52:42,225 [INFO] Applying EMA strategy to 8 stocks.
2025-11-12 13:52:58,097 [INFO] Checking trade setups at 2025-11-12 13:52:58
2025-11-12 13:52:58,097 [INFO] Applying EMA strategy to 8 stocks.
2025-11-12 13:53:15,306 [INFO] Checking trade setups at 2025-11-12 13:53:15
2025-11-12 13:53:15,306 [INFO] Applying EMA strategy to 8 stocks.
2025-11-12 13:53:31,809 [INFO] Checking trade setups at 2025-11-12 13:53:31
2025-11-12 13:53:31,809 [INFO] Applying EMA strategy to 8 stocks.
2025-11-12 13:53:47,464 [INFO] Checking trade setups at 2025-11-12 13:53:47
2025-11-12 13:53:47,464 [INFO] Applying EMA strategy to 8 stocks.
2025-11-12 13:54:03,842 [INFO] Checking trade setups at 2025-11-12 13:54:03
2025-11-12 13:54:03,842 [INFO] Applying EMA strategy to 8 stocks.
2025-11-12 13:54:19,401 [INFO] Checking trade setups at 2025-11-12 13:54:19
2025-11-12 13:54:19,401 [INFO] Applying EMA strategy to 8 stocks.
2025-11-12 13:54:41,639 [INFO] Checking trade setups at 2025-11-12 13:54:41
2025-11-12 13:54:41,639 [INFO] Applying EMA strategy to 8 stocks.
2025-11-12 13:54:59,044 [INFO] Checking trade setups at 2025-11-12 13:54:59
2025-11-12 13:54:59,044 [INFO] Applying EMA strategy to 8 stocks.
2025-11-12 13:55:14,594 [INFO] Checking trade setups at 2025-11-12 13:55:14
2025-11-12 13:55:14,594 [INFO] Applying EMA strategy to 8 stocks.
2025-11-12 13:55:33,480 [INFO] Checking trade setups at 2025-11-12 13:55:33
2025-11-12 13:55:33,480 [INFO] Applying EMA strategy to 8 stocks.
2025-11-12 13:55:49,453 [INFO] Checking trade setups at 2025-11-12 13:55:49
2025-11-12 13:55:49,453 [INFO] Applying EMA strategy to 8 stocks.
2025-11-12 13:56:06,821 [INFO] Checking trade setups at 2025-11-12 13:56:06
2025-11-12 13:56:06,821 [INFO] Applying EMA strategy to 8 stocks.
2025-11-12 13:56:23,112 [INFO] Checking trade setups at 2025-11-12 13:56:23
2025-11-12 13:56:23,112 [INFO] Applying EMA strategy to 8 stocks.
2025-11-12 13:56:25,225 [INFO] Executing trade for NSE:BAJAJHLDNG-EQ: {'timestamp': '2025-11-12 13:55', 'action': 'SELL', 'entry_price': 11999, 'stop_loss': 12010, 'target': 11966}
2025-11-12 13:56:25,225 [INFO] after SL after filtering the final SL:11, final_target:11966, qty:9
2025-11-12 13:56:25,243 [INFO] Max trades reached. Skipping new orders.
2025-11-12 13:56:39,394 [INFO] Checking trade setups at 2025-11-12 13:56:39
2025-11-12 13:56:39,394 [INFO] Applying EMA strategy to 8 stocks.
2025-11-12 13:56:55,164 [INFO] Checking trade setups at 2025-11-12 13:56:55
2025-11-12 13:56:55,164 [INFO] Applying EMA strategy to 8 stocks.
2025-11-12 13:57:11,135 [INFO] Checking trade setups at 2025-11-12 13:57:11
2025-11-12 13:57:11,135 [INFO] Applying EMA strategy to 8 stocks.
2025-11-12 13:57:27,828 [INFO] Checking trade setups at 2025-11-12 13:57:27
2025-11-12 13:57:27,828 [INFO] Applying EMA strategy to 8 stocks.
2025-11-12 13:57:44,523 [INFO] Checking trade setups at 2025-11-12 13:57:44
2025-11-12 13:57:44,523 [INFO] Applying EMA strategy to 8 stocks.
2025-11-12 13:58:00,616 [INFO] Checking trade setups at 2025-11-12 13:58:00
2025-11-12 13:58:00,616 [INFO] Applying EMA strategy to 8 stocks.
2025-11-12 13:58:16,777 [INFO] Checking trade setups at 2025-11-12 13:58:16
2025-11-12 13:58:16,777 [INFO] Applying EMA strategy to 8 stocks.
2025-11-12 13:58:34,351 [INFO] Checking trade setups at 2025-11-12 13:58:34
2025-11-12 13:58:34,351 [INFO] Applying EMA strategy to 8 stocks.
2025-11-12 13:58:50,568 [INFO] Checking trade setups at 2025-11-12 13:58:50
2025-11-12 13:58:50,568 [INFO] Applying EMA strategy to 8 stocks.
2025-11-12 13:59:06,644 [INFO] Checking trade setups at 2025-11-12 13:59:06
2025-11-12 13:59:06,644 [INFO] Applying EMA strategy to 8 stocks.
2025-11-12 13:59:24,151 [INFO] Checking trade setups at 2025-11-12 13:59:24
2025-11-12 13:59:24,151 [INFO] Applying EMA strategy to 8 stocks.
2025-11-12 13:59:40,137 [INFO] Checking trade setups at 2025-11-12 13:59:40
2025-11-12 13:59:40,137 [INFO] Applying EMA strategy to 8 stocks.
2025-11-12 14:00:00,508 [INFO] Checking trade setups at 2025-11-12 14:00:00
2025-11-12 14:00:00,508 [INFO] Applying EMA strategy to 8 stocks.
2025-11-12 14:00:16,381 [INFO] Checking trade setups at 2025-11-12 14:00:16
2025-11-12 14:00:16,381 [INFO] Applying EMA strategy to 8 stocks.
2025-11-12 14:00:33,334 [INFO] Checking trade setups at 2025-11-12 14:00:33
2025-11-12 14:00:33,334 [INFO] Applying EMA strategy to 8 stocks.
2025-11-12 14:00:50,177 [INFO] Checking trade setups at 2025-11-12 14:00:50
2025-11-12 14:00:50,177 [INFO] Applying EMA strategy to 8 stocks.
2025-11-12 14:01:08,506 [INFO] Checking trade setups at 2025-11-12 14:01:08
2025-11-12 14:01:08,506 [INFO] Applying EMA strategy to 8 stocks.
2025-11-12 14:01:24,479 [INFO] Checking trade setups at 2025-11-12 14:01:24
2025-11-12 14:01:24,479 [INFO] Applying EMA strategy to 8 stocks.
2025-11-12 14:01:41,583 [INFO] Checking trade setups at 2025-11-12 14:01:41
2025-11-12 14:01:41,583 [INFO] Applying EMA strategy to 8 stocks.
2025-11-12 14:01:59,285 [INFO] Checking trade setups at 2025-11-12 14:01:59
2025-11-12 14:01:59,285 [INFO] Applying EMA strategy to 8 stocks.
2025-11-12 14:02:17,017 [INFO] Checking trade setups at 2025-11-12 14:02:17
2025-11-12 14:02:17,017 [INFO] Applying EMA strategy to 8 stocks.
2025-11-12 14:02:33,517 [INFO] Checking trade setups at 2025-11-12 14:02:33
2025-11-12 14:02:33,517 [INFO] Applying EMA strategy to 8 stocks.
2025-11-12 14:02:49,695 [INFO] Checking trade setups at 2025-11-12 14:02:49
2025-11-12 14:02:49,695 [INFO] Applying EMA strategy to 8 stocks.
2025-11-12 14:03:05,141 [INFO] Checking trade setups at 2025-11-12 14:03:05
2025-11-12 14:03:05,141 [INFO] Applying EMA strategy to 8 stocks.
2025-11-12 14:03:20,613 [INFO] Checking trade setups at 2025-11-12 14:03:20
2025-11-12 14:03:20,613 [INFO] Applying EMA strategy to 8 stocks.
2025-11-12 14:03:36,576 [INFO] Checking trade setups at 2025-11-12 14:03:36
2025-11-12 14:03:36,576 [INFO] Applying EMA strategy to 8 stocks.
2025-11-12 14:03:52,146 [INFO] Checking trade setups at 2025-11-12 14:03:52
2025-11-12 14:03:52,148 [INFO] Applying EMA strategy to 8 stocks.
2025-11-12 14:04:08,341 [INFO] Checking trade setups at 2025-11-12 14:04:08
2025-11-12 14:04:08,341 [INFO] Applying EMA strategy to 8 stocks.
2025-11-12 14:04:24,105 [INFO] Checking trade setups at 2025-11-12 14:04:24
2025-11-12 14:04:24,105 [INFO] Applying EMA strategy to 8 stocks.
2025-11-12 14:04:41,506 [INFO] Checking trade setups at 2025-11-12 14:04:41
2025-11-12 14:04:41,506 [INFO] Applying EMA strategy to 8 stocks.
2025-11-12 14:04:58,500 [INFO] Checking trade setups at 2025-11-12 14:04:58
2025-11-12 14:04:58,500 [INFO] Applying EMA strategy to 8 stocks.
2025-11-12 14:05:14,796 [INFO] Checking trade setups at 2025-11-12 14:05:14
2025-11-12 14:05:14,796 [INFO] Applying EMA strategy to 8 stocks.
2025-11-12 14:05:31,488 [INFO] Checking trade setups at 2025-11-12 14:05:31
2025-11-12 14:05:31,488 [INFO] Applying EMA strategy to 8 stocks.
2025-11-12 14:05:48,705 [INFO] Checking trade setups at 2025-11-12 14:05:48
2025-11-12 14:05:48,705 [INFO] Applying EMA strategy to 8 stocks.
2025-11-12 14:06:06,200 [INFO] Checking trade setups at 2025-11-12 14:06:06
2025-11-12 14:06:06,200 [INFO] Applying EMA strategy to 8 stocks.
2025-11-12 14:06:21,862 [INFO] Checking trade setups at 2025-11-12 14:06:21
2025-11-12 14:06:21,862 [INFO] Applying EMA strategy to 8 stocks.
2025-11-12 14:06:39,272 [INFO] Checking trade setups at 2025-11-12 14:06:39
2025-11-12 14:06:39,272 [INFO] Applying EMA strategy to 8 stocks.
2025-11-12 14:06:56,073 [INFO] Checking trade setups at 2025-11-12 14:06:56
2025-11-12 14:06:56,073 [INFO] Applying EMA strategy to 8 stocks.
2025-11-12 14:07:13,810 [INFO] Checking trade setups at 2025-11-12 14:07:13
2025-11-12 14:07:13,810 [INFO] Applying EMA strategy to 8 stocks.
2025-11-12 14:07:29,869 [INFO] Checking trade setups at 2025-11-12 14:07:29
2025-11-12 14:07:29,869 [INFO] Applying EMA strategy to 8 stocks.
2025-11-12 14:07:50,851 [INFO] Checking trade setups at 2025-11-12 14:07:50
2025-11-12 14:07:50,851 [INFO] Applying EMA strategy to 8 stocks.
2025-11-12 14:08:08,358 [INFO] Checking trade setups at 2025-11-12 14:08:08
2025-11-12 14:08:08,358 [INFO] Applying EMA strategy to 8 stocks.
2025-11-12 14:08:27,119 [INFO] Checking trade setups at 2025-11-12 14:08:27
2025-11-12 14:08:27,119 [INFO] Applying EMA strategy to 8 stocks.
2025-11-12 14:08:43,288 [INFO] Checking trade setups at 2025-11-12 14:08:43
2025-11-12 14:08:43,288 [INFO] Applying EMA strategy to 8 stocks.
2025-11-12 14:09:01,303 [INFO] Checking trade setups at 2025-11-12 14:09:01
2025-11-12 14:09:01,303 [INFO] Applying EMA strategy to 8 stocks.
2025-11-12 14:09:17,286 [INFO] Checking trade setups at 2025-11-12 14:09:17
2025-11-12 14:09:17,286 [INFO] Applying EMA strategy to 8 stocks.
2025-11-12 14:09:34,501 [INFO] Checking trade setups at 2025-11-12 14:09:34
2025-11-12 14:09:34,501 [INFO] Applying EMA strategy to 8 stocks.
2025-11-12 14:09:51,989 [INFO] Checking trade setups at 2025-11-12 14:09:51
2025-11-12 14:09:51,992 [INFO] Applying EMA strategy to 8 stocks.
2025-11-12 14:10:09,612 [INFO] Checking trade setups at 2025-11-12 14:10:09
2025-11-12 14:10:09,612 [INFO] Applying EMA strategy to 8 stocks.
2025-11-12 14:10:28,146 [INFO] Checking trade setups at 2025-11-12 14:10:28
2025-11-12 14:10:28,146 [INFO] Applying EMA strategy to 8 stocks.
2025-11-12 14:10:43,152 [INFO] Checking trade setups at 2025-11-12 14:10:43
2025-11-12 14:10:43,152 [INFO] Applying EMA strategy to 8 stocks.
2025-11-12 14:11:00,204 [INFO] Checking trade setups at 2025-11-12 14:11:00
2025-11-12 14:11:00,204 [INFO] Applying EMA strategy to 8 stocks.
2025-11-12 14:11:16,823 [INFO] Checking trade setups at 2025-11-12 14:11:16
2025-11-12 14:11:16,823 [INFO] Applying EMA strategy to 8 stocks.
2025-11-12 14:11:34,652 [INFO] Checking trade setups at 2025-11-12 14:11:34
2025-11-12 14:11:34,654 [INFO] Applying EMA strategy to 8 stocks.
2025-11-12 14:11:51,312 [INFO] Checking trade setups at 2025-11-12 14:11:51
2025-11-12 14:11:51,312 [INFO] Applying EMA strategy to 8 stocks.
2025-11-12 14:12:07,164 [INFO] Checking trade setups at 2025-11-12 14:12:07
2025-11-12 14:12:07,164 [INFO] Applying EMA strategy to 8 stocks.
2025-11-12 14:12:22,934 [INFO] Checking trade setups at 2025-11-12 14:12:22
2025-11-12 14:12:22,934 [INFO] Applying EMA strategy to 8 stocks.
2025-11-12 14:12:40,268 [INFO] Checking trade setups at 2025-11-12 14:12:40
2025-11-12 14:12:40,268 [INFO] Applying EMA strategy to 8 stocks.
2025-11-12 14:12:57,040 [INFO] Checking trade setups at 2025-11-12 14:12:57
2025-11-12 14:12:57,040 [INFO] Applying EMA strategy to 8 stocks.
2025-11-12 14:13:14,238 [INFO] Checking trade setups at 2025-11-12 14:13:14
2025-11-12 14:13:14,238 [INFO] Applying EMA strategy to 8 stocks.
2025-11-12 14:13:30,329 [INFO] Checking trade setups at 2025-11-12 14:13:30
2025-11-12 14:13:30,329 [INFO] Applying EMA strategy to 8 stocks.
2025-11-12 14:13:49,262 [INFO] Checking trade setups at 2025-11-12 14:13:49
2025-11-12 14:13:49,262 [INFO] Applying EMA strategy to 8 stocks.
2025-11-12 14:14:06,057 [INFO] Checking trade setups at 2025-11-12 14:14:06
2025-11-12 14:14:06,058 [INFO] Applying EMA strategy to 8 stocks.
2025-11-12 14:14:23,878 [INFO] Checking trade setups at 2025-11-12 14:14:23
2025-11-12 14:14:23,878 [INFO] Applying EMA strategy to 8 stocks.
2025-11-12 14:14:41,281 [INFO] Checking trade setups at 2025-11-12 14:14:41
2025-11-12 14:14:41,281 [INFO] Applying EMA strategy to 8 stocks.
2025-11-12 14:14:58,710 [INFO] Checking trade setups at 2025-11-12 14:14:58
2025-11-12 14:14:58,710 [INFO] Applying EMA strategy to 8 stocks.
2025-11-12 14:15:14,539 [INFO] Checking trade setups at 2025-11-12 14:15:14
2025-11-12 14:15:14,539 [INFO] Applying EMA strategy to 8 stocks.
2025-11-12 14:15:23,842 [INFO] Executing trade for NSE:EIDPARRY-EQ: {'timestamp': '2025-11-12 14:15', 'action': 'SELL', 'entry_price': 1041.1, 'stop_loss': 1042.2, 'target': 1037.7999999999995}
2025-11-12 14:15:23,844 [INFO] after SL after filtering the final SL:1.1, final_target:1037.8, qty:90
2025-11-12 14:15:23,859 [INFO] Max trades reached. Skipping new orders.
2025-11-12 14:15:33,862 [INFO] Checking trade setups at 2025-11-12 14:15:33
2025-11-12 14:15:33,862 [INFO] Applying EMA strategy to 8 stocks.
2025-11-12 14:15:49,595 [INFO] Checking trade setups at 2025-11-12 14:15:49
2025-11-12 14:15:49,595 [INFO] Applying EMA strategy to 8 stocks.
2025-11-12 14:16:05,361 [INFO] Checking trade setups at 2025-11-12 14:16:05
2025-11-12 14:16:05,361 [INFO] Applying EMA strategy to 8 stocks.
2025-11-12 14:16:24,608 [INFO] Checking trade setups at 2025-11-12 14:16:24
2025-11-12 14:16:24,608 [INFO] Applying EMA strategy to 8 stocks.
2025-11-12 14:16:40,990 [INFO] Checking trade setups at 2025-11-12 14:16:40
2025-11-12 14:16:40,990 [INFO] Applying EMA strategy to 8 stocks.
2025-11-12 14:16:57,583 [INFO] Checking trade setups at 2025-11-12 14:16:57
2025-11-12 14:16:57,583 [INFO] Applying EMA strategy to 8 stocks.
2025-11-12 14:17:15,091 [INFO] Checking trade setups at 2025-11-12 14:17:15
2025-11-12 14:17:15,091 [INFO] Applying EMA strategy to 8 stocks.
2025-11-12 14:17:30,967 [INFO] Checking trade setups at 2025-11-12 14:17:30
2025-11-12 14:17:30,967 [INFO] Applying EMA strategy to 8 stocks.
2025-11-12 14:17:48,587 [INFO] Checking trade setups at 2025-11-12 14:17:48
2025-11-12 14:17:48,587 [INFO] Applying EMA strategy to 8 stocks.
2025-11-12 14:18:07,730 [INFO] Checking trade setups at 2025-11-12 14:18:07
2025-11-12 14:18:07,730 [INFO] Applying EMA strategy to 8 stocks.
2025-11-12 14:18:27,108 [INFO] Checking trade setups at 2025-11-12 14:18:27
2025-11-12 14:18:27,108 [INFO] Applying EMA strategy to 8 stocks.
2025-11-12 14:18:45,517 [INFO] Checking trade setups at 2025-11-12 14:18:45
2025-11-12 14:18:45,517 [INFO] Applying EMA strategy to 8 stocks.
2025-11-12 14:19:03,027 [INFO] Checking trade setups at 2025-11-12 14:19:03
2025-11-12 14:19:03,027 [INFO] Applying EMA strategy to 8 stocks.
2025-11-12 14:19:18,794 [INFO] Checking trade setups at 2025-11-12 14:19:18
2025-11-12 14:19:18,794 [INFO] Applying EMA strategy to 8 stocks.
2025-11-12 14:19:34,682 [INFO] Checking trade setups at 2025-11-12 14:19:34
2025-11-12 14:19:34,682 [INFO] Applying EMA strategy to 8 stocks.
2025-11-12 14:19:51,877 [INFO] Checking trade setups at 2025-11-12 14:19:51
2025-11-12 14:19:51,877 [INFO] Applying EMA strategy to 8 stocks.
2025-11-12 14:20:08,152 [INFO] Checking trade setups at 2025-11-12 14:20:08
2025-11-12 14:20:08,152 [INFO] Applying EMA strategy to 8 stocks.
2025-11-12 14:20:24,760 [INFO] Checking trade setups at 2025-11-12 14:20:24
2025-11-12 14:20:24,760 [INFO] Applying EMA strategy to 8 stocks.
2025-11-12 14:20:40,719 [INFO] Checking trade setups at 2025-11-12 14:20:40
2025-11-12 14:20:40,719 [INFO] Applying EMA strategy to 8 stocks.
2025-11-12 14:20:57,080 [INFO] Checking trade setups at 2025-11-12 14:20:57
2025-11-12 14:20:57,080 [INFO] Applying EMA strategy to 8 stocks.
2025-11-12 14:21:13,487 [INFO] Checking trade setups at 2025-11-12 14:21:13
2025-11-12 14:21:13,487 [INFO] Applying EMA strategy to 8 stocks.
2025-11-12 14:21:29,884 [INFO] Checking trade setups at 2025-11-12 14:21:29
2025-11-12 14:21:29,884 [INFO] Applying EMA strategy to 8 stocks.
2025-11-12 14:21:46,874 [INFO] Checking trade setups at 2025-11-12 14:21:46
2025-11-12 14:21:46,875 [INFO] Applying EMA strategy to 8 stocks.
2025-11-12 14:22:02,305 [INFO] Checking trade setups at 2025-11-12 14:22:02
2025-11-12 14:22:02,305 [INFO] Applying EMA strategy to 8 stocks.
2025-11-12 14:22:18,317 [INFO] Checking trade setups at 2025-11-12 14:22:18
2025-11-12 14:22:18,317 [INFO] Applying EMA strategy to 8 stocks.
2025-11-12 14:22:35,510 [INFO] Checking trade setups at 2025-11-12 14:22:35
2025-11-12 14:22:35,510 [INFO] Applying EMA strategy to 8 stocks.
2025-11-12 14:22:51,385 [INFO] Checking trade setups at 2025-11-12 14:22:51
2025-11-12 14:22:51,385 [INFO] Applying EMA strategy to 8 stocks.
2025-11-12 14:23:07,156 [INFO] Checking trade setups at 2025-11-12 14:23:07
2025-11-12 14:23:07,156 [INFO] Applying EMA strategy to 8 stocks.
2025-11-12 14:23:23,883 [INFO] Checking trade setups at 2025-11-12 14:23:23
2025-11-12 14:23:23,883 [INFO] Applying EMA strategy to 8 stocks.
2025-11-12 14:23:39,617 [INFO] Checking trade setups at 2025-11-12 14:23:39
2025-11-12 14:23:39,617 [INFO] Applying EMA strategy to 8 stocks.
2025-11-12 14:23:57,541 [INFO] Checking trade setups at 2025-11-12 14:23:57
2025-11-12 14:23:57,541 [INFO] Applying EMA strategy to 8 stocks.
2025-11-12 14:24:14,332 [INFO] Checking trade setups at 2025-11-12 14:24:14
2025-11-12 14:24:14,332 [INFO] Applying EMA strategy to 8 stocks.
2025-11-12 14:24:30,514 [INFO] Checking trade setups at 2025-11-12 14:24:30
2025-11-12 14:24:30,514 [INFO] Applying EMA strategy to 8 stocks.
2025-11-12 14:24:46,178 [INFO] Checking trade setups at 2025-11-12 14:24:46
2025-11-12 14:24:46,178 [INFO] Applying EMA strategy to 8 stocks.
2025-11-12 14:25:06,256 [INFO] Checking trade setups at 2025-11-12 14:25:06
2025-11-12 14:25:06,256 [INFO] Applying EMA strategy to 8 stocks.
2025-11-12 14:25:22,647 [INFO] Checking trade setups at 2025-11-12 14:25:22
2025-11-12 14:25:22,647 [INFO] Applying EMA strategy to 8 stocks.
2025-11-12 14:25:39,030 [INFO] Checking trade setups at 2025-11-12 14:25:39
2025-11-12 14:25:39,030 [INFO] Applying EMA strategy to 8 stocks.
2025-11-12 14:25:55,209 [INFO] Checking trade setups at 2025-11-12 14:25:55
2025-11-12 14:25:55,209 [INFO] Applying EMA strategy to 8 stocks.
2025-11-12 14:26:12,206 [INFO] Checking trade setups at 2025-11-12 14:26:12
2025-11-12 14:26:12,206 [INFO] Applying EMA strategy to 8 stocks.
2025-11-12 14:26:29,718 [INFO] Checking trade setups at 2025-11-12 14:26:29
2025-11-12 14:26:29,718 [INFO] Applying EMA strategy to 8 stocks.
2025-11-12 14:26:50,758 [INFO] Checking trade setups at 2025-11-12 14:26:50
2025-11-12 14:26:50,758 [INFO] Applying EMA strategy to 8 stocks.
2025-11-12 14:27:07,309 [INFO] Checking trade setups at 2025-11-12 14:27:07
2025-11-12 14:27:07,309 [INFO] Applying EMA strategy to 8 stocks.
2025-11-12 14:27:23,177 [INFO] Checking trade setups at 2025-11-12 14:27:23
2025-11-12 14:27:23,177 [INFO] Applying EMA strategy to 8 stocks.
2025-11-12 14:27:41,513 [INFO] Checking trade setups at 2025-11-12 14:27:41
2025-11-12 14:27:41,513 [INFO] Applying EMA strategy to 8 stocks.
2025-11-12 14:27:57,372 [INFO] Checking trade setups at 2025-11-12 14:27:57
2025-11-12 14:27:57,372 [INFO] Applying EMA strategy to 8 stocks.
2025-11-12 14:28:14,163 [INFO] Checking trade setups at 2025-11-12 14:28:14
2025-11-12 14:28:14,163 [INFO] Applying EMA strategy to 8 stocks.
2025-11-12 14:28:29,641 [INFO] Checking trade setups at 2025-11-12 14:28:29
2025-11-12 14:28:29,641 [INFO] Applying EMA strategy to 8 stocks.
2025-11-12 14:28:45,205 [INFO] Checking trade setups at 2025-11-12 14:28:45
2025-11-12 14:28:45,205 [INFO] Applying EMA strategy to 8 stocks.
2025-11-12 14:29:01,269 [INFO] Checking trade setups at 2025-11-12 14:29:01
2025-11-12 14:29:01,269 [INFO] Applying EMA strategy to 8 stocks.
2025-11-12 14:29:20,321 [INFO] Checking trade setups at 2025-11-12 14:29:20
2025-11-12 14:29:20,321 [INFO] Applying EMA strategy to 8 stocks.
2025-11-12 14:29:36,317 [INFO] Checking trade setups at 2025-11-12 14:29:36
2025-11-12 14:29:36,317 [INFO] Applying EMA strategy to 8 stocks.
2025-11-12 14:29:51,750 [INFO] Checking trade setups at 2025-11-12 14:29:51
2025-11-12 14:29:51,750 [INFO] Applying EMA strategy to 8 stocks.
2025-11-12 14:30:08,554 [INFO] Checking trade setups at 2025-11-12 14:30:08
2025-11-12 14:30:08,554 [INFO] Applying EMA strategy to 8 stocks.
2025-11-12 14:30:26,284 [INFO] Checking trade setups at 2025-11-12 14:30:26
2025-11-12 14:30:26,284 [INFO] Applying EMA strategy to 8 stocks.
2025-11-12 14:30:42,139 [INFO] Checking trade setups at 2025-11-12 14:30:42
2025-11-12 14:30:42,139 [INFO] Applying EMA strategy to 8 stocks.
2025-11-12 14:31:00,017 [INFO] Checking trade setups at 2025-11-12 14:31:00
2025-11-12 14:31:00,021 [INFO] Applying EMA strategy to 8 stocks.
2025-11-12 14:31:06,673 [INFO] Executing trade for NSE:EIDPARRY-EQ: {'timestamp': '2025-11-12 14:30', 'action': 'SELL', 'entry_price': 1045.2, 'stop_loss': 1047.9, 'target': 1037.1}
2025-11-12 14:31:06,673 [INFO] after SL after filtering the final SL:2.7, final_target:1037.1, qty:37
2025-11-12 14:31:06,686 [INFO] Max trades reached. Skipping new orders.
2025-11-12 14:31:16,690 [INFO] Checking trade setups at 2025-11-12 14:31:16
2025-11-12 14:31:16,690 [INFO] Applying EMA strategy to 8 stocks.
2025-11-12 14:31:34,281 [INFO] Checking trade setups at 2025-11-12 14:31:34
2025-11-12 14:31:34,281 [INFO] Applying EMA strategy to 8 stocks.
2025-11-12 14:31:50,025 [INFO] Checking trade setups at 2025-11-12 14:31:50
2025-11-12 14:31:50,025 [INFO] Applying EMA strategy to 8 stocks.
2025-11-12 14:32:07,037 [INFO] Checking trade setups at 2025-11-12 14:32:07
2025-11-12 14:32:07,037 [INFO] Applying EMA strategy to 8 stocks.
2025-11-12 14:32:23,315 [INFO] Checking trade setups at 2025-11-12 14:32:23
2025-11-12 14:32:23,315 [INFO] Applying EMA strategy to 8 stocks.
2025-11-12 14:32:40,002 [INFO] Checking trade setups at 2025-11-12 14:32:40
2025-11-12 14:32:40,002 [INFO] Applying EMA strategy to 8 stocks.
2025-11-12 14:32:56,393 [INFO] Checking trade setups at 2025-11-12 14:32:56
2025-11-12 14:32:56,393 [INFO] Applying EMA strategy to 8 stocks.
2025-11-12 14:33:12,467 [INFO] Checking trade setups at 2025-11-12 14:33:12
2025-11-12 14:33:12,467 [INFO] Applying EMA strategy to 8 stocks.
2025-11-12 14:33:29,155 [INFO] Checking trade setups at 2025-11-12 14:33:29
2025-11-12 14:33:29,155 [INFO] Applying EMA strategy to 8 stocks.
2025-11-12 14:33:45,689 [INFO] Checking trade setups at 2025-11-12 14:33:45
2025-11-12 14:33:45,689 [INFO] Applying EMA strategy to 8 stocks.
2025-11-12 14:34:01,424 [INFO] Checking trade setups at 2025-11-12 14:34:01
2025-11-12 14:34:01,424 [INFO] Applying EMA strategy to 8 stocks.
2025-11-12 14:34:18,225 [INFO] Checking trade setups at 2025-11-12 14:34:18
2025-11-12 14:34:18,225 [INFO] Applying EMA strategy to 8 stocks.
2025-11-12 14:34:34,591 [INFO] Checking trade setups at 2025-11-12 14:34:34
2025-11-12 14:34:34,591 [INFO] Applying EMA strategy to 8 stocks.
2025-11-12 14:34:50,460 [INFO] Checking trade setups at 2025-11-12 14:34:50
2025-11-12 14:34:50,460 [INFO] Applying EMA strategy to 8 stocks.
2025-11-12 14:35:06,026 [INFO] Checking trade setups at 2025-11-12 14:35:06
2025-11-12 14:35:06,026 [INFO] Applying EMA strategy to 8 stocks.
2025-11-12 14:35:21,491 [INFO] Checking trade setups at 2025-11-12 14:35:21
2025-11-12 14:35:21,491 [INFO] Applying EMA strategy to 8 stocks.
2025-11-12 14:35:37,789 [INFO] Checking trade setups at 2025-11-12 14:35:37
2025-11-12 14:35:37,789 [INFO] Applying EMA strategy to 8 stocks.
2025-11-12 14:35:44,265 [INFO] Executing trade for NSE:KIRLOSENG-EQ: {'timestamp': '2025-11-12 14:35', 'action': 'SELL', 'entry_price': 1089.55, 'stop_loss': 1100, 'target': 1058.1999999999998}
2025-11-12 14:35:44,265 [INFO] after SL after filtering the final SL:10.45, final_target:1058.2, qty:9
2025-11-12 14:35:44,281 [INFO] Max trades reached. Skipping new orders.
2025-11-12 14:35:55,946 [INFO] Checking trade setups at 2025-11-12 14:35:55
2025-11-12 14:35:55,946 [INFO] Applying EMA strategy to 8 stocks.
2025-11-12 14:36:12,282 [INFO] Checking trade setups at 2025-11-12 14:36:12
2025-11-12 14:36:12,282 [INFO] Applying EMA strategy to 8 stocks.
2025-11-12 14:36:28,266 [INFO] Checking trade setups at 2025-11-12 14:36:28
2025-11-12 14:36:28,266 [INFO] Applying EMA strategy to 8 stocks.
2025-11-12 14:36:45,169 [INFO] Checking trade setups at 2025-11-12 14:36:45
2025-11-12 14:36:45,169 [INFO] Applying EMA strategy to 8 stocks.
2025-11-12 14:37:01,167 [INFO] Checking trade setups at 2025-11-12 14:37:01
2025-11-12 14:37:01,167 [INFO] Applying EMA strategy to 8 stocks.
2025-11-12 14:37:18,461 [INFO] Checking trade setups at 2025-11-12 14:37:18
2025-11-12 14:37:18,461 [INFO] Applying EMA strategy to 8 stocks.
2025-11-12 14:37:34,321 [INFO] Checking trade setups at 2025-11-12 14:37:34
2025-11-12 14:37:34,321 [INFO] Applying EMA strategy to 8 stocks.
2025-11-12 14:37:51,142 [INFO] Checking trade setups at 2025-11-12 14:37:51
2025-11-12 14:37:51,142 [INFO] Applying EMA strategy to 8 stocks.
2025-11-12 14:38:06,997 [INFO] Checking trade setups at 2025-11-12 14:38:06
2025-11-12 14:38:06,997 [INFO] Applying EMA strategy to 8 stocks.
2025-11-12 14:38:23,880 [INFO] Checking trade setups at 2025-11-12 14:38:23
2025-11-12 14:38:23,880 [INFO] Applying EMA strategy to 8 stocks.
2025-11-12 14:38:42,417 [INFO] Checking trade setups at 2025-11-12 14:38:42
2025-11-12 14:38:42,417 [INFO] Applying EMA strategy to 8 stocks.
2025-11-12 14:38:59,942 [INFO] Checking trade setups at 2025-11-12 14:38:59
2025-11-12 14:38:59,942 [INFO] Applying EMA strategy to 8 stocks.
2025-11-12 14:39:23,375 [INFO] Checking trade setups at 2025-11-12 14:39:23
2025-11-12 14:39:23,375 [INFO] Applying EMA strategy to 8 stocks.
2025-11-12 14:39:39,855 [INFO] Checking trade setups at 2025-11-12 14:39:39
2025-11-12 14:39:39,855 [INFO] Applying EMA strategy to 8 stocks.
2025-11-12 14:39:56,986 [INFO] Checking trade setups at 2025-11-12 14:39:56
2025-11-12 14:39:56,986 [INFO] Applying EMA strategy to 8 stocks.
2025-11-12 14:40:02,416 [INFO] Executing trade for NSE:EIDPARRY-EQ: {'timestamp': '2025-11-12 14:35', 'action': 'SELL', 'entry_price': 1045.1, 'stop_loss': 1047.1, 'target': 1039.1}
2025-11-12 14:40:02,416 [INFO] Trade for NSE:EIDPARRY-EQ is outside trading window. Skipping.
2025-11-12 14:40:12,422 [INFO] Checking trade setups at 2025-11-12 14:40:12
2025-11-12 14:40:12,422 [INFO] Applying EMA strategy to 8 stocks.
2025-11-12 14:40:30,338 [INFO] Checking trade setups at 2025-11-12 14:40:30
2025-11-12 14:40:30,338 [INFO] Applying EMA strategy to 8 stocks.
2025-11-12 14:40:46,939 [INFO] Checking trade setups at 2025-11-12 14:40:46
2025-11-12 14:40:46,939 [INFO] Applying EMA strategy to 8 stocks.
2025-11-12 14:41:02,906 [INFO] Checking trade setups at 2025-11-12 14:41:02
2025-11-12 14:41:02,906 [INFO] Applying EMA strategy to 8 stocks.
2025-11-12 14:41:20,628 [INFO] Checking trade setups at 2025-11-12 14:41:20
2025-11-12 14:41:20,628 [INFO] Applying EMA strategy to 8 stocks.
2025-11-12 14:41:36,711 [INFO] Checking trade setups at 2025-11-12 14:41:36
2025-11-12 14:41:36,713 [INFO] Applying EMA strategy to 8 stocks.
2025-11-12 14:41:52,877 [INFO] Checking trade setups at 2025-11-12 14:41:52
2025-11-12 14:41:52,877 [INFO] Applying EMA strategy to 8 stocks.
2025-11-12 14:42:09,573 [INFO] Checking trade setups at 2025-11-12 14:42:09
2025-11-12 14:42:09,573 [INFO] Applying EMA strategy to 8 stocks.
2025-11-12 14:42:25,143 [INFO] Checking trade setups at 2025-11-12 14:42:25
2025-11-12 14:42:25,143 [INFO] Applying EMA strategy to 8 stocks.
2025-11-12 14:42:42,746 [INFO] Checking trade setups at 2025-11-12 14:42:42
2025-11-12 14:42:42,746 [INFO] Applying EMA strategy to 8 stocks.
2025-11-12 14:43:00,678 [INFO] Checking trade setups at 2025-11-12 14:43:00
2025-11-12 14:43:00,678 [INFO] Applying EMA strategy to 8 stocks.
2025-11-12 14:43:16,857 [INFO] Checking trade setups at 2025-11-12 14:43:16
2025-11-12 14:43:16,866 [INFO] Applying EMA strategy to 8 stocks.
2025-11-12 14:43:32,674 [INFO] Checking trade setups at 2025-11-12 14:43:32
2025-11-12 14:43:32,674 [INFO] Applying EMA strategy to 8 stocks.
2025-11-12 14:43:49,541 [INFO] Checking trade setups at 2025-11-12 14:43:49
2025-11-12 14:43:49,541 [INFO] Applying EMA strategy to 8 stocks.
2025-11-12 14:44:05,299 [INFO] Checking trade setups at 2025-11-12 14:44:05
2025-11-12 14:44:05,299 [INFO] Applying EMA strategy to 8 stocks.
2025-11-12 14:44:20,961 [INFO] Checking trade setups at 2025-11-12 14:44:20
2025-11-12 14:44:20,961 [INFO] Applying EMA strategy to 8 stocks.
2025-11-12 14:44:38,157 [INFO] Checking trade setups at 2025-11-12 14:44:38
2025-11-12 14:44:38,157 [INFO] Applying EMA strategy to 8 stocks.
2025-11-12 14:44:54,660 [INFO] Checking trade setups at 2025-11-12 14:44:54
2025-11-12 14:44:54,660 [INFO] Applying EMA strategy to 8 stocks.
2025-11-12 14:45:14,467 [INFO] Checking trade setups at 2025-11-12 14:45:14
2025-11-12 14:45:14,467 [INFO] Applying EMA strategy to 8 stocks.
2025-11-12 14:45:31,921 [INFO] Checking trade setups at 2025-11-12 14:45:31
2025-11-12 14:45:31,921 [INFO] Applying EMA strategy to 8 stocks.
2025-11-12 14:45:47,791 [INFO] Checking trade setups at 2025-11-12 14:45:47
2025-11-12 14:45:47,791 [INFO] Applying EMA strategy to 8 stocks.
2025-11-12 14:46:04,279 [INFO] Checking trade setups at 2025-11-12 14:46:04
2025-11-12 14:46:04,279 [INFO] Applying EMA strategy to 8 stocks.
2025-11-12 14:46:21,280 [INFO] Checking trade setups at 2025-11-12 14:46:21
2025-11-12 14:46:21,280 [INFO] Applying EMA strategy to 8 stocks.
2025-11-12 14:46:37,872 [INFO] Checking trade setups at 2025-11-12 14:46:37
2025-11-12 14:46:37,872 [INFO] Applying EMA strategy to 8 stocks.
2025-11-12 14:46:54,966 [INFO] Checking trade setups at 2025-11-12 14:46:54
2025-11-12 14:46:54,966 [INFO] Applying EMA strategy to 8 stocks.
2025-11-12 14:47:13,105 [INFO] Checking trade setups at 2025-11-12 14:47:13
2025-11-12 14:47:13,107 [INFO] Applying EMA strategy to 8 stocks.
2025-11-12 14:47:32,140 [INFO] Checking trade setups at 2025-11-12 14:47:32
2025-11-12 14:47:32,140 [INFO] Applying EMA strategy to 8 stocks.
2025-11-12 14:47:49,172 [INFO] Checking trade setups at 2025-11-12 14:47:49
2025-11-12 14:47:49,174 [INFO] Applying EMA strategy to 8 stocks.
2025-11-12 14:48:05,433 [INFO] Checking trade setups at 2025-11-12 14:48:05
2025-11-12 14:48:05,433 [INFO] Applying EMA strategy to 8 stocks.
2025-11-12 14:48:32,471 [INFO] Checking trade setups at 2025-11-12 14:48:32
2025-11-12 14:48:32,471 [INFO] Applying EMA strategy to 8 stocks.
2025-11-12 14:48:49,871 [INFO] Checking trade setups at 2025-11-12 14:48:49
2025-11-12 14:48:49,871 [INFO] Applying EMA strategy to 8 stocks.
2025-11-12 14:49:07,647 [INFO] Checking trade setups at 2025-11-12 14:49:07
2025-11-12 14:49:07,647 [INFO] Applying EMA strategy to 8 stocks.
2025-11-12 14:49:26,428 [INFO] Checking trade setups at 2025-11-12 14:49:26
2025-11-12 14:49:26,428 [INFO] Applying EMA strategy to 8 stocks.
2025-11-12 14:49:44,370 [INFO] Checking trade setups at 2025-11-12 14:49:44
2025-11-12 14:49:44,370 [INFO] Applying EMA strategy to 8 stocks.
2025-11-12 14:50:01,472 [INFO] Checking trade setups at 2025-11-12 14:50:01
2025-11-12 14:50:01,472 [INFO] Applying EMA strategy to 8 stocks.
2025-11-12 14:50:19,271 [INFO] Checking trade setups at 2025-11-12 14:50:19
2025-11-12 14:50:19,271 [INFO] Applying EMA strategy to 8 stocks.
2025-11-12 14:50:38,635 [INFO] Checking trade setups at 2025-11-12 14:50:38
2025-11-12 14:50:38,635 [INFO] Applying EMA strategy to 8 stocks.
2025-11-12 14:50:44,286 [INFO] Executing trade for NSE:BAJAJHLDNG-EQ: {'timestamp': '2025-11-12 14:50', 'action': 'SELL', 'entry_price': 12028, 'stop_loss': 12056, 'target': 11944}
2025-11-12 14:50:44,286 [INFO] after SL after filtering the final SL:28, final_target:11944, qty:3
2025-11-12 14:50:44,296 [INFO] Max trades reached. Skipping new orders.
2025-11-12 14:51:01,761 [INFO] Checking trade setups at 2025-11-12 14:51:01
2025-11-12 14:51:01,761 [INFO] Applying EMA strategy to 8 stocks.
2025-11-12 14:51:18,901 [INFO] Checking trade setups at 2025-11-12 14:51:18
2025-11-12 14:51:18,901 [INFO] Applying EMA strategy to 8 stocks.
2025-11-12 14:51:37,518 [INFO] Checking trade setups at 2025-11-12 14:51:37
2025-11-12 14:51:37,518 [INFO] Applying EMA strategy to 8 stocks.
2025-11-12 14:51:55,957 [INFO] Checking trade setups at 2025-11-12 14:51:55
2025-11-12 14:51:55,957 [INFO] Applying EMA strategy to 8 stocks.
2025-11-12 14:52:14,787 [INFO] Checking trade setups at 2025-11-12 14:52:14
2025-11-12 14:52:14,787 [INFO] Applying EMA strategy to 8 stocks.
2025-11-12 14:52:31,484 [INFO] Checking trade setups at 2025-11-12 14:52:31
2025-11-12 14:52:31,484 [INFO] Applying EMA strategy to 8 stocks.
2025-11-12 14:52:47,242 [INFO] Checking trade setups at 2025-11-12 14:52:47
2025-11-12 14:52:47,242 [INFO] Applying EMA strategy to 8 stocks.
2025-11-12 14:53:06,332 [INFO] Checking trade setups at 2025-11-12 14:53:06
2025-11-12 14:53:06,332 [INFO] Applying EMA strategy to 8 stocks.
2025-11-12 14:53:22,681 [INFO] Checking trade setups at 2025-11-12 14:53:22
2025-11-12 14:53:22,681 [INFO] Applying EMA strategy to 8 stocks.
2025-11-12 14:53:46,529 [INFO] Checking trade setups at 2025-11-12 14:53:46
2025-11-12 14:53:46,530 [INFO] Applying EMA strategy to 8 stocks.
2025-11-12 14:54:08,771 [INFO] Checking trade setups at 2025-11-12 14:54:08
2025-11-12 14:54:08,771 [INFO] Applying EMA strategy to 8 stocks.
2025-11-12 14:54:24,731 [INFO] Checking trade setups at 2025-11-12 14:54:24
2025-11-12 14:54:24,731 [INFO] Applying EMA strategy to 8 stocks.
2025-11-12 14:54:41,931 [INFO] Checking trade setups at 2025-11-12 14:54:41
2025-11-12 14:54:41,931 [INFO] Applying EMA strategy to 8 stocks.
2025-11-12 14:54:59,031 [INFO] Checking trade setups at 2025-11-12 14:54:59
2025-11-12 14:54:59,031 [INFO] Applying EMA strategy to 8 stocks.
2025-11-12 14:55:35,493 [INFO] Checking trade setups at 2025-11-12 14:55:35
2025-11-12 14:55:35,493 [INFO] Applying EMA strategy to 8 stocks.
2025-11-12 14:55:52,903 [INFO] Checking trade setups at 2025-11-12 14:55:52
2025-11-12 14:55:52,903 [INFO] Applying EMA strategy to 8 stocks.
2025-11-12 14:56:11,542 [INFO] Checking trade setups at 2025-11-12 14:56:11
2025-11-12 14:56:11,542 [INFO] Applying EMA strategy to 8 stocks.
2025-11-12 14:56:29,274 [INFO] Checking trade setups at 2025-11-12 14:56:29
2025-11-12 14:56:29,274 [INFO] Applying EMA strategy to 8 stocks.
2025-11-12 14:56:45,738 [INFO] Checking trade setups at 2025-11-12 14:56:45
2025-11-12 14:56:45,739 [INFO] Applying EMA strategy to 8 stocks.
2025-11-12 14:57:01,812 [INFO] Checking trade setups at 2025-11-12 14:57:01
2025-11-12 14:57:01,812 [INFO] Applying EMA strategy to 8 stocks.
2025-11-12 14:57:20,860 [INFO] Checking trade setups at 2025-11-12 14:57:20
2025-11-12 14:57:20,860 [INFO] Applying EMA strategy to 8 stocks.
2025-11-12 14:57:39,512 [INFO] Checking trade setups at 2025-11-12 14:57:39
2025-11-12 14:57:39,512 [INFO] Applying EMA strategy to 8 stocks.
2025-11-12 14:57:56,758 [INFO] Checking trade setups at 2025-11-12 14:57:56
2025-11-12 14:57:56,758 [INFO] Applying EMA strategy to 8 stocks.
2025-11-12 14:58:12,682 [INFO] Checking trade setups at 2025-11-12 14:58:12
2025-11-12 14:58:12,682 [INFO] Applying EMA strategy to 8 stocks.
2025-11-12 14:58:31,216 [INFO] Checking trade setups at 2025-11-12 14:58:31
2025-11-12 14:58:31,216 [INFO] Applying EMA strategy to 8 stocks.
2025-11-12 14:58:46,798 [INFO] Checking trade setups at 2025-11-12 14:58:46
2025-11-12 14:58:46,798 [INFO] Applying EMA strategy to 8 stocks.
2025-11-12 14:59:03,696 [INFO] Checking trade setups at 2025-11-12 14:59:03
2025-11-12 14:59:03,696 [INFO] Applying EMA strategy to 8 stocks.
2025-11-12 14:59:22,723 [INFO] Checking trade setups at 2025-11-12 14:59:22
2025-11-12 14:59:22,725 [INFO] Applying EMA strategy to 8 stocks.
2025-11-12 14:59:39,104 [INFO] Checking trade setups at 2025-11-12 14:59:39
2025-11-12 14:59:39,104 [INFO] Applying EMA strategy to 8 stocks.
2025-11-12 14:59:41,005 [INFO] Executing trade for NSE:LALPATHLAB-EQ: {'timestamp': '2025-11-12 14:55', 'action': 'SELL', 'entry_price': 3080, 'stop_loss': 3084, 'target': 3068}
2025-11-12 14:59:41,005 [INFO] after SL after filtering the final SL:4, final_target:3068, qty:25
2025-11-12 14:59:41,025 [INFO] Max trades reached. Skipping new orders.
2025-11-12 14:59:56,829 [INFO] Checking trade setups at 2025-11-12 14:59:56
2025-11-12 14:59:56,829 [INFO] Applying EMA strategy to 8 stocks.
2025-11-12 15:00:14,636 [INFO] Market closed. Sleeping for 60 seconds.
2025-11-12 15:01:14,639 [INFO] Market closed. Sleeping for 60 seconds.
2025-11-12 15:02:14,640 [INFO] Market closed. Sleeping for 60 seconds.
2025-11-12 15:03:14,642 [INFO] file filtered_stocks.csv deleted successfully
2025-11-12 15:03:14,648 [INFO] file filtered_stocks.json deleted successfully
2025-11-12 15:03:14,652 [INFO] file gapup_data.csv deleted successfully
2025-11-12 15:03:14,654 [INFO] file gapup_data.json does not exist
2025-11-12 15:03:14,659 [INFO] file trades.txt deleted successfully
2025-11-12 15:03:14,665 [INFO] file GapUp_stocks.json deleted successfully
2025-11-12 15:03:14,667 [INFO] file tamo.txt deleted successfully
2025-11-12 15:03:14,669 [INFO] Market closed for the day. Exiting...
