2025-11-20 09:16:22,778 [INFO] 🔹 Starting trading script...
2025-11-20 09:16:22,780 [INFO] file filtered_stocks.csv deleted successfully
2025-11-20 09:16:22,781 [INFO] file filtered_stocks.json does not exist
2025-11-20 09:16:22,782 [INFO] file gapup_data.csv does not exist
2025-11-20 09:16:22,783 [INFO] file gapup_data.json does not exist
2025-11-20 09:16:22,783 [INFO] file trades.txt does not exist
2025-11-20 09:16:22,784 [INFO] file GapUp_stocks.json deleted successfully
2025-11-20 09:16:22,785 [INFO] file tamo.txt does not exist
2025-11-20 09:16:22,786 [INFO] Authenticating with Fyers API...
2025-11-20 09:16:23,526 [INFO] Access token is not valid.
2025-11-20 09:16:24,346 [INFO] verify_client_id success
2025-11-20 09:16:24,349 [INFO] generate_totp success
2025-11-20 09:16:25,483 [INFO] verify_totp_result success
2025-11-20 09:16:27,534 [INFO] verify_pin_result success
2025-11-20 09:16:28,503 [INFO] token_result success
2025-11-20 09:16:27,671 [INFO] validate_authcode success
2025-11-20 09:16:27,740 [INFO] Authentication successful
2025-11-20 09:16:27,752 [INFO] Authentication successful.
2025-11-20 09:16:30,753 [INFO] Creating FyersModel instance with access token...
2025-11-20 09:16:30,755 [INFO] Authenticated Fyers instance created.
2025-11-20 09:16:30,756 [INFO] Fetching new gap-up stocks using WebSocket...
2025-11-20 09:16:31,583 [INFO] Loaded 209 symbols from Stock_list.xlsx.
2025-11-20 09:16:33,073 [INFO] Websocket connected
2025-11-20 09:16:33,133 [INFO] Response: {'type': 'cn', 'code': 200, 'message': 'Authentication done', 's': 'ok'}
2025-11-20 09:16:33,217 [INFO] Response: {'type': 'ful', 'code': 200, 'message': 'Full Mode On', 's': 'ok'}
2025-11-20 09:16:33,620 [INFO] WebSocket connection opened. Subscribing to data...
2025-11-20 09:16:35,036 [INFO] Response: {'type': 'sub', 'code': 200, 'message': 'Subscribed', 's': 'ok'}
2025-11-20 09:16:50,081 [INFO] Connection closed: {'code': 200, 'message': 'Connection Closed', 's': 'ok'}
2025-11-20 09:16:53,113 [INFO] Evaluating for gap-up stocks...
2025-11-20 09:16:53,132 [INFO] Gap-up stocks saved to gapup_data.csv with 2 entries.
2025-11-20 09:16:53,134 [INFO] Total gap-up stocks found: 2
2025-11-20 09:16:53,162 [INFO] Gap-up stocks found: 2
2025-11-20 09:16:54,709 [INFO] Symbol              Gap Up %    Avg Volume  Status
2025-11-20 09:16:54,709 [INFO] ------------------------------------------------------------
2025-11-20 09:16:54,710 [INFO] Excluded NSE:NBCC-EQ | Volume: -1
2025-11-20 09:16:54,710 [INFO] Excluded NSE:SAMMAANCAP-EQ | Volume: -1
2025-11-20 09:16:54,715 [INFO] No stocks passed volume filter. Retrying (1)...
2025-11-20 09:16:59,221 [INFO] Symbol              Gap Up %    Avg Volume  Status
2025-11-20 09:16:59,222 [INFO] ------------------------------------------------------------
2025-11-20 09:16:59,222 [INFO] Excluded NSE:NBCC-EQ | Volume: -1
2025-11-20 09:16:59,223 [INFO] Excluded NSE:SAMMAANCAP-EQ | Volume: -1
2025-11-20 09:16:59,227 [INFO] No stocks passed volume filter. Retrying (0)...
2025-11-20 09:17:02,227 [INFO] No stocks passed after retries. Exiting.
2025-11-20 09:19:04,060 [INFO] 🔹 Starting trading script...
2025-11-20 09:19:04,064 [INFO] file filtered_stocks.csv deleted successfully
2025-11-20 09:19:04,066 [INFO] file filtered_stocks.json does not exist
2025-11-20 09:19:04,067 [INFO] file gapup_data.csv deleted successfully
2025-11-20 09:19:04,069 [INFO] file gapup_data.json does not exist
2025-11-20 09:19:04,069 [INFO] file trades.txt does not exist
2025-11-20 09:19:04,072 [INFO] file GapUp_stocks.json deleted successfully
2025-11-20 09:19:04,078 [INFO] file tamo.txt does not exist
2025-11-20 09:19:04,081 [INFO] Authenticating with Fyers API...
2025-11-20 09:19:04,683 [INFO] Access token is valid.
2025-11-20 09:19:04,684 [INFO] Authentication successful.
2025-11-20 09:19:07,684 [INFO] Creating FyersModel instance with access token...
2025-11-20 09:19:07,684 [INFO] Authenticated Fyers instance created.
2025-11-20 09:19:07,686 [INFO] Fetching new gap-up stocks using WebSocket...
2025-11-20 09:19:08,179 [INFO] Loaded 209 symbols from Stock_list.xlsx.
2025-11-20 09:19:08,680 [INFO] Websocket connected
2025-11-20 09:19:08,700 [INFO] Response: {'type': 'cn', 'code': 200, 'message': 'Authentication done', 's': 'ok'}
2025-11-20 09:19:08,772 [INFO] Response: {'type': 'ful', 'code': 200, 'message': 'Full Mode On', 's': 'ok'}
2025-11-20 09:19:10,189 [INFO] WebSocket connection opened. Subscribing to data...
2025-11-20 09:19:11,179 [INFO] Response: {'type': 'sub', 'code': 200, 'message': 'Subscribed', 's': 'ok'}
2025-11-20 09:19:26,167 [INFO] Connection closed: {'code': 200, 'message': 'Connection Closed', 's': 'ok'}
2025-11-20 09:19:28,687 [INFO] Evaluating for gap-up stocks...
2025-11-20 09:19:28,694 [INFO] Gap-up stocks saved to gapup_data.csv with 2 entries.
2025-11-20 09:19:28,694 [INFO] Total gap-up stocks found: 2
2025-11-20 09:19:28,700 [INFO] Gap-up stocks found: 2
2025-11-20 09:19:30,426 [INFO] Symbol              Gap Up %    Avg Volume  Status
2025-11-20 09:19:30,428 [INFO] ------------------------------------------------------------
2025-11-20 09:19:30,430 [INFO] Included NSE:NBCC-EQ | Volume: 9860105
2025-11-20 09:19:30,430 [INFO] Included NSE:SAMMAANCAP-EQ | Volume: 29211406
2025-11-20 09:19:30,473 [INFO] Entering monitoring loop...
2025-11-20 09:19:30,475 [INFO] Checking trade setups at 2025-11-20 09:19:30
2025-11-20 09:19:30,476 [INFO] Applying EMA strategy to 2 stocks.
2025-11-20 09:19:41,634 [INFO] Checking trade setups at 2025-11-20 09:19:41
2025-11-20 09:19:41,634 [INFO] Applying EMA strategy to 2 stocks.
2025-11-20 09:19:53,375 [INFO] Checking trade setups at 2025-11-20 09:19:53
2025-11-20 09:19:53,375 [INFO] Applying EMA strategy to 2 stocks.
2025-11-20 09:20:04,945 [INFO] Checking trade setups at 2025-11-20 09:20:04
2025-11-20 09:20:04,945 [INFO] Applying EMA strategy to 2 stocks.
2025-11-20 09:20:16,090 [INFO] Checking trade setups at 2025-11-20 09:20:16
2025-11-20 09:20:16,090 [INFO] Applying EMA strategy to 2 stocks.
2025-11-20 09:20:27,403 [INFO] Checking trade setups at 2025-11-20 09:20:27
2025-11-20 09:20:27,403 [INFO] Applying EMA strategy to 2 stocks.
2025-11-20 09:20:39,041 [INFO] Checking trade setups at 2025-11-20 09:20:39
2025-11-20 09:20:39,041 [INFO] Applying EMA strategy to 2 stocks.
2025-11-20 09:20:50,469 [INFO] Checking trade setups at 2025-11-20 09:20:50
2025-11-20 09:20:50,469 [INFO] Applying EMA strategy to 2 stocks.
2025-11-20 09:21:01,970 [INFO] Checking trade setups at 2025-11-20 09:21:01
2025-11-20 09:21:01,970 [INFO] Applying EMA strategy to 2 stocks.
2025-11-20 09:21:13,182 [INFO] Checking trade setups at 2025-11-20 09:21:13
2025-11-20 09:21:13,182 [INFO] Applying EMA strategy to 2 stocks.
2025-11-20 09:21:24,315 [INFO] Checking trade setups at 2025-11-20 09:21:24
2025-11-20 09:21:24,315 [INFO] Applying EMA strategy to 2 stocks.
2025-11-20 09:21:35,454 [INFO] Checking trade setups at 2025-11-20 09:21:35
2025-11-20 09:21:35,454 [INFO] Applying EMA strategy to 2 stocks.
2025-11-20 09:21:46,858 [INFO] Checking trade setups at 2025-11-20 09:21:46
2025-11-20 09:21:46,858 [INFO] Applying EMA strategy to 2 stocks.
2025-11-20 09:21:58,301 [INFO] Checking trade setups at 2025-11-20 09:21:58
2025-11-20 09:21:58,301 [INFO] Applying EMA strategy to 2 stocks.
2025-11-20 09:22:10,078 [INFO] Checking trade setups at 2025-11-20 09:22:10
2025-11-20 09:22:10,078 [INFO] Applying EMA strategy to 2 stocks.
2025-11-20 09:22:21,138 [INFO] Checking trade setups at 2025-11-20 09:22:21
2025-11-20 09:22:21,138 [INFO] Applying EMA strategy to 2 stocks.
2025-11-20 09:22:32,834 [INFO] Checking trade setups at 2025-11-20 09:22:32
2025-11-20 09:22:32,836 [INFO] Applying EMA strategy to 2 stocks.
2025-11-20 09:22:44,276 [INFO] Checking trade setups at 2025-11-20 09:22:44
2025-11-20 09:22:44,276 [INFO] Applying EMA strategy to 2 stocks.
2025-11-20 09:22:55,953 [INFO] Checking trade setups at 2025-11-20 09:22:55
2025-11-20 09:22:55,953 [INFO] Applying EMA strategy to 2 stocks.
2025-11-20 09:23:07,286 [INFO] Checking trade setups at 2025-11-20 09:23:07
2025-11-20 09:23:07,287 [INFO] Applying EMA strategy to 2 stocks.
2025-11-20 09:23:18,888 [INFO] Checking trade setups at 2025-11-20 09:23:18
2025-11-20 09:23:18,888 [INFO] Applying EMA strategy to 2 stocks.
2025-11-20 09:23:30,458 [INFO] Checking trade setups at 2025-11-20 09:23:30
2025-11-20 09:23:30,458 [INFO] Applying EMA strategy to 2 stocks.
2025-11-20 09:23:41,432 [INFO] Checking trade setups at 2025-11-20 09:23:41
2025-11-20 09:23:41,434 [INFO] Applying EMA strategy to 2 stocks.
2025-11-20 09:23:52,893 [INFO] Checking trade setups at 2025-11-20 09:23:52
2025-11-20 09:23:52,893 [INFO] Applying EMA strategy to 2 stocks.
2025-11-20 09:24:04,823 [INFO] Checking trade setups at 2025-11-20 09:24:04
2025-11-20 09:24:04,823 [INFO] Applying EMA strategy to 2 stocks.
2025-11-20 09:24:15,980 [INFO] Checking trade setups at 2025-11-20 09:24:15
2025-11-20 09:24:15,980 [INFO] Applying EMA strategy to 2 stocks.
2025-11-20 09:24:27,278 [INFO] Checking trade setups at 2025-11-20 09:24:27
2025-11-20 09:24:27,280 [INFO] Applying EMA strategy to 2 stocks.
2025-11-20 09:24:38,669 [INFO] Checking trade setups at 2025-11-20 09:24:38
2025-11-20 09:24:38,669 [INFO] Applying EMA strategy to 2 stocks.
2025-11-20 09:24:50,135 [INFO] Checking trade setups at 2025-11-20 09:24:50
2025-11-20 09:24:50,135 [INFO] Applying EMA strategy to 2 stocks.
2025-11-20 09:25:01,635 [INFO] Checking trade setups at 2025-11-20 09:25:01
2025-11-20 09:25:01,635 [INFO] Applying EMA strategy to 2 stocks.
2025-11-20 09:25:12,813 [INFO] Checking trade setups at 2025-11-20 09:25:12
2025-11-20 09:25:12,813 [INFO] Applying EMA strategy to 2 stocks.
2025-11-20 09:25:24,250 [INFO] Checking trade setups at 2025-11-20 09:25:24
2025-11-20 09:25:24,250 [INFO] Applying EMA strategy to 2 stocks.
2025-11-20 09:25:35,535 [INFO] Checking trade setups at 2025-11-20 09:25:35
2025-11-20 09:25:35,535 [INFO] Applying EMA strategy to 2 stocks.
2025-11-20 09:25:47,368 [INFO] Checking trade setups at 2025-11-20 09:25:47
2025-11-20 09:25:47,368 [INFO] Applying EMA strategy to 2 stocks.
2025-11-20 09:25:58,608 [INFO] Checking trade setups at 2025-11-20 09:25:58
2025-11-20 09:25:58,608 [INFO] Applying EMA strategy to 2 stocks.
2025-11-20 09:26:09,848 [INFO] Checking trade setups at 2025-11-20 09:26:09
2025-11-20 09:26:09,848 [INFO] Applying EMA strategy to 2 stocks.
2025-11-20 09:26:20,992 [INFO] Checking trade setups at 2025-11-20 09:26:20
2025-11-20 09:26:20,992 [INFO] Applying EMA strategy to 2 stocks.
2025-11-20 09:26:32,843 [INFO] Checking trade setups at 2025-11-20 09:26:32
2025-11-20 09:26:32,843 [INFO] Applying EMA strategy to 2 stocks.
2025-11-20 09:26:43,750 [INFO] Checking trade setups at 2025-11-20 09:26:43
2025-11-20 09:26:43,751 [INFO] Applying EMA strategy to 2 stocks.
2025-11-20 09:26:55,197 [INFO] Checking trade setups at 2025-11-20 09:26:55
2025-11-20 09:26:55,197 [INFO] Applying EMA strategy to 2 stocks.
2025-11-20 09:26:55,866 [INFO] Executing trade for NSE:NBCC-EQ: {'timestamp': '2025-11-20 09:25', 'action': 'SELL', 'entry_price': 115.32, 'stop_loss': 116.27, 'target': 112.46999999999998}
2025-11-20 09:26:55,868 [INFO] after SL after filtering the final SL:0.95, final_target:112.47, qty:105
2025-11-20 09:26:56,736 [INFO] Order Response: {'code': 1101, 'message': 'Successfully placed order', 's': 'ok', 'id': '25112000030751-BO-1'}
2025-11-20 09:26:56,739 [INFO] Trades taken today: 1
2025-11-20 09:26:56,739 [INFO] Remaining trades for the day: 5
2025-11-20 09:26:56,740 [INFO] ✅ Order placed successfully for NSE:NBCC-EQ
2025-11-20 09:27:07,353 [INFO] Checking trade setups at 2025-11-20 09:27:07
2025-11-20 09:27:07,353 [INFO] Applying EMA strategy to 2 stocks.
2025-11-20 09:27:19,084 [INFO] Checking trade setups at 2025-11-20 09:27:19
2025-11-20 09:27:19,084 [INFO] Applying EMA strategy to 2 stocks.
2025-11-20 09:27:30,615 [INFO] Checking trade setups at 2025-11-20 09:27:30
2025-11-20 09:27:30,615 [INFO] Applying EMA strategy to 2 stocks.
2025-11-20 09:27:42,520 [INFO] Checking trade setups at 2025-11-20 09:27:42
2025-11-20 09:27:42,520 [INFO] Applying EMA strategy to 2 stocks.
2025-11-20 09:27:54,409 [INFO] Checking trade setups at 2025-11-20 09:27:54
2025-11-20 09:27:54,409 [INFO] Applying EMA strategy to 2 stocks.
2025-11-20 09:28:05,769 [INFO] Checking trade setups at 2025-11-20 09:28:05
2025-11-20 09:28:05,769 [INFO] Applying EMA strategy to 2 stocks.
2025-11-20 09:28:16,988 [INFO] Checking trade setups at 2025-11-20 09:28:16
2025-11-20 09:28:16,988 [INFO] Applying EMA strategy to 2 stocks.
2025-11-20 09:28:28,150 [INFO] Checking trade setups at 2025-11-20 09:28:28
2025-11-20 09:28:28,150 [INFO] Applying EMA strategy to 2 stocks.
2025-11-20 09:28:40,047 [INFO] Checking trade setups at 2025-11-20 09:28:40
2025-11-20 09:28:40,047 [INFO] Applying EMA strategy to 2 stocks.
2025-11-20 09:28:51,601 [INFO] Checking trade setups at 2025-11-20 09:28:51
2025-11-20 09:28:51,601 [INFO] Applying EMA strategy to 2 stocks.
2025-11-20 09:29:03,328 [INFO] Checking trade setups at 2025-11-20 09:29:03
2025-11-20 09:29:03,328 [INFO] Applying EMA strategy to 2 stocks.
2025-11-20 09:29:14,839 [INFO] Checking trade setups at 2025-11-20 09:29:14
2025-11-20 09:29:14,839 [INFO] Applying EMA strategy to 2 stocks.
2025-11-20 09:29:25,904 [INFO] Checking trade setups at 2025-11-20 09:29:25
2025-11-20 09:29:25,904 [INFO] Applying EMA strategy to 2 stocks.
2025-11-20 09:29:37,164 [INFO] Checking trade setups at 2025-11-20 09:29:37
2025-11-20 09:29:37,164 [INFO] Applying EMA strategy to 2 stocks.
2025-11-20 09:29:48,277 [INFO] Checking trade setups at 2025-11-20 09:29:48
2025-11-20 09:29:48,277 [INFO] Applying EMA strategy to 2 stocks.
2025-11-20 09:29:59,598 [INFO] Checking trade setups at 2025-11-20 09:29:59
2025-11-20 09:29:59,598 [INFO] Applying EMA strategy to 2 stocks.
2025-11-20 09:30:12,515 [INFO] Checking trade setups at 2025-11-20 09:30:12
2025-11-20 09:30:12,515 [INFO] Applying EMA strategy to 2 stocks.
2025-11-20 09:30:24,068 [INFO] Checking trade setups at 2025-11-20 09:30:24
2025-11-20 09:30:24,068 [INFO] Applying EMA strategy to 2 stocks.
2025-11-20 09:30:35,238 [INFO] Checking trade setups at 2025-11-20 09:30:35
2025-11-20 09:30:35,238 [INFO] Applying EMA strategy to 2 stocks.
2025-11-20 09:30:46,807 [INFO] Checking trade setups at 2025-11-20 09:30:46
2025-11-20 09:30:46,807 [INFO] Applying EMA strategy to 2 stocks.
2025-11-20 09:30:58,474 [INFO] Checking trade setups at 2025-11-20 09:30:58
2025-11-20 09:30:58,474 [INFO] Applying EMA strategy to 2 stocks.
2025-11-20 09:31:10,593 [INFO] Checking trade setups at 2025-11-20 09:31:10
2025-11-20 09:31:10,593 [INFO] Applying EMA strategy to 2 stocks.
2025-11-20 09:31:21,991 [INFO] Checking trade setups at 2025-11-20 09:31:21
2025-11-20 09:31:21,991 [INFO] Applying EMA strategy to 2 stocks.
2025-11-20 09:31:33,291 [INFO] Checking trade setups at 2025-11-20 09:31:33
2025-11-20 09:31:33,291 [INFO] Applying EMA strategy to 2 stocks.
2025-11-20 09:31:44,766 [INFO] Checking trade setups at 2025-11-20 09:31:44
2025-11-20 09:31:44,766 [INFO] Applying EMA strategy to 2 stocks.
2025-11-20 09:31:57,147 [INFO] Checking trade setups at 2025-11-20 09:31:57
2025-11-20 09:31:57,147 [INFO] Applying EMA strategy to 2 stocks.
2025-11-20 09:32:08,421 [INFO] Checking trade setups at 2025-11-20 09:32:08
2025-11-20 09:32:08,421 [INFO] Applying EMA strategy to 2 stocks.
2025-11-20 09:32:20,218 [INFO] Checking trade setups at 2025-11-20 09:32:20
2025-11-20 09:32:20,218 [INFO] Applying EMA strategy to 2 stocks.
2025-11-20 09:32:31,778 [INFO] Checking trade setups at 2025-11-20 09:32:31
2025-11-20 09:32:31,780 [INFO] Applying EMA strategy to 2 stocks.
2025-11-20 09:32:43,247 [INFO] Checking trade setups at 2025-11-20 09:32:43
2025-11-20 09:32:43,247 [INFO] Applying EMA strategy to 2 stocks.
2025-11-20 09:32:56,132 [INFO] Checking trade setups at 2025-11-20 09:32:56
2025-11-20 09:32:56,132 [INFO] Applying EMA strategy to 2 stocks.
2025-11-20 09:33:07,714 [INFO] Checking trade setups at 2025-11-20 09:33:07
2025-11-20 09:33:07,714 [INFO] Applying EMA strategy to 2 stocks.
2025-11-20 09:33:19,275 [INFO] Checking trade setups at 2025-11-20 09:33:19
2025-11-20 09:33:19,275 [INFO] Applying EMA strategy to 2 stocks.
2025-11-20 09:33:31,153 [INFO] Checking trade setups at 2025-11-20 09:33:31
2025-11-20 09:33:31,153 [INFO] Applying EMA strategy to 2 stocks.
2025-11-20 09:33:42,439 [INFO] Checking trade setups at 2025-11-20 09:33:42
2025-11-20 09:33:42,439 [INFO] Applying EMA strategy to 2 stocks.
2025-11-20 09:33:53,710 [INFO] Checking trade setups at 2025-11-20 09:33:53
2025-11-20 09:33:53,716 [INFO] Applying EMA strategy to 2 stocks.
2025-11-20 09:34:05,117 [INFO] Checking trade setups at 2025-11-20 09:34:05
2025-11-20 09:34:05,117 [INFO] Applying EMA strategy to 2 stocks.
2025-11-20 09:34:16,554 [INFO] Checking trade setups at 2025-11-20 09:34:16
2025-11-20 09:34:16,555 [INFO] Applying EMA strategy to 2 stocks.
2025-11-20 09:34:28,604 [INFO] Checking trade setups at 2025-11-20 09:34:28
2025-11-20 09:34:28,604 [INFO] Applying EMA strategy to 2 stocks.
2025-11-20 09:34:41,502 [INFO] Checking trade setups at 2025-11-20 09:34:41
2025-11-20 09:34:41,502 [INFO] Applying EMA strategy to 2 stocks.
2025-11-20 09:34:52,878 [INFO] Checking trade setups at 2025-11-20 09:34:52
2025-11-20 09:34:52,878 [INFO] Applying EMA strategy to 2 stocks.
2025-11-20 09:35:03,936 [INFO] Checking trade setups at 2025-11-20 09:35:03
2025-11-20 09:35:03,937 [INFO] Applying EMA strategy to 2 stocks.
2025-11-20 09:35:16,442 [INFO] Checking trade setups at 2025-11-20 09:35:16
2025-11-20 09:35:16,442 [INFO] Applying EMA strategy to 2 stocks.
2025-11-20 09:35:27,801 [INFO] Checking trade setups at 2025-11-20 09:35:27
2025-11-20 09:35:27,801 [INFO] Applying EMA strategy to 2 stocks.
2025-11-20 09:35:39,371 [INFO] Checking trade setups at 2025-11-20 09:35:39
2025-11-20 09:35:39,373 [INFO] Applying EMA strategy to 2 stocks.
2025-11-20 09:35:50,610 [INFO] Checking trade setups at 2025-11-20 09:35:50
2025-11-20 09:35:50,610 [INFO] Applying EMA strategy to 2 stocks.
2025-11-20 09:36:01,796 [INFO] Checking trade setups at 2025-11-20 09:36:01
2025-11-20 09:36:01,796 [INFO] Applying EMA strategy to 2 stocks.
2025-11-20 09:36:12,862 [INFO] Checking trade setups at 2025-11-20 09:36:12
2025-11-20 09:36:12,862 [INFO] Applying EMA strategy to 2 stocks.
2025-11-20 09:36:24,120 [INFO] Checking trade setups at 2025-11-20 09:36:24
2025-11-20 09:36:24,120 [INFO] Applying EMA strategy to 2 stocks.
2025-11-20 09:36:35,337 [INFO] Checking trade setups at 2025-11-20 09:36:35
2025-11-20 09:36:35,338 [INFO] Applying EMA strategy to 2 stocks.
2025-11-20 09:36:46,518 [INFO] Checking trade setups at 2025-11-20 09:36:46
2025-11-20 09:36:46,519 [INFO] Applying EMA strategy to 2 stocks.
2025-11-20 09:36:47,394 [INFO] Executing trade for NSE:NBCC-EQ: {'timestamp': '2025-11-20 09:35', 'action': 'SELL', 'entry_price': 115.2, 'stop_loss': 115.95, 'target': 112.95}
2025-11-20 09:36:47,395 [INFO] after SL after filtering the final SL:0.75, final_target:112.95, qty:133
2025-11-20 09:36:47,442 [INFO] Cannot trade NSE:NBCC-EQ as it has already been traded within 10 minutes.
2025-11-20 09:36:47,442 [INFO] NSE:NBCC-EQ already traded today. Skipping.
2025-11-20 09:36:58,123 [INFO] Checking trade setups at 2025-11-20 09:36:58
2025-11-20 09:36:58,123 [INFO] Applying EMA strategy to 2 stocks.
2025-11-20 09:37:09,354 [INFO] Checking trade setups at 2025-11-20 09:37:09
2025-11-20 09:37:09,354 [INFO] Applying EMA strategy to 2 stocks.
2025-11-20 09:37:20,471 [INFO] Checking trade setups at 2025-11-20 09:37:20
2025-11-20 09:37:20,471 [INFO] Applying EMA strategy to 2 stocks.
2025-11-20 09:37:33,362 [INFO] Checking trade setups at 2025-11-20 09:37:33
2025-11-20 09:37:33,362 [INFO] Applying EMA strategy to 2 stocks.
2025-11-20 09:37:45,791 [INFO] Checking trade setups at 2025-11-20 09:37:45
2025-11-20 09:37:45,791 [INFO] Applying EMA strategy to 2 stocks.
2025-11-20 09:37:57,101 [INFO] Checking trade setups at 2025-11-20 09:37:57
2025-11-20 09:37:57,101 [INFO] Applying EMA strategy to 2 stocks.
2025-11-20 09:38:08,274 [INFO] Checking trade setups at 2025-11-20 09:38:08
2025-11-20 09:38:08,274 [INFO] Applying EMA strategy to 2 stocks.
2025-11-20 09:38:19,254 [INFO] Checking trade setups at 2025-11-20 09:38:19
2025-11-20 09:38:19,254 [INFO] Applying EMA strategy to 2 stocks.
2025-11-20 09:38:30,172 [INFO] Checking trade setups at 2025-11-20 09:38:30
2025-11-20 09:38:30,172 [INFO] Applying EMA strategy to 2 stocks.
2025-11-20 09:38:41,340 [INFO] Checking trade setups at 2025-11-20 09:38:41
2025-11-20 09:38:41,340 [INFO] Applying EMA strategy to 2 stocks.
2025-11-20 09:38:52,311 [INFO] Checking trade setups at 2025-11-20 09:38:52
2025-11-20 09:38:52,311 [INFO] Applying EMA strategy to 2 stocks.
2025-11-20 09:39:03,601 [INFO] Checking trade setups at 2025-11-20 09:39:03
2025-11-20 09:39:03,601 [INFO] Applying EMA strategy to 2 stocks.
2025-11-20 09:39:14,974 [INFO] Checking trade setups at 2025-11-20 09:39:14
2025-11-20 09:39:14,974 [INFO] Applying EMA strategy to 2 stocks.
2025-11-20 09:39:26,775 [INFO] Checking trade setups at 2025-11-20 09:39:26
2025-11-20 09:39:26,775 [INFO] Applying EMA strategy to 2 stocks.
2025-11-20 09:39:38,477 [INFO] Checking trade setups at 2025-11-20 09:39:38
2025-11-20 09:39:38,479 [INFO] Applying EMA strategy to 2 stocks.
2025-11-20 09:39:50,272 [INFO] Checking trade setups at 2025-11-20 09:39:50
2025-11-20 09:39:50,272 [INFO] Applying EMA strategy to 2 stocks.
2025-11-20 09:40:01,347 [INFO] Checking trade setups at 2025-11-20 09:40:01
2025-11-20 09:40:01,347 [INFO] Applying EMA strategy to 2 stocks.
2025-11-20 09:40:12,685 [INFO] Checking trade setups at 2025-11-20 09:40:12
2025-11-20 09:40:12,685 [INFO] Applying EMA strategy to 2 stocks.
2025-11-20 09:40:24,480 [INFO] Checking trade setups at 2025-11-20 09:40:24
2025-11-20 09:40:24,480 [INFO] Applying EMA strategy to 2 stocks.
2025-11-20 09:40:36,783 [INFO] Checking trade setups at 2025-11-20 09:40:36
2025-11-20 09:40:36,783 [INFO] Applying EMA strategy to 2 stocks.
2025-11-20 09:40:48,156 [INFO] Checking trade setups at 2025-11-20 09:40:48
2025-11-20 09:40:48,156 [INFO] Applying EMA strategy to 2 stocks.
2025-11-20 09:40:59,809 [INFO] Checking trade setups at 2025-11-20 09:40:59
2025-11-20 09:40:59,809 [INFO] Applying EMA strategy to 2 stocks.
2025-11-20 09:41:11,061 [INFO] Checking trade setups at 2025-11-20 09:41:11
2025-11-20 09:41:11,061 [INFO] Applying EMA strategy to 2 stocks.
2025-11-20 09:41:22,650 [INFO] Checking trade setups at 2025-11-20 09:41:22
2025-11-20 09:41:22,650 [INFO] Applying EMA strategy to 2 stocks.
2025-11-20 09:41:33,901 [INFO] Checking trade setups at 2025-11-20 09:41:33
2025-11-20 09:41:33,901 [INFO] Applying EMA strategy to 2 stocks.
2025-11-20 09:41:45,404 [INFO] Checking trade setups at 2025-11-20 09:41:45
2025-11-20 09:41:45,404 [INFO] Applying EMA strategy to 2 stocks.
2025-11-20 09:41:57,558 [INFO] Checking trade setups at 2025-11-20 09:41:57
2025-11-20 09:41:57,558 [INFO] Applying EMA strategy to 2 stocks.
2025-11-20 09:42:08,921 [INFO] Checking trade setups at 2025-11-20 09:42:08
2025-11-20 09:42:08,921 [INFO] Applying EMA strategy to 2 stocks.
2025-11-20 09:42:20,791 [INFO] Checking trade setups at 2025-11-20 09:42:20
2025-11-20 09:42:20,791 [INFO] Applying EMA strategy to 2 stocks.
2025-11-20 09:42:31,961 [INFO] Checking trade setups at 2025-11-20 09:42:31
2025-11-20 09:42:31,961 [INFO] Applying EMA strategy to 2 stocks.
2025-11-20 09:42:43,329 [INFO] Checking trade setups at 2025-11-20 09:42:43
2025-11-20 09:42:43,329 [INFO] Applying EMA strategy to 2 stocks.
2025-11-20 09:42:55,155 [INFO] Checking trade setups at 2025-11-20 09:42:55
2025-11-20 09:42:55,155 [INFO] Applying EMA strategy to 2 stocks.
2025-11-20 09:43:06,811 [INFO] Checking trade setups at 2025-11-20 09:43:06
2025-11-20 09:43:06,811 [INFO] Applying EMA strategy to 2 stocks.
2025-11-20 09:43:18,510 [INFO] Checking trade setups at 2025-11-20 09:43:18
2025-11-20 09:43:18,510 [INFO] Applying EMA strategy to 2 stocks.
2025-11-20 09:43:30,141 [INFO] Checking trade setups at 2025-11-20 09:43:30
2025-11-20 09:43:30,141 [INFO] Applying EMA strategy to 2 stocks.
2025-11-20 09:43:41,203 [INFO] Checking trade setups at 2025-11-20 09:43:41
2025-11-20 09:43:41,203 [INFO] Applying EMA strategy to 2 stocks.
2025-11-20 09:43:53,976 [INFO] Checking trade setups at 2025-11-20 09:43:53
2025-11-20 09:43:53,976 [INFO] Applying EMA strategy to 2 stocks.
2025-11-20 09:44:05,600 [INFO] Checking trade setups at 2025-11-20 09:44:05
2025-11-20 09:44:05,600 [INFO] Applying EMA strategy to 2 stocks.
2025-11-20 09:44:16,968 [INFO] Checking trade setups at 2025-11-20 09:44:16
2025-11-20 09:44:16,968 [INFO] Applying EMA strategy to 2 stocks.
2025-11-20 09:44:28,589 [INFO] Checking trade setups at 2025-11-20 09:44:28
2025-11-20 09:44:28,589 [INFO] Applying EMA strategy to 2 stocks.
2025-11-20 09:44:40,284 [INFO] Checking trade setups at 2025-11-20 09:44:40
2025-11-20 09:44:40,284 [INFO] Applying EMA strategy to 2 stocks.
2025-11-20 09:44:51,994 [INFO] Checking trade setups at 2025-11-20 09:44:51
2025-11-20 09:44:51,994 [INFO] Applying EMA strategy to 2 stocks.
2025-11-20 09:45:04,737 [INFO] Checking trade setups at 2025-11-20 09:45:04
2025-11-20 09:45:04,737 [INFO] Applying EMA strategy to 2 stocks.
2025-11-20 09:45:16,247 [INFO] Checking trade setups at 2025-11-20 09:45:16
2025-11-20 09:45:16,247 [INFO] Applying EMA strategy to 2 stocks.
2025-11-20 09:45:27,359 [INFO] Checking trade setups at 2025-11-20 09:45:27
2025-11-20 09:45:27,359 [INFO] Applying EMA strategy to 2 stocks.
2025-11-20 09:45:38,869 [INFO] Checking trade setups at 2025-11-20 09:45:38
2025-11-20 09:45:38,869 [INFO] Applying EMA strategy to 2 stocks.
2025-11-20 09:45:50,377 [INFO] Checking trade setups at 2025-11-20 09:45:50
2025-11-20 09:45:50,377 [INFO] Applying EMA strategy to 2 stocks.
2025-11-20 09:46:02,919 [INFO] Checking trade setups at 2025-11-20 09:46:02
2025-11-20 09:46:02,919 [INFO] Applying EMA strategy to 2 stocks.
2025-11-20 09:46:14,267 [INFO] Checking trade setups at 2025-11-20 09:46:14
2025-11-20 09:46:14,267 [INFO] Applying EMA strategy to 2 stocks.
2025-11-20 09:46:26,042 [INFO] Checking trade setups at 2025-11-20 09:46:26
2025-11-20 09:46:26,042 [INFO] Applying EMA strategy to 2 stocks.
2025-11-20 09:46:37,149 [INFO] Checking trade setups at 2025-11-20 09:46:37
2025-11-20 09:46:37,149 [INFO] Applying EMA strategy to 2 stocks.
2025-11-20 09:46:48,281 [INFO] Checking trade setups at 2025-11-20 09:46:48
2025-11-20 09:46:48,281 [INFO] Applying EMA strategy to 2 stocks.
2025-11-20 09:47:00,184 [INFO] Checking trade setups at 2025-11-20 09:47:00
2025-11-20 09:47:00,184 [INFO] Applying EMA strategy to 2 stocks.
2025-11-20 09:47:11,618 [INFO] Checking trade setups at 2025-11-20 09:47:11
2025-11-20 09:47:11,618 [INFO] Applying EMA strategy to 2 stocks.
2025-11-20 09:47:22,911 [INFO] Checking trade setups at 2025-11-20 09:47:22
2025-11-20 09:47:22,911 [INFO] Applying EMA strategy to 2 stocks.
2025-11-20 09:47:34,447 [INFO] Checking trade setups at 2025-11-20 09:47:34
2025-11-20 09:47:34,447 [INFO] Applying EMA strategy to 2 stocks.
2025-11-20 09:47:46,846 [INFO] Checking trade setups at 2025-11-20 09:47:46
2025-11-20 09:47:46,846 [INFO] Applying EMA strategy to 2 stocks.
2025-11-20 09:47:58,371 [INFO] Checking trade setups at 2025-11-20 09:47:58
2025-11-20 09:47:58,371 [INFO] Applying EMA strategy to 2 stocks.
2025-11-20 09:48:09,731 [INFO] Checking trade setups at 2025-11-20 09:48:09
2025-11-20 09:48:09,731 [INFO] Applying EMA strategy to 2 stocks.
2025-11-20 09:48:21,252 [INFO] Checking trade setups at 2025-11-20 09:48:21
2025-11-20 09:48:21,252 [INFO] Applying EMA strategy to 2 stocks.
2025-11-20 09:48:32,437 [INFO] Checking trade setups at 2025-11-20 09:48:32
2025-11-20 09:48:32,438 [INFO] Applying EMA strategy to 2 stocks.
2025-11-20 09:48:44,098 [INFO] Checking trade setups at 2025-11-20 09:48:44
2025-11-20 09:48:44,098 [INFO] Applying EMA strategy to 2 stocks.
2025-11-20 09:48:55,254 [INFO] Checking trade setups at 2025-11-20 09:48:55
2025-11-20 09:48:55,254 [INFO] Applying EMA strategy to 2 stocks.
2025-11-20 09:49:07,372 [INFO] Checking trade setups at 2025-11-20 09:49:07
2025-11-20 09:49:07,372 [INFO] Applying EMA strategy to 2 stocks.
2025-11-20 09:49:18,771 [INFO] Checking trade setups at 2025-11-20 09:49:18
2025-11-20 09:49:18,771 [INFO] Applying EMA strategy to 2 stocks.
2025-11-20 09:49:30,267 [INFO] Checking trade setups at 2025-11-20 09:49:30
2025-11-20 09:49:30,267 [INFO] Applying EMA strategy to 2 stocks.
2025-11-20 09:49:41,565 [INFO] Checking trade setups at 2025-11-20 09:49:41
2025-11-20 09:49:41,565 [INFO] Applying EMA strategy to 2 stocks.
2025-11-20 09:49:52,806 [INFO] Checking trade setups at 2025-11-20 09:49:52
2025-11-20 09:49:52,806 [INFO] Applying EMA strategy to 2 stocks.
2025-11-20 09:50:04,268 [INFO] Checking trade setups at 2025-11-20 09:50:04
2025-11-20 09:50:04,268 [INFO] Applying EMA strategy to 2 stocks.
2025-11-20 09:50:16,028 [INFO] Checking trade setups at 2025-11-20 09:50:16
2025-11-20 09:50:16,028 [INFO] Applying EMA strategy to 2 stocks.
2025-11-20 09:50:27,636 [INFO] Checking trade setups at 2025-11-20 09:50:27
2025-11-20 09:50:27,636 [INFO] Applying EMA strategy to 2 stocks.
2025-11-20 09:50:39,119 [INFO] Checking trade setups at 2025-11-20 09:50:39
2025-11-20 09:50:39,119 [INFO] Applying EMA strategy to 2 stocks.
2025-11-20 09:50:50,412 [INFO] Checking trade setups at 2025-11-20 09:50:50
2025-11-20 09:50:50,412 [INFO] Applying EMA strategy to 2 stocks.
2025-11-20 09:51:01,780 [INFO] Checking trade setups at 2025-11-20 09:51:01
2025-11-20 09:51:01,780 [INFO] Applying EMA strategy to 2 stocks.
2025-11-20 09:51:13,278 [INFO] Checking trade setups at 2025-11-20 09:51:13
2025-11-20 09:51:13,278 [INFO] Applying EMA strategy to 2 stocks.
2025-11-20 09:51:24,768 [INFO] Checking trade setups at 2025-11-20 09:51:24
2025-11-20 09:51:24,768 [INFO] Applying EMA strategy to 2 stocks.
2025-11-20 09:51:36,164 [INFO] Checking trade setups at 2025-11-20 09:51:36
2025-11-20 09:51:36,164 [INFO] Applying EMA strategy to 2 stocks.
2025-11-20 09:51:47,587 [INFO] Checking trade setups at 2025-11-20 09:51:47
2025-11-20 09:51:47,587 [INFO] Applying EMA strategy to 2 stocks.
2025-11-20 09:51:59,162 [INFO] Checking trade setups at 2025-11-20 09:51:59
2025-11-20 09:51:59,162 [INFO] Applying EMA strategy to 2 stocks.
2025-11-20 09:52:10,333 [INFO] Checking trade setups at 2025-11-20 09:52:10
2025-11-20 09:52:10,333 [INFO] Applying EMA strategy to 2 stocks.
2025-11-20 09:52:21,517 [INFO] Checking trade setups at 2025-11-20 09:52:21
2025-11-20 09:52:21,517 [INFO] Applying EMA strategy to 2 stocks.
2025-11-20 09:52:34,536 [INFO] Checking trade setups at 2025-11-20 09:52:34
2025-11-20 09:52:34,536 [INFO] Applying EMA strategy to 2 stocks.
2025-11-20 09:52:46,014 [INFO] Checking trade setups at 2025-11-20 09:52:46
2025-11-20 09:52:46,014 [INFO] Applying EMA strategy to 2 stocks.
2025-11-20 09:52:57,360 [INFO] Checking trade setups at 2025-11-20 09:52:57
2025-11-20 09:52:57,360 [INFO] Applying EMA strategy to 2 stocks.
2025-11-20 09:53:09,016 [INFO] Checking trade setups at 2025-11-20 09:53:09
2025-11-20 09:53:09,016 [INFO] Applying EMA strategy to 2 stocks.
2025-11-20 09:53:20,776 [INFO] Checking trade setups at 2025-11-20 09:53:20
2025-11-20 09:53:20,776 [INFO] Applying EMA strategy to 2 stocks.
2025-11-20 09:53:32,355 [INFO] Checking trade setups at 2025-11-20 09:53:32
2025-11-20 09:53:32,355 [INFO] Applying EMA strategy to 2 stocks.
2025-11-20 09:53:44,229 [INFO] Checking trade setups at 2025-11-20 09:53:44
2025-11-20 09:53:44,229 [INFO] Applying EMA strategy to 2 stocks.
2025-11-20 09:53:55,521 [INFO] Checking trade setups at 2025-11-20 09:53:55
2025-11-20 09:53:55,521 [INFO] Applying EMA strategy to 2 stocks.
2025-11-20 09:54:06,962 [INFO] Checking trade setups at 2025-11-20 09:54:06
2025-11-20 09:54:06,962 [INFO] Applying EMA strategy to 2 stocks.
2025-11-20 09:54:18,205 [INFO] Checking trade setups at 2025-11-20 09:54:18
2025-11-20 09:54:18,205 [INFO] Applying EMA strategy to 2 stocks.
2025-11-20 09:54:29,631 [INFO] Checking trade setups at 2025-11-20 09:54:29
2025-11-20 09:54:29,634 [INFO] Applying EMA strategy to 2 stocks.
2025-11-20 09:54:40,896 [INFO] Checking trade setups at 2025-11-20 09:54:40
2025-11-20 09:54:40,896 [INFO] Applying EMA strategy to 2 stocks.
2025-11-20 09:54:52,583 [INFO] Checking trade setups at 2025-11-20 09:54:52
2025-11-20 09:54:52,583 [INFO] Applying EMA strategy to 2 stocks.
2025-11-20 09:55:04,064 [INFO] Checking trade setups at 2025-11-20 09:55:04
2025-11-20 09:55:04,064 [INFO] Applying EMA strategy to 2 stocks.
2025-11-20 09:55:15,579 [INFO] Checking trade setups at 2025-11-20 09:55:15
2025-11-20 09:55:15,579 [INFO] Applying EMA strategy to 2 stocks.
2025-11-20 09:55:27,042 [INFO] Checking trade setups at 2025-11-20 09:55:27
2025-11-20 09:55:27,042 [INFO] Applying EMA strategy to 2 stocks.
2025-11-20 09:55:38,522 [INFO] Checking trade setups at 2025-11-20 09:55:38
2025-11-20 09:55:38,522 [INFO] Applying EMA strategy to 2 stocks.
2025-11-20 09:55:50,079 [INFO] Checking trade setups at 2025-11-20 09:55:50
2025-11-20 09:55:50,079 [INFO] Applying EMA strategy to 2 stocks.
2025-11-20 09:56:01,351 [INFO] Checking trade setups at 2025-11-20 09:56:01
2025-11-20 09:56:01,351 [INFO] Applying EMA strategy to 2 stocks.
2025-11-20 09:56:13,634 [INFO] Checking trade setups at 2025-11-20 09:56:13
2025-11-20 09:56:13,634 [INFO] Applying EMA strategy to 2 stocks.
2025-11-20 09:56:24,849 [INFO] Checking trade setups at 2025-11-20 09:56:24
2025-11-20 09:56:24,849 [INFO] Applying EMA strategy to 2 stocks.
2025-11-20 09:56:36,579 [INFO] Checking trade setups at 2025-11-20 09:56:36
2025-11-20 09:56:36,579 [INFO] Applying EMA strategy to 2 stocks.
2025-11-20 09:56:48,249 [INFO] Checking trade setups at 2025-11-20 09:56:48
2025-11-20 09:56:48,249 [INFO] Applying EMA strategy to 2 stocks.
2025-11-20 09:57:00,139 [INFO] Checking trade setups at 2025-11-20 09:57:00
2025-11-20 09:57:00,139 [INFO] Applying EMA strategy to 2 stocks.
2025-11-20 09:57:11,673 [INFO] Checking trade setups at 2025-11-20 09:57:11
2025-11-20 09:57:11,673 [INFO] Applying EMA strategy to 2 stocks.
2025-11-20 09:57:23,117 [INFO] Checking trade setups at 2025-11-20 09:57:23
2025-11-20 09:57:23,118 [INFO] Applying EMA strategy to 2 stocks.
2025-11-20 09:57:35,054 [INFO] Checking trade setups at 2025-11-20 09:57:35
2025-11-20 09:57:35,054 [INFO] Applying EMA strategy to 2 stocks.
2025-11-20 09:57:47,031 [INFO] Checking trade setups at 2025-11-20 09:57:47
2025-11-20 09:57:47,031 [INFO] Applying EMA strategy to 2 stocks.
2025-11-20 09:57:58,884 [INFO] Checking trade setups at 2025-11-20 09:57:58
2025-11-20 09:57:58,884 [INFO] Applying EMA strategy to 2 stocks.
2025-11-20 09:58:00,423 [INFO] Fetching candles for NSE:TMPV-EQ...
2025-11-20 09:58:01,130 [INFO] No candles fetched for NSE:TMPV-EQ. Skipping evaluation.
2025-11-20 09:58:11,131 [INFO] Checking trade setups at 2025-11-20 09:58:11
2025-11-20 09:58:11,131 [INFO] Applying EMA strategy to 2 stocks.
2025-11-20 09:58:13,257 [INFO] Fetching candles for NSE:TMPV-EQ...
2025-11-20 09:58:13,979 [INFO] No candles fetched for NSE:TMPV-EQ. Skipping evaluation.
2025-11-20 09:58:23,979 [INFO] Checking trade setups at 2025-11-20 09:58:23
2025-11-20 09:58:23,979 [INFO] Applying EMA strategy to 2 stocks.
2025-11-20 09:58:25,374 [INFO] Fetching candles for NSE:TMPV-EQ...
2025-11-20 09:58:26,081 [INFO] No candles fetched for NSE:TMPV-EQ. Skipping evaluation.
2025-11-20 09:58:36,083 [INFO] Checking trade setups at 2025-11-20 09:58:36
2025-11-20 09:58:36,083 [INFO] Applying EMA strategy to 2 stocks.
2025-11-20 09:58:37,264 [INFO] Fetching candles for NSE:TMPV-EQ...
2025-11-20 09:58:37,863 [INFO] No candles fetched for NSE:TMPV-EQ. Skipping evaluation.
2025-11-20 09:58:47,865 [INFO] Checking trade setups at 2025-11-20 09:58:47
2025-11-20 09:58:47,865 [INFO] Applying EMA strategy to 2 stocks.
2025-11-20 09:58:49,286 [INFO] Fetching candles for NSE:TMPV-EQ...
2025-11-20 09:58:50,556 [INFO] No candles fetched for NSE:TMPV-EQ. Skipping evaluation.
2025-11-20 09:59:00,558 [INFO] Checking trade setups at 2025-11-20 09:59:00
2025-11-20 09:59:00,558 [INFO] Applying EMA strategy to 2 stocks.
2025-11-20 09:59:02,125 [INFO] Fetching candles for NSE:TMPV-EQ...
2025-11-20 09:59:02,689 [INFO] No candles fetched for NSE:TMPV-EQ. Skipping evaluation.
2025-11-20 09:59:12,691 [INFO] Checking trade setups at 2025-11-20 09:59:12
2025-11-20 09:59:12,691 [INFO] Applying EMA strategy to 2 stocks.
2025-11-20 09:59:14,684 [INFO] Fetching candles for NSE:TMPV-EQ...
2025-11-20 09:59:15,504 [INFO] No candles fetched for NSE:TMPV-EQ. Skipping evaluation.
2025-11-20 09:59:25,511 [INFO] Checking trade setups at 2025-11-20 09:59:25
2025-11-20 09:59:25,517 [INFO] Applying EMA strategy to 2 stocks.
2025-11-20 09:59:26,707 [INFO] Fetching candles for NSE:TMPV-EQ...
2025-11-20 09:59:27,221 [INFO] No candles fetched for NSE:TMPV-EQ. Skipping evaluation.
2025-11-20 09:59:37,222 [INFO] Checking trade setups at 2025-11-20 09:59:37
2025-11-20 09:59:37,222 [INFO] Applying EMA strategy to 2 stocks.
2025-11-20 09:59:38,458 [INFO] Fetching candles for NSE:TMPV-EQ...
2025-11-20 09:59:39,219 [INFO] No candles fetched for NSE:TMPV-EQ. Skipping evaluation.
2025-11-20 09:59:49,220 [INFO] Checking trade setups at 2025-11-20 09:59:49
2025-11-20 09:59:49,221 [INFO] Applying EMA strategy to 2 stocks.
2025-11-20 09:59:50,353 [INFO] Fetching candles for NSE:TMPV-EQ...
2025-11-20 09:59:52,060 [INFO] No candles fetched for NSE:TMPV-EQ. Skipping evaluation.
2025-11-20 10:00:02,064 [INFO] Checking trade setups at 2025-11-20 10:00:02
2025-11-20 10:00:02,064 [INFO] Applying EMA strategy to 2 stocks.
2025-11-20 10:00:03,601 [INFO] Fetching candles for NSE:TMPV-EQ...
2025-11-20 10:00:04,363 [INFO] Trigger candle found for NSE:TMPV-EQ - High: 361.65, Low: 361.5
2025-11-20 10:00:04,363 [INFO] Candle 10:00 evaluated. High: 361.65, Low: 361.5
2025-11-20 10:00:04,363 [INFO] No breakout yet. Watching further candles...
2025-11-20 10:00:14,365 [INFO] Checking trade setups at 2025-11-20 10:00:14
2025-11-20 10:00:14,365 [INFO] Applying EMA strategy to 2 stocks.
2025-11-20 10:00:16,508 [INFO] Fetching candles for NSE:TMPV-EQ...
2025-11-20 10:00:17,200 [INFO] Trigger candle found for NSE:TMPV-EQ - High: 361.65, Low: 361.4
2025-11-20 10:00:17,200 [INFO] Candle 10:00 evaluated. High: 361.65, Low: 361.4
2025-11-20 10:00:17,200 [INFO] No breakout yet. Watching further candles...
2025-11-20 10:00:27,202 [INFO] Checking trade setups at 2025-11-20 10:00:27
2025-11-20 10:00:27,202 [INFO] Applying EMA strategy to 2 stocks.
2025-11-20 10:00:28,599 [INFO] Fetching candles for NSE:TMPV-EQ...
2025-11-20 10:00:29,539 [INFO] Trigger candle found for NSE:TMPV-EQ - High: 361.7, Low: 361.35
2025-11-20 10:00:29,539 [INFO] Candle 10:00 evaluated. High: 361.7, Low: 361.35
2025-11-20 10:00:29,539 [INFO] No breakout yet. Watching further candles...
2025-11-20 10:00:39,542 [INFO] Checking trade setups at 2025-11-20 10:00:39
2025-11-20 10:00:39,542 [INFO] Applying EMA strategy to 2 stocks.
2025-11-20 10:00:40,995 [INFO] Fetching candles for NSE:TMPV-EQ...
2025-11-20 10:00:41,862 [INFO] Trigger candle found for NSE:TMPV-EQ - High: 361.75, Low: 361.35
2025-11-20 10:00:41,862 [INFO] Candle 10:00 evaluated. High: 361.75, Low: 361.35
2025-11-20 10:00:41,865 [INFO] No breakout yet. Watching further candles...
2025-11-20 10:00:51,867 [INFO] Checking trade setups at 2025-11-20 10:00:51
2025-11-20 10:00:51,867 [INFO] Applying EMA strategy to 2 stocks.
2025-11-20 10:00:53,139 [INFO] Fetching candles for NSE:TMPV-EQ...
2025-11-20 10:00:53,741 [INFO] Trigger candle found for NSE:TMPV-EQ - High: 361.85, Low: 361.35
2025-11-20 10:00:53,741 [INFO] Candle 10:00 evaluated. High: 361.85, Low: 361.35
2025-11-20 10:00:53,741 [INFO] No breakout yet. Watching further candles...
2025-11-20 10:01:03,742 [INFO] Checking trade setups at 2025-11-20 10:01:03
2025-11-20 10:01:03,742 [INFO] Applying EMA strategy to 2 stocks.
2025-11-20 10:01:05,437 [INFO] Fetching candles for NSE:TMPV-EQ...
2025-11-20 10:01:06,031 [INFO] Trigger candle found for NSE:TMPV-EQ - High: 361.85, Low: 361.35
2025-11-20 10:01:06,031 [INFO] Candle 10:00 evaluated. High: 361.85, Low: 361.35
2025-11-20 10:01:06,031 [INFO] No breakout yet. Watching further candles...
2025-11-20 10:01:16,033 [INFO] Checking trade setups at 2025-11-20 10:01:16
2025-11-20 10:01:16,033 [INFO] Applying EMA strategy to 2 stocks.
2025-11-20 10:01:17,713 [INFO] Fetching candles for NSE:TMPV-EQ...
2025-11-20 10:01:18,323 [INFO] Trigger candle found for NSE:TMPV-EQ - High: 361.85, Low: 361.35
2025-11-20 10:01:18,324 [INFO] Candle 10:00 evaluated. High: 361.85, Low: 361.35
2025-11-20 10:01:18,324 [INFO] No breakout yet. Watching further candles...
2025-11-20 10:01:28,326 [INFO] Checking trade setups at 2025-11-20 10:01:28
2025-11-20 10:01:28,326 [INFO] Applying EMA strategy to 2 stocks.
2025-11-20 10:01:30,149 [INFO] Fetching candles for NSE:TMPV-EQ...
2025-11-20 10:01:30,945 [INFO] Trigger candle found for NSE:TMPV-EQ - High: 361.85, Low: 361.35
2025-11-20 10:01:30,945 [INFO] Candle 10:00 evaluated. High: 361.85, Low: 361.35
2025-11-20 10:01:30,945 [INFO] No breakout yet. Watching further candles...
2025-11-20 10:01:40,951 [INFO] Checking trade setups at 2025-11-20 10:01:40
2025-11-20 10:01:40,951 [INFO] Applying EMA strategy to 2 stocks.
2025-11-20 10:01:42,212 [INFO] Fetching candles for NSE:TMPV-EQ...
2025-11-20 10:01:42,636 [INFO] Trigger candle found for NSE:TMPV-EQ - High: 361.85, Low: 361.35
2025-11-20 10:01:42,639 [INFO] Candle 10:00 evaluated. High: 361.85, Low: 361.35
2025-11-20 10:01:42,639 [INFO] No breakout yet. Watching further candles...
2025-11-20 10:01:52,640 [INFO] Checking trade setups at 2025-11-20 10:01:52
2025-11-20 10:01:52,640 [INFO] Applying EMA strategy to 2 stocks.
2025-11-20 10:01:54,272 [INFO] Fetching candles for NSE:TMPV-EQ...
2025-11-20 10:01:54,776 [INFO] Trigger candle found for NSE:TMPV-EQ - High: 361.85, Low: 361.35
2025-11-20 10:01:54,776 [INFO] Candle 10:00 evaluated. High: 361.85, Low: 361.35
2025-11-20 10:01:54,776 [INFO] No breakout yet. Watching further candles...
2025-11-20 10:02:04,783 [INFO] Checking trade setups at 2025-11-20 10:02:04
2025-11-20 10:02:04,783 [INFO] Applying EMA strategy to 2 stocks.
2025-11-20 10:02:06,390 [INFO] Fetching candles for NSE:TMPV-EQ...
2025-11-20 10:02:07,036 [INFO] Trigger candle found for NSE:TMPV-EQ - High: 361.85, Low: 361.35
2025-11-20 10:02:07,036 [INFO] Candle 10:00 evaluated. High: 361.85, Low: 361.35
2025-11-20 10:02:07,036 [INFO] No breakout yet. Watching further candles...
2025-11-20 10:02:17,038 [INFO] Checking trade setups at 2025-11-20 10:02:17
2025-11-20 10:02:17,038 [INFO] Applying EMA strategy to 2 stocks.
2025-11-20 10:02:18,908 [INFO] Fetching candles for NSE:TMPV-EQ...
2025-11-20 10:02:19,455 [INFO] Trigger candle found for NSE:TMPV-EQ - High: 361.85, Low: 361.35
2025-11-20 10:02:19,455 [INFO] Candle 10:00 evaluated. High: 361.85, Low: 361.35
2025-11-20 10:02:19,455 [INFO] No breakout yet. Watching further candles...
2025-11-20 10:02:29,462 [INFO] Checking trade setups at 2025-11-20 10:02:29
2025-11-20 10:02:29,462 [INFO] Applying EMA strategy to 2 stocks.
2025-11-20 10:02:30,914 [INFO] Fetching candles for NSE:TMPV-EQ...
2025-11-20 10:02:31,606 [INFO] Trigger candle found for NSE:TMPV-EQ - High: 361.85, Low: 361.35
2025-11-20 10:02:31,606 [INFO] Candle 10:00 evaluated. High: 361.85, Low: 361.35
2025-11-20 10:02:31,606 [INFO] No breakout yet. Watching further candles...
2025-11-20 10:02:41,608 [INFO] Checking trade setups at 2025-11-20 10:02:41
2025-11-20 10:02:41,608 [INFO] Applying EMA strategy to 2 stocks.
2025-11-20 10:02:42,887 [INFO] Fetching candles for NSE:TMPV-EQ...
2025-11-20 10:02:43,473 [INFO] Trigger candle found for NSE:TMPV-EQ - High: 361.85, Low: 361.35
2025-11-20 10:02:43,473 [INFO] Candle 10:00 evaluated. High: 361.85, Low: 361.35
2025-11-20 10:02:43,473 [INFO] No breakout yet. Watching further candles...
2025-11-20 10:02:53,475 [INFO] Checking trade setups at 2025-11-20 10:02:53
2025-11-20 10:02:53,475 [INFO] Applying EMA strategy to 2 stocks.
2025-11-20 10:02:55,307 [INFO] Fetching candles for NSE:TMPV-EQ...
2025-11-20 10:02:56,648 [INFO] Trigger candle found for NSE:TMPV-EQ - High: 361.85, Low: 361.35
2025-11-20 10:02:56,648 [INFO] Candle 10:00 evaluated. High: 361.85, Low: 361.35
2025-11-20 10:02:56,648 [INFO] No breakout yet. Watching further candles...
2025-11-20 10:03:06,650 [INFO] Checking trade setups at 2025-11-20 10:03:06
2025-11-20 10:03:06,650 [INFO] Applying EMA strategy to 2 stocks.
2025-11-20 10:03:08,418 [INFO] Fetching candles for NSE:TMPV-EQ...
2025-11-20 10:03:09,230 [INFO] Trigger candle found for NSE:TMPV-EQ - High: 361.85, Low: 361.35
2025-11-20 10:03:09,230 [INFO] Candle 10:00 evaluated. High: 361.85, Low: 361.35
2025-11-20 10:03:09,230 [INFO] No breakout yet. Watching further candles...
2025-11-20 10:03:19,232 [INFO] Checking trade setups at 2025-11-20 10:03:19
2025-11-20 10:03:19,232 [INFO] Applying EMA strategy to 2 stocks.
2025-11-20 10:03:20,832 [INFO] Fetching candles for NSE:TMPV-EQ...
2025-11-20 10:03:21,744 [INFO] Trigger candle found for NSE:TMPV-EQ - High: 361.85, Low: 361.35
2025-11-20 10:03:21,744 [INFO] Candle 10:00 evaluated. High: 361.85, Low: 361.35
2025-11-20 10:03:21,744 [INFO] No breakout yet. Watching further candles...
2025-11-20 10:03:31,748 [INFO] Checking trade setups at 2025-11-20 10:03:31
2025-11-20 10:03:31,748 [INFO] Applying EMA strategy to 2 stocks.
2025-11-20 10:03:33,361 [INFO] Fetching candles for NSE:TMPV-EQ...
2025-11-20 10:03:34,313 [INFO] Trigger candle found for NSE:TMPV-EQ - High: 361.85, Low: 361.2
2025-11-20 10:03:34,315 [INFO] Candle 10:00 evaluated. High: 361.85, Low: 361.2
2025-11-20 10:03:34,315 [INFO] No breakout yet. Watching further candles...
2025-11-20 10:03:44,317 [INFO] Checking trade setups at 2025-11-20 10:03:44
2025-11-20 10:03:44,317 [INFO] Applying EMA strategy to 2 stocks.
2025-11-20 10:03:45,605 [INFO] Fetching candles for NSE:TMPV-EQ...
2025-11-20 10:03:46,597 [INFO] Trigger candle found for NSE:TMPV-EQ - High: 361.85, Low: 361.1
2025-11-20 10:03:46,597 [INFO] Candle 10:00 evaluated. High: 361.85, Low: 361.1
2025-11-20 10:03:46,597 [INFO] No breakout yet. Watching further candles...
2025-11-20 10:03:56,599 [INFO] Checking trade setups at 2025-11-20 10:03:56
2025-11-20 10:03:56,599 [INFO] Applying EMA strategy to 2 stocks.
2025-11-20 10:03:57,948 [INFO] Fetching candles for NSE:TMPV-EQ...
2025-11-20 10:03:58,591 [INFO] Trigger candle found for NSE:TMPV-EQ - High: 361.85, Low: 361.05
2025-11-20 10:03:58,591 [INFO] Candle 10:00 evaluated. High: 361.85, Low: 361.05
2025-11-20 10:03:58,591 [INFO] No breakout yet. Watching further candles...
2025-11-20 10:04:08,592 [INFO] Checking trade setups at 2025-11-20 10:04:08
2025-11-20 10:04:08,592 [INFO] Applying EMA strategy to 2 stocks.
2025-11-20 10:04:10,564 [INFO] Fetching candles for NSE:TMPV-EQ...
2025-11-20 10:04:11,344 [INFO] Trigger candle found for NSE:TMPV-EQ - High: 361.85, Low: 361.05
2025-11-20 10:04:11,344 [INFO] Candle 10:00 evaluated. High: 361.85, Low: 361.05
2025-11-20 10:04:11,344 [INFO] No breakout yet. Watching further candles...
2025-11-20 10:04:21,347 [INFO] Checking trade setups at 2025-11-20 10:04:21
2025-11-20 10:04:21,347 [INFO] Applying EMA strategy to 2 stocks.
2025-11-20 10:04:22,624 [INFO] Fetching candles for NSE:TMPV-EQ...
2025-11-20 10:04:23,253 [INFO] Trigger candle found for NSE:TMPV-EQ - High: 361.85, Low: 361
2025-11-20 10:04:23,258 [INFO] Candle 10:00 evaluated. High: 361.85, Low: 361
2025-11-20 10:04:23,258 [INFO] No breakout yet. Watching further candles...
2025-11-20 10:04:33,259 [INFO] Checking trade setups at 2025-11-20 10:04:33
2025-11-20 10:04:33,259 [INFO] Applying EMA strategy to 2 stocks.
2025-11-20 10:04:34,735 [INFO] Fetching candles for NSE:TMPV-EQ...
2025-11-20 10:04:35,460 [INFO] Trigger candle found for NSE:TMPV-EQ - High: 361.85, Low: 361
2025-11-20 10:04:35,460 [INFO] Candle 10:00 evaluated. High: 361.85, Low: 361
2025-11-20 10:04:35,460 [INFO] No breakout yet. Watching further candles...
2025-11-20 10:04:45,463 [INFO] Checking trade setups at 2025-11-20 10:04:45
2025-11-20 10:04:45,463 [INFO] Applying EMA strategy to 2 stocks.
2025-11-20 10:04:46,819 [INFO] Fetching candles for NSE:TMPV-EQ...
2025-11-20 10:04:47,428 [INFO] Trigger candle found for NSE:TMPV-EQ - High: 361.85, Low: 361
2025-11-20 10:04:47,428 [INFO] Candle 10:00 evaluated. High: 361.85, Low: 361
2025-11-20 10:04:47,428 [INFO] No breakout yet. Watching further candles...
2025-11-20 10:04:57,430 [INFO] Checking trade setups at 2025-11-20 10:04:57
2025-11-20 10:04:57,432 [INFO] Applying EMA strategy to 2 stocks.
2025-11-20 10:04:59,308 [INFO] Fetching candles for NSE:TMPV-EQ...
2025-11-20 10:04:59,917 [INFO] Trigger candle found for NSE:TMPV-EQ - High: 361.85, Low: 361
2025-11-20 10:04:59,917 [INFO] Candle 10:00 evaluated. High: 361.85, Low: 361
2025-11-20 10:04:59,917 [INFO] No breakout yet. Watching further candles...
2025-11-20 10:05:09,919 [INFO] Checking trade setups at 2025-11-20 10:05:09
2025-11-20 10:05:09,919 [INFO] Applying EMA strategy to 2 stocks.
2025-11-20 10:05:11,102 [INFO] Fetching candles for NSE:TMPV-EQ...
2025-11-20 10:05:11,596 [INFO] Trigger candle found for NSE:TMPV-EQ - High: 361.85, Low: 361
2025-11-20 10:05:11,596 [INFO] Candle 10:00 evaluated. High: 361.85, Low: 361
2025-11-20 10:05:11,596 [INFO] No breakout yet. Watching further candles...
2025-11-20 10:05:11,598 [INFO] Candle 10:05 evaluated. High: 361.2, Low: 361.05
2025-11-20 10:05:11,598 [INFO] No breakout yet. Watching further candles...
2025-11-20 10:05:21,599 [INFO] Checking trade setups at 2025-11-20 10:05:21
2025-11-20 10:05:21,599 [INFO] Applying EMA strategy to 2 stocks.
2025-11-20 10:05:23,088 [INFO] Fetching candles for NSE:TMPV-EQ...
2025-11-20 10:05:24,193 [INFO] Trigger candle found for NSE:TMPV-EQ - High: 361.85, Low: 361
2025-11-20 10:05:24,193 [INFO] Candle 10:00 evaluated. High: 361.85, Low: 361
2025-11-20 10:05:24,193 [INFO] No breakout yet. Watching further candles...
2025-11-20 10:05:24,193 [INFO] Candle 10:05 evaluated. High: 361.4, Low: 361.05
2025-11-20 10:05:24,193 [INFO] No breakout yet. Watching further candles...
2025-11-20 10:05:34,197 [INFO] Checking trade setups at 2025-11-20 10:05:34
2025-11-20 10:05:34,197 [INFO] Applying EMA strategy to 2 stocks.
2025-11-20 10:05:35,714 [INFO] Fetching candles for NSE:TMPV-EQ...
2025-11-20 10:05:36,578 [INFO] Trigger candle found for NSE:TMPV-EQ - High: 361.85, Low: 361
2025-11-20 10:05:36,579 [INFO] Candle 10:00 evaluated. High: 361.85, Low: 361
2025-11-20 10:05:36,579 [INFO] No breakout yet. Watching further candles...
2025-11-20 10:05:36,581 [INFO] Candle 10:05 evaluated. High: 361.4, Low: 361.05
2025-11-20 10:05:36,581 [INFO] No breakout yet. Watching further candles...
2025-11-20 10:05:46,582 [INFO] Checking trade setups at 2025-11-20 10:05:46
2025-11-20 10:05:46,583 [INFO] Applying EMA strategy to 2 stocks.
2025-11-20 10:05:47,747 [INFO] Fetching candles for NSE:TMPV-EQ...
2025-11-20 10:05:48,310 [INFO] Trigger candle found for NSE:TMPV-EQ - High: 361.85, Low: 361
2025-11-20 10:05:48,310 [INFO] Candle 10:00 evaluated. High: 361.85, Low: 361
2025-11-20 10:05:48,310 [INFO] No breakout yet. Watching further candles...
2025-11-20 10:05:48,310 [INFO] Candle 10:05 evaluated. High: 361.4, Low: 361.05
2025-11-20 10:05:48,312 [INFO] No breakout yet. Watching further candles...
2025-11-20 10:05:58,313 [INFO] Checking trade setups at 2025-11-20 10:05:58
2025-11-20 10:05:58,315 [INFO] Applying EMA strategy to 2 stocks.
2025-11-20 10:05:59,861 [INFO] Fetching candles for NSE:TMPV-EQ...
2025-11-20 10:06:00,465 [INFO] Trigger candle found for NSE:TMPV-EQ - High: 361.85, Low: 361
2025-11-20 10:06:00,465 [INFO] Candle 10:00 evaluated. High: 361.85, Low: 361
2025-11-20 10:06:00,466 [INFO] No breakout yet. Watching further candles...
2025-11-20 10:06:00,467 [INFO] Candle 10:05 evaluated. High: 361.4, Low: 361.05
2025-11-20 10:06:00,467 [INFO] No breakout yet. Watching further candles...
2025-11-20 10:06:10,468 [INFO] Checking trade setups at 2025-11-20 10:06:10
2025-11-20 10:06:10,469 [INFO] Applying EMA strategy to 2 stocks.
2025-11-20 10:06:11,646 [INFO] Fetching candles for NSE:TMPV-EQ...
2025-11-20 10:06:12,401 [INFO] Trigger candle found for NSE:TMPV-EQ - High: 361.85, Low: 361
2025-11-20 10:06:12,401 [INFO] Candle 10:00 evaluated. High: 361.85, Low: 361
2025-11-20 10:06:12,401 [INFO] No breakout yet. Watching further candles...
2025-11-20 10:06:12,401 [INFO] Candle 10:05 evaluated. High: 361.4, Low: 361.05
2025-11-20 10:06:12,401 [INFO] No breakout yet. Watching further candles...
2025-11-20 10:06:22,408 [INFO] Checking trade setups at 2025-11-20 10:06:22
2025-11-20 10:06:22,408 [INFO] Applying EMA strategy to 2 stocks.
2025-11-20 10:06:23,594 [INFO] Fetching candles for NSE:TMPV-EQ...
2025-11-20 10:06:24,063 [INFO] Trigger candle found for NSE:TMPV-EQ - High: 361.85, Low: 361
2025-11-20 10:06:24,063 [INFO] Candle 10:00 evaluated. High: 361.85, Low: 361
2025-11-20 10:06:24,063 [INFO] No breakout yet. Watching further candles...
2025-11-20 10:06:24,063 [INFO] Candle 10:05 evaluated. High: 361.4, Low: 361.05
2025-11-20 10:06:24,067 [INFO] No breakout yet. Watching further candles...
2025-11-20 10:06:34,068 [INFO] Checking trade setups at 2025-11-20 10:06:34
2025-11-20 10:06:34,068 [INFO] Applying EMA strategy to 2 stocks.
2025-11-20 10:06:35,367 [INFO] Fetching candles for NSE:TMPV-EQ...
2025-11-20 10:06:35,860 [INFO] Trigger candle found for NSE:TMPV-EQ - High: 361.85, Low: 361
2025-11-20 10:06:35,860 [INFO] Candle 10:00 evaluated. High: 361.85, Low: 361
2025-11-20 10:06:35,860 [INFO] No breakout yet. Watching further candles...
2025-11-20 10:06:35,860 [INFO] Candle 10:05 evaluated. High: 361.4, Low: 361.05
2025-11-20 10:06:35,860 [INFO] No breakout yet. Watching further candles...
2025-11-20 10:06:45,874 [INFO] Checking trade setups at 2025-11-20 10:06:45
2025-11-20 10:06:45,874 [INFO] Applying EMA strategy to 2 stocks.
2025-11-20 10:06:47,050 [INFO] Fetching candles for NSE:TMPV-EQ...
2025-11-20 10:06:47,553 [INFO] Trigger candle found for NSE:TMPV-EQ - High: 361.85, Low: 361
2025-11-20 10:06:47,556 [INFO] Candle 10:00 evaluated. High: 361.85, Low: 361
2025-11-20 10:06:47,556 [INFO] No breakout yet. Watching further candles...
2025-11-20 10:06:47,556 [INFO] Candle 10:05 evaluated. High: 361.4, Low: 361.05
2025-11-20 10:06:47,558 [INFO] No breakout yet. Watching further candles...
2025-11-20 10:06:57,559 [INFO] Checking trade setups at 2025-11-20 10:06:57
2025-11-20 10:06:57,559 [INFO] Applying EMA strategy to 2 stocks.
2025-11-20 10:06:59,023 [INFO] Fetching candles for NSE:TMPV-EQ...
2025-11-20 10:06:59,641 [INFO] Trigger candle found for NSE:TMPV-EQ - High: 361.85, Low: 361
2025-11-20 10:06:59,641 [INFO] Candle 10:00 evaluated. High: 361.85, Low: 361
2025-11-20 10:06:59,641 [INFO] No breakout yet. Watching further candles...
2025-11-20 10:06:59,641 [INFO] Candle 10:05 evaluated. High: 361.4, Low: 361.05
2025-11-20 10:06:59,641 [INFO] No breakout yet. Watching further candles...
2025-11-20 10:07:09,648 [INFO] Checking trade setups at 2025-11-20 10:07:09
2025-11-20 10:07:09,648 [INFO] Applying EMA strategy to 2 stocks.
2025-11-20 10:07:10,678 [INFO] Fetching candles for NSE:TMPV-EQ...
2025-11-20 10:07:11,363 [INFO] Trigger candle found for NSE:TMPV-EQ - High: 361.85, Low: 361
2025-11-20 10:07:11,363 [INFO] Candle 10:00 evaluated. High: 361.85, Low: 361
2025-11-20 10:07:11,363 [INFO] No breakout yet. Watching further candles...
2025-11-20 10:07:11,363 [INFO] Candle 10:05 evaluated. High: 361.4, Low: 361.05
2025-11-20 10:07:11,363 [INFO] No breakout yet. Watching further candles...
2025-11-20 10:07:21,366 [INFO] Checking trade setups at 2025-11-20 10:07:21
2025-11-20 10:07:21,366 [INFO] Applying EMA strategy to 2 stocks.
2025-11-20 10:07:24,625 [INFO] Fetching candles for NSE:TMPV-EQ...
2025-11-20 10:07:25,850 [INFO] Trigger candle found for NSE:TMPV-EQ - High: 361.85, Low: 361
2025-11-20 10:07:25,850 [INFO] Candle 10:00 evaluated. High: 361.85, Low: 361
2025-11-20 10:07:25,850 [INFO] No breakout yet. Watching further candles...
2025-11-20 10:07:25,851 [INFO] Candle 10:05 evaluated. High: 361.4, Low: 361.05
2025-11-20 10:07:25,851 [INFO] No breakout yet. Watching further candles...
2025-11-20 10:07:35,852 [INFO] Checking trade setups at 2025-11-20 10:07:35
2025-11-20 10:07:35,852 [INFO] Applying EMA strategy to 2 stocks.
2025-11-20 10:07:37,685 [INFO] Fetching candles for NSE:TMPV-EQ...
2025-11-20 10:07:38,544 [INFO] Trigger candle found for NSE:TMPV-EQ - High: 361.85, Low: 361
2025-11-20 10:07:38,544 [INFO] Candle 10:00 evaluated. High: 361.85, Low: 361
2025-11-20 10:07:38,544 [INFO] No breakout yet. Watching further candles...
2025-11-20 10:07:38,544 [INFO] Candle 10:05 evaluated. High: 361.4, Low: 361.05
2025-11-20 10:07:38,544 [INFO] No breakout yet. Watching further candles...
2025-11-20 10:07:48,546 [INFO] Checking trade setups at 2025-11-20 10:07:48
2025-11-20 10:07:48,546 [INFO] Applying EMA strategy to 2 stocks.
2025-11-20 10:07:49,918 [INFO] Fetching candles for NSE:TMPV-EQ...
2025-11-20 10:07:50,746 [INFO] Trigger candle found for NSE:TMPV-EQ - High: 361.85, Low: 361
2025-11-20 10:07:50,750 [INFO] Candle 10:00 evaluated. High: 361.85, Low: 361
2025-11-20 10:07:50,750 [INFO] No breakout yet. Watching further candles...
2025-11-20 10:07:50,753 [INFO] Candle 10:05 evaluated. High: 361.4, Low: 361.05
2025-11-20 10:07:50,754 [INFO] No breakout yet. Watching further candles...
2025-11-20 10:08:00,758 [INFO] Checking trade setups at 2025-11-20 10:08:00
2025-11-20 10:08:00,758 [INFO] Applying EMA strategy to 2 stocks.
2025-11-20 10:08:02,047 [INFO] Fetching candles for NSE:TMPV-EQ...
2025-11-20 10:08:02,962 [INFO] Trigger candle found for NSE:TMPV-EQ - High: 361.85, Low: 361
2025-11-20 10:08:02,962 [INFO] Candle 10:00 evaluated. High: 361.85, Low: 361
2025-11-20 10:08:02,962 [INFO] No breakout yet. Watching further candles...
2025-11-20 10:08:02,962 [INFO] Candle 10:05 evaluated. High: 361.4, Low: 361.05
2025-11-20 10:08:02,962 [INFO] No breakout yet. Watching further candles...
2025-11-20 10:08:12,969 [INFO] Checking trade setups at 2025-11-20 10:08:12
2025-11-20 10:08:12,969 [INFO] Applying EMA strategy to 2 stocks.
2025-11-20 10:08:14,300 [INFO] Fetching candles for NSE:TMPV-EQ...
2025-11-20 10:08:15,104 [INFO] Trigger candle found for NSE:TMPV-EQ - High: 361.85, Low: 361
2025-11-20 10:08:15,104 [INFO] Candle 10:00 evaluated. High: 361.85, Low: 361
2025-11-20 10:08:15,104 [INFO] No breakout yet. Watching further candles...
2025-11-20 10:08:15,104 [INFO] Candle 10:05 evaluated. High: 361.4, Low: 361.05
2025-11-20 10:08:15,107 [INFO] No breakout yet. Watching further candles...
2025-11-20 10:08:25,107 [INFO] Checking trade setups at 2025-11-20 10:08:25
2025-11-20 10:08:25,107 [INFO] Applying EMA strategy to 2 stocks.
2025-11-20 10:08:26,675 [INFO] Fetching candles for NSE:TMPV-EQ...
2025-11-20 10:08:27,904 [INFO] Trigger candle found for NSE:TMPV-EQ - High: 361.85, Low: 361
2025-11-20 10:08:27,906 [INFO] Candle 10:00 evaluated. High: 361.85, Low: 361
2025-11-20 10:08:27,906 [INFO] No breakout yet. Watching further candles...
2025-11-20 10:08:27,908 [INFO] Candle 10:05 evaluated. High: 361.5, Low: 361.05
2025-11-20 10:08:27,908 [INFO] No breakout yet. Watching further candles...
2025-11-20 10:08:37,909 [INFO] Checking trade setups at 2025-11-20 10:08:37
2025-11-20 10:08:37,909 [INFO] Applying EMA strategy to 2 stocks.
2025-11-20 10:08:39,385 [INFO] Fetching candles for NSE:TMPV-EQ...
2025-11-20 10:08:40,116 [INFO] Trigger candle found for NSE:TMPV-EQ - High: 361.85, Low: 361
2025-11-20 10:08:40,116 [INFO] Candle 10:00 evaluated. High: 361.85, Low: 361
2025-11-20 10:08:40,116 [INFO] No breakout yet. Watching further candles...
2025-11-20 10:08:40,116 [INFO] Candle 10:05 evaluated. High: 361.5, Low: 361.05
2025-11-20 10:08:40,119 [INFO] No breakout yet. Watching further candles...
2025-11-20 10:08:50,120 [INFO] Checking trade setups at 2025-11-20 10:08:50
2025-11-20 10:08:50,120 [INFO] Applying EMA strategy to 2 stocks.
2025-11-20 10:08:51,601 [INFO] Fetching candles for NSE:TMPV-EQ...
2025-11-20 10:08:52,478 [INFO] Trigger candle found for NSE:TMPV-EQ - High: 361.85, Low: 361
2025-11-20 10:08:52,480 [INFO] Candle 10:00 evaluated. High: 361.85, Low: 361
2025-11-20 10:08:52,481 [INFO] No breakout yet. Watching further candles...
2025-11-20 10:08:52,482 [INFO] Candle 10:05 evaluated. High: 361.5, Low: 361.05
2025-11-20 10:08:52,483 [INFO] No breakout yet. Watching further candles...
2025-11-20 10:09:02,484 [INFO] Checking trade setups at 2025-11-20 10:09:02
2025-11-20 10:09:02,485 [INFO] Applying EMA strategy to 2 stocks.
2025-11-20 10:09:04,057 [INFO] Fetching candles for NSE:TMPV-EQ...
2025-11-20 10:09:04,673 [INFO] Trigger candle found for NSE:TMPV-EQ - High: 361.85, Low: 361
2025-11-20 10:09:04,673 [INFO] Candle 10:00 evaluated. High: 361.85, Low: 361
2025-11-20 10:09:04,673 [INFO] No breakout yet. Watching further candles...
2025-11-20 10:09:04,673 [INFO] Candle 10:05 evaluated. High: 361.5, Low: 361.05
2025-11-20 10:09:04,673 [INFO] No breakout yet. Watching further candles...
2025-11-20 10:09:14,675 [INFO] Checking trade setups at 2025-11-20 10:09:14
2025-11-20 10:09:14,678 [INFO] Applying EMA strategy to 2 stocks.
2025-11-20 10:09:16,136 [INFO] Fetching candles for NSE:TMPV-EQ...
2025-11-20 10:09:16,876 [INFO] Trigger candle found for NSE:TMPV-EQ - High: 361.85, Low: 361
2025-11-20 10:09:16,876 [INFO] Candle 10:00 evaluated. High: 361.85, Low: 361
2025-11-20 10:09:16,876 [INFO] No breakout yet. Watching further candles...
2025-11-20 10:09:16,876 [INFO] Candle 10:05 evaluated. High: 361.5, Low: 361.05
2025-11-20 10:09:16,879 [INFO] No breakout yet. Watching further candles...
2025-11-20 10:09:26,880 [INFO] Checking trade setups at 2025-11-20 10:09:26
2025-11-20 10:09:26,880 [INFO] Applying EMA strategy to 2 stocks.
2025-11-20 10:09:28,636 [INFO] Fetching candles for NSE:TMPV-EQ...
2025-11-20 10:09:29,344 [INFO] Trigger candle found for NSE:TMPV-EQ - High: 361.85, Low: 361
2025-11-20 10:09:29,346 [INFO] Candle 10:00 evaluated. High: 361.85, Low: 361
2025-11-20 10:09:29,346 [INFO] No breakout yet. Watching further candles...
2025-11-20 10:09:29,346 [INFO] Candle 10:05 evaluated. High: 361.5, Low: 361.05
2025-11-20 10:09:29,346 [INFO] No breakout yet. Watching further candles...
2025-11-20 10:09:39,348 [INFO] Checking trade setups at 2025-11-20 10:09:39
2025-11-20 10:09:39,348 [INFO] Applying EMA strategy to 2 stocks.
2025-11-20 10:09:40,833 [INFO] Fetching candles for NSE:TMPV-EQ...
2025-11-20 10:09:41,967 [INFO] Trigger candle found for NSE:TMPV-EQ - High: 361.85, Low: 361
2025-11-20 10:09:41,967 [INFO] Candle 10:00 evaluated. High: 361.85, Low: 361
2025-11-20 10:09:41,967 [INFO] No breakout yet. Watching further candles...
2025-11-20 10:09:41,967 [INFO] Candle 10:05 evaluated. High: 361.5, Low: 361.05
2025-11-20 10:09:41,969 [INFO] No breakout yet. Watching further candles...
2025-11-20 10:09:51,971 [INFO] Checking trade setups at 2025-11-20 10:09:51
2025-11-20 10:09:51,971 [INFO] Applying EMA strategy to 2 stocks.
2025-11-20 10:09:53,328 [INFO] Fetching candles for NSE:TMPV-EQ...
2025-11-20 10:09:53,887 [INFO] Trigger candle found for NSE:TMPV-EQ - High: 361.85, Low: 361
2025-11-20 10:09:53,887 [INFO] Candle 10:00 evaluated. High: 361.85, Low: 361
2025-11-20 10:09:53,887 [INFO] No breakout yet. Watching further candles...
2025-11-20 10:09:53,887 [INFO] Candle 10:05 evaluated. High: 361.5, Low: 361
2025-11-20 10:09:53,887 [INFO] No breakout yet. Watching further candles...
2025-11-20 10:10:03,894 [INFO] Checking trade setups at 2025-11-20 10:10:03
2025-11-20 10:10:03,894 [INFO] Applying EMA strategy to 2 stocks.
2025-11-20 10:10:05,415 [INFO] Fetching candles for NSE:TMPV-EQ...
2025-11-20 10:10:06,020 [INFO] Trigger candle found for NSE:TMPV-EQ - High: 361.85, Low: 361
2025-11-20 10:10:06,023 [INFO] Candle 10:00 evaluated. High: 361.85, Low: 361
2025-11-20 10:10:06,023 [INFO] No breakout yet. Watching further candles...
2025-11-20 10:10:06,023 [INFO] Candle 10:05 evaluated. High: 361.5, Low: 361
2025-11-20 10:10:06,023 [INFO] No breakout yet. Watching further candles...
2025-11-20 10:10:06,023 [INFO] Candle 10:10 evaluated. High: 361.1, Low: 361
2025-11-20 10:10:06,023 [INFO] No breakout yet. Watching further candles...
2025-11-20 10:10:16,025 [INFO] Checking trade setups at 2025-11-20 10:10:16
2025-11-20 10:10:16,025 [INFO] Applying EMA strategy to 2 stocks.
2025-11-20 10:10:17,374 [INFO] Fetching candles for NSE:TMPV-EQ...
2025-11-20 10:10:17,858 [INFO] Trigger candle found for NSE:TMPV-EQ - High: 361.85, Low: 361
2025-11-20 10:10:17,860 [INFO] Candle 10:00 evaluated. High: 361.85, Low: 361
2025-11-20 10:10:17,860 [INFO] No breakout yet. Watching further candles...
2025-11-20 10:10:17,860 [INFO] Candle 10:05 evaluated. High: 361.5, Low: 361
2025-11-20 10:10:17,860 [INFO] No breakout yet. Watching further candles...
2025-11-20 10:10:17,860 [INFO] Candle 10:10 evaluated. High: 361.15, Low: 361
2025-11-20 10:10:17,860 [INFO] No breakout yet. Watching further candles...
2025-11-20 10:10:27,862 [INFO] Checking trade setups at 2025-11-20 10:10:27
2025-11-20 10:10:27,864 [INFO] Applying EMA strategy to 2 stocks.
2025-11-20 10:10:28,956 [INFO] Fetching candles for NSE:TMPV-EQ...
2025-11-20 10:10:29,762 [INFO] Trigger candle found for NSE:TMPV-EQ - High: 361.85, Low: 361
2025-11-20 10:10:29,762 [INFO] Candle 10:00 evaluated. High: 361.85, Low: 361
2025-11-20 10:10:29,762 [INFO] No breakout yet. Watching further candles...
2025-11-20 10:10:29,762 [INFO] Candle 10:05 evaluated. High: 361.5, Low: 361
2025-11-20 10:10:29,762 [INFO] No breakout yet. Watching further candles...
2025-11-20 10:10:29,762 [INFO] Candle 10:10 evaluated. High: 361.15, Low: 361
2025-11-20 10:10:29,762 [INFO] No breakout yet. Watching further candles...
2025-11-20 10:10:39,767 [INFO] Checking trade setups at 2025-11-20 10:10:39
2025-11-20 10:10:39,767 [INFO] Applying EMA strategy to 2 stocks.
2025-11-20 10:10:41,042 [INFO] Fetching candles for NSE:TMPV-EQ...
2025-11-20 10:10:41,529 [INFO] Trigger candle found for NSE:TMPV-EQ - High: 361.85, Low: 361
2025-11-20 10:10:41,529 [INFO] Candle 10:00 evaluated. High: 361.85, Low: 361
2025-11-20 10:10:41,529 [INFO] No breakout yet. Watching further candles...
2025-11-20 10:10:41,529 [INFO] Candle 10:05 evaluated. High: 361.5, Low: 361
2025-11-20 10:10:41,529 [INFO] No breakout yet. Watching further candles...
2025-11-20 10:10:41,529 [INFO] Candle 10:10 evaluated. High: 361.15, Low: 361
2025-11-20 10:10:41,529 [INFO] No breakout yet. Watching further candles...
2025-11-20 10:10:51,532 [INFO] Checking trade setups at 2025-11-20 10:10:51
2025-11-20 10:10:51,532 [INFO] Applying EMA strategy to 2 stocks.
2025-11-20 10:10:52,809 [INFO] Fetching candles for NSE:TMPV-EQ...
2025-11-20 10:10:53,316 [INFO] Trigger candle found for NSE:TMPV-EQ - High: 361.85, Low: 361
2025-11-20 10:10:53,319 [INFO] Candle 10:00 evaluated. High: 361.85, Low: 361
2025-11-20 10:10:53,319 [INFO] No breakout yet. Watching further candles...
2025-11-20 10:10:53,319 [INFO] Candle 10:05 evaluated. High: 361.5, Low: 361
2025-11-20 10:10:53,321 [INFO] No breakout yet. Watching further candles...
2025-11-20 10:10:53,322 [INFO] Candle 10:10 evaluated. High: 361.15, Low: 361
2025-11-20 10:10:53,322 [INFO] No breakout yet. Watching further candles...
2025-11-20 10:11:03,325 [INFO] Checking trade setups at 2025-11-20 10:11:03
2025-11-20 10:11:03,325 [INFO] Applying EMA strategy to 2 stocks.
2025-11-20 10:11:04,944 [INFO] Fetching candles for NSE:TMPV-EQ...
2025-11-20 10:11:05,609 [INFO] Trigger candle found for NSE:TMPV-EQ - High: 361.85, Low: 361
2025-11-20 10:11:05,610 [INFO] Candle 10:00 evaluated. High: 361.85, Low: 361
2025-11-20 10:11:05,610 [INFO] No breakout yet. Watching further candles...
2025-11-20 10:11:05,610 [INFO] Candle 10:05 evaluated. High: 361.5, Low: 361
2025-11-20 10:11:05,612 [INFO] No breakout yet. Watching further candles...
2025-11-20 10:11:05,612 [INFO] Candle 10:10 evaluated. High: 361.15, Low: 361
2025-11-20 10:11:05,612 [INFO] No breakout yet. Watching further candles...
2025-11-20 10:11:15,614 [INFO] Checking trade setups at 2025-11-20 10:11:15
2025-11-20 10:11:15,614 [INFO] Applying EMA strategy to 2 stocks.
2025-11-20 10:11:17,191 [INFO] Fetching candles for NSE:TMPV-EQ...
2025-11-20 10:11:17,834 [INFO] Trigger candle found for NSE:TMPV-EQ - High: 361.85, Low: 361
2025-11-20 10:11:17,834 [INFO] Candle 10:00 evaluated. High: 361.85, Low: 361
2025-11-20 10:11:17,836 [INFO] No breakout yet. Watching further candles...
2025-11-20 10:11:17,836 [INFO] Candle 10:05 evaluated. High: 361.5, Low: 361
2025-11-20 10:11:17,836 [INFO] No breakout yet. Watching further candles...
2025-11-20 10:11:17,836 [INFO] Candle 10:10 evaluated. High: 361.15, Low: 361
2025-11-20 10:11:17,836 [INFO] No breakout yet. Watching further candles...
2025-11-20 10:11:27,839 [INFO] Checking trade setups at 2025-11-20 10:11:27
2025-11-20 10:11:27,839 [INFO] Applying EMA strategy to 2 stocks.
2025-11-20 10:11:29,194 [INFO] Fetching candles for NSE:TMPV-EQ...
2025-11-20 10:11:29,637 [INFO] Trigger candle found for NSE:TMPV-EQ - High: 361.85, Low: 361
2025-11-20 10:11:29,637 [INFO] Candle 10:00 evaluated. High: 361.85, Low: 361
2025-11-20 10:11:29,637 [INFO] No breakout yet. Watching further candles...
2025-11-20 10:11:29,637 [INFO] Candle 10:05 evaluated. High: 361.5, Low: 361
2025-11-20 10:11:29,637 [INFO] No breakout yet. Watching further candles...
2025-11-20 10:11:29,637 [INFO] Candle 10:10 evaluated. High: 361.15, Low: 361
2025-11-20 10:11:29,637 [INFO] No breakout yet. Watching further candles...
2025-11-20 10:11:39,640 [INFO] Checking trade setups at 2025-11-20 10:11:39
2025-11-20 10:11:39,640 [INFO] Applying EMA strategy to 2 stocks.
2025-11-20 10:11:40,853 [INFO] Fetching candles for NSE:TMPV-EQ...
2025-11-20 10:11:41,582 [INFO] Trigger candle found for NSE:TMPV-EQ - High: 361.85, Low: 361
2025-11-20 10:11:41,582 [INFO] Candle 10:00 evaluated. High: 361.85, Low: 361
2025-11-20 10:11:41,582 [INFO] No breakout yet. Watching further candles...
2025-11-20 10:11:41,582 [INFO] Candle 10:05 evaluated. High: 361.5, Low: 361
2025-11-20 10:11:41,584 [INFO] No breakout yet. Watching further candles...
2025-11-20 10:11:41,584 [INFO] Candle 10:10 evaluated. High: 361.15, Low: 361
2025-11-20 10:11:41,584 [INFO] No breakout yet. Watching further candles...
2025-11-20 10:11:51,586 [INFO] Checking trade setups at 2025-11-20 10:11:51
2025-11-20 10:11:51,586 [INFO] Applying EMA strategy to 2 stocks.
2025-11-20 10:11:53,424 [INFO] Fetching candles for NSE:TMPV-EQ...
2025-11-20 10:11:54,096 [INFO] Trigger candle found for NSE:TMPV-EQ - High: 361.85, Low: 361
2025-11-20 10:11:54,096 [INFO] Candle 10:00 evaluated. High: 361.85, Low: 361
2025-11-20 10:11:54,096 [INFO] No breakout yet. Watching further candles...
2025-11-20 10:11:54,096 [INFO] Candle 10:05 evaluated. High: 361.5, Low: 361
2025-11-20 10:11:54,101 [INFO] No breakout yet. Watching further candles...
2025-11-20 10:11:54,101 [INFO] Candle 10:10 evaluated. High: 361.15, Low: 360.85
2025-11-20 10:11:54,101 [INFO] Trade signal evaluated as Sell.
2025-11-20 10:11:54,101 [INFO] Sell Triggered for NSE:TMPV-EQ SETUP at 2025-11-20 10:10
2025-11-20 10:11:55,069 [INFO] Order Response: {'code': 1101, 'message': 'Successfully placed order', 's': 'ok', 'id': '25112000106140-BO-1'}
2025-11-20 10:11:55,069 [INFO] Trades taken today: 2
2025-11-20 10:11:55,074 [INFO] Remaining trades for the day: 4
2025-11-20 10:11:55,074 [INFO] ✅ Order placed successfully for NSE:TMPV-EQ
2025-11-20 10:11:55,079 [INFO] TAMO trade executed successfully at 2025-11-20 10:10
2025-11-20 10:12:05,080 [INFO] Checking trade setups at 2025-11-20 10:12:05
2025-11-20 10:12:05,080 [INFO] Applying EMA strategy to 2 stocks.
2025-11-20 10:12:16,975 [INFO] Checking trade setups at 2025-11-20 10:12:16
2025-11-20 10:12:16,975 [INFO] Applying EMA strategy to 2 stocks.
2025-11-20 10:12:28,965 [INFO] Checking trade setups at 2025-11-20 10:12:28
2025-11-20 10:12:28,965 [INFO] Applying EMA strategy to 2 stocks.
2025-11-20 10:12:39,657 [INFO] Checking trade setups at 2025-11-20 10:12:39
2025-11-20 10:12:39,657 [INFO] Applying EMA strategy to 2 stocks.
2025-11-20 10:12:50,807 [INFO] Checking trade setups at 2025-11-20 10:12:50
2025-11-20 10:12:50,807 [INFO] Applying EMA strategy to 2 stocks.
2025-11-20 10:13:02,302 [INFO] Checking trade setups at 2025-11-20 10:13:02
2025-11-20 10:13:02,302 [INFO] Applying EMA strategy to 2 stocks.
2025-11-20 10:13:13,589 [INFO] Checking trade setups at 2025-11-20 10:13:13
2025-11-20 10:13:13,590 [INFO] Applying EMA strategy to 2 stocks.
2025-11-20 10:13:24,958 [INFO] Checking trade setups at 2025-11-20 10:13:24
2025-11-20 10:13:24,958 [INFO] Applying EMA strategy to 2 stocks.
2025-11-20 10:13:36,279 [INFO] Checking trade setups at 2025-11-20 10:13:36
2025-11-20 10:13:36,279 [INFO] Applying EMA strategy to 2 stocks.
2025-11-20 10:13:47,576 [INFO] Checking trade setups at 2025-11-20 10:13:47
2025-11-20 10:13:47,577 [INFO] Applying EMA strategy to 2 stocks.
2025-11-20 10:13:59,213 [INFO] Checking trade setups at 2025-11-20 10:13:59
2025-11-20 10:13:59,213 [INFO] Applying EMA strategy to 2 stocks.
2025-11-20 10:14:10,531 [INFO] Checking trade setups at 2025-11-20 10:14:10
2025-11-20 10:14:10,531 [INFO] Applying EMA strategy to 2 stocks.
2025-11-20 10:14:21,819 [INFO] Checking trade setups at 2025-11-20 10:14:21
2025-11-20 10:14:21,820 [INFO] Applying EMA strategy to 2 stocks.
2025-11-20 10:14:33,141 [INFO] Checking trade setups at 2025-11-20 10:14:33
2025-11-20 10:14:33,141 [INFO] Applying EMA strategy to 2 stocks.
2025-11-20 10:14:44,361 [INFO] Checking trade setups at 2025-11-20 10:14:44
2025-11-20 10:14:44,361 [INFO] Applying EMA strategy to 2 stocks.
2025-11-20 10:14:55,664 [INFO] Checking trade setups at 2025-11-20 10:14:55
2025-11-20 10:14:55,670 [INFO] Applying EMA strategy to 2 stocks.
2025-11-20 10:15:07,191 [INFO] Checking trade setups at 2025-11-20 10:15:07
2025-11-20 10:15:07,191 [INFO] Applying EMA strategy to 2 stocks.
2025-11-20 10:15:18,488 [INFO] Checking trade setups at 2025-11-20 10:15:18
2025-11-20 10:15:18,488 [INFO] Applying EMA strategy to 2 stocks.
2025-11-20 10:15:30,279 [INFO] Checking trade setups at 2025-11-20 10:15:30
2025-11-20 10:15:30,279 [INFO] Applying EMA strategy to 2 stocks.
2025-11-20 10:15:42,109 [INFO] Checking trade setups at 2025-11-20 10:15:42
2025-11-20 10:15:42,109 [INFO] Applying EMA strategy to 2 stocks.
2025-11-20 10:15:53,853 [INFO] Checking trade setups at 2025-11-20 10:15:53
2025-11-20 10:15:53,853 [INFO] Applying EMA strategy to 2 stocks.
2025-11-20 10:16:05,165 [INFO] Checking trade setups at 2025-11-20 10:16:05
2025-11-20 10:16:05,165 [INFO] Applying EMA strategy to 2 stocks.
2025-11-20 10:16:16,455 [INFO] Checking trade setups at 2025-11-20 10:16:16
2025-11-20 10:16:16,455 [INFO] Applying EMA strategy to 2 stocks.
2025-11-20 10:16:27,982 [INFO] Checking trade setups at 2025-11-20 10:16:27
2025-11-20 10:16:27,983 [INFO] Applying EMA strategy to 2 stocks.
2025-11-20 10:16:39,936 [INFO] Checking trade setups at 2025-11-20 10:16:39
2025-11-20 10:16:39,937 [INFO] Applying EMA strategy to 2 stocks.
2025-11-20 10:16:51,750 [INFO] Checking trade setups at 2025-11-20 10:16:51
2025-11-20 10:16:51,750 [INFO] Applying EMA strategy to 2 stocks.
2025-11-20 10:17:03,526 [INFO] Checking trade setups at 2025-11-20 10:17:03
2025-11-20 10:17:03,526 [INFO] Applying EMA strategy to 2 stocks.
2025-11-20 10:17:15,271 [INFO] Checking trade setups at 2025-11-20 10:17:15
2025-11-20 10:17:15,271 [INFO] Applying EMA strategy to 2 stocks.
2025-11-20 10:17:26,642 [INFO] Checking trade setups at 2025-11-20 10:17:26
2025-11-20 10:17:26,642 [INFO] Applying EMA strategy to 2 stocks.
2025-11-20 10:17:38,289 [INFO] Checking trade setups at 2025-11-20 10:17:38
2025-11-20 10:17:38,289 [INFO] Applying EMA strategy to 2 stocks.
2025-11-20 10:17:50,130 [INFO] Checking trade setups at 2025-11-20 10:17:50
2025-11-20 10:17:50,130 [INFO] Applying EMA strategy to 2 stocks.
2025-11-20 10:18:01,944 [INFO] Checking trade setups at 2025-11-20 10:18:01
2025-11-20 10:18:01,945 [INFO] Applying EMA strategy to 2 stocks.
2025-11-20 10:18:14,158 [INFO] Checking trade setups at 2025-11-20 10:18:14
2025-11-20 10:18:14,158 [INFO] Applying EMA strategy to 2 stocks.
2025-11-20 10:18:25,809 [INFO] Checking trade setups at 2025-11-20 10:18:25
2025-11-20 10:18:25,809 [INFO] Applying EMA strategy to 2 stocks.
2025-11-20 10:18:38,201 [INFO] Checking trade setups at 2025-11-20 10:18:38
2025-11-20 10:18:38,201 [INFO] Applying EMA strategy to 2 stocks.
2025-11-20 10:18:50,293 [INFO] Checking trade setups at 2025-11-20 10:18:50
2025-11-20 10:18:50,293 [INFO] Applying EMA strategy to 2 stocks.
2025-11-20 10:19:02,363 [INFO] Checking trade setups at 2025-11-20 10:19:02
2025-11-20 10:19:02,363 [INFO] Applying EMA strategy to 2 stocks.
2025-11-20 10:19:15,468 [INFO] Checking trade setups at 2025-11-20 10:19:15
2025-11-20 10:19:15,468 [INFO] Applying EMA strategy to 2 stocks.
2025-11-20 10:19:27,248 [INFO] Checking trade setups at 2025-11-20 10:19:27
2025-11-20 10:19:27,248 [INFO] Applying EMA strategy to 2 stocks.
2025-11-20 10:19:39,961 [INFO] Checking trade setups at 2025-11-20 10:19:39
2025-11-20 10:19:39,961 [INFO] Applying EMA strategy to 2 stocks.
2025-11-20 10:19:51,621 [INFO] Checking trade setups at 2025-11-20 10:19:51
2025-11-20 10:19:51,621 [INFO] Applying EMA strategy to 2 stocks.
2025-11-20 10:20:03,804 [INFO] Checking trade setups at 2025-11-20 10:20:03
2025-11-20 10:20:03,804 [INFO] Applying EMA strategy to 2 stocks.
2025-11-20 10:20:15,590 [INFO] Checking trade setups at 2025-11-20 10:20:15
2025-11-20 10:20:15,591 [INFO] Applying EMA strategy to 2 stocks.
2025-11-20 10:20:27,577 [INFO] Checking trade setups at 2025-11-20 10:20:27
2025-11-20 10:20:27,577 [INFO] Applying EMA strategy to 2 stocks.
2025-11-20 10:20:39,828 [INFO] Checking trade setups at 2025-11-20 10:20:39
2025-11-20 10:20:39,828 [INFO] Applying EMA strategy to 2 stocks.
2025-11-20 10:20:52,238 [INFO] Checking trade setups at 2025-11-20 10:20:52
2025-11-20 10:20:52,238 [INFO] Applying EMA strategy to 2 stocks.
2025-11-20 10:21:03,782 [INFO] Checking trade setups at 2025-11-20 10:21:03
2025-11-20 10:21:03,783 [INFO] Applying EMA strategy to 2 stocks.
2025-11-20 10:21:05,401 [INFO] Executing trade for NSE:SAMMAANCAP-EQ: {'timestamp': '2025-11-20 10:20', 'action': 'SELL', 'entry_price': 160.75, 'stop_loss': 162.1, 'target': 156.70000000000002}
2025-11-20 10:21:05,402 [INFO] after SL after filtering the final SL:1.35, final_target:156.7, qty:74
2025-11-20 10:21:06,311 [INFO] Order Response: {'code': 1101, 'message': 'Successfully placed order', 's': 'ok', 'id': '25112000118848-BO-1'}
2025-11-20 10:21:06,312 [INFO] Trades taken today: 3
2025-11-20 10:21:06,313 [INFO] Remaining trades for the day: 3
2025-11-20 10:21:06,315 [INFO] ✅ Order placed successfully for NSE:SAMMAANCAP-EQ
2025-11-20 10:21:16,317 [INFO] Checking trade setups at 2025-11-20 10:21:16
2025-11-20 10:21:16,317 [INFO] Applying EMA strategy to 2 stocks.
2025-11-20 10:21:28,665 [INFO] Checking trade setups at 2025-11-20 10:21:28
2025-11-20 10:21:28,665 [INFO] Applying EMA strategy to 2 stocks.
2025-11-20 10:21:41,117 [INFO] Checking trade setups at 2025-11-20 10:21:41
2025-11-20 10:21:41,117 [INFO] Applying EMA strategy to 2 stocks.
2025-11-20 10:21:52,453 [INFO] Checking trade setups at 2025-11-20 10:21:52
2025-11-20 10:21:52,453 [INFO] Applying EMA strategy to 2 stocks.
2025-11-20 10:22:04,445 [INFO] Checking trade setups at 2025-11-20 10:22:04
2025-11-20 10:22:04,445 [INFO] Applying EMA strategy to 2 stocks.
2025-11-20 10:22:16,174 [INFO] Checking trade setups at 2025-11-20 10:22:16
2025-11-20 10:22:16,174 [INFO] Applying EMA strategy to 2 stocks.
2025-11-20 10:22:27,914 [INFO] Checking trade setups at 2025-11-20 10:22:27
2025-11-20 10:22:27,914 [INFO] Applying EMA strategy to 2 stocks.
2025-11-20 10:22:39,310 [INFO] Checking trade setups at 2025-11-20 10:22:39
2025-11-20 10:22:39,310 [INFO] Applying EMA strategy to 2 stocks.
2025-11-20 10:22:50,825 [INFO] Checking trade setups at 2025-11-20 10:22:50
2025-11-20 10:22:50,825 [INFO] Applying EMA strategy to 2 stocks.
2025-11-20 10:23:02,676 [INFO] Checking trade setups at 2025-11-20 10:23:02
2025-11-20 10:23:02,676 [INFO] Applying EMA strategy to 2 stocks.
2025-11-20 10:23:14,030 [INFO] Checking trade setups at 2025-11-20 10:23:14
2025-11-20 10:23:14,030 [INFO] Applying EMA strategy to 2 stocks.
2025-11-20 10:23:25,429 [INFO] Checking trade setups at 2025-11-20 10:23:25
2025-11-20 10:23:25,430 [INFO] Applying EMA strategy to 2 stocks.
2025-11-20 10:23:36,749 [INFO] Checking trade setups at 2025-11-20 10:23:36
2025-11-20 10:23:36,749 [INFO] Applying EMA strategy to 2 stocks.
2025-11-20 10:23:48,283 [INFO] Checking trade setups at 2025-11-20 10:23:48
2025-11-20 10:23:48,284 [INFO] Applying EMA strategy to 2 stocks.
2025-11-20 10:23:59,827 [INFO] Checking trade setups at 2025-11-20 10:23:59
2025-11-20 10:23:59,828 [INFO] Applying EMA strategy to 2 stocks.
2025-11-20 10:24:11,272 [INFO] Checking trade setups at 2025-11-20 10:24:11
2025-11-20 10:24:11,272 [INFO] Applying EMA strategy to 2 stocks.
2025-11-20 10:24:22,582 [INFO] Checking trade setups at 2025-11-20 10:24:22
2025-11-20 10:24:22,582 [INFO] Applying EMA strategy to 2 stocks.
2025-11-20 10:24:37,553 [INFO] Checking trade setups at 2025-11-20 10:24:37
2025-11-20 10:24:37,553 [INFO] Applying EMA strategy to 2 stocks.
2025-11-20 10:24:49,221 [INFO] Checking trade setups at 2025-11-20 10:24:49
2025-11-20 10:24:49,221 [INFO] Applying EMA strategy to 2 stocks.
2025-11-20 10:25:00,799 [INFO] Checking trade setups at 2025-11-20 10:25:00
2025-11-20 10:25:00,799 [INFO] Applying EMA strategy to 2 stocks.
2025-11-20 10:25:12,247 [INFO] Checking trade setups at 2025-11-20 10:25:12
2025-11-20 10:25:12,247 [INFO] Applying EMA strategy to 2 stocks.
2025-11-20 10:25:23,490 [INFO] Checking trade setups at 2025-11-20 10:25:23
2025-11-20 10:25:23,490 [INFO] Applying EMA strategy to 2 stocks.
2025-11-20 10:25:34,785 [INFO] Checking trade setups at 2025-11-20 10:25:34
2025-11-20 10:25:34,785 [INFO] Applying EMA strategy to 2 stocks.
2025-11-20 10:25:46,085 [INFO] Checking trade setups at 2025-11-20 10:25:46
2025-11-20 10:25:46,086 [INFO] Applying EMA strategy to 2 stocks.
2025-11-20 10:25:57,298 [INFO] Checking trade setups at 2025-11-20 10:25:57
2025-11-20 10:25:57,298 [INFO] Applying EMA strategy to 2 stocks.
2025-11-20 10:26:08,600 [INFO] Checking trade setups at 2025-11-20 10:26:08
2025-11-20 10:26:08,601 [INFO] Applying EMA strategy to 2 stocks.
2025-11-20 10:26:19,864 [INFO] Checking trade setups at 2025-11-20 10:26:19
2025-11-20 10:26:19,864 [INFO] Applying EMA strategy to 2 stocks.
2025-11-20 10:26:31,362 [INFO] Checking trade setups at 2025-11-20 10:26:31
2025-11-20 10:26:31,362 [INFO] Applying EMA strategy to 2 stocks.
2025-11-20 10:26:42,553 [INFO] Checking trade setups at 2025-11-20 10:26:42
2025-11-20 10:26:42,553 [INFO] Applying EMA strategy to 2 stocks.
2025-11-20 10:26:53,831 [INFO] Checking trade setups at 2025-11-20 10:26:53
2025-11-20 10:26:53,831 [INFO] Applying EMA strategy to 2 stocks.
2025-11-20 10:27:05,124 [INFO] Checking trade setups at 2025-11-20 10:27:05
2025-11-20 10:27:05,124 [INFO] Applying EMA strategy to 2 stocks.
2025-11-20 10:27:16,366 [INFO] Checking trade setups at 2025-11-20 10:27:16
2025-11-20 10:27:16,366 [INFO] Applying EMA strategy to 2 stocks.
2025-11-20 10:27:27,607 [INFO] Checking trade setups at 2025-11-20 10:27:27
2025-11-20 10:27:27,607 [INFO] Applying EMA strategy to 2 stocks.
2025-11-20 10:27:38,949 [INFO] Checking trade setups at 2025-11-20 10:27:38
2025-11-20 10:27:38,950 [INFO] Applying EMA strategy to 2 stocks.
2025-11-20 10:27:50,441 [INFO] Checking trade setups at 2025-11-20 10:27:50
2025-11-20 10:27:50,441 [INFO] Applying EMA strategy to 2 stocks.
2025-11-20 10:28:01,745 [INFO] Checking trade setups at 2025-11-20 10:28:01
2025-11-20 10:28:01,745 [INFO] Applying EMA strategy to 2 stocks.
2025-11-20 10:28:13,049 [INFO] Checking trade setups at 2025-11-20 10:28:13
2025-11-20 10:28:13,049 [INFO] Applying EMA strategy to 2 stocks.
2025-11-20 10:28:24,402 [INFO] Checking trade setups at 2025-11-20 10:28:24
2025-11-20 10:28:24,402 [INFO] Applying EMA strategy to 2 stocks.
2025-11-20 10:28:35,760 [INFO] Checking trade setups at 2025-11-20 10:28:35
2025-11-20 10:28:35,761 [INFO] Applying EMA strategy to 2 stocks.
2025-11-20 10:28:47,017 [INFO] Checking trade setups at 2025-11-20 10:28:47
2025-11-20 10:28:47,017 [INFO] Applying EMA strategy to 2 stocks.
2025-11-20 10:28:58,429 [INFO] Checking trade setups at 2025-11-20 10:28:58
2025-11-20 10:28:58,430 [INFO] Applying EMA strategy to 2 stocks.
2025-11-20 10:29:09,719 [INFO] Checking trade setups at 2025-11-20 10:29:09
2025-11-20 10:29:09,719 [INFO] Applying EMA strategy to 2 stocks.
2025-11-20 10:29:21,095 [INFO] Checking trade setups at 2025-11-20 10:29:21
2025-11-20 10:29:21,095 [INFO] Applying EMA strategy to 2 stocks.
2025-11-20 10:29:32,939 [INFO] Checking trade setups at 2025-11-20 10:29:32
2025-11-20 10:29:32,940 [INFO] Applying EMA strategy to 2 stocks.
2025-11-20 10:29:44,265 [INFO] Checking trade setups at 2025-11-20 10:29:44
2025-11-20 10:29:44,265 [INFO] Applying EMA strategy to 2 stocks.
2025-11-20 10:29:55,580 [INFO] Checking trade setups at 2025-11-20 10:29:55
2025-11-20 10:29:55,585 [INFO] Applying EMA strategy to 2 stocks.
2025-11-20 10:30:06,978 [INFO] Checking trade setups at 2025-11-20 10:30:06
2025-11-20 10:30:06,978 [INFO] Applying EMA strategy to 2 stocks.
2025-11-20 10:30:18,361 [INFO] Checking trade setups at 2025-11-20 10:30:18
2025-11-20 10:30:18,362 [INFO] Applying EMA strategy to 2 stocks.
2025-11-20 10:30:29,696 [INFO] Checking trade setups at 2025-11-20 10:30:29
2025-11-20 10:30:29,697 [INFO] Applying EMA strategy to 2 stocks.
2025-11-20 10:30:40,984 [INFO] Checking trade setups at 2025-11-20 10:30:40
2025-11-20 10:30:40,984 [INFO] Applying EMA strategy to 2 stocks.
2025-11-20 10:30:52,245 [INFO] Checking trade setups at 2025-11-20 10:30:52
2025-11-20 10:30:52,245 [INFO] Applying EMA strategy to 2 stocks.
2025-11-20 10:31:03,532 [INFO] Checking trade setups at 2025-11-20 10:31:03
2025-11-20 10:31:03,533 [INFO] Applying EMA strategy to 2 stocks.
2025-11-20 10:31:15,367 [INFO] Checking trade setups at 2025-11-20 10:31:15
2025-11-20 10:31:15,367 [INFO] Applying EMA strategy to 2 stocks.
2025-11-20 10:31:27,466 [INFO] Checking trade setups at 2025-11-20 10:31:27
2025-11-20 10:31:27,466 [INFO] Applying EMA strategy to 2 stocks.
2025-11-20 10:31:39,336 [INFO] Checking trade setups at 2025-11-20 10:31:39
2025-11-20 10:31:39,336 [INFO] Applying EMA strategy to 2 stocks.
2025-11-20 10:31:51,243 [INFO] Checking trade setups at 2025-11-20 10:31:51
2025-11-20 10:31:51,243 [INFO] Applying EMA strategy to 2 stocks.
2025-11-20 10:32:02,933 [INFO] Checking trade setups at 2025-11-20 10:32:02
2025-11-20 10:32:02,933 [INFO] Applying EMA strategy to 2 stocks.
2025-11-20 10:32:14,477 [INFO] Checking trade setups at 2025-11-20 10:32:14
2025-11-20 10:32:14,478 [INFO] Applying EMA strategy to 2 stocks.
2025-11-20 10:32:26,570 [INFO] Checking trade setups at 2025-11-20 10:32:26
2025-11-20 10:32:26,570 [INFO] Applying EMA strategy to 2 stocks.
2025-11-20 10:32:38,522 [INFO] Checking trade setups at 2025-11-20 10:32:38
2025-11-20 10:32:38,523 [INFO] Applying EMA strategy to 2 stocks.
2025-11-20 10:32:50,686 [INFO] Checking trade setups at 2025-11-20 10:32:50
2025-11-20 10:32:50,686 [INFO] Applying EMA strategy to 2 stocks.
2025-11-20 10:33:02,420 [INFO] Checking trade setups at 2025-11-20 10:33:02
2025-11-20 10:33:02,420 [INFO] Applying EMA strategy to 2 stocks.
2025-11-20 10:33:14,084 [INFO] Checking trade setups at 2025-11-20 10:33:14
2025-11-20 10:33:14,084 [INFO] Applying EMA strategy to 2 stocks.
2025-11-20 10:33:25,608 [INFO] Checking trade setups at 2025-11-20 10:33:25
2025-11-20 10:33:25,608 [INFO] Applying EMA strategy to 2 stocks.
2025-11-20 10:33:37,430 [INFO] Checking trade setups at 2025-11-20 10:33:37
2025-11-20 10:33:37,430 [INFO] Applying EMA strategy to 2 stocks.
2025-11-20 10:33:49,264 [INFO] Checking trade setups at 2025-11-20 10:33:49
2025-11-20 10:33:49,265 [INFO] Applying EMA strategy to 2 stocks.
2025-11-20 10:34:01,282 [INFO] Checking trade setups at 2025-11-20 10:34:01
2025-11-20 10:34:01,282 [INFO] Applying EMA strategy to 2 stocks.
2025-11-20 10:34:13,878 [INFO] Checking trade setups at 2025-11-20 10:34:13
2025-11-20 10:34:13,878 [INFO] Applying EMA strategy to 2 stocks.
2025-11-20 10:34:25,439 [INFO] Checking trade setups at 2025-11-20 10:34:25
2025-11-20 10:34:25,442 [INFO] Applying EMA strategy to 2 stocks.
2025-11-20 10:34:38,068 [INFO] Checking trade setups at 2025-11-20 10:34:38
2025-11-20 10:34:38,068 [INFO] Applying EMA strategy to 2 stocks.
2025-11-20 10:34:51,248 [INFO] Checking trade setups at 2025-11-20 10:34:51
2025-11-20 10:34:51,249 [INFO] Applying EMA strategy to 2 stocks.
2025-11-20 10:35:03,058 [INFO] Checking trade setups at 2025-11-20 10:35:03
2025-11-20 10:35:03,058 [INFO] Applying EMA strategy to 2 stocks.
2025-11-20 10:35:15,403 [INFO] Checking trade setups at 2025-11-20 10:35:15
2025-11-20 10:35:15,403 [INFO] Applying EMA strategy to 2 stocks.
2025-11-20 10:35:27,217 [INFO] Checking trade setups at 2025-11-20 10:35:27
2025-11-20 10:35:27,217 [INFO] Applying EMA strategy to 2 stocks.
2025-11-20 10:35:39,674 [INFO] Checking trade setups at 2025-11-20 10:35:39
2025-11-20 10:35:39,674 [INFO] Applying EMA strategy to 2 stocks.
2025-11-20 10:35:52,172 [INFO] Checking trade setups at 2025-11-20 10:35:52
2025-11-20 10:35:52,172 [INFO] Applying EMA strategy to 2 stocks.
2025-11-20 10:36:03,964 [INFO] Checking trade setups at 2025-11-20 10:36:03
2025-11-20 10:36:03,967 [INFO] Applying EMA strategy to 2 stocks.
2025-11-20 10:36:16,547 [INFO] Checking trade setups at 2025-11-20 10:36:16
2025-11-20 10:36:16,547 [INFO] Applying EMA strategy to 2 stocks.
2025-11-20 10:36:28,320 [INFO] Checking trade setups at 2025-11-20 10:36:28
2025-11-20 10:36:28,320 [INFO] Applying EMA strategy to 2 stocks.
2025-11-20 10:36:40,295 [INFO] Checking trade setups at 2025-11-20 10:36:40
2025-11-20 10:36:40,296 [INFO] Applying EMA strategy to 2 stocks.
2025-11-20 10:36:52,578 [INFO] Checking trade setups at 2025-11-20 10:36:52
2025-11-20 10:36:52,578 [INFO] Applying EMA strategy to 2 stocks.
2025-11-20 10:37:04,581 [INFO] Checking trade setups at 2025-11-20 10:37:04
2025-11-20 10:37:04,581 [INFO] Applying EMA strategy to 2 stocks.
2025-11-20 10:37:16,327 [INFO] Checking trade setups at 2025-11-20 10:37:16
2025-11-20 10:37:16,327 [INFO] Applying EMA strategy to 2 stocks.
2025-11-20 10:37:28,019 [INFO] Checking trade setups at 2025-11-20 10:37:28
2025-11-20 10:37:28,019 [INFO] Applying EMA strategy to 2 stocks.
2025-11-20 10:37:39,516 [INFO] Checking trade setups at 2025-11-20 10:37:39
2025-11-20 10:37:39,516 [INFO] Applying EMA strategy to 2 stocks.
2025-11-20 10:37:51,274 [INFO] Checking trade setups at 2025-11-20 10:37:51
2025-11-20 10:37:51,274 [INFO] Applying EMA strategy to 2 stocks.
2025-11-20 10:38:03,039 [INFO] Checking trade setups at 2025-11-20 10:38:03
2025-11-20 10:38:03,039 [INFO] Applying EMA strategy to 2 stocks.
2025-11-20 10:38:15,021 [INFO] Checking trade setups at 2025-11-20 10:38:15
2025-11-20 10:38:15,021 [INFO] Applying EMA strategy to 2 stocks.
2025-11-20 10:38:26,802 [INFO] Checking trade setups at 2025-11-20 10:38:26
2025-11-20 10:38:26,802 [INFO] Applying EMA strategy to 2 stocks.
2025-11-20 10:38:38,693 [INFO] Checking trade setups at 2025-11-20 10:38:38
2025-11-20 10:38:38,693 [INFO] Applying EMA strategy to 2 stocks.
2025-11-20 10:38:50,973 [INFO] Checking trade setups at 2025-11-20 10:38:50
2025-11-20 10:38:50,973 [INFO] Applying EMA strategy to 2 stocks.
2025-11-20 10:39:02,738 [INFO] Checking trade setups at 2025-11-20 10:39:02
2025-11-20 10:39:02,738 [INFO] Applying EMA strategy to 2 stocks.
2025-11-20 10:39:14,739 [INFO] Checking trade setups at 2025-11-20 10:39:14
2025-11-20 10:39:14,740 [INFO] Applying EMA strategy to 2 stocks.
2025-11-20 10:39:26,398 [INFO] Checking trade setups at 2025-11-20 10:39:26
2025-11-20 10:39:26,398 [INFO] Applying EMA strategy to 2 stocks.
2025-11-20 10:39:38,293 [INFO] Checking trade setups at 2025-11-20 10:39:38
2025-11-20 10:39:38,294 [INFO] Applying EMA strategy to 2 stocks.
2025-11-20 10:39:50,049 [INFO] Checking trade setups at 2025-11-20 10:39:50
2025-11-20 10:39:50,049 [INFO] Applying EMA strategy to 2 stocks.
2025-11-20 10:40:02,061 [INFO] Checking trade setups at 2025-11-20 10:40:02
2025-11-20 10:40:02,061 [INFO] Applying EMA strategy to 2 stocks.
2025-11-20 10:40:13,808 [INFO] Checking trade setups at 2025-11-20 10:40:13
2025-11-20 10:40:13,809 [INFO] Applying EMA strategy to 2 stocks.
2025-11-20 10:40:25,388 [INFO] Checking trade setups at 2025-11-20 10:40:25
2025-11-20 10:40:25,388 [INFO] Applying EMA strategy to 2 stocks.
2025-11-20 10:40:37,268 [INFO] Checking trade setups at 2025-11-20 10:40:37
2025-11-20 10:40:37,269 [INFO] Applying EMA strategy to 2 stocks.
2025-11-20 10:40:48,828 [INFO] Checking trade setups at 2025-11-20 10:40:48
2025-11-20 10:40:48,828 [INFO] Applying EMA strategy to 2 stocks.
2025-11-20 10:41:00,707 [INFO] Checking trade setups at 2025-11-20 10:41:00
2025-11-20 10:41:00,707 [INFO] Applying EMA strategy to 2 stocks.
2025-11-20 10:41:12,470 [INFO] Checking trade setups at 2025-11-20 10:41:12
2025-11-20 10:41:12,470 [INFO] Applying EMA strategy to 2 stocks.
2025-11-20 10:41:24,421 [INFO] Checking trade setups at 2025-11-20 10:41:24
2025-11-20 10:41:24,422 [INFO] Applying EMA strategy to 2 stocks.
2025-11-20 10:41:36,447 [INFO] Checking trade setups at 2025-11-20 10:41:36
2025-11-20 10:41:36,447 [INFO] Applying EMA strategy to 2 stocks.
2025-11-20 10:41:47,947 [INFO] Checking trade setups at 2025-11-20 10:41:47
2025-11-20 10:41:47,948 [INFO] Applying EMA strategy to 2 stocks.
2025-11-20 10:41:59,755 [INFO] Checking trade setups at 2025-11-20 10:41:59
2025-11-20 10:41:59,755 [INFO] Applying EMA strategy to 2 stocks.
2025-11-20 10:42:11,985 [INFO] Checking trade setups at 2025-11-20 10:42:11
2025-11-20 10:42:11,985 [INFO] Applying EMA strategy to 2 stocks.
2025-11-20 10:42:23,570 [INFO] Checking trade setups at 2025-11-20 10:42:23
2025-11-20 10:42:23,570 [INFO] Applying EMA strategy to 2 stocks.
2025-11-20 10:42:35,212 [INFO] Checking trade setups at 2025-11-20 10:42:35
2025-11-20 10:42:35,212 [INFO] Applying EMA strategy to 2 stocks.
2025-11-20 10:42:47,463 [INFO] Checking trade setups at 2025-11-20 10:42:47
2025-11-20 10:42:47,463 [INFO] Applying EMA strategy to 2 stocks.
2025-11-20 10:42:59,282 [INFO] Checking trade setups at 2025-11-20 10:42:59
2025-11-20 10:42:59,283 [INFO] Applying EMA strategy to 2 stocks.
2025-11-20 10:43:10,877 [INFO] Checking trade setups at 2025-11-20 10:43:10
2025-11-20 10:43:10,877 [INFO] Applying EMA strategy to 2 stocks.
2025-11-20 10:43:22,863 [INFO] Checking trade setups at 2025-11-20 10:43:22
2025-11-20 10:43:22,863 [INFO] Applying EMA strategy to 2 stocks.
2025-11-20 10:43:34,733 [INFO] Checking trade setups at 2025-11-20 10:43:34
2025-11-20 10:43:34,734 [INFO] Applying EMA strategy to 2 stocks.
2025-11-20 10:43:46,317 [INFO] Checking trade setups at 2025-11-20 10:43:46
2025-11-20 10:43:46,317 [INFO] Applying EMA strategy to 2 stocks.
2025-11-20 10:43:58,081 [INFO] Checking trade setups at 2025-11-20 10:43:58
2025-11-20 10:43:58,081 [INFO] Applying EMA strategy to 2 stocks.
2025-11-20 10:44:10,091 [INFO] Checking trade setups at 2025-11-20 10:44:10
2025-11-20 10:44:10,091 [INFO] Applying EMA strategy to 2 stocks.
2025-11-20 10:44:22,562 [INFO] Checking trade setups at 2025-11-20 10:44:22
2025-11-20 10:44:22,563 [INFO] Applying EMA strategy to 2 stocks.
2025-11-20 10:44:34,523 [INFO] Checking trade setups at 2025-11-20 10:44:34
2025-11-20 10:44:34,523 [INFO] Applying EMA strategy to 2 stocks.
2025-11-20 10:44:46,943 [INFO] Checking trade setups at 2025-11-20 10:44:46
2025-11-20 10:44:46,944 [INFO] Applying EMA strategy to 2 stocks.
2025-11-20 10:44:58,593 [INFO] Checking trade setups at 2025-11-20 10:44:58
2025-11-20 10:44:58,593 [INFO] Applying EMA strategy to 2 stocks.
2025-11-20 10:45:09,914 [INFO] Checking trade setups at 2025-11-20 10:45:09
2025-11-20 10:45:09,915 [INFO] Applying EMA strategy to 2 stocks.
2025-11-20 10:45:21,857 [INFO] Checking trade setups at 2025-11-20 10:45:21
2025-11-20 10:45:21,857 [INFO] Applying EMA strategy to 2 stocks.
2025-11-20 10:45:34,155 [INFO] Checking trade setups at 2025-11-20 10:45:34
2025-11-20 10:45:34,155 [INFO] Applying EMA strategy to 2 stocks.
2025-11-20 10:45:36,463 [INFO] Executing trade for NSE:SAMMAANCAP-EQ: {'timestamp': '2025-11-20 10:45', 'action': 'SELL', 'entry_price': 163.26, 'stop_loss': 164.22, 'target': 160.37999999999997}
2025-11-20 10:45:36,463 [INFO] after SL after filtering the final SL:0.96, final_target:160.38, qty:104
2025-11-20 10:45:37,195 [INFO] Order Response: {'code': 1101, 'message': 'Successfully placed order', 's': 'ok', 'id': '25112000144209-BO-1'}
2025-11-20 10:45:37,196 [INFO] Trades taken today: 4
2025-11-20 10:45:37,197 [INFO] Remaining trades for the day: 2
2025-11-20 10:45:37,198 [INFO] ✅ Order placed successfully for NSE:SAMMAANCAP-EQ
2025-11-20 10:45:47,200 [INFO] Checking trade setups at 2025-11-20 10:45:47
2025-11-20 10:45:47,200 [INFO] Applying EMA strategy to 2 stocks.
2025-11-20 10:45:58,632 [INFO] Checking trade setups at 2025-11-20 10:45:58
2025-11-20 10:45:58,632 [INFO] Applying EMA strategy to 2 stocks.
2025-11-20 10:46:10,284 [INFO] Checking trade setups at 2025-11-20 10:46:10
2025-11-20 10:46:10,285 [INFO] Applying EMA strategy to 2 stocks.
2025-11-20 10:46:22,093 [INFO] Checking trade setups at 2025-11-20 10:46:22
2025-11-20 10:46:22,093 [INFO] Applying EMA strategy to 2 stocks.
2025-11-20 10:46:34,250 [INFO] Checking trade setups at 2025-11-20 10:46:34
2025-11-20 10:46:34,250 [INFO] Applying EMA strategy to 2 stocks.
2025-11-20 10:46:45,906 [INFO] Checking trade setups at 2025-11-20 10:46:45
2025-11-20 10:46:45,907 [INFO] Applying EMA strategy to 2 stocks.
2025-11-20 10:46:57,684 [INFO] Checking trade setups at 2025-11-20 10:46:57
2025-11-20 10:46:57,684 [INFO] Applying EMA strategy to 2 stocks.
2025-11-20 10:47:09,352 [INFO] Checking trade setups at 2025-11-20 10:47:09
2025-11-20 10:47:09,352 [INFO] Applying EMA strategy to 2 stocks.
2025-11-20 10:47:20,835 [INFO] Checking trade setups at 2025-11-20 10:47:20
2025-11-20 10:47:20,835 [INFO] Applying EMA strategy to 2 stocks.
2025-11-20 10:47:32,823 [INFO] Checking trade setups at 2025-11-20 10:47:32
2025-11-20 10:47:32,823 [INFO] Applying EMA strategy to 2 stocks.
2025-11-20 10:47:44,380 [INFO] Checking trade setups at 2025-11-20 10:47:44
2025-11-20 10:47:44,381 [INFO] Applying EMA strategy to 2 stocks.
2025-11-20 10:47:55,963 [INFO] Checking trade setups at 2025-11-20 10:47:55
2025-11-20 10:47:55,964 [INFO] Applying EMA strategy to 2 stocks.
2025-11-20 10:48:07,643 [INFO] Checking trade setups at 2025-11-20 10:48:07
2025-11-20 10:48:07,643 [INFO] Applying EMA strategy to 2 stocks.
2025-11-20 10:48:19,277 [INFO] Checking trade setups at 2025-11-20 10:48:19
2025-11-20 10:48:19,277 [INFO] Applying EMA strategy to 2 stocks.
2025-11-20 10:48:31,075 [INFO] Checking trade setups at 2025-11-20 10:48:31
2025-11-20 10:48:31,075 [INFO] Applying EMA strategy to 2 stocks.
2025-11-20 10:48:43,057 [INFO] Checking trade setups at 2025-11-20 10:48:43
2025-11-20 10:48:43,057 [INFO] Applying EMA strategy to 2 stocks.
2025-11-20 10:48:54,601 [INFO] Checking trade setups at 2025-11-20 10:48:54
2025-11-20 10:48:54,601 [INFO] Applying EMA strategy to 2 stocks.
2025-11-20 10:49:06,028 [INFO] Checking trade setups at 2025-11-20 10:49:06
2025-11-20 10:49:06,028 [INFO] Applying EMA strategy to 2 stocks.
2025-11-20 10:49:17,432 [INFO] Checking trade setups at 2025-11-20 10:49:17
2025-11-20 10:49:17,432 [INFO] Applying EMA strategy to 2 stocks.
2025-11-20 10:49:29,562 [INFO] Checking trade setups at 2025-11-20 10:49:29
2025-11-20 10:49:29,562 [INFO] Applying EMA strategy to 2 stocks.
2025-11-20 10:49:41,426 [INFO] Checking trade setups at 2025-11-20 10:49:41
2025-11-20 10:49:41,427 [INFO] Applying EMA strategy to 2 stocks.
2025-11-20 10:49:52,903 [INFO] Checking trade setups at 2025-11-20 10:49:52
2025-11-20 10:49:52,903 [INFO] Applying EMA strategy to 2 stocks.
2025-11-20 10:50:05,332 [INFO] Checking trade setups at 2025-11-20 10:50:05
2025-11-20 10:50:05,333 [INFO] Applying EMA strategy to 2 stocks.
2025-11-20 10:50:16,858 [INFO] Checking trade setups at 2025-11-20 10:50:16
2025-11-20 10:50:16,858 [INFO] Applying EMA strategy to 2 stocks.
2025-11-20 10:50:28,961 [INFO] Checking trade setups at 2025-11-20 10:50:28
2025-11-20 10:50:28,961 [INFO] Applying EMA strategy to 2 stocks.
2025-11-20 10:50:40,578 [INFO] Checking trade setups at 2025-11-20 10:50:40
2025-11-20 10:50:40,578 [INFO] Applying EMA strategy to 2 stocks.
2025-11-20 10:50:52,794 [INFO] Checking trade setups at 2025-11-20 10:50:52
2025-11-20 10:50:52,794 [INFO] Applying EMA strategy to 2 stocks.
2025-11-20 10:51:04,145 [INFO] Checking trade setups at 2025-11-20 10:51:04
2025-11-20 10:51:04,145 [INFO] Applying EMA strategy to 2 stocks.
2025-11-20 10:51:15,597 [INFO] Checking trade setups at 2025-11-20 10:51:15
2025-11-20 10:51:15,597 [INFO] Applying EMA strategy to 2 stocks.
2025-11-20 10:51:27,472 [INFO] Checking trade setups at 2025-11-20 10:51:27
2025-11-20 10:51:27,472 [INFO] Applying EMA strategy to 2 stocks.
2025-11-20 10:51:38,979 [INFO] Checking trade setups at 2025-11-20 10:51:38
2025-11-20 10:51:38,980 [INFO] Applying EMA strategy to 2 stocks.
2025-11-20 10:51:51,338 [INFO] Checking trade setups at 2025-11-20 10:51:51
2025-11-20 10:51:51,339 [INFO] Applying EMA strategy to 2 stocks.
2025-11-20 10:52:03,152 [INFO] Checking trade setups at 2025-11-20 10:52:03
2025-11-20 10:52:03,152 [INFO] Applying EMA strategy to 2 stocks.
2025-11-20 10:52:15,551 [INFO] Checking trade setups at 2025-11-20 10:52:15
2025-11-20 10:52:15,551 [INFO] Applying EMA strategy to 2 stocks.
2025-11-20 10:52:27,288 [INFO] Checking trade setups at 2025-11-20 10:52:27
2025-11-20 10:52:27,288 [INFO] Applying EMA strategy to 2 stocks.
2025-11-20 10:52:38,810 [INFO] Checking trade setups at 2025-11-20 10:52:38
2025-11-20 10:52:38,810 [INFO] Applying EMA strategy to 2 stocks.
2025-11-20 10:52:50,471 [INFO] Checking trade setups at 2025-11-20 10:52:50
2025-11-20 10:52:50,471 [INFO] Applying EMA strategy to 2 stocks.
2025-11-20 10:53:01,838 [INFO] Checking trade setups at 2025-11-20 10:53:01
2025-11-20 10:53:01,838 [INFO] Applying EMA strategy to 2 stocks.
2025-11-20 10:53:13,515 [INFO] Checking trade setups at 2025-11-20 10:53:13
2025-11-20 10:53:13,516 [INFO] Applying EMA strategy to 2 stocks.
2025-11-20 10:53:25,040 [INFO] Checking trade setups at 2025-11-20 10:53:25
2025-11-20 10:53:25,040 [INFO] Applying EMA strategy to 2 stocks.
2025-11-20 10:53:36,380 [INFO] Checking trade setups at 2025-11-20 10:53:36
2025-11-20 10:53:36,380 [INFO] Applying EMA strategy to 2 stocks.
2025-11-20 10:53:47,926 [INFO] Checking trade setups at 2025-11-20 10:53:47
2025-11-20 10:53:47,926 [INFO] Applying EMA strategy to 2 stocks.
2025-11-20 10:53:59,585 [INFO] Checking trade setups at 2025-11-20 10:53:59
2025-11-20 10:53:59,585 [INFO] Applying EMA strategy to 2 stocks.
2025-11-20 10:54:11,309 [INFO] Checking trade setups at 2025-11-20 10:54:11
2025-11-20 10:54:11,309 [INFO] Applying EMA strategy to 2 stocks.
2025-11-20 10:54:22,835 [INFO] Checking trade setups at 2025-11-20 10:54:22
2025-11-20 10:54:22,835 [INFO] Applying EMA strategy to 2 stocks.
2025-11-20 10:54:34,289 [INFO] Checking trade setups at 2025-11-20 10:54:34
2025-11-20 10:54:34,289 [INFO] Applying EMA strategy to 2 stocks.
2025-11-20 10:54:46,799 [INFO] Checking trade setups at 2025-11-20 10:54:46
2025-11-20 10:54:46,799 [INFO] Applying EMA strategy to 2 stocks.
2025-11-20 10:54:58,270 [INFO] Checking trade setups at 2025-11-20 10:54:58
2025-11-20 10:54:58,270 [INFO] Applying EMA strategy to 2 stocks.
2025-11-20 10:55:14,995 [INFO] Checking trade setups at 2025-11-20 10:55:14
2025-11-20 10:55:14,995 [INFO] Applying EMA strategy to 2 stocks.
2025-11-20 10:55:26,807 [INFO] Checking trade setups at 2025-11-20 10:55:26
2025-11-20 10:55:26,807 [INFO] Applying EMA strategy to 2 stocks.
2025-11-20 10:55:38,533 [INFO] Checking trade setups at 2025-11-20 10:55:38
2025-11-20 10:55:38,533 [INFO] Applying EMA strategy to 2 stocks.
2025-11-20 10:55:50,491 [INFO] Checking trade setups at 2025-11-20 10:55:50
2025-11-20 10:55:50,491 [INFO] Applying EMA strategy to 2 stocks.
2025-11-20 10:56:02,410 [INFO] Checking trade setups at 2025-11-20 10:56:02
2025-11-20 10:56:02,410 [INFO] Applying EMA strategy to 2 stocks.
2025-11-20 10:56:13,634 [INFO] Checking trade setups at 2025-11-20 10:56:13
2025-11-20 10:56:13,634 [INFO] Applying EMA strategy to 2 stocks.
2025-11-20 10:56:25,126 [INFO] Checking trade setups at 2025-11-20 10:56:25
2025-11-20 10:56:25,126 [INFO] Applying EMA strategy to 2 stocks.
2025-11-20 10:56:36,691 [INFO] Checking trade setups at 2025-11-20 10:56:36
2025-11-20 10:56:36,691 [INFO] Applying EMA strategy to 2 stocks.
2025-11-20 10:56:48,365 [INFO] Checking trade setups at 2025-11-20 10:56:48
2025-11-20 10:56:48,365 [INFO] Applying EMA strategy to 2 stocks.
2025-11-20 10:56:59,914 [INFO] Checking trade setups at 2025-11-20 10:56:59
2025-11-20 10:56:59,914 [INFO] Applying EMA strategy to 2 stocks.
2025-11-20 10:57:11,792 [INFO] Checking trade setups at 2025-11-20 10:57:11
2025-11-20 10:57:11,792 [INFO] Applying EMA strategy to 2 stocks.
2025-11-20 10:57:23,482 [INFO] Checking trade setups at 2025-11-20 10:57:23
2025-11-20 10:57:23,482 [INFO] Applying EMA strategy to 2 stocks.
2025-11-20 10:57:24,318 [INFO] Executing trade for NSE:NBCC-EQ: {'timestamp': '2025-11-20 10:55', 'action': 'SELL', 'entry_price': 114.9, 'stop_loss': 115.26, 'target': 113.82000000000001}
2025-11-20 10:57:24,319 [INFO] after SL after filtering the final SL:0.51, final_target:113.37, qty:196
2025-11-20 10:57:25,157 [INFO] Order Response: {'code': 1101, 'message': 'Successfully placed order', 's': 'ok', 'id': '25112000158622-BO-1'}
2025-11-20 10:57:25,159 [INFO] Trades taken today: 5
2025-11-20 10:57:25,159 [INFO] Remaining trades for the day: 1
2025-11-20 10:57:25,161 [INFO] ✅ Order placed successfully for NSE:NBCC-EQ
2025-11-20 10:57:36,996 [INFO] Checking trade setups at 2025-11-20 10:57:36
2025-11-20 10:57:36,996 [INFO] Applying EMA strategy to 2 stocks.
2025-11-20 10:57:48,568 [INFO] Checking trade setups at 2025-11-20 10:57:48
2025-11-20 10:57:48,568 [INFO] Applying EMA strategy to 2 stocks.
2025-11-20 10:58:00,470 [INFO] Checking trade setups at 2025-11-20 10:58:00
2025-11-20 10:58:00,470 [INFO] Applying EMA strategy to 2 stocks.
2025-11-20 10:58:12,420 [INFO] Checking trade setups at 2025-11-20 10:58:12
2025-11-20 10:58:12,420 [INFO] Applying EMA strategy to 2 stocks.
2025-11-20 10:58:24,098 [INFO] Checking trade setups at 2025-11-20 10:58:24
2025-11-20 10:58:24,098 [INFO] Applying EMA strategy to 2 stocks.
2025-11-20 10:58:35,438 [INFO] Checking trade setups at 2025-11-20 10:58:35
2025-11-20 10:58:35,439 [INFO] Applying EMA strategy to 2 stocks.
2025-11-20 10:58:46,895 [INFO] Checking trade setups at 2025-11-20 10:58:46
2025-11-20 10:58:46,895 [INFO] Applying EMA strategy to 2 stocks.
2025-11-20 10:58:58,712 [INFO] Checking trade setups at 2025-11-20 10:58:58
2025-11-20 10:58:58,713 [INFO] Applying EMA strategy to 2 stocks.
2025-11-20 10:59:10,383 [INFO] Checking trade setups at 2025-11-20 10:59:10
2025-11-20 10:59:10,383 [INFO] Applying EMA strategy to 2 stocks.
2025-11-20 10:59:21,947 [INFO] Checking trade setups at 2025-11-20 10:59:21
2025-11-20 10:59:21,948 [INFO] Applying EMA strategy to 2 stocks.
2025-11-20 10:59:33,353 [INFO] Checking trade setups at 2025-11-20 10:59:33
2025-11-20 10:59:33,353 [INFO] Applying EMA strategy to 2 stocks.
2025-11-20 10:59:44,833 [INFO] Checking trade setups at 2025-11-20 10:59:44
2025-11-20 10:59:44,833 [INFO] Applying EMA strategy to 2 stocks.
2025-11-20 10:59:56,996 [INFO] Checking trade setups at 2025-11-20 10:59:56
2025-11-20 10:59:56,997 [INFO] Applying EMA strategy to 2 stocks.
2025-11-20 11:00:08,661 [INFO] Checking trade setups at 2025-11-20 11:00:08
2025-11-20 11:00:08,661 [INFO] Applying EMA strategy to 2 stocks.
2025-11-20 11:00:20,529 [INFO] Checking trade setups at 2025-11-20 11:00:20
2025-11-20 11:00:20,529 [INFO] Applying EMA strategy to 2 stocks.
2025-11-20 11:00:31,868 [INFO] Checking trade setups at 2025-11-20 11:00:31
2025-11-20 11:00:31,868 [INFO] Applying EMA strategy to 2 stocks.
2025-11-20 11:00:43,379 [INFO] Checking trade setups at 2025-11-20 11:00:43
2025-11-20 11:00:43,379 [INFO] Applying EMA strategy to 2 stocks.
2025-11-20 11:00:55,171 [INFO] Checking trade setups at 2025-11-20 11:00:55
2025-11-20 11:00:55,172 [INFO] Applying EMA strategy to 2 stocks.
2025-11-20 11:01:06,815 [INFO] Checking trade setups at 2025-11-20 11:01:06
2025-11-20 11:01:06,816 [INFO] Applying EMA strategy to 2 stocks.
2025-11-20 11:01:18,286 [INFO] Checking trade setups at 2025-11-20 11:01:18
2025-11-20 11:01:18,286 [INFO] Applying EMA strategy to 2 stocks.
2025-11-20 11:01:29,806 [INFO] Checking trade setups at 2025-11-20 11:01:29
2025-11-20 11:01:29,806 [INFO] Applying EMA strategy to 2 stocks.
2025-11-20 11:01:41,743 [INFO] Checking trade setups at 2025-11-20 11:01:41
2025-11-20 11:01:41,743 [INFO] Applying EMA strategy to 2 stocks.
2025-11-20 11:01:53,100 [INFO] Checking trade setups at 2025-11-20 11:01:53
2025-11-20 11:01:53,100 [INFO] Applying EMA strategy to 2 stocks.
2025-11-20 11:02:04,788 [INFO] Checking trade setups at 2025-11-20 11:02:04
2025-11-20 11:02:04,788 [INFO] Applying EMA strategy to 2 stocks.
2025-11-20 11:02:16,240 [INFO] Checking trade setups at 2025-11-20 11:02:16
2025-11-20 11:02:16,241 [INFO] Applying EMA strategy to 2 stocks.
2025-11-20 11:02:28,355 [INFO] Checking trade setups at 2025-11-20 11:02:28
2025-11-20 11:02:28,355 [INFO] Applying EMA strategy to 2 stocks.
2025-11-20 11:02:40,082 [INFO] Checking trade setups at 2025-11-20 11:02:40
2025-11-20 11:02:40,082 [INFO] Applying EMA strategy to 2 stocks.
2025-11-20 11:02:51,992 [INFO] Checking trade setups at 2025-11-20 11:02:51
2025-11-20 11:02:51,992 [INFO] Applying EMA strategy to 2 stocks.
2025-11-20 11:03:03,551 [INFO] Checking trade setups at 2025-11-20 11:03:03
2025-11-20 11:03:03,552 [INFO] Applying EMA strategy to 2 stocks.
2025-11-20 11:03:15,302 [INFO] Checking trade setups at 2025-11-20 11:03:15
2025-11-20 11:03:15,302 [INFO] Applying EMA strategy to 2 stocks.
2025-11-20 11:03:27,011 [INFO] Checking trade setups at 2025-11-20 11:03:27
2025-11-20 11:03:27,011 [INFO] Applying EMA strategy to 2 stocks.
2025-11-20 11:03:38,690 [INFO] Checking trade setups at 2025-11-20 11:03:38
2025-11-20 11:03:38,690 [INFO] Applying EMA strategy to 2 stocks.
2025-11-20 11:03:50,005 [INFO] Checking trade setups at 2025-11-20 11:03:50
2025-11-20 11:03:50,005 [INFO] Applying EMA strategy to 2 stocks.
2025-11-20 11:04:01,928 [INFO] Checking trade setups at 2025-11-20 11:04:01
2025-11-20 11:04:01,928 [INFO] Applying EMA strategy to 2 stocks.
2025-11-20 11:04:13,546 [INFO] Checking trade setups at 2025-11-20 11:04:13
2025-11-20 11:04:13,546 [INFO] Applying EMA strategy to 2 stocks.
2025-11-20 11:04:25,580 [INFO] Checking trade setups at 2025-11-20 11:04:25
2025-11-20 11:04:25,580 [INFO] Applying EMA strategy to 2 stocks.
2025-11-20 11:04:37,624 [INFO] Checking trade setups at 2025-11-20 11:04:37
2025-11-20 11:04:37,625 [INFO] Applying EMA strategy to 2 stocks.
2025-11-20 11:04:49,029 [INFO] Checking trade setups at 2025-11-20 11:04:49
2025-11-20 11:04:49,029 [INFO] Applying EMA strategy to 2 stocks.
2025-11-20 11:05:00,394 [INFO] Checking trade setups at 2025-11-20 11:05:00
2025-11-20 11:05:00,394 [INFO] Applying EMA strategy to 2 stocks.
2025-11-20 11:05:12,272 [INFO] Checking trade setups at 2025-11-20 11:05:12
2025-11-20 11:05:12,272 [INFO] Applying EMA strategy to 2 stocks.
2025-11-20 11:05:23,770 [INFO] Checking trade setups at 2025-11-20 11:05:23
2025-11-20 11:05:23,770 [INFO] Applying EMA strategy to 2 stocks.
2025-11-20 11:05:35,314 [INFO] Checking trade setups at 2025-11-20 11:05:35
2025-11-20 11:05:35,315 [INFO] Applying EMA strategy to 2 stocks.
2025-11-20 11:05:46,898 [INFO] Checking trade setups at 2025-11-20 11:05:46
2025-11-20 11:05:46,898 [INFO] Applying EMA strategy to 2 stocks.
2025-11-20 11:05:58,985 [INFO] Checking trade setups at 2025-11-20 11:05:58
2025-11-20 11:05:58,986 [INFO] Applying EMA strategy to 2 stocks.
2025-11-20 11:06:10,604 [INFO] Checking trade setups at 2025-11-20 11:06:10
2025-11-20 11:06:10,604 [INFO] Applying EMA strategy to 2 stocks.
2025-11-20 11:06:22,291 [INFO] Checking trade setups at 2025-11-20 11:06:22
2025-11-20 11:06:22,291 [INFO] Applying EMA strategy to 2 stocks.
2025-11-20 11:06:33,502 [INFO] Checking trade setups at 2025-11-20 11:06:33
2025-11-20 11:06:33,502 [INFO] Applying EMA strategy to 2 stocks.
2025-11-20 11:06:44,872 [INFO] Checking trade setups at 2025-11-20 11:06:44
2025-11-20 11:06:44,872 [INFO] Applying EMA strategy to 2 stocks.
2025-11-20 11:06:56,529 [INFO] Checking trade setups at 2025-11-20 11:06:56
2025-11-20 11:06:56,529 [INFO] Applying EMA strategy to 2 stocks.
2025-11-20 11:07:08,306 [INFO] Checking trade setups at 2025-11-20 11:07:08
2025-11-20 11:07:08,307 [INFO] Applying EMA strategy to 2 stocks.
2025-11-20 11:07:19,875 [INFO] Checking trade setups at 2025-11-20 11:07:19
2025-11-20 11:07:19,875 [INFO] Applying EMA strategy to 2 stocks.
2025-11-20 11:07:32,071 [INFO] Checking trade setups at 2025-11-20 11:07:32
2025-11-20 11:07:32,071 [INFO] Applying EMA strategy to 2 stocks.
2025-11-20 11:07:43,673 [INFO] Checking trade setups at 2025-11-20 11:07:43
2025-11-20 11:07:43,673 [INFO] Applying EMA strategy to 2 stocks.
2025-11-20 11:07:54,919 [INFO] Checking trade setups at 2025-11-20 11:07:54
2025-11-20 11:07:54,919 [INFO] Applying EMA strategy to 2 stocks.
2025-11-20 11:08:06,221 [INFO] Checking trade setups at 2025-11-20 11:08:06
2025-11-20 11:08:06,221 [INFO] Applying EMA strategy to 2 stocks.
2025-11-20 11:08:18,338 [INFO] Checking trade setups at 2025-11-20 11:08:18
2025-11-20 11:08:18,338 [INFO] Applying EMA strategy to 2 stocks.
2025-11-20 11:08:30,336 [INFO] Checking trade setups at 2025-11-20 11:08:30
2025-11-20 11:08:30,336 [INFO] Applying EMA strategy to 2 stocks.
2025-11-20 11:08:42,098 [INFO] Checking trade setups at 2025-11-20 11:08:42
2025-11-20 11:08:42,099 [INFO] Applying EMA strategy to 2 stocks.
2025-11-20 11:08:53,667 [INFO] Checking trade setups at 2025-11-20 11:08:53
2025-11-20 11:08:53,667 [INFO] Applying EMA strategy to 2 stocks.
2025-11-20 11:09:05,650 [INFO] Checking trade setups at 2025-11-20 11:09:05
2025-11-20 11:09:05,650 [INFO] Applying EMA strategy to 2 stocks.
2025-11-20 11:09:17,017 [INFO] Checking trade setups at 2025-11-20 11:09:17
2025-11-20 11:09:17,017 [INFO] Applying EMA strategy to 2 stocks.
2025-11-20 11:09:28,812 [INFO] Checking trade setups at 2025-11-20 11:09:28
2025-11-20 11:09:28,812 [INFO] Applying EMA strategy to 2 stocks.
2025-11-20 11:09:40,221 [INFO] Checking trade setups at 2025-11-20 11:09:40
2025-11-20 11:09:40,222 [INFO] Applying EMA strategy to 2 stocks.
2025-11-20 11:09:52,994 [INFO] Checking trade setups at 2025-11-20 11:09:52
2025-11-20 11:09:52,995 [INFO] Applying EMA strategy to 2 stocks.
2025-11-20 11:10:04,828 [INFO] Checking trade setups at 2025-11-20 11:10:04
2025-11-20 11:10:04,828 [INFO] Applying EMA strategy to 2 stocks.
2025-11-20 11:10:16,510 [INFO] Checking trade setups at 2025-11-20 11:10:16
2025-11-20 11:10:16,510 [INFO] Applying EMA strategy to 2 stocks.
2025-11-20 11:10:28,493 [INFO] Checking trade setups at 2025-11-20 11:10:28
2025-11-20 11:10:28,494 [INFO] Applying EMA strategy to 2 stocks.
2025-11-20 11:10:40,572 [INFO] Checking trade setups at 2025-11-20 11:10:40
2025-11-20 11:10:40,572 [INFO] Applying EMA strategy to 2 stocks.
2025-11-20 11:10:52,471 [INFO] Checking trade setups at 2025-11-20 11:10:52
2025-11-20 11:10:52,472 [INFO] Applying EMA strategy to 2 stocks.
2025-11-20 11:11:04,149 [INFO] Checking trade setups at 2025-11-20 11:11:04
2025-11-20 11:11:04,149 [INFO] Applying EMA strategy to 2 stocks.
2025-11-20 11:11:16,018 [INFO] Checking trade setups at 2025-11-20 11:11:16
2025-11-20 11:11:16,019 [INFO] Applying EMA strategy to 2 stocks.
2025-11-20 11:11:27,274 [INFO] Checking trade setups at 2025-11-20 11:11:27
2025-11-20 11:11:27,274 [INFO] Applying EMA strategy to 2 stocks.
2025-11-20 11:11:38,745 [INFO] Checking trade setups at 2025-11-20 11:11:38
2025-11-20 11:11:38,745 [INFO] Applying EMA strategy to 2 stocks.
2025-11-20 11:11:40,856 [INFO] Executing trade for NSE:SAMMAANCAP-EQ: {'timestamp': '2025-11-20 11:10', 'action': 'SELL', 'entry_price': 164.01, 'stop_loss': 164.79, 'target': 161.67}
2025-11-20 11:11:40,857 [INFO] after SL after filtering the final SL:0.78, final_target:161.67, qty:128
2025-11-20 11:11:40,889 [INFO] NSE:SAMMAANCAP-EQ already traded today. Skipping.
2025-11-20 11:11:50,892 [INFO] Checking trade setups at 2025-11-20 11:11:50
2025-11-20 11:11:50,892 [INFO] Applying EMA strategy to 2 stocks.
2025-11-20 11:12:02,464 [INFO] Checking trade setups at 2025-11-20 11:12:02
2025-11-20 11:12:02,464 [INFO] Applying EMA strategy to 2 stocks.
2025-11-20 11:12:14,084 [INFO] Checking trade setups at 2025-11-20 11:12:14
2025-11-20 11:12:14,085 [INFO] Applying EMA strategy to 2 stocks.
2025-11-20 11:12:26,167 [INFO] Checking trade setups at 2025-11-20 11:12:26
2025-11-20 11:12:26,168 [INFO] Applying EMA strategy to 2 stocks.
2025-11-20 11:12:38,042 [INFO] Checking trade setups at 2025-11-20 11:12:38
2025-11-20 11:12:38,042 [INFO] Applying EMA strategy to 2 stocks.
2025-11-20 11:12:49,517 [INFO] Checking trade setups at 2025-11-20 11:12:49
2025-11-20 11:12:49,518 [INFO] Applying EMA strategy to 2 stocks.
2025-11-20 11:13:00,987 [INFO] Checking trade setups at 2025-11-20 11:13:00
2025-11-20 11:13:00,987 [INFO] Applying EMA strategy to 2 stocks.
2025-11-20 11:13:13,768 [INFO] Checking trade setups at 2025-11-20 11:13:13
2025-11-20 11:13:13,768 [INFO] Applying EMA strategy to 2 stocks.
2025-11-20 11:13:25,243 [INFO] Checking trade setups at 2025-11-20 11:13:25
2025-11-20 11:13:25,244 [INFO] Applying EMA strategy to 2 stocks.
2025-11-20 11:13:36,926 [INFO] Checking trade setups at 2025-11-20 11:13:36
2025-11-20 11:13:36,926 [INFO] Applying EMA strategy to 2 stocks.
2025-11-20 11:13:48,532 [INFO] Checking trade setups at 2025-11-20 11:13:48
2025-11-20 11:13:48,533 [INFO] Applying EMA strategy to 2 stocks.
2025-11-20 11:14:00,172 [INFO] Checking trade setups at 2025-11-20 11:14:00
2025-11-20 11:14:00,173 [INFO] Applying EMA strategy to 2 stocks.
2025-11-20 11:14:12,277 [INFO] Checking trade setups at 2025-11-20 11:14:12
2025-11-20 11:14:12,277 [INFO] Applying EMA strategy to 2 stocks.
2025-11-20 11:14:24,255 [INFO] Checking trade setups at 2025-11-20 11:14:24
2025-11-20 11:14:24,255 [INFO] Applying EMA strategy to 2 stocks.
2025-11-20 11:14:37,383 [INFO] Checking trade setups at 2025-11-20 11:14:37
2025-11-20 11:14:37,383 [INFO] Applying EMA strategy to 2 stocks.
2025-11-20 11:14:49,235 [INFO] Checking trade setups at 2025-11-20 11:14:49
2025-11-20 11:14:49,235 [INFO] Applying EMA strategy to 2 stocks.
2025-11-20 11:15:00,794 [INFO] Checking trade setups at 2025-11-20 11:15:00
2025-11-20 11:15:00,795 [INFO] Applying EMA strategy to 2 stocks.
2025-11-20 11:15:12,519 [INFO] Checking trade setups at 2025-11-20 11:15:12
2025-11-20 11:15:12,520 [INFO] Applying EMA strategy to 2 stocks.
2025-11-20 11:15:24,255 [INFO] Checking trade setups at 2025-11-20 11:15:24
2025-11-20 11:15:24,255 [INFO] Applying EMA strategy to 2 stocks.
2025-11-20 11:15:36,732 [INFO] Checking trade setups at 2025-11-20 11:15:36
2025-11-20 11:15:36,732 [INFO] Applying EMA strategy to 2 stocks.
2025-11-20 11:15:48,505 [INFO] Checking trade setups at 2025-11-20 11:15:48
2025-11-20 11:15:48,505 [INFO] Applying EMA strategy to 2 stocks.
2025-11-20 11:15:59,691 [INFO] Checking trade setups at 2025-11-20 11:15:59
2025-11-20 11:15:59,691 [INFO] Applying EMA strategy to 2 stocks.
2025-11-20 11:16:11,906 [INFO] Checking trade setups at 2025-11-20 11:16:11
2025-11-20 11:16:11,906 [INFO] Applying EMA strategy to 2 stocks.
2025-11-20 11:16:23,424 [INFO] Checking trade setups at 2025-11-20 11:16:23
2025-11-20 11:16:23,424 [INFO] Applying EMA strategy to 2 stocks.
2025-11-20 11:16:35,109 [INFO] Checking trade setups at 2025-11-20 11:16:35
2025-11-20 11:16:35,109 [INFO] Applying EMA strategy to 2 stocks.
2025-11-20 11:16:46,572 [INFO] Checking trade setups at 2025-11-20 11:16:46
2025-11-20 11:16:46,573 [INFO] Applying EMA strategy to 2 stocks.
2025-11-20 11:16:58,266 [INFO] Checking trade setups at 2025-11-20 11:16:58
2025-11-20 11:16:58,266 [INFO] Applying EMA strategy to 2 stocks.
2025-11-20 11:17:10,207 [INFO] Checking trade setups at 2025-11-20 11:17:10
2025-11-20 11:17:10,207 [INFO] Applying EMA strategy to 2 stocks.
2025-11-20 11:17:21,545 [INFO] Checking trade setups at 2025-11-20 11:17:21
2025-11-20 11:17:21,545 [INFO] Applying EMA strategy to 2 stocks.
2025-11-20 11:17:32,924 [INFO] Checking trade setups at 2025-11-20 11:17:32
2025-11-20 11:17:32,924 [INFO] Applying EMA strategy to 2 stocks.
2025-11-20 11:17:45,243 [INFO] Checking trade setups at 2025-11-20 11:17:45
2025-11-20 11:17:45,244 [INFO] Applying EMA strategy to 2 stocks.
2025-11-20 11:17:56,955 [INFO] Checking trade setups at 2025-11-20 11:17:56
2025-11-20 11:17:56,955 [INFO] Applying EMA strategy to 2 stocks.
2025-11-20 11:17:58,696 [INFO] Executing trade for NSE:SAMMAANCAP-EQ: {'timestamp': '2025-11-20 11:15', 'action': 'SELL', 'entry_price': 164, 'stop_loss': 164.5, 'target': 162.5}
2025-11-20 11:17:58,697 [INFO] after SL after filtering the final SL:0.51, final_target:162.47, qty:196
2025-11-20 11:17:58,708 [INFO] NSE:SAMMAANCAP-EQ already traded today. Skipping.
2025-11-20 11:18:08,711 [INFO] Checking trade setups at 2025-11-20 11:18:08
2025-11-20 11:18:08,712 [INFO] Applying EMA strategy to 2 stocks.
2025-11-20 11:18:20,920 [INFO] Checking trade setups at 2025-11-20 11:18:20
2025-11-20 11:18:20,920 [INFO] Applying EMA strategy to 2 stocks.
2025-11-20 11:18:32,232 [INFO] Checking trade setups at 2025-11-20 11:18:32
2025-11-20 11:18:32,232 [INFO] Applying EMA strategy to 2 stocks.
2025-11-20 11:18:43,967 [INFO] Checking trade setups at 2025-11-20 11:18:43
2025-11-20 11:18:43,968 [INFO] Applying EMA strategy to 2 stocks.
2025-11-20 11:18:56,556 [INFO] Checking trade setups at 2025-11-20 11:18:56
2025-11-20 11:18:56,557 [INFO] Applying EMA strategy to 2 stocks.
2025-11-20 11:19:07,885 [INFO] Checking trade setups at 2025-11-20 11:19:07
2025-11-20 11:19:07,885 [INFO] Applying EMA strategy to 2 stocks.
2025-11-20 11:19:19,810 [INFO] Checking trade setups at 2025-11-20 11:19:19
2025-11-20 11:19:19,811 [INFO] Applying EMA strategy to 2 stocks.
2025-11-20 11:19:31,012 [INFO] Checking trade setups at 2025-11-20 11:19:31
2025-11-20 11:19:31,012 [INFO] Applying EMA strategy to 2 stocks.
2025-11-20 11:19:42,735 [INFO] Checking trade setups at 2025-11-20 11:19:42
2025-11-20 11:19:42,735 [INFO] Applying EMA strategy to 2 stocks.
2025-11-20 11:19:54,082 [INFO] Checking trade setups at 2025-11-20 11:19:54
2025-11-20 11:19:54,082 [INFO] Applying EMA strategy to 2 stocks.
2025-11-20 11:20:05,447 [INFO] Checking trade setups at 2025-11-20 11:20:05
2025-11-20 11:20:05,447 [INFO] Applying EMA strategy to 2 stocks.
2025-11-20 11:20:16,812 [INFO] Checking trade setups at 2025-11-20 11:20:16
2025-11-20 11:20:16,813 [INFO] Applying EMA strategy to 2 stocks.
2025-11-20 11:20:28,078 [INFO] Checking trade setups at 2025-11-20 11:20:28
2025-11-20 11:20:28,078 [INFO] Applying EMA strategy to 2 stocks.
2025-11-20 11:20:39,628 [INFO] Checking trade setups at 2025-11-20 11:20:39
2025-11-20 11:20:39,628 [INFO] Applying EMA strategy to 2 stocks.
2025-11-20 11:20:51,213 [INFO] Checking trade setups at 2025-11-20 11:20:51
2025-11-20 11:20:51,214 [INFO] Applying EMA strategy to 2 stocks.
2025-11-20 11:21:02,902 [INFO] Checking trade setups at 2025-11-20 11:21:02
2025-11-20 11:21:02,902 [INFO] Applying EMA strategy to 2 stocks.
2025-11-20 11:21:14,670 [INFO] Checking trade setups at 2025-11-20 11:21:14
2025-11-20 11:21:14,670 [INFO] Applying EMA strategy to 2 stocks.
2025-11-20 11:21:26,133 [INFO] Checking trade setups at 2025-11-20 11:21:26
2025-11-20 11:21:26,133 [INFO] Applying EMA strategy to 2 stocks.
2025-11-20 11:21:37,704 [INFO] Checking trade setups at 2025-11-20 11:21:37
2025-11-20 11:21:37,705 [INFO] Applying EMA strategy to 2 stocks.
2025-11-20 11:21:48,970 [INFO] Checking trade setups at 2025-11-20 11:21:48
2025-11-20 11:21:48,971 [INFO] Applying EMA strategy to 2 stocks.
2025-11-20 11:22:00,660 [INFO] Checking trade setups at 2025-11-20 11:22:00
2025-11-20 11:22:00,660 [INFO] Applying EMA strategy to 2 stocks.
2025-11-20 11:22:12,219 [INFO] Checking trade setups at 2025-11-20 11:22:12
2025-11-20 11:22:12,220 [INFO] Applying EMA strategy to 2 stocks.
2025-11-20 11:22:23,580 [INFO] Checking trade setups at 2025-11-20 11:22:23
2025-11-20 11:22:23,581 [INFO] Applying EMA strategy to 2 stocks.
2025-11-20 11:22:35,377 [INFO] Checking trade setups at 2025-11-20 11:22:35
2025-11-20 11:22:35,378 [INFO] Applying EMA strategy to 2 stocks.
2025-11-20 11:22:47,135 [INFO] Checking trade setups at 2025-11-20 11:22:47
2025-11-20 11:22:47,135 [INFO] Applying EMA strategy to 2 stocks.
2025-11-20 11:22:59,217 [INFO] Checking trade setups at 2025-11-20 11:22:59
2025-11-20 11:22:59,218 [INFO] Applying EMA strategy to 2 stocks.
2025-11-20 11:23:10,893 [INFO] Checking trade setups at 2025-11-20 11:23:10
2025-11-20 11:23:10,893 [INFO] Applying EMA strategy to 2 stocks.
2025-11-20 11:23:22,489 [INFO] Checking trade setups at 2025-11-20 11:23:22
2025-11-20 11:23:22,489 [INFO] Applying EMA strategy to 2 stocks.
2025-11-20 11:23:34,308 [INFO] Checking trade setups at 2025-11-20 11:23:34
2025-11-20 11:23:34,309 [INFO] Applying EMA strategy to 2 stocks.
2025-11-20 11:23:45,720 [INFO] Checking trade setups at 2025-11-20 11:23:45
2025-11-20 11:23:45,721 [INFO] Applying EMA strategy to 2 stocks.
2025-11-20 11:23:57,644 [INFO] Checking trade setups at 2025-11-20 11:23:57
2025-11-20 11:23:57,644 [INFO] Applying EMA strategy to 2 stocks.
2025-11-20 11:24:09,298 [INFO] Checking trade setups at 2025-11-20 11:24:09
2025-11-20 11:24:09,299 [INFO] Applying EMA strategy to 2 stocks.
2025-11-20 11:24:20,888 [INFO] Checking trade setups at 2025-11-20 11:24:20
2025-11-20 11:24:20,888 [INFO] Applying EMA strategy to 2 stocks.
2025-11-20 11:24:32,419 [INFO] Checking trade setups at 2025-11-20 11:24:32
2025-11-20 11:24:32,420 [INFO] Applying EMA strategy to 2 stocks.
2025-11-20 11:24:44,195 [INFO] Checking trade setups at 2025-11-20 11:24:44
2025-11-20 11:24:44,196 [INFO] Applying EMA strategy to 2 stocks.
2025-11-20 11:24:55,732 [INFO] Checking trade setups at 2025-11-20 11:24:55
2025-11-20 11:24:55,734 [INFO] Applying EMA strategy to 2 stocks.
2025-11-20 11:25:07,336 [INFO] Checking trade setups at 2025-11-20 11:25:07
2025-11-20 11:25:07,336 [INFO] Applying EMA strategy to 2 stocks.
2025-11-20 11:25:19,422 [INFO] Checking trade setups at 2025-11-20 11:25:19
2025-11-20 11:25:19,422 [INFO] Applying EMA strategy to 2 stocks.
2025-11-20 11:25:31,308 [INFO] Checking trade setups at 2025-11-20 11:25:31
2025-11-20 11:25:31,309 [INFO] Applying EMA strategy to 2 stocks.
2025-11-20 11:25:43,795 [INFO] Checking trade setups at 2025-11-20 11:25:43
2025-11-20 11:25:43,796 [INFO] Applying EMA strategy to 2 stocks.
2025-11-20 11:25:55,510 [INFO] Checking trade setups at 2025-11-20 11:25:55
2025-11-20 11:25:55,511 [INFO] Applying EMA strategy to 2 stocks.
2025-11-20 11:26:07,880 [INFO] Checking trade setups at 2025-11-20 11:26:07
2025-11-20 11:26:07,881 [INFO] Applying EMA strategy to 2 stocks.
2025-11-20 11:26:20,617 [INFO] Checking trade setups at 2025-11-20 11:26:20
2025-11-20 11:26:20,618 [INFO] Applying EMA strategy to 2 stocks.
2025-11-20 11:26:32,127 [INFO] Checking trade setups at 2025-11-20 11:26:32
2025-11-20 11:26:32,127 [INFO] Applying EMA strategy to 2 stocks.
2025-11-20 11:26:43,639 [INFO] Checking trade setups at 2025-11-20 11:26:43
2025-11-20 11:26:43,639 [INFO] Applying EMA strategy to 2 stocks.
2025-11-20 11:26:56,173 [INFO] Checking trade setups at 2025-11-20 11:26:56
2025-11-20 11:26:56,174 [INFO] Applying EMA strategy to 2 stocks.
2025-11-20 11:27:07,855 [INFO] Checking trade setups at 2025-11-20 11:27:07
2025-11-20 11:27:07,855 [INFO] Applying EMA strategy to 2 stocks.
2025-11-20 11:27:20,130 [INFO] Checking trade setups at 2025-11-20 11:27:20
2025-11-20 11:27:20,131 [INFO] Applying EMA strategy to 2 stocks.
2025-11-20 11:27:32,561 [INFO] Checking trade setups at 2025-11-20 11:27:32
2025-11-20 11:27:32,561 [INFO] Applying EMA strategy to 2 stocks.
2025-11-20 11:27:44,825 [INFO] Checking trade setups at 2025-11-20 11:27:44
2025-11-20 11:27:44,826 [INFO] Applying EMA strategy to 2 stocks.
2025-11-20 11:27:57,421 [INFO] Checking trade setups at 2025-11-20 11:27:57
2025-11-20 11:27:57,425 [INFO] Applying EMA strategy to 2 stocks.
2025-11-20 11:28:08,912 [INFO] Checking trade setups at 2025-11-20 11:28:08
2025-11-20 11:28:08,913 [INFO] Applying EMA strategy to 2 stocks.
2025-11-20 11:28:20,258 [INFO] Checking trade setups at 2025-11-20 11:28:20
2025-11-20 11:28:20,258 [INFO] Applying EMA strategy to 2 stocks.
2025-11-20 11:28:31,672 [INFO] Checking trade setups at 2025-11-20 11:28:31
2025-11-20 11:28:31,672 [INFO] Applying EMA strategy to 2 stocks.
2025-11-20 11:28:42,882 [INFO] Checking trade setups at 2025-11-20 11:28:42
2025-11-20 11:28:42,883 [INFO] Applying EMA strategy to 2 stocks.
2025-11-20 11:28:54,582 [INFO] Checking trade setups at 2025-11-20 11:28:54
2025-11-20 11:28:54,582 [INFO] Applying EMA strategy to 2 stocks.
2025-11-20 11:29:06,036 [INFO] Checking trade setups at 2025-11-20 11:29:06
2025-11-20 11:29:06,037 [INFO] Applying EMA strategy to 2 stocks.
2025-11-20 11:29:17,400 [INFO] Checking trade setups at 2025-11-20 11:29:17
2025-11-20 11:29:17,402 [INFO] Applying EMA strategy to 2 stocks.
2025-11-20 11:29:28,968 [INFO] Checking trade setups at 2025-11-20 11:29:28
2025-11-20 11:29:28,969 [INFO] Applying EMA strategy to 2 stocks.
2025-11-20 11:29:40,544 [INFO] Checking trade setups at 2025-11-20 11:29:40
2025-11-20 11:29:40,545 [INFO] Applying EMA strategy to 2 stocks.
2025-11-20 11:29:51,697 [INFO] Checking trade setups at 2025-11-20 11:29:51
2025-11-20 11:29:51,697 [INFO] Applying EMA strategy to 2 stocks.
2025-11-20 11:30:03,077 [INFO] Checking trade setups at 2025-11-20 11:30:03
2025-11-20 11:30:03,077 [INFO] Applying EMA strategy to 2 stocks.
2025-11-20 11:30:14,544 [INFO] Checking trade setups at 2025-11-20 11:30:14
2025-11-20 11:30:14,545 [INFO] Applying EMA strategy to 2 stocks.
2025-11-20 11:30:25,956 [INFO] Checking trade setups at 2025-11-20 11:30:25
2025-11-20 11:30:25,956 [INFO] Applying EMA strategy to 2 stocks.
2025-11-20 11:30:37,690 [INFO] Checking trade setups at 2025-11-20 11:30:37
2025-11-20 11:30:37,691 [INFO] Applying EMA strategy to 2 stocks.
2025-11-20 11:30:49,366 [INFO] Checking trade setups at 2025-11-20 11:30:49
2025-11-20 11:30:49,368 [INFO] Applying EMA strategy to 2 stocks.
2025-11-20 11:31:00,720 [INFO] Checking trade setups at 2025-11-20 11:31:00
2025-11-20 11:31:00,721 [INFO] Applying EMA strategy to 2 stocks.
2025-11-20 11:31:12,506 [INFO] Checking trade setups at 2025-11-20 11:31:12
2025-11-20 11:31:12,508 [INFO] Applying EMA strategy to 2 stocks.
2025-11-20 11:31:24,271 [INFO] Checking trade setups at 2025-11-20 11:31:24
2025-11-20 11:31:24,272 [INFO] Applying EMA strategy to 2 stocks.
2025-11-20 11:31:35,640 [INFO] Checking trade setups at 2025-11-20 11:31:35
2025-11-20 11:31:35,641 [INFO] Applying EMA strategy to 2 stocks.
2025-11-20 11:31:47,414 [INFO] Checking trade setups at 2025-11-20 11:31:47
2025-11-20 11:31:47,415 [INFO] Applying EMA strategy to 2 stocks.
2025-11-20 11:31:58,783 [INFO] Checking trade setups at 2025-11-20 11:31:58
2025-11-20 11:31:58,783 [INFO] Applying EMA strategy to 2 stocks.
2025-11-20 11:32:10,976 [INFO] Checking trade setups at 2025-11-20 11:32:10
2025-11-20 11:32:10,977 [INFO] Applying EMA strategy to 2 stocks.
2025-11-20 11:32:22,750 [INFO] Checking trade setups at 2025-11-20 11:32:22
2025-11-20 11:32:22,750 [INFO] Applying EMA strategy to 2 stocks.
2025-11-20 11:32:34,525 [INFO] Checking trade setups at 2025-11-20 11:32:34
2025-11-20 11:32:34,525 [INFO] Applying EMA strategy to 2 stocks.
2025-11-20 11:32:46,402 [INFO] Checking trade setups at 2025-11-20 11:32:46
2025-11-20 11:32:46,403 [INFO] Applying EMA strategy to 2 stocks.
2025-11-20 11:32:58,132 [INFO] Checking trade setups at 2025-11-20 11:32:58
2025-11-20 11:32:58,133 [INFO] Applying EMA strategy to 2 stocks.
2025-11-20 11:33:10,819 [INFO] Checking trade setups at 2025-11-20 11:33:10
2025-11-20 11:33:10,819 [INFO] Applying EMA strategy to 2 stocks.
2025-11-20 11:33:22,648 [INFO] Checking trade setups at 2025-11-20 11:33:22
2025-11-20 11:33:22,648 [INFO] Applying EMA strategy to 2 stocks.
2025-11-20 11:33:34,732 [INFO] Checking trade setups at 2025-11-20 11:33:34
2025-11-20 11:33:34,732 [INFO] Applying EMA strategy to 2 stocks.
2025-11-20 11:33:47,026 [INFO] Checking trade setups at 2025-11-20 11:33:47
2025-11-20 11:33:47,026 [INFO] Applying EMA strategy to 2 stocks.
2025-11-20 11:33:58,810 [INFO] Checking trade setups at 2025-11-20 11:33:58
2025-11-20 11:33:58,810 [INFO] Applying EMA strategy to 2 stocks.
2025-11-20 11:34:11,092 [INFO] Checking trade setups at 2025-11-20 11:34:11
2025-11-20 11:34:11,092 [INFO] Applying EMA strategy to 2 stocks.
2025-11-20 11:34:23,213 [INFO] Checking trade setups at 2025-11-20 11:34:23
2025-11-20 11:34:23,213 [INFO] Applying EMA strategy to 2 stocks.
2025-11-20 11:34:35,917 [INFO] Checking trade setups at 2025-11-20 11:34:35
2025-11-20 11:34:35,917 [INFO] Applying EMA strategy to 2 stocks.
2025-11-20 11:34:47,954 [INFO] Checking trade setups at 2025-11-20 11:34:47
2025-11-20 11:34:47,954 [INFO] Applying EMA strategy to 2 stocks.
2025-11-20 11:35:00,449 [INFO] Checking trade setups at 2025-11-20 11:35:00
2025-11-20 11:35:00,450 [INFO] Applying EMA strategy to 2 stocks.
2025-11-20 11:35:12,033 [INFO] Checking trade setups at 2025-11-20 11:35:12
2025-11-20 11:35:12,035 [INFO] Applying EMA strategy to 2 stocks.
2025-11-20 11:35:23,596 [INFO] Checking trade setups at 2025-11-20 11:35:23
2025-11-20 11:35:23,596 [INFO] Applying EMA strategy to 2 stocks.
2025-11-20 11:35:35,068 [INFO] Checking trade setups at 2025-11-20 11:35:35
2025-11-20 11:35:35,068 [INFO] Applying EMA strategy to 2 stocks.
2025-11-20 11:35:46,916 [INFO] Checking trade setups at 2025-11-20 11:35:46
2025-11-20 11:35:46,916 [INFO] Applying EMA strategy to 2 stocks.
2025-11-20 11:35:58,845 [INFO] Checking trade setups at 2025-11-20 11:35:58
2025-11-20 11:35:58,845 [INFO] Applying EMA strategy to 2 stocks.
2025-11-20 11:36:10,812 [INFO] Checking trade setups at 2025-11-20 11:36:10
2025-11-20 11:36:10,813 [INFO] Applying EMA strategy to 2 stocks.
2025-11-20 11:36:22,582 [INFO] Checking trade setups at 2025-11-20 11:36:22
2025-11-20 11:36:22,583 [INFO] Applying EMA strategy to 2 stocks.
2025-11-20 11:36:34,808 [INFO] Checking trade setups at 2025-11-20 11:36:34
2025-11-20 11:36:34,809 [INFO] Applying EMA strategy to 2 stocks.
2025-11-20 11:36:46,242 [INFO] Checking trade setups at 2025-11-20 11:36:46
2025-11-20 11:36:46,242 [INFO] Applying EMA strategy to 2 stocks.
2025-11-20 11:36:58,218 [INFO] Checking trade setups at 2025-11-20 11:36:58
2025-11-20 11:36:58,218 [INFO] Applying EMA strategy to 2 stocks.
2025-11-20 11:37:10,211 [INFO] Checking trade setups at 2025-11-20 11:37:10
2025-11-20 11:37:10,211 [INFO] Applying EMA strategy to 2 stocks.
2025-11-20 11:37:21,660 [INFO] Checking trade setups at 2025-11-20 11:37:21
2025-11-20 11:37:21,662 [INFO] Applying EMA strategy to 2 stocks.
2025-11-20 11:37:33,639 [INFO] Checking trade setups at 2025-11-20 11:37:33
2025-11-20 11:37:33,639 [INFO] Applying EMA strategy to 2 stocks.
2025-11-20 11:37:45,261 [INFO] Checking trade setups at 2025-11-20 11:37:45
2025-11-20 11:37:45,262 [INFO] Applying EMA strategy to 2 stocks.
2025-11-20 11:37:56,788 [INFO] Checking trade setups at 2025-11-20 11:37:56
2025-11-20 11:37:56,788 [INFO] Applying EMA strategy to 2 stocks.
2025-11-20 11:38:08,053 [INFO] Checking trade setups at 2025-11-20 11:38:08
2025-11-20 11:38:08,054 [INFO] Applying EMA strategy to 2 stocks.
2025-11-20 11:38:20,286 [INFO] Checking trade setups at 2025-11-20 11:38:20
2025-11-20 11:38:20,287 [INFO] Applying EMA strategy to 2 stocks.
2025-11-20 11:38:31,814 [INFO] Checking trade setups at 2025-11-20 11:38:31
2025-11-20 11:38:31,815 [INFO] Applying EMA strategy to 2 stocks.
2025-11-20 11:38:43,997 [INFO] Checking trade setups at 2025-11-20 11:38:43
2025-11-20 11:38:43,997 [INFO] Applying EMA strategy to 2 stocks.
2025-11-20 11:38:55,383 [INFO] Checking trade setups at 2025-11-20 11:38:55
2025-11-20 11:38:55,385 [INFO] Applying EMA strategy to 2 stocks.
2025-11-20 11:39:07,153 [INFO] Checking trade setups at 2025-11-20 11:39:07
2025-11-20 11:39:07,153 [INFO] Applying EMA strategy to 2 stocks.
2025-11-20 11:39:19,013 [INFO] Checking trade setups at 2025-11-20 11:39:19
2025-11-20 11:39:19,013 [INFO] Applying EMA strategy to 2 stocks.
2025-11-20 11:39:30,394 [INFO] Checking trade setups at 2025-11-20 11:39:30
2025-11-20 11:39:30,395 [INFO] Applying EMA strategy to 2 stocks.
2025-11-20 11:39:42,420 [INFO] Checking trade setups at 2025-11-20 11:39:42
2025-11-20 11:39:42,421 [INFO] Applying EMA strategy to 2 stocks.
2025-11-20 11:39:54,345 [INFO] Checking trade setups at 2025-11-20 11:39:54
2025-11-20 11:39:54,346 [INFO] Applying EMA strategy to 2 stocks.
2025-11-20 11:40:06,253 [INFO] Checking trade setups at 2025-11-20 11:40:06
2025-11-20 11:40:06,253 [INFO] Applying EMA strategy to 2 stocks.
2025-11-20 11:40:18,632 [INFO] Checking trade setups at 2025-11-20 11:40:18
2025-11-20 11:40:18,632 [INFO] Applying EMA strategy to 2 stocks.
2025-11-20 11:40:31,290 [INFO] Checking trade setups at 2025-11-20 11:40:31
2025-11-20 11:40:31,290 [INFO] Applying EMA strategy to 2 stocks.
2025-11-20 11:40:43,082 [INFO] Checking trade setups at 2025-11-20 11:40:43
2025-11-20 11:40:43,083 [INFO] Applying EMA strategy to 2 stocks.
2025-11-20 11:40:56,548 [INFO] Checking trade setups at 2025-11-20 11:40:56
2025-11-20 11:40:56,548 [INFO] Applying EMA strategy to 2 stocks.
2025-11-20 11:41:08,385 [INFO] Checking trade setups at 2025-11-20 11:41:08
2025-11-20 11:41:08,386 [INFO] Applying EMA strategy to 2 stocks.
2025-11-20 11:41:20,017 [INFO] Checking trade setups at 2025-11-20 11:41:20
2025-11-20 11:41:20,019 [INFO] Applying EMA strategy to 2 stocks.
2025-11-20 11:41:32,654 [INFO] Checking trade setups at 2025-11-20 11:41:32
2025-11-20 11:41:32,654 [INFO] Applying EMA strategy to 2 stocks.
2025-11-20 11:41:44,651 [INFO] Checking trade setups at 2025-11-20 11:41:44
2025-11-20 11:41:44,651 [INFO] Applying EMA strategy to 2 stocks.
2025-11-20 11:41:56,818 [INFO] Checking trade setups at 2025-11-20 11:41:56
2025-11-20 11:41:56,818 [INFO] Applying EMA strategy to 2 stocks.
2025-11-20 11:42:08,904 [INFO] Checking trade setups at 2025-11-20 11:42:08
2025-11-20 11:42:08,904 [INFO] Applying EMA strategy to 2 stocks.
2025-11-20 11:42:20,377 [INFO] Checking trade setups at 2025-11-20 11:42:20
2025-11-20 11:42:20,378 [INFO] Applying EMA strategy to 2 stocks.
2025-11-20 11:42:31,947 [INFO] Checking trade setups at 2025-11-20 11:42:31
2025-11-20 11:42:31,949 [INFO] Applying EMA strategy to 2 stocks.
2025-11-20 11:42:43,826 [INFO] Checking trade setups at 2025-11-20 11:42:43
2025-11-20 11:42:43,826 [INFO] Applying EMA strategy to 2 stocks.
2025-11-20 11:42:55,548 [INFO] Checking trade setups at 2025-11-20 11:42:55
2025-11-20 11:42:55,548 [INFO] Applying EMA strategy to 2 stocks.
2025-11-20 11:43:07,682 [INFO] Checking trade setups at 2025-11-20 11:43:07
2025-11-20 11:43:07,682 [INFO] Applying EMA strategy to 2 stocks.
2025-11-20 11:43:19,460 [INFO] Checking trade setups at 2025-11-20 11:43:19
2025-11-20 11:43:19,460 [INFO] Applying EMA strategy to 2 stocks.
2025-11-20 11:43:31,250 [INFO] Checking trade setups at 2025-11-20 11:43:31
2025-11-20 11:43:31,251 [INFO] Applying EMA strategy to 2 stocks.
2025-11-20 11:43:43,073 [INFO] Checking trade setups at 2025-11-20 11:43:43
2025-11-20 11:43:43,073 [INFO] Applying EMA strategy to 2 stocks.
2025-11-20 11:43:54,848 [INFO] Checking trade setups at 2025-11-20 11:43:54
2025-11-20 11:43:54,849 [INFO] Applying EMA strategy to 2 stocks.
2025-11-20 11:44:06,641 [INFO] Checking trade setups at 2025-11-20 11:44:06
2025-11-20 11:44:06,642 [INFO] Applying EMA strategy to 2 stocks.
2025-11-20 11:44:18,753 [INFO] Checking trade setups at 2025-11-20 11:44:18
2025-11-20 11:44:18,753 [INFO] Applying EMA strategy to 2 stocks.
2025-11-20 11:44:30,380 [INFO] Checking trade setups at 2025-11-20 11:44:30
2025-11-20 11:44:30,380 [INFO] Applying EMA strategy to 2 stocks.
2025-11-20 11:44:42,179 [INFO] Checking trade setups at 2025-11-20 11:44:42
2025-11-20 11:44:42,180 [INFO] Applying EMA strategy to 2 stocks.
2025-11-20 11:44:54,103 [INFO] Checking trade setups at 2025-11-20 11:44:54
2025-11-20 11:44:54,103 [INFO] Applying EMA strategy to 2 stocks.
2025-11-20 11:45:05,860 [INFO] Checking trade setups at 2025-11-20 11:45:05
2025-11-20 11:45:05,861 [INFO] Applying EMA strategy to 2 stocks.
2025-11-20 11:45:17,547 [INFO] Checking trade setups at 2025-11-20 11:45:17
2025-11-20 11:45:17,547 [INFO] Applying EMA strategy to 2 stocks.
2025-11-20 11:45:29,371 [INFO] Checking trade setups at 2025-11-20 11:45:29
2025-11-20 11:45:29,372 [INFO] Applying EMA strategy to 2 stocks.
2025-11-20 11:45:41,416 [INFO] Checking trade setups at 2025-11-20 11:45:41
2025-11-20 11:45:41,416 [INFO] Applying EMA strategy to 2 stocks.
2025-11-20 11:45:53,010 [INFO] Checking trade setups at 2025-11-20 11:45:53
2025-11-20 11:45:53,010 [INFO] Applying EMA strategy to 2 stocks.
2025-11-20 11:46:04,942 [INFO] Checking trade setups at 2025-11-20 11:46:04
2025-11-20 11:46:04,943 [INFO] Applying EMA strategy to 2 stocks.
2025-11-20 11:46:16,749 [INFO] Checking trade setups at 2025-11-20 11:46:16
2025-11-20 11:46:16,749 [INFO] Applying EMA strategy to 2 stocks.
2025-11-20 11:46:17,543 [INFO] Executing trade for NSE:NBCC-EQ: {'timestamp': '2025-11-20 11:45', 'action': 'SELL', 'entry_price': 117.03, 'stop_loss': 117.55, 'target': 115.47000000000001}
2025-11-20 11:46:17,543 [INFO] after SL after filtering the final SL:0.52, final_target:115.47, qty:192
2025-11-20 11:46:17,557 [INFO] NSE:NBCC-EQ already traded today. Skipping.
2025-11-20 11:46:28,363 [INFO] Checking trade setups at 2025-11-20 11:46:28
2025-11-20 11:46:28,363 [INFO] Applying EMA strategy to 2 stocks.
2025-11-20 11:46:39,984 [INFO] Checking trade setups at 2025-11-20 11:46:39
2025-11-20 11:46:39,984 [INFO] Applying EMA strategy to 2 stocks.
2025-11-20 11:46:51,551 [INFO] Checking trade setups at 2025-11-20 11:46:51
2025-11-20 11:46:51,551 [INFO] Applying EMA strategy to 2 stocks.
2025-11-20 11:47:03,745 [INFO] Checking trade setups at 2025-11-20 11:47:03
2025-11-20 11:47:03,745 [INFO] Applying EMA strategy to 2 stocks.
2025-11-20 11:47:15,427 [INFO] Checking trade setups at 2025-11-20 11:47:15
2025-11-20 11:47:15,427 [INFO] Applying EMA strategy to 2 stocks.
2025-11-20 11:47:27,097 [INFO] Checking trade setups at 2025-11-20 11:47:27
2025-11-20 11:47:27,097 [INFO] Applying EMA strategy to 2 stocks.
2025-11-20 11:47:38,445 [INFO] Checking trade setups at 2025-11-20 11:47:38
2025-11-20 11:47:38,446 [INFO] Applying EMA strategy to 2 stocks.
2025-11-20 11:47:50,014 [INFO] Checking trade setups at 2025-11-20 11:47:50
2025-11-20 11:47:50,015 [INFO] Applying EMA strategy to 2 stocks.
2025-11-20 11:48:01,558 [INFO] Checking trade setups at 2025-11-20 11:48:01
2025-11-20 11:48:01,558 [INFO] Applying EMA strategy to 2 stocks.
2025-11-20 11:48:13,022 [INFO] Checking trade setups at 2025-11-20 11:48:13
2025-11-20 11:48:13,022 [INFO] Applying EMA strategy to 2 stocks.
2025-11-20 11:48:24,563 [INFO] Checking trade setups at 2025-11-20 11:48:24
2025-11-20 11:48:24,564 [INFO] Applying EMA strategy to 2 stocks.
2025-11-20 11:48:36,097 [INFO] Checking trade setups at 2025-11-20 11:48:36
2025-11-20 11:48:36,098 [INFO] Applying EMA strategy to 2 stocks.
2025-11-20 11:48:48,076 [INFO] Checking trade setups at 2025-11-20 11:48:48
2025-11-20 11:48:48,077 [INFO] Applying EMA strategy to 2 stocks.
2025-11-20 11:49:00,030 [INFO] Checking trade setups at 2025-11-20 11:49:00
2025-11-20 11:49:00,032 [INFO] Applying EMA strategy to 2 stocks.
2025-11-20 11:49:11,941 [INFO] Checking trade setups at 2025-11-20 11:49:11
2025-11-20 11:49:11,941 [INFO] Applying EMA strategy to 2 stocks.
2025-11-20 11:49:23,515 [INFO] Checking trade setups at 2025-11-20 11:49:23
2025-11-20 11:49:23,516 [INFO] Applying EMA strategy to 2 stocks.
2025-11-20 11:49:35,085 [INFO] Checking trade setups at 2025-11-20 11:49:35
2025-11-20 11:49:35,085 [INFO] Applying EMA strategy to 2 stocks.
2025-11-20 11:49:46,778 [INFO] Checking trade setups at 2025-11-20 11:49:46
2025-11-20 11:49:46,781 [INFO] Applying EMA strategy to 2 stocks.
2025-11-20 11:49:58,434 [INFO] Checking trade setups at 2025-11-20 11:49:58
2025-11-20 11:49:58,434 [INFO] Applying EMA strategy to 2 stocks.
2025-11-20 11:50:10,014 [INFO] Checking trade setups at 2025-11-20 11:50:10
2025-11-20 11:50:10,015 [INFO] Applying EMA strategy to 2 stocks.
2025-11-20 11:50:10,859 [INFO] Executing trade for NSE:NBCC-EQ: {'timestamp': '2025-11-20 11:50', 'action': 'SELL', 'entry_price': 116.68, 'stop_loss': 117.25, 'target': 114.97000000000003}
2025-11-20 11:50:10,860 [INFO] after SL after filtering the final SL:0.57, final_target:114.97, qty:175
2025-11-20 11:50:10,872 [INFO] NSE:NBCC-EQ already traded today. Skipping.
2025-11-20 11:50:21,843 [INFO] Checking trade setups at 2025-11-20 11:50:21
2025-11-20 11:50:21,844 [INFO] Applying EMA strategy to 2 stocks.
2025-11-20 11:50:33,555 [INFO] Checking trade setups at 2025-11-20 11:50:33
2025-11-20 11:50:33,556 [INFO] Applying EMA strategy to 2 stocks.
2025-11-20 11:50:45,305 [INFO] Checking trade setups at 2025-11-20 11:50:45
2025-11-20 11:50:45,306 [INFO] Applying EMA strategy to 2 stocks.
2025-11-20 11:50:57,435 [INFO] Checking trade setups at 2025-11-20 11:50:57
2025-11-20 11:50:57,436 [INFO] Applying EMA strategy to 2 stocks.
2025-11-20 11:51:08,957 [INFO] Checking trade setups at 2025-11-20 11:51:08
2025-11-20 11:51:08,958 [INFO] Applying EMA strategy to 2 stocks.
2025-11-20 11:51:20,565 [INFO] Checking trade setups at 2025-11-20 11:51:20
2025-11-20 11:51:20,567 [INFO] Applying EMA strategy to 2 stocks.
2025-11-20 11:51:32,134 [INFO] Checking trade setups at 2025-11-20 11:51:32
2025-11-20 11:51:32,134 [INFO] Applying EMA strategy to 2 stocks.
2025-11-20 11:51:43,706 [INFO] Checking trade setups at 2025-11-20 11:51:43
2025-11-20 11:51:43,706 [INFO] Applying EMA strategy to 2 stocks.
2025-11-20 11:51:55,297 [INFO] Checking trade setups at 2025-11-20 11:51:55
2025-11-20 11:51:55,297 [INFO] Applying EMA strategy to 2 stocks.
2025-11-20 11:52:06,497 [INFO] Checking trade setups at 2025-11-20 11:52:06
2025-11-20 11:52:06,498 [INFO] Applying EMA strategy to 2 stocks.
2025-11-20 11:52:18,102 [INFO] Checking trade setups at 2025-11-20 11:52:18
2025-11-20 11:52:18,102 [INFO] Applying EMA strategy to 2 stocks.
2025-11-20 11:52:29,831 [INFO] Checking trade setups at 2025-11-20 11:52:29
2025-11-20 11:52:29,832 [INFO] Applying EMA strategy to 2 stocks.
2025-11-20 11:52:41,861 [INFO] Checking trade setups at 2025-11-20 11:52:41
2025-11-20 11:52:41,861 [INFO] Applying EMA strategy to 2 stocks.
2025-11-20 11:52:53,336 [INFO] Checking trade setups at 2025-11-20 11:52:53
2025-11-20 11:52:53,337 [INFO] Applying EMA strategy to 2 stocks.
2025-11-20 11:53:04,872 [INFO] Checking trade setups at 2025-11-20 11:53:04
2025-11-20 11:53:04,873 [INFO] Applying EMA strategy to 2 stocks.
2025-11-20 11:53:16,589 [INFO] Checking trade setups at 2025-11-20 11:53:16
2025-11-20 11:53:16,590 [INFO] Applying EMA strategy to 2 stocks.
2025-11-20 11:53:28,263 [INFO] Checking trade setups at 2025-11-20 11:53:28
2025-11-20 11:53:28,263 [INFO] Applying EMA strategy to 2 stocks.
2025-11-20 11:53:39,882 [INFO] Checking trade setups at 2025-11-20 11:53:39
2025-11-20 11:53:39,883 [INFO] Applying EMA strategy to 2 stocks.
2025-11-20 11:53:51,803 [INFO] Checking trade setups at 2025-11-20 11:53:51
2025-11-20 11:53:51,803 [INFO] Applying EMA strategy to 2 stocks.
2025-11-20 11:54:03,606 [INFO] Checking trade setups at 2025-11-20 11:54:03
2025-11-20 11:54:03,607 [INFO] Applying EMA strategy to 2 stocks.
2025-11-20 11:54:15,372 [INFO] Checking trade setups at 2025-11-20 11:54:15
2025-11-20 11:54:15,372 [INFO] Applying EMA strategy to 2 stocks.
2025-11-20 11:54:27,756 [INFO] Checking trade setups at 2025-11-20 11:54:27
2025-11-20 11:54:27,757 [INFO] Applying EMA strategy to 2 stocks.
2025-11-20 11:54:39,252 [INFO] Checking trade setups at 2025-11-20 11:54:39
2025-11-20 11:54:39,253 [INFO] Applying EMA strategy to 2 stocks.
2025-11-20 11:54:51,113 [INFO] Checking trade setups at 2025-11-20 11:54:51
2025-11-20 11:54:51,114 [INFO] Applying EMA strategy to 2 stocks.
2025-11-20 11:55:02,373 [INFO] Checking trade setups at 2025-11-20 11:55:02
2025-11-20 11:55:02,374 [INFO] Applying EMA strategy to 2 stocks.
2025-11-20 11:55:14,467 [INFO] Checking trade setups at 2025-11-20 11:55:14
2025-11-20 11:55:14,468 [INFO] Applying EMA strategy to 2 stocks.
2025-11-20 11:55:26,273 [INFO] Checking trade setups at 2025-11-20 11:55:26
2025-11-20 11:55:26,273 [INFO] Applying EMA strategy to 2 stocks.
2025-11-20 11:55:38,132 [INFO] Checking trade setups at 2025-11-20 11:55:38
2025-11-20 11:55:38,132 [INFO] Applying EMA strategy to 2 stocks.
2025-11-20 11:55:49,567 [INFO] Checking trade setups at 2025-11-20 11:55:49
2025-11-20 11:55:49,568 [INFO] Applying EMA strategy to 2 stocks.
2025-11-20 11:56:01,557 [INFO] Checking trade setups at 2025-11-20 11:56:01
2025-11-20 11:56:01,557 [INFO] Applying EMA strategy to 2 stocks.
2025-11-20 11:56:13,737 [INFO] Checking trade setups at 2025-11-20 11:56:13
2025-11-20 11:56:13,737 [INFO] Applying EMA strategy to 2 stocks.
2025-11-20 11:56:25,651 [INFO] Checking trade setups at 2025-11-20 11:56:25
2025-11-20 11:56:25,655 [INFO] Applying EMA strategy to 2 stocks.
2025-11-20 11:56:37,291 [INFO] Checking trade setups at 2025-11-20 11:56:37
2025-11-20 11:56:37,291 [INFO] Applying EMA strategy to 2 stocks.
2025-11-20 11:56:48,968 [INFO] Checking trade setups at 2025-11-20 11:56:48
2025-11-20 11:56:48,969 [INFO] Applying EMA strategy to 2 stocks.
2025-11-20 11:57:00,645 [INFO] Checking trade setups at 2025-11-20 11:57:00
2025-11-20 11:57:00,645 [INFO] Applying EMA strategy to 2 stocks.
2025-11-20 11:57:12,142 [INFO] Checking trade setups at 2025-11-20 11:57:12
2025-11-20 11:57:12,142 [INFO] Applying EMA strategy to 2 stocks.
2025-11-20 11:57:23,747 [INFO] Checking trade setups at 2025-11-20 11:57:23
2025-11-20 11:57:23,747 [INFO] Applying EMA strategy to 2 stocks.
2025-11-20 11:57:35,682 [INFO] Checking trade setups at 2025-11-20 11:57:35
2025-11-20 11:57:35,683 [INFO] Applying EMA strategy to 2 stocks.
2025-11-20 11:57:47,196 [INFO] Checking trade setups at 2025-11-20 11:57:47
2025-11-20 11:57:47,196 [INFO] Applying EMA strategy to 2 stocks.
2025-11-20 11:57:58,912 [INFO] Checking trade setups at 2025-11-20 11:57:58
2025-11-20 11:57:58,913 [INFO] Applying EMA strategy to 2 stocks.
2025-11-20 11:58:10,618 [INFO] Checking trade setups at 2025-11-20 11:58:10
2025-11-20 11:58:10,620 [INFO] Applying EMA strategy to 2 stocks.
2025-11-20 11:58:22,662 [INFO] Checking trade setups at 2025-11-20 11:58:22
2025-11-20 11:58:22,662 [INFO] Applying EMA strategy to 2 stocks.
2025-11-20 11:58:34,382 [INFO] Checking trade setups at 2025-11-20 11:58:34
2025-11-20 11:58:34,383 [INFO] Applying EMA strategy to 2 stocks.
2025-11-20 11:58:47,247 [INFO] Checking trade setups at 2025-11-20 11:58:47
2025-11-20 11:58:47,248 [INFO] Applying EMA strategy to 2 stocks.
2025-11-20 11:58:58,929 [INFO] Checking trade setups at 2025-11-20 11:58:58
2025-11-20 11:58:58,929 [INFO] Applying EMA strategy to 2 stocks.
2025-11-20 11:59:10,556 [INFO] Checking trade setups at 2025-11-20 11:59:10
2025-11-20 11:59:10,557 [INFO] Applying EMA strategy to 2 stocks.
2025-11-20 11:59:22,166 [INFO] Checking trade setups at 2025-11-20 11:59:22
2025-11-20 11:59:22,166 [INFO] Applying EMA strategy to 2 stocks.
2025-11-20 11:59:33,729 [INFO] Checking trade setups at 2025-11-20 11:59:33
2025-11-20 11:59:33,730 [INFO] Applying EMA strategy to 2 stocks.
2025-11-20 11:59:45,014 [INFO] Checking trade setups at 2025-11-20 11:59:45
2025-11-20 11:59:45,015 [INFO] Applying EMA strategy to 2 stocks.
2025-11-20 11:59:56,566 [INFO] Checking trade setups at 2025-11-20 11:59:56
2025-11-20 11:59:56,566 [INFO] Applying EMA strategy to 2 stocks.
2025-11-20 12:00:08,653 [INFO] Checking trade setups at 2025-11-20 12:00:08
2025-11-20 12:00:08,653 [INFO] Applying EMA strategy to 2 stocks.
2025-11-20 12:00:20,750 [INFO] Checking trade setups at 2025-11-20 12:00:20
2025-11-20 12:00:20,751 [INFO] Applying EMA strategy to 2 stocks.
2025-11-20 12:00:32,617 [INFO] Checking trade setups at 2025-11-20 12:00:32
2025-11-20 12:00:32,617 [INFO] Applying EMA strategy to 2 stocks.
2025-11-20 12:00:44,190 [INFO] Checking trade setups at 2025-11-20 12:00:44
2025-11-20 12:00:44,191 [INFO] Applying EMA strategy to 2 stocks.
2025-11-20 12:00:55,959 [INFO] Checking trade setups at 2025-11-20 12:00:55
2025-11-20 12:00:55,960 [INFO] Applying EMA strategy to 2 stocks.
2025-11-20 12:01:07,448 [INFO] Checking trade setups at 2025-11-20 12:01:07
2025-11-20 12:01:07,448 [INFO] Applying EMA strategy to 2 stocks.
2025-11-20 12:01:18,920 [INFO] Checking trade setups at 2025-11-20 12:01:18
2025-11-20 12:01:18,920 [INFO] Applying EMA strategy to 2 stocks.
2025-11-20 12:01:31,051 [INFO] Checking trade setups at 2025-11-20 12:01:31
2025-11-20 12:01:31,052 [INFO] Applying EMA strategy to 2 stocks.
2025-11-20 12:01:42,809 [INFO] Checking trade setups at 2025-11-20 12:01:42
2025-11-20 12:01:42,809 [INFO] Applying EMA strategy to 2 stocks.
2025-11-20 12:01:54,737 [INFO] Checking trade setups at 2025-11-20 12:01:54
2025-11-20 12:01:54,738 [INFO] Applying EMA strategy to 2 stocks.
2025-11-20 12:02:06,086 [INFO] Checking trade setups at 2025-11-20 12:02:06
2025-11-20 12:02:06,088 [INFO] Applying EMA strategy to 2 stocks.
2025-11-20 12:02:17,472 [INFO] Checking trade setups at 2025-11-20 12:02:17
2025-11-20 12:02:17,474 [INFO] Applying EMA strategy to 2 stocks.
2025-11-20 12:02:29,469 [INFO] Checking trade setups at 2025-11-20 12:02:29
2025-11-20 12:02:29,471 [INFO] Applying EMA strategy to 2 stocks.
2025-11-20 12:02:41,145 [INFO] Checking trade setups at 2025-11-20 12:02:41
2025-11-20 12:02:41,147 [INFO] Applying EMA strategy to 2 stocks.
2025-11-20 12:02:53,135 [INFO] Checking trade setups at 2025-11-20 12:02:53
2025-11-20 12:02:53,136 [INFO] Applying EMA strategy to 2 stocks.
2025-11-20 12:03:04,644 [INFO] Checking trade setups at 2025-11-20 12:03:04
2025-11-20 12:03:04,645 [INFO] Applying EMA strategy to 2 stocks.
2025-11-20 12:03:16,254 [INFO] Checking trade setups at 2025-11-20 12:03:16
2025-11-20 12:03:16,254 [INFO] Applying EMA strategy to 2 stocks.
2025-11-20 12:03:28,137 [INFO] Checking trade setups at 2025-11-20 12:03:28
2025-11-20 12:03:28,138 [INFO] Applying EMA strategy to 2 stocks.
2025-11-20 12:03:39,884 [INFO] Checking trade setups at 2025-11-20 12:03:39
2025-11-20 12:03:39,885 [INFO] Applying EMA strategy to 2 stocks.
2025-11-20 12:03:51,497 [INFO] Checking trade setups at 2025-11-20 12:03:51
2025-11-20 12:03:51,498 [INFO] Applying EMA strategy to 2 stocks.
2025-11-20 12:04:03,577 [INFO] Checking trade setups at 2025-11-20 12:04:03
2025-11-20 12:04:03,578 [INFO] Applying EMA strategy to 2 stocks.
2025-11-20 12:04:15,554 [INFO] Checking trade setups at 2025-11-20 12:04:15
2025-11-20 12:04:15,554 [INFO] Applying EMA strategy to 2 stocks.
2025-11-20 12:04:27,116 [INFO] Checking trade setups at 2025-11-20 12:04:27
2025-11-20 12:04:27,116 [INFO] Applying EMA strategy to 2 stocks.
2025-11-20 12:04:39,321 [INFO] Checking trade setups at 2025-11-20 12:04:39
2025-11-20 12:04:39,321 [INFO] Applying EMA strategy to 2 stocks.
2025-11-20 12:04:51,210 [INFO] Checking trade setups at 2025-11-20 12:04:51
2025-11-20 12:04:51,210 [INFO] Applying EMA strategy to 2 stocks.
2025-11-20 12:05:02,590 [INFO] Checking trade setups at 2025-11-20 12:05:02
2025-11-20 12:05:02,591 [INFO] Applying EMA strategy to 2 stocks.
2025-11-20 12:05:14,529 [INFO] Checking trade setups at 2025-11-20 12:05:14
2025-11-20 12:05:14,531 [INFO] Applying EMA strategy to 2 stocks.
2025-11-20 12:05:25,896 [INFO] Checking trade setups at 2025-11-20 12:05:25
2025-11-20 12:05:25,898 [INFO] Applying EMA strategy to 2 stocks.
2025-11-20 12:05:37,511 [INFO] Checking trade setups at 2025-11-20 12:05:37
2025-11-20 12:05:37,511 [INFO] Applying EMA strategy to 2 stocks.
2025-11-20 12:05:49,145 [INFO] Checking trade setups at 2025-11-20 12:05:49
2025-11-20 12:05:49,145 [INFO] Applying EMA strategy to 2 stocks.
2025-11-20 12:06:00,717 [INFO] Checking trade setups at 2025-11-20 12:06:00
2025-11-20 12:06:00,718 [INFO] Applying EMA strategy to 2 stocks.
2025-11-20 12:06:12,494 [INFO] Checking trade setups at 2025-11-20 12:06:12
2025-11-20 12:06:12,495 [INFO] Applying EMA strategy to 2 stocks.
2025-11-20 12:06:24,978 [INFO] Checking trade setups at 2025-11-20 12:06:24
2025-11-20 12:06:24,978 [INFO] Applying EMA strategy to 2 stocks.
2025-11-20 12:06:36,324 [INFO] Checking trade setups at 2025-11-20 12:06:36
2025-11-20 12:06:36,325 [INFO] Applying EMA strategy to 2 stocks.
2025-11-20 12:06:47,916 [INFO] Checking trade setups at 2025-11-20 12:06:47
2025-11-20 12:06:47,917 [INFO] Applying EMA strategy to 2 stocks.
2025-11-20 12:06:59,983 [INFO] Checking trade setups at 2025-11-20 12:06:59
2025-11-20 12:06:59,983 [INFO] Applying EMA strategy to 2 stocks.
2025-11-20 12:07:11,543 [INFO] Checking trade setups at 2025-11-20 12:07:11
2025-11-20 12:07:11,547 [INFO] Applying EMA strategy to 2 stocks.
2025-11-20 12:07:23,476 [INFO] Checking trade setups at 2025-11-20 12:07:23
2025-11-20 12:07:23,476 [INFO] Applying EMA strategy to 2 stocks.
2025-11-20 12:07:35,731 [INFO] Checking trade setups at 2025-11-20 12:07:35
2025-11-20 12:07:35,731 [INFO] Applying EMA strategy to 2 stocks.
2025-11-20 12:07:47,022 [INFO] Checking trade setups at 2025-11-20 12:07:47
2025-11-20 12:07:47,024 [INFO] Applying EMA strategy to 2 stocks.
2025-11-20 12:07:58,476 [INFO] Checking trade setups at 2025-11-20 12:07:58
2025-11-20 12:07:58,476 [INFO] Applying EMA strategy to 2 stocks.
2025-11-20 12:08:09,955 [INFO] Checking trade setups at 2025-11-20 12:08:09
2025-11-20 12:08:09,955 [INFO] Applying EMA strategy to 2 stocks.
2025-11-20 12:08:21,415 [INFO] Checking trade setups at 2025-11-20 12:08:21
2025-11-20 12:08:21,415 [INFO] Applying EMA strategy to 2 stocks.
2025-11-20 12:08:32,786 [INFO] Checking trade setups at 2025-11-20 12:08:32
2025-11-20 12:08:32,786 [INFO] Applying EMA strategy to 2 stocks.
2025-11-20 12:08:44,388 [INFO] Checking trade setups at 2025-11-20 12:08:44
2025-11-20 12:08:44,388 [INFO] Applying EMA strategy to 2 stocks.
2025-11-20 12:08:56,249 [INFO] Checking trade setups at 2025-11-20 12:08:56
2025-11-20 12:08:56,249 [INFO] Applying EMA strategy to 2 stocks.
2025-11-20 12:09:07,498 [INFO] Checking trade setups at 2025-11-20 12:09:07
2025-11-20 12:09:07,498 [INFO] Applying EMA strategy to 2 stocks.
2025-11-20 12:09:19,304 [INFO] Checking trade setups at 2025-11-20 12:09:19
2025-11-20 12:09:19,305 [INFO] Applying EMA strategy to 2 stocks.
2025-11-20 12:09:30,744 [INFO] Checking trade setups at 2025-11-20 12:09:30
2025-11-20 12:09:30,745 [INFO] Applying EMA strategy to 2 stocks.
2025-11-20 12:09:42,140 [INFO] Checking trade setups at 2025-11-20 12:09:42
2025-11-20 12:09:42,140 [INFO] Applying EMA strategy to 2 stocks.
2025-11-20 12:09:53,347 [INFO] Checking trade setups at 2025-11-20 12:09:53
2025-11-20 12:09:53,347 [INFO] Applying EMA strategy to 2 stocks.
2025-11-20 12:10:05,076 [INFO] Checking trade setups at 2025-11-20 12:10:05
2025-11-20 12:10:05,076 [INFO] Applying EMA strategy to 2 stocks.
2025-11-20 12:10:16,894 [INFO] Checking trade setups at 2025-11-20 12:10:16
2025-11-20 12:10:16,894 [INFO] Applying EMA strategy to 2 stocks.
2025-11-20 12:10:28,617 [INFO] Checking trade setups at 2025-11-20 12:10:28
2025-11-20 12:10:28,617 [INFO] Applying EMA strategy to 2 stocks.
2025-11-20 12:10:39,975 [INFO] Checking trade setups at 2025-11-20 12:10:39
2025-11-20 12:10:39,976 [INFO] Applying EMA strategy to 2 stocks.
2025-11-20 12:10:51,639 [INFO] Checking trade setups at 2025-11-20 12:10:51
2025-11-20 12:10:51,639 [INFO] Applying EMA strategy to 2 stocks.
2025-11-20 12:11:03,895 [INFO] Checking trade setups at 2025-11-20 12:11:03
2025-11-20 12:11:03,897 [INFO] Applying EMA strategy to 2 stocks.
2025-11-20 12:11:15,309 [INFO] Checking trade setups at 2025-11-20 12:11:15
2025-11-20 12:11:15,310 [INFO] Applying EMA strategy to 2 stocks.
2025-11-20 12:11:26,927 [INFO] Checking trade setups at 2025-11-20 12:11:26
2025-11-20 12:11:26,927 [INFO] Applying EMA strategy to 2 stocks.
2025-11-20 12:11:38,850 [INFO] Checking trade setups at 2025-11-20 12:11:38
2025-11-20 12:11:38,850 [INFO] Applying EMA strategy to 2 stocks.
2025-11-20 12:11:50,437 [INFO] Checking trade setups at 2025-11-20 12:11:50
2025-11-20 12:11:50,437 [INFO] Applying EMA strategy to 2 stocks.
2025-11-20 12:12:01,877 [INFO] Checking trade setups at 2025-11-20 12:12:01
2025-11-20 12:12:01,877 [INFO] Applying EMA strategy to 2 stocks.
2025-11-20 12:12:13,576 [INFO] Checking trade setups at 2025-11-20 12:12:13
2025-11-20 12:12:13,577 [INFO] Applying EMA strategy to 2 stocks.
2025-11-20 12:12:25,132 [INFO] Checking trade setups at 2025-11-20 12:12:25
2025-11-20 12:12:25,133 [INFO] Applying EMA strategy to 2 stocks.
2025-11-20 12:12:37,129 [INFO] Checking trade setups at 2025-11-20 12:12:37
2025-11-20 12:12:37,129 [INFO] Applying EMA strategy to 2 stocks.
2025-11-20 12:12:48,698 [INFO] Checking trade setups at 2025-11-20 12:12:48
2025-11-20 12:12:48,698 [INFO] Applying EMA strategy to 2 stocks.
2025-11-20 12:13:00,021 [INFO] Checking trade setups at 2025-11-20 12:13:00
2025-11-20 12:13:00,022 [INFO] Applying EMA strategy to 2 stocks.
2025-11-20 12:13:11,841 [INFO] Checking trade setups at 2025-11-20 12:13:11
2025-11-20 12:13:11,842 [INFO] Applying EMA strategy to 2 stocks.
2025-11-20 12:13:23,478 [INFO] Checking trade setups at 2025-11-20 12:13:23
2025-11-20 12:13:23,479 [INFO] Applying EMA strategy to 2 stocks.
2025-11-20 12:13:35,279 [INFO] Checking trade setups at 2025-11-20 12:13:35
2025-11-20 12:13:35,280 [INFO] Applying EMA strategy to 2 stocks.
2025-11-20 12:13:46,960 [INFO] Checking trade setups at 2025-11-20 12:13:46
2025-11-20 12:13:46,961 [INFO] Applying EMA strategy to 2 stocks.
2025-11-20 12:13:58,938 [INFO] Checking trade setups at 2025-11-20 12:13:58
2025-11-20 12:13:58,939 [INFO] Applying EMA strategy to 2 stocks.
2025-11-20 12:14:10,546 [INFO] Checking trade setups at 2025-11-20 12:14:10
2025-11-20 12:14:10,546 [INFO] Applying EMA strategy to 2 stocks.
2025-11-20 12:14:21,887 [INFO] Checking trade setups at 2025-11-20 12:14:21
2025-11-20 12:14:21,888 [INFO] Applying EMA strategy to 2 stocks.
2025-11-20 12:14:33,605 [INFO] Checking trade setups at 2025-11-20 12:14:33
2025-11-20 12:14:33,605 [INFO] Applying EMA strategy to 2 stocks.
2025-11-20 12:14:46,849 [INFO] Checking trade setups at 2025-11-20 12:14:46
2025-11-20 12:14:46,850 [INFO] Applying EMA strategy to 2 stocks.
2025-11-20 12:14:58,548 [INFO] Checking trade setups at 2025-11-20 12:14:58
2025-11-20 12:14:58,549 [INFO] Applying EMA strategy to 2 stocks.
2025-11-20 12:15:10,262 [INFO] Checking trade setups at 2025-11-20 12:15:10
2025-11-20 12:15:10,262 [INFO] Applying EMA strategy to 2 stocks.
2025-11-20 12:15:21,784 [INFO] Checking trade setups at 2025-11-20 12:15:21
2025-11-20 12:15:21,784 [INFO] Applying EMA strategy to 2 stocks.
2025-11-20 12:15:33,641 [INFO] Checking trade setups at 2025-11-20 12:15:33
2025-11-20 12:15:33,641 [INFO] Applying EMA strategy to 2 stocks.
2025-11-20 12:15:45,154 [INFO] Checking trade setups at 2025-11-20 12:15:45
2025-11-20 12:15:45,154 [INFO] Applying EMA strategy to 2 stocks.
2025-11-20 12:15:56,724 [INFO] Checking trade setups at 2025-11-20 12:15:56
2025-11-20 12:15:56,725 [INFO] Applying EMA strategy to 2 stocks.
2025-11-20 12:16:08,174 [INFO] Checking trade setups at 2025-11-20 12:16:08
2025-11-20 12:16:08,175 [INFO] Applying EMA strategy to 2 stocks.
2025-11-20 12:16:19,546 [INFO] Checking trade setups at 2025-11-20 12:16:19
2025-11-20 12:16:19,547 [INFO] Applying EMA strategy to 2 stocks.
2025-11-20 12:16:31,210 [INFO] Checking trade setups at 2025-11-20 12:16:31
2025-11-20 12:16:31,210 [INFO] Applying EMA strategy to 2 stocks.
2025-11-20 12:16:42,799 [INFO] Checking trade setups at 2025-11-20 12:16:42
2025-11-20 12:16:42,800 [INFO] Applying EMA strategy to 2 stocks.
2025-11-20 12:16:54,434 [INFO] Checking trade setups at 2025-11-20 12:16:54
2025-11-20 12:16:54,434 [INFO] Applying EMA strategy to 2 stocks.
2025-11-20 12:17:05,946 [INFO] Checking trade setups at 2025-11-20 12:17:05
2025-11-20 12:17:05,946 [INFO] Applying EMA strategy to 2 stocks.
2025-11-20 12:17:17,737 [INFO] Checking trade setups at 2025-11-20 12:17:17
2025-11-20 12:17:17,740 [INFO] Applying EMA strategy to 2 stocks.
2025-11-20 12:17:29,502 [INFO] Checking trade setups at 2025-11-20 12:17:29
2025-11-20 12:17:29,502 [INFO] Applying EMA strategy to 2 stocks.
2025-11-20 12:17:41,486 [INFO] Checking trade setups at 2025-11-20 12:17:41
2025-11-20 12:17:41,487 [INFO] Applying EMA strategy to 2 stocks.
2025-11-20 12:17:52,896 [INFO] Checking trade setups at 2025-11-20 12:17:52
2025-11-20 12:17:52,897 [INFO] Applying EMA strategy to 2 stocks.
2025-11-20 12:18:05,017 [INFO] Checking trade setups at 2025-11-20 12:18:05
2025-11-20 12:18:05,018 [INFO] Applying EMA strategy to 2 stocks.
2025-11-20 12:18:16,646 [INFO] Checking trade setups at 2025-11-20 12:18:16
2025-11-20 12:18:16,647 [INFO] Applying EMA strategy to 2 stocks.
2025-11-20 12:18:28,581 [INFO] Checking trade setups at 2025-11-20 12:18:28
2025-11-20 12:18:28,582 [INFO] Applying EMA strategy to 2 stocks.
2025-11-20 12:18:40,509 [INFO] Checking trade setups at 2025-11-20 12:18:40
2025-11-20 12:18:40,510 [INFO] Applying EMA strategy to 2 stocks.
2025-11-20 12:18:52,039 [INFO] Checking trade setups at 2025-11-20 12:18:52
2025-11-20 12:18:52,039 [INFO] Applying EMA strategy to 2 stocks.
2025-11-20 12:19:03,794 [INFO] Checking trade setups at 2025-11-20 12:19:03
2025-11-20 12:19:03,795 [INFO] Applying EMA strategy to 2 stocks.
2025-11-20 12:19:15,236 [INFO] Checking trade setups at 2025-11-20 12:19:15
2025-11-20 12:19:15,237 [INFO] Applying EMA strategy to 2 stocks.
2025-11-20 12:19:27,754 [INFO] Checking trade setups at 2025-11-20 12:19:27
2025-11-20 12:19:27,755 [INFO] Applying EMA strategy to 2 stocks.
2025-11-20 12:19:39,538 [INFO] Checking trade setups at 2025-11-20 12:19:39
2025-11-20 12:19:39,539 [INFO] Applying EMA strategy to 2 stocks.
2025-11-20 12:19:51,220 [INFO] Checking trade setups at 2025-11-20 12:19:51
2025-11-20 12:19:51,220 [INFO] Applying EMA strategy to 2 stocks.
2025-11-20 12:20:02,810 [INFO] Checking trade setups at 2025-11-20 12:20:02
2025-11-20 12:20:02,811 [INFO] Applying EMA strategy to 2 stocks.
2025-11-20 12:20:14,116 [INFO] Checking trade setups at 2025-11-20 12:20:14
2025-11-20 12:20:14,116 [INFO] Applying EMA strategy to 2 stocks.
2025-11-20 12:20:26,329 [INFO] Checking trade setups at 2025-11-20 12:20:26
2025-11-20 12:20:26,330 [INFO] Applying EMA strategy to 2 stocks.
2025-11-20 12:20:37,812 [INFO] Checking trade setups at 2025-11-20 12:20:37
2025-11-20 12:20:37,812 [INFO] Applying EMA strategy to 2 stocks.
2025-11-20 12:20:50,071 [INFO] Checking trade setups at 2025-11-20 12:20:50
2025-11-20 12:20:50,072 [INFO] Applying EMA strategy to 2 stocks.
2025-11-20 12:21:01,466 [INFO] Checking trade setups at 2025-11-20 12:21:01
2025-11-20 12:21:01,467 [INFO] Applying EMA strategy to 2 stocks.
2025-11-20 12:21:13,025 [INFO] Checking trade setups at 2025-11-20 12:21:13
2025-11-20 12:21:13,026 [INFO] Applying EMA strategy to 2 stocks.
2025-11-20 12:21:24,701 [INFO] Checking trade setups at 2025-11-20 12:21:24
2025-11-20 12:21:24,701 [INFO] Applying EMA strategy to 2 stocks.
2025-11-20 12:21:36,395 [INFO] Checking trade setups at 2025-11-20 12:21:36
2025-11-20 12:21:36,395 [INFO] Applying EMA strategy to 2 stocks.
2025-11-20 12:21:47,865 [INFO] Checking trade setups at 2025-11-20 12:21:47
2025-11-20 12:21:47,866 [INFO] Applying EMA strategy to 2 stocks.
2025-11-20 12:21:59,536 [INFO] Checking trade setups at 2025-11-20 12:21:59
2025-11-20 12:21:59,536 [INFO] Applying EMA strategy to 2 stocks.
2025-11-20 12:22:10,901 [INFO] Checking trade setups at 2025-11-20 12:22:10
2025-11-20 12:22:10,903 [INFO] Applying EMA strategy to 2 stocks.
2025-11-20 12:22:22,332 [INFO] Checking trade setups at 2025-11-20 12:22:22
2025-11-20 12:22:22,332 [INFO] Applying EMA strategy to 2 stocks.
2025-11-20 12:22:34,412 [INFO] Checking trade setups at 2025-11-20 12:22:34
2025-11-20 12:22:34,412 [INFO] Applying EMA strategy to 2 stocks.
2025-11-20 12:22:46,729 [INFO] Checking trade setups at 2025-11-20 12:22:46
2025-11-20 12:22:46,738 [INFO] Applying EMA strategy to 2 stocks.
2025-11-20 12:22:59,118 [INFO] Checking trade setups at 2025-11-20 12:22:59
2025-11-20 12:22:59,118 [INFO] Applying EMA strategy to 2 stocks.
2025-11-20 12:23:10,789 [INFO] Checking trade setups at 2025-11-20 12:23:10
2025-11-20 12:23:10,791 [INFO] Applying EMA strategy to 2 stocks.
2025-11-20 12:23:22,750 [INFO] Checking trade setups at 2025-11-20 12:23:22
2025-11-20 12:23:22,750 [INFO] Applying EMA strategy to 2 stocks.
2025-11-20 12:23:34,537 [INFO] Checking trade setups at 2025-11-20 12:23:34
2025-11-20 12:23:34,537 [INFO] Applying EMA strategy to 2 stocks.
2025-11-20 12:23:46,436 [INFO] Checking trade setups at 2025-11-20 12:23:46
2025-11-20 12:23:46,436 [INFO] Applying EMA strategy to 2 stocks.
2025-11-20 12:23:58,164 [INFO] Checking trade setups at 2025-11-20 12:23:58
2025-11-20 12:23:58,164 [INFO] Applying EMA strategy to 2 stocks.
2025-11-20 12:24:09,741 [INFO] Checking trade setups at 2025-11-20 12:24:09
2025-11-20 12:24:09,742 [INFO] Applying EMA strategy to 2 stocks.
2025-11-20 12:24:21,869 [INFO] Checking trade setups at 2025-11-20 12:24:21
2025-11-20 12:24:21,869 [INFO] Applying EMA strategy to 2 stocks.
2025-11-20 12:24:33,647 [INFO] Checking trade setups at 2025-11-20 12:24:33
2025-11-20 12:24:33,647 [INFO] Applying EMA strategy to 2 stocks.
2025-11-20 12:24:45,735 [INFO] Checking trade setups at 2025-11-20 12:24:45
2025-11-20 12:24:45,737 [INFO] Applying EMA strategy to 2 stocks.
2025-11-20 12:24:57,905 [INFO] Checking trade setups at 2025-11-20 12:24:57
2025-11-20 12:24:57,906 [INFO] Applying EMA strategy to 2 stocks.
2025-11-20 12:25:09,735 [INFO] Checking trade setups at 2025-11-20 12:25:09
2025-11-20 12:25:09,736 [INFO] Applying EMA strategy to 2 stocks.
2025-11-20 12:25:21,253 [INFO] Checking trade setups at 2025-11-20 12:25:21
2025-11-20 12:25:21,254 [INFO] Applying EMA strategy to 2 stocks.
2025-11-20 12:25:32,952 [INFO] Checking trade setups at 2025-11-20 12:25:32
2025-11-20 12:25:32,953 [INFO] Applying EMA strategy to 2 stocks.
2025-11-20 12:25:44,383 [INFO] Checking trade setups at 2025-11-20 12:25:44
2025-11-20 12:25:44,383 [INFO] Applying EMA strategy to 2 stocks.
2025-11-20 12:25:55,656 [INFO] Checking trade setups at 2025-11-20 12:25:55
2025-11-20 12:25:55,657 [INFO] Applying EMA strategy to 2 stocks.
2025-11-20 12:26:07,140 [INFO] Checking trade setups at 2025-11-20 12:26:07
2025-11-20 12:26:07,140 [INFO] Applying EMA strategy to 2 stocks.
2025-11-20 12:26:18,646 [INFO] Checking trade setups at 2025-11-20 12:26:18
2025-11-20 12:26:18,699 [INFO] Applying EMA strategy to 2 stocks.
2025-11-20 12:26:30,802 [INFO] Checking trade setups at 2025-11-20 12:26:30
2025-11-20 12:26:30,802 [INFO] Applying EMA strategy to 2 stocks.
2025-11-20 12:26:42,370 [INFO] Checking trade setups at 2025-11-20 12:26:42
2025-11-20 12:26:42,371 [INFO] Applying EMA strategy to 2 stocks.
2025-11-20 12:26:54,202 [INFO] Checking trade setups at 2025-11-20 12:26:54
2025-11-20 12:26:54,203 [INFO] Applying EMA strategy to 2 stocks.
2025-11-20 12:27:05,880 [INFO] Checking trade setups at 2025-11-20 12:27:05
2025-11-20 12:27:05,880 [INFO] Applying EMA strategy to 2 stocks.
2025-11-20 12:27:17,279 [INFO] Checking trade setups at 2025-11-20 12:27:17
2025-11-20 12:27:17,279 [INFO] Applying EMA strategy to 2 stocks.
2025-11-20 12:27:29,160 [INFO] Checking trade setups at 2025-11-20 12:27:29
2025-11-20 12:27:29,160 [INFO] Applying EMA strategy to 2 stocks.
2025-11-20 12:27:40,842 [INFO] Checking trade setups at 2025-11-20 12:27:40
2025-11-20 12:27:40,847 [INFO] Applying EMA strategy to 2 stocks.
2025-11-20 12:27:52,489 [INFO] Checking trade setups at 2025-11-20 12:27:52
2025-11-20 12:27:52,490 [INFO] Applying EMA strategy to 2 stocks.
2025-11-20 12:28:03,936 [INFO] Checking trade setups at 2025-11-20 12:28:03
2025-11-20 12:28:03,936 [INFO] Applying EMA strategy to 2 stocks.
2025-11-20 12:28:15,783 [INFO] Checking trade setups at 2025-11-20 12:28:15
2025-11-20 12:28:15,783 [INFO] Applying EMA strategy to 2 stocks.
2025-11-20 12:28:27,387 [INFO] Checking trade setups at 2025-11-20 12:28:27
2025-11-20 12:28:27,387 [INFO] Applying EMA strategy to 2 stocks.
2025-11-20 12:28:38,891 [INFO] Checking trade setups at 2025-11-20 12:28:38
2025-11-20 12:28:38,892 [INFO] Applying EMA strategy to 2 stocks.
2025-11-20 12:28:50,514 [INFO] Checking trade setups at 2025-11-20 12:28:50
2025-11-20 12:28:50,515 [INFO] Applying EMA strategy to 2 stocks.
2025-11-20 12:29:02,153 [INFO] Checking trade setups at 2025-11-20 12:29:02
2025-11-20 12:29:02,153 [INFO] Applying EMA strategy to 2 stocks.
2025-11-20 12:29:14,145 [INFO] Checking trade setups at 2025-11-20 12:29:14
2025-11-20 12:29:14,146 [INFO] Applying EMA strategy to 2 stocks.
2025-11-20 12:29:25,595 [INFO] Checking trade setups at 2025-11-20 12:29:25
2025-11-20 12:29:25,596 [INFO] Applying EMA strategy to 2 stocks.
2025-11-20 12:29:37,502 [INFO] Checking trade setups at 2025-11-20 12:29:37
2025-11-20 12:29:37,502 [INFO] Applying EMA strategy to 2 stocks.
2025-11-20 12:29:48,939 [INFO] Checking trade setups at 2025-11-20 12:29:48
2025-11-20 12:29:48,939 [INFO] Applying EMA strategy to 2 stocks.
2025-11-20 12:30:00,739 [INFO] Checking trade setups at 2025-11-20 12:30:00
2025-11-20 12:30:00,740 [INFO] Applying EMA strategy to 2 stocks.
2025-11-20 12:30:12,082 [INFO] Checking trade setups at 2025-11-20 12:30:12
2025-11-20 12:30:12,083 [INFO] Applying EMA strategy to 2 stocks.
2025-11-20 12:30:23,959 [INFO] Checking trade setups at 2025-11-20 12:30:23
2025-11-20 12:30:23,959 [INFO] Applying EMA strategy to 2 stocks.
2025-11-20 12:30:35,690 [INFO] Checking trade setups at 2025-11-20 12:30:35
2025-11-20 12:30:35,690 [INFO] Applying EMA strategy to 2 stocks.
2025-11-20 12:30:46,996 [INFO] Checking trade setups at 2025-11-20 12:30:46
2025-11-20 12:30:46,996 [INFO] Applying EMA strategy to 2 stocks.
2025-11-20 12:30:58,374 [INFO] Checking trade setups at 2025-11-20 12:30:58
2025-11-20 12:30:58,375 [INFO] Applying EMA strategy to 2 stocks.
2025-11-20 12:31:09,956 [INFO] Checking trade setups at 2025-11-20 12:31:09
2025-11-20 12:31:09,956 [INFO] Applying EMA strategy to 2 stocks.
2025-11-20 12:31:21,505 [INFO] Checking trade setups at 2025-11-20 12:31:21
2025-11-20 12:31:21,505 [INFO] Applying EMA strategy to 2 stocks.
2025-11-20 12:31:33,098 [INFO] Checking trade setups at 2025-11-20 12:31:33
2025-11-20 12:31:33,098 [INFO] Applying EMA strategy to 2 stocks.
2025-11-20 12:31:44,754 [INFO] Checking trade setups at 2025-11-20 12:31:44
2025-11-20 12:31:44,754 [INFO] Applying EMA strategy to 2 stocks.
2025-11-20 12:31:56,232 [INFO] Checking trade setups at 2025-11-20 12:31:56
2025-11-20 12:31:56,233 [INFO] Applying EMA strategy to 2 stocks.
2025-11-20 12:32:08,534 [INFO] Checking trade setups at 2025-11-20 12:32:08
2025-11-20 12:32:08,534 [INFO] Applying EMA strategy to 2 stocks.
2025-11-20 12:32:20,704 [INFO] Checking trade setups at 2025-11-20 12:32:20
2025-11-20 12:32:20,704 [INFO] Applying EMA strategy to 2 stocks.
2025-11-20 12:32:32,070 [INFO] Checking trade setups at 2025-11-20 12:32:32
2025-11-20 12:32:32,071 [INFO] Applying EMA strategy to 2 stocks.
2025-11-20 12:32:43,811 [INFO] Checking trade setups at 2025-11-20 12:32:43
2025-11-20 12:32:43,813 [INFO] Applying EMA strategy to 2 stocks.
2025-11-20 12:32:55,321 [INFO] Checking trade setups at 2025-11-20 12:32:55
2025-11-20 12:32:55,321 [INFO] Applying EMA strategy to 2 stocks.
2025-11-20 12:33:06,986 [INFO] Checking trade setups at 2025-11-20 12:33:06
2025-11-20 12:33:06,986 [INFO] Applying EMA strategy to 2 stocks.
2025-11-20 12:33:18,740 [INFO] Checking trade setups at 2025-11-20 12:33:18
2025-11-20 12:33:18,740 [INFO] Applying EMA strategy to 2 stocks.
2025-11-20 12:33:30,257 [INFO] Checking trade setups at 2025-11-20 12:33:30
2025-11-20 12:33:30,258 [INFO] Applying EMA strategy to 2 stocks.
2025-11-20 12:33:41,842 [INFO] Checking trade setups at 2025-11-20 12:33:41
2025-11-20 12:33:41,843 [INFO] Applying EMA strategy to 2 stocks.
2025-11-20 12:33:53,377 [INFO] Checking trade setups at 2025-11-20 12:33:53
2025-11-20 12:33:53,378 [INFO] Applying EMA strategy to 2 stocks.
2025-11-20 12:34:04,958 [INFO] Checking trade setups at 2025-11-20 12:34:04
2025-11-20 12:34:04,959 [INFO] Applying EMA strategy to 2 stocks.
2025-11-20 12:34:16,663 [INFO] Checking trade setups at 2025-11-20 12:34:16
2025-11-20 12:34:16,664 [INFO] Applying EMA strategy to 2 stocks.
2025-11-20 12:34:28,443 [INFO] Checking trade setups at 2025-11-20 12:34:28
2025-11-20 12:34:28,444 [INFO] Applying EMA strategy to 2 stocks.
2025-11-20 12:34:39,977 [INFO] Checking trade setups at 2025-11-20 12:34:39
2025-11-20 12:34:39,978 [INFO] Applying EMA strategy to 2 stocks.
2025-11-20 12:34:51,234 [INFO] Checking trade setups at 2025-11-20 12:34:51
2025-11-20 12:34:51,234 [INFO] Applying EMA strategy to 2 stocks.
2025-11-20 12:35:02,816 [INFO] Checking trade setups at 2025-11-20 12:35:02
2025-11-20 12:35:02,816 [INFO] Applying EMA strategy to 2 stocks.
2025-11-20 12:35:14,664 [INFO] Checking trade setups at 2025-11-20 12:35:14
2025-11-20 12:35:14,665 [INFO] Applying EMA strategy to 2 stocks.
2025-11-20 12:35:25,953 [INFO] Checking trade setups at 2025-11-20 12:35:25
2025-11-20 12:35:25,954 [INFO] Applying EMA strategy to 2 stocks.
2025-11-20 12:35:37,521 [INFO] Checking trade setups at 2025-11-20 12:35:37
2025-11-20 12:35:37,521 [INFO] Applying EMA strategy to 2 stocks.
2025-11-20 12:35:49,202 [INFO] Checking trade setups at 2025-11-20 12:35:49
2025-11-20 12:35:49,202 [INFO] Applying EMA strategy to 2 stocks.
2025-11-20 12:36:00,971 [INFO] Checking trade setups at 2025-11-20 12:36:00
2025-11-20 12:36:00,971 [INFO] Applying EMA strategy to 2 stocks.
2025-11-20 12:36:12,580 [INFO] Checking trade setups at 2025-11-20 12:36:12
2025-11-20 12:36:12,580 [INFO] Applying EMA strategy to 2 stocks.
2025-11-20 12:36:23,890 [INFO] Checking trade setups at 2025-11-20 12:36:23
2025-11-20 12:36:23,890 [INFO] Applying EMA strategy to 2 stocks.
2025-11-20 12:36:35,489 [INFO] Checking trade setups at 2025-11-20 12:36:35
2025-11-20 12:36:35,490 [INFO] Applying EMA strategy to 2 stocks.
2025-11-20 12:36:46,948 [INFO] Checking trade setups at 2025-11-20 12:36:46
2025-11-20 12:36:46,949 [INFO] Applying EMA strategy to 2 stocks.
2025-11-20 12:36:58,424 [INFO] Checking trade setups at 2025-11-20 12:36:58
2025-11-20 12:36:58,425 [INFO] Applying EMA strategy to 2 stocks.
2025-11-20 12:37:09,931 [INFO] Checking trade setups at 2025-11-20 12:37:09
2025-11-20 12:37:09,932 [INFO] Applying EMA strategy to 2 stocks.
2025-11-20 12:37:21,768 [INFO] Checking trade setups at 2025-11-20 12:37:21
2025-11-20 12:37:21,768 [INFO] Applying EMA strategy to 2 stocks.
2025-11-20 12:37:33,348 [INFO] Checking trade setups at 2025-11-20 12:37:33
2025-11-20 12:37:33,350 [INFO] Applying EMA strategy to 2 stocks.
2025-11-20 12:37:44,807 [INFO] Checking trade setups at 2025-11-20 12:37:44
2025-11-20 12:37:44,808 [INFO] Applying EMA strategy to 2 stocks.
2025-11-20 12:37:56,304 [INFO] Checking trade setups at 2025-11-20 12:37:56
2025-11-20 12:37:56,304 [INFO] Applying EMA strategy to 2 stocks.
2025-11-20 12:38:09,147 [INFO] Checking trade setups at 2025-11-20 12:38:09
2025-11-20 12:38:09,147 [INFO] Applying EMA strategy to 2 stocks.
2025-11-20 12:38:20,888 [INFO] Checking trade setups at 2025-11-20 12:38:20
2025-11-20 12:38:20,888 [INFO] Applying EMA strategy to 2 stocks.
2025-11-20 12:38:32,187 [INFO] Checking trade setups at 2025-11-20 12:38:32
2025-11-20 12:38:32,187 [INFO] Applying EMA strategy to 2 stocks.
2025-11-20 12:38:43,755 [INFO] Checking trade setups at 2025-11-20 12:38:43
2025-11-20 12:38:43,756 [INFO] Applying EMA strategy to 2 stocks.
2025-11-20 12:38:55,424 [INFO] Checking trade setups at 2025-11-20 12:38:55
2025-11-20 12:38:55,424 [INFO] Applying EMA strategy to 2 stocks.
2025-11-20 12:39:06,832 [INFO] Checking trade setups at 2025-11-20 12:39:06
2025-11-20 12:39:06,837 [INFO] Applying EMA strategy to 2 stocks.
2025-11-20 12:39:18,663 [INFO] Checking trade setups at 2025-11-20 12:39:18
2025-11-20 12:39:18,668 [INFO] Applying EMA strategy to 2 stocks.
2025-11-20 12:39:31,415 [INFO] Checking trade setups at 2025-11-20 12:39:31
2025-11-20 12:39:31,416 [INFO] Applying EMA strategy to 2 stocks.
2025-11-20 12:39:43,192 [INFO] Checking trade setups at 2025-11-20 12:39:43
2025-11-20 12:39:43,193 [INFO] Applying EMA strategy to 2 stocks.
2025-11-20 12:39:54,944 [INFO] Checking trade setups at 2025-11-20 12:39:54
2025-11-20 12:39:54,945 [INFO] Applying EMA strategy to 2 stocks.
2025-11-20 12:40:06,553 [INFO] Checking trade setups at 2025-11-20 12:40:06
2025-11-20 12:40:06,555 [INFO] Applying EMA strategy to 2 stocks.
2025-11-20 12:40:17,818 [INFO] Checking trade setups at 2025-11-20 12:40:17
2025-11-20 12:40:17,818 [INFO] Applying EMA strategy to 2 stocks.
2025-11-20 12:40:29,069 [INFO] Checking trade setups at 2025-11-20 12:40:29
2025-11-20 12:40:29,070 [INFO] Applying EMA strategy to 2 stocks.
2025-11-20 12:40:40,891 [INFO] Checking trade setups at 2025-11-20 12:40:40
2025-11-20 12:40:40,892 [INFO] Applying EMA strategy to 2 stocks.
2025-11-20 12:40:52,409 [INFO] Checking trade setups at 2025-11-20 12:40:52
2025-11-20 12:40:52,409 [INFO] Applying EMA strategy to 2 stocks.
2025-11-20 12:41:04,088 [INFO] Checking trade setups at 2025-11-20 12:41:04
2025-11-20 12:41:04,089 [INFO] Applying EMA strategy to 2 stocks.
2025-11-20 12:41:15,587 [INFO] Checking trade setups at 2025-11-20 12:41:15
2025-11-20 12:41:15,587 [INFO] Applying EMA strategy to 2 stocks.
2025-11-20 12:41:27,639 [INFO] Checking trade setups at 2025-11-20 12:41:27
2025-11-20 12:41:27,639 [INFO] Applying EMA strategy to 2 stocks.
2025-11-20 12:41:39,178 [INFO] Checking trade setups at 2025-11-20 12:41:39
2025-11-20 12:41:39,179 [INFO] Applying EMA strategy to 2 stocks.
2025-11-20 12:41:51,013 [INFO] Checking trade setups at 2025-11-20 12:41:51
2025-11-20 12:41:51,014 [INFO] Applying EMA strategy to 2 stocks.
2025-11-20 12:42:02,252 [INFO] Checking trade setups at 2025-11-20 12:42:02
2025-11-20 12:42:02,252 [INFO] Applying EMA strategy to 2 stocks.
2025-11-20 12:42:13,742 [INFO] Checking trade setups at 2025-11-20 12:42:13
2025-11-20 12:42:13,743 [INFO] Applying EMA strategy to 2 stocks.
2025-11-20 12:42:25,136 [INFO] Checking trade setups at 2025-11-20 12:42:25
2025-11-20 12:42:25,136 [INFO] Applying EMA strategy to 2 stocks.
2025-11-20 12:42:36,879 [INFO] Checking trade setups at 2025-11-20 12:42:36
2025-11-20 12:42:36,880 [INFO] Applying EMA strategy to 2 stocks.
2025-11-20 12:42:48,332 [INFO] Checking trade setups at 2025-11-20 12:42:48
2025-11-20 12:42:48,333 [INFO] Applying EMA strategy to 2 stocks.
2025-11-20 12:42:59,904 [INFO] Checking trade setups at 2025-11-20 12:42:59
2025-11-20 12:42:59,905 [INFO] Applying EMA strategy to 2 stocks.
2025-11-20 12:43:11,483 [INFO] Checking trade setups at 2025-11-20 12:43:11
2025-11-20 12:43:11,483 [INFO] Applying EMA strategy to 2 stocks.
2025-11-20 12:43:23,001 [INFO] Checking trade setups at 2025-11-20 12:43:23
2025-11-20 12:43:23,001 [INFO] Applying EMA strategy to 2 stocks.
2025-11-20 12:43:34,821 [INFO] Checking trade setups at 2025-11-20 12:43:34
2025-11-20 12:43:34,822 [INFO] Applying EMA strategy to 2 stocks.
2025-11-20 12:43:46,497 [INFO] Checking trade setups at 2025-11-20 12:43:46
2025-11-20 12:43:46,498 [INFO] Applying EMA strategy to 2 stocks.
2025-11-20 12:43:57,844 [INFO] Checking trade setups at 2025-11-20 12:43:57
2025-11-20 12:43:57,844 [INFO] Applying EMA strategy to 2 stocks.
2025-11-20 12:44:09,331 [INFO] Checking trade setups at 2025-11-20 12:44:09
2025-11-20 12:44:09,333 [INFO] Applying EMA strategy to 2 stocks.
2025-11-20 12:44:20,909 [INFO] Checking trade setups at 2025-11-20 12:44:20
2025-11-20 12:44:20,910 [INFO] Applying EMA strategy to 2 stocks.
2025-11-20 12:44:32,451 [INFO] Checking trade setups at 2025-11-20 12:44:32
2025-11-20 12:44:32,451 [INFO] Applying EMA strategy to 2 stocks.
2025-11-20 12:44:44,048 [INFO] Checking trade setups at 2025-11-20 12:44:44
2025-11-20 12:44:44,048 [INFO] Applying EMA strategy to 2 stocks.
2025-11-20 12:44:55,416 [INFO] Checking trade setups at 2025-11-20 12:44:55
2025-11-20 12:44:55,416 [INFO] Applying EMA strategy to 2 stocks.
2025-11-20 12:45:06,786 [INFO] Checking trade setups at 2025-11-20 12:45:06
2025-11-20 12:45:06,786 [INFO] Applying EMA strategy to 2 stocks.
2025-11-20 12:45:18,255 [INFO] Checking trade setups at 2025-11-20 12:45:18
2025-11-20 12:45:18,255 [INFO] Applying EMA strategy to 2 stocks.
2025-11-20 12:45:30,858 [INFO] Checking trade setups at 2025-11-20 12:45:30
2025-11-20 12:45:30,859 [INFO] Applying EMA strategy to 2 stocks.
2025-11-20 12:45:42,227 [INFO] Checking trade setups at 2025-11-20 12:45:42
2025-11-20 12:45:42,227 [INFO] Applying EMA strategy to 2 stocks.
2025-11-20 12:45:53,593 [INFO] Checking trade setups at 2025-11-20 12:45:53
2025-11-20 12:45:53,594 [INFO] Applying EMA strategy to 2 stocks.
2025-11-20 12:46:04,952 [INFO] Checking trade setups at 2025-11-20 12:46:04
2025-11-20 12:46:04,952 [INFO] Applying EMA strategy to 2 stocks.
2025-11-20 12:46:16,820 [INFO] Checking trade setups at 2025-11-20 12:46:16
2025-11-20 12:46:16,821 [INFO] Applying EMA strategy to 2 stocks.
2025-11-20 12:46:28,143 [INFO] Checking trade setups at 2025-11-20 12:46:28
2025-11-20 12:46:28,143 [INFO] Applying EMA strategy to 2 stocks.
2025-11-20 12:46:39,656 [INFO] Checking trade setups at 2025-11-20 12:46:39
2025-11-20 12:46:39,656 [INFO] Applying EMA strategy to 2 stocks.
2025-11-20 12:46:51,602 [INFO] Checking trade setups at 2025-11-20 12:46:51
2025-11-20 12:46:51,604 [INFO] Applying EMA strategy to 2 stocks.
2025-11-20 12:47:03,455 [INFO] Checking trade setups at 2025-11-20 12:47:03
2025-11-20 12:47:03,455 [INFO] Applying EMA strategy to 2 stocks.
2025-11-20 12:47:15,236 [INFO] Checking trade setups at 2025-11-20 12:47:15
2025-11-20 12:47:15,236 [INFO] Applying EMA strategy to 2 stocks.
2025-11-20 12:47:26,941 [INFO] Checking trade setups at 2025-11-20 12:47:26
2025-11-20 12:47:26,942 [INFO] Applying EMA strategy to 2 stocks.
2025-11-20 12:47:38,645 [INFO] Checking trade setups at 2025-11-20 12:47:38
2025-11-20 12:47:38,646 [INFO] Applying EMA strategy to 2 stocks.
2025-11-20 12:47:50,271 [INFO] Checking trade setups at 2025-11-20 12:47:50
2025-11-20 12:47:50,272 [INFO] Applying EMA strategy to 2 stocks.
2025-11-20 12:48:02,001 [INFO] Checking trade setups at 2025-11-20 12:48:02
2025-11-20 12:48:02,001 [INFO] Applying EMA strategy to 2 stocks.
2025-11-20 12:48:13,601 [INFO] Checking trade setups at 2025-11-20 12:48:13
2025-11-20 12:48:13,601 [INFO] Applying EMA strategy to 2 stocks.
2025-11-20 12:48:25,449 [INFO] Checking trade setups at 2025-11-20 12:48:25
2025-11-20 12:48:25,449 [INFO] Applying EMA strategy to 2 stocks.
2025-11-20 12:48:36,879 [INFO] Checking trade setups at 2025-11-20 12:48:36
2025-11-20 12:48:36,879 [INFO] Applying EMA strategy to 2 stocks.
2025-11-20 12:48:48,139 [INFO] Checking trade setups at 2025-11-20 12:48:48
2025-11-20 12:48:48,139 [INFO] Applying EMA strategy to 2 stocks.
2025-11-20 12:48:59,660 [INFO] Checking trade setups at 2025-11-20 12:48:59
2025-11-20 12:48:59,662 [INFO] Applying EMA strategy to 2 stocks.
2025-11-20 12:49:11,015 [INFO] Checking trade setups at 2025-11-20 12:49:11
2025-11-20 12:49:11,016 [INFO] Applying EMA strategy to 2 stocks.
2025-11-20 12:49:22,689 [INFO] Checking trade setups at 2025-11-20 12:49:22
2025-11-20 12:49:22,689 [INFO] Applying EMA strategy to 2 stocks.
2025-11-20 12:49:33,990 [INFO] Checking trade setups at 2025-11-20 12:49:33
2025-11-20 12:49:33,990 [INFO] Applying EMA strategy to 2 stocks.
2025-11-20 12:49:46,151 [INFO] Checking trade setups at 2025-11-20 12:49:46
2025-11-20 12:49:46,151 [INFO] Applying EMA strategy to 2 stocks.
2025-11-20 12:49:57,616 [INFO] Checking trade setups at 2025-11-20 12:49:57
2025-11-20 12:49:57,616 [INFO] Applying EMA strategy to 2 stocks.
2025-11-20 12:50:09,791 [INFO] Checking trade setups at 2025-11-20 12:50:09
2025-11-20 12:50:09,793 [INFO] Applying EMA strategy to 2 stocks.
2025-11-20 12:50:21,070 [INFO] Checking trade setups at 2025-11-20 12:50:21
2025-11-20 12:50:21,070 [INFO] Applying EMA strategy to 2 stocks.
2025-11-20 12:50:33,245 [INFO] Checking trade setups at 2025-11-20 12:50:33
2025-11-20 12:50:33,245 [INFO] Applying EMA strategy to 2 stocks.
2025-11-20 12:50:44,728 [INFO] Checking trade setups at 2025-11-20 12:50:44
2025-11-20 12:50:44,728 [INFO] Applying EMA strategy to 2 stocks.
2025-11-20 12:50:56,004 [INFO] Checking trade setups at 2025-11-20 12:50:56
2025-11-20 12:50:56,004 [INFO] Applying EMA strategy to 2 stocks.
2025-11-20 12:51:07,237 [INFO] Checking trade setups at 2025-11-20 12:51:07
2025-11-20 12:51:07,237 [INFO] Applying EMA strategy to 2 stocks.
2025-11-20 12:51:18,559 [INFO] Checking trade setups at 2025-11-20 12:51:18
2025-11-20 12:51:18,559 [INFO] Applying EMA strategy to 2 stocks.
2025-11-20 12:51:30,164 [INFO] Checking trade setups at 2025-11-20 12:51:30
2025-11-20 12:51:30,164 [INFO] Applying EMA strategy to 2 stocks.
2025-11-20 12:51:41,620 [INFO] Checking trade setups at 2025-11-20 12:51:41
2025-11-20 12:51:41,620 [INFO] Applying EMA strategy to 2 stocks.
2025-11-20 12:51:52,921 [INFO] Checking trade setups at 2025-11-20 12:51:52
2025-11-20 12:51:52,921 [INFO] Applying EMA strategy to 2 stocks.
2025-11-20 12:52:04,598 [INFO] Checking trade setups at 2025-11-20 12:52:04
2025-11-20 12:52:04,598 [INFO] Applying EMA strategy to 2 stocks.
2025-11-20 12:52:15,865 [INFO] Checking trade setups at 2025-11-20 12:52:15
2025-11-20 12:52:15,865 [INFO] Applying EMA strategy to 2 stocks.
2025-11-20 12:52:27,073 [INFO] Checking trade setups at 2025-11-20 12:52:27
2025-11-20 12:52:27,073 [INFO] Applying EMA strategy to 2 stocks.
2025-11-20 12:52:38,376 [INFO] Checking trade setups at 2025-11-20 12:52:38
2025-11-20 12:52:38,376 [INFO] Applying EMA strategy to 2 stocks.
2025-11-20 12:52:49,335 [INFO] Checking trade setups at 2025-11-20 12:52:49
2025-11-20 12:52:49,335 [INFO] Applying EMA strategy to 2 stocks.
2025-11-20 12:53:00,726 [INFO] Checking trade setups at 2025-11-20 12:53:00
2025-11-20 12:53:00,726 [INFO] Applying EMA strategy to 2 stocks.
2025-11-20 12:53:12,139 [INFO] Checking trade setups at 2025-11-20 12:53:12
2025-11-20 12:53:12,140 [INFO] Applying EMA strategy to 2 stocks.
2025-11-20 12:53:25,319 [INFO] Checking trade setups at 2025-11-20 12:53:25
2025-11-20 12:53:25,319 [INFO] Applying EMA strategy to 2 stocks.
2025-11-20 12:53:36,955 [INFO] Checking trade setups at 2025-11-20 12:53:36
2025-11-20 12:53:36,955 [INFO] Applying EMA strategy to 2 stocks.
2025-11-20 12:53:48,525 [INFO] Checking trade setups at 2025-11-20 12:53:48
2025-11-20 12:53:48,525 [INFO] Applying EMA strategy to 2 stocks.
2025-11-20 12:54:00,520 [INFO] Checking trade setups at 2025-11-20 12:54:00
2025-11-20 12:54:00,520 [INFO] Applying EMA strategy to 2 stocks.
2025-11-20 12:54:12,699 [INFO] Checking trade setups at 2025-11-20 12:54:12
2025-11-20 12:54:12,699 [INFO] Applying EMA strategy to 2 stocks.
2025-11-20 12:54:26,160 [INFO] Checking trade setups at 2025-11-20 12:54:26
2025-11-20 12:54:26,160 [INFO] Applying EMA strategy to 2 stocks.
2025-11-20 12:54:37,646 [INFO] Checking trade setups at 2025-11-20 12:54:37
2025-11-20 12:54:37,646 [INFO] Applying EMA strategy to 2 stocks.
2025-11-20 12:54:48,484 [INFO] Checking trade setups at 2025-11-20 12:54:48
2025-11-20 12:54:48,484 [INFO] Applying EMA strategy to 2 stocks.
2025-11-20 12:54:59,897 [INFO] Checking trade setups at 2025-11-20 12:54:59
2025-11-20 12:54:59,897 [INFO] Applying EMA strategy to 2 stocks.
2025-11-20 12:55:11,685 [INFO] Checking trade setups at 2025-11-20 12:55:11
2025-11-20 12:55:11,685 [INFO] Applying EMA strategy to 2 stocks.
2025-11-20 12:55:23,060 [INFO] Checking trade setups at 2025-11-20 12:55:23
2025-11-20 12:55:23,060 [INFO] Applying EMA strategy to 2 stocks.
2025-11-20 12:55:34,940 [INFO] Checking trade setups at 2025-11-20 12:55:34
2025-11-20 12:55:34,940 [INFO] Applying EMA strategy to 2 stocks.
2025-11-20 12:55:46,153 [INFO] Checking trade setups at 2025-11-20 12:55:46
2025-11-20 12:55:46,153 [INFO] Applying EMA strategy to 2 stocks.
2025-11-20 12:55:57,641 [INFO] Checking trade setups at 2025-11-20 12:55:57
2025-11-20 12:55:57,641 [INFO] Applying EMA strategy to 2 stocks.
2025-11-20 12:56:08,824 [INFO] Checking trade setups at 2025-11-20 12:56:08
2025-11-20 12:56:08,825 [INFO] Applying EMA strategy to 2 stocks.
2025-11-20 12:56:19,988 [INFO] Checking trade setups at 2025-11-20 12:56:19
2025-11-20 12:56:19,988 [INFO] Applying EMA strategy to 2 stocks.
2025-11-20 12:56:31,789 [INFO] Checking trade setups at 2025-11-20 12:56:31
2025-11-20 12:56:31,789 [INFO] Applying EMA strategy to 2 stocks.
2025-11-20 12:56:43,037 [INFO] Checking trade setups at 2025-11-20 12:56:43
2025-11-20 12:56:43,037 [INFO] Applying EMA strategy to 2 stocks.
2025-11-20 12:56:54,316 [INFO] Checking trade setups at 2025-11-20 12:56:54
2025-11-20 12:56:54,316 [INFO] Applying EMA strategy to 2 stocks.
2025-11-20 12:57:05,552 [INFO] Checking trade setups at 2025-11-20 12:57:05
2025-11-20 12:57:05,552 [INFO] Applying EMA strategy to 2 stocks.
2025-11-20 12:57:16,613 [INFO] Checking trade setups at 2025-11-20 12:57:16
2025-11-20 12:57:16,613 [INFO] Applying EMA strategy to 2 stocks.
2025-11-20 12:57:28,546 [INFO] Checking trade setups at 2025-11-20 12:57:28
2025-11-20 12:57:28,546 [INFO] Applying EMA strategy to 2 stocks.
2025-11-20 12:57:39,904 [INFO] Checking trade setups at 2025-11-20 12:57:39
2025-11-20 12:57:39,904 [INFO] Applying EMA strategy to 2 stocks.
2025-11-20 12:57:51,736 [INFO] Checking trade setups at 2025-11-20 12:57:51
2025-11-20 12:57:51,736 [INFO] Applying EMA strategy to 2 stocks.
2025-11-20 12:58:03,112 [INFO] Checking trade setups at 2025-11-20 12:58:03
2025-11-20 12:58:03,112 [INFO] Applying EMA strategy to 2 stocks.
2025-11-20 12:58:14,482 [INFO] Checking trade setups at 2025-11-20 12:58:14
2025-11-20 12:58:14,482 [INFO] Applying EMA strategy to 2 stocks.
2025-11-20 12:58:26,148 [INFO] Checking trade setups at 2025-11-20 12:58:26
2025-11-20 12:58:26,148 [INFO] Applying EMA strategy to 2 stocks.
2025-11-20 12:58:37,789 [INFO] Checking trade setups at 2025-11-20 12:58:37
2025-11-20 12:58:37,789 [INFO] Applying EMA strategy to 2 stocks.
2025-11-20 12:58:49,089 [INFO] Checking trade setups at 2025-11-20 12:58:49
2025-11-20 12:58:49,089 [INFO] Applying EMA strategy to 2 stocks.
2025-11-20 12:59:00,753 [INFO] Checking trade setups at 2025-11-20 12:59:00
2025-11-20 12:59:00,754 [INFO] Applying EMA strategy to 2 stocks.
2025-11-20 12:59:12,533 [INFO] Checking trade setups at 2025-11-20 12:59:12
2025-11-20 12:59:12,533 [INFO] Applying EMA strategy to 2 stocks.
2025-11-20 12:59:24,449 [INFO] Checking trade setups at 2025-11-20 12:59:24
2025-11-20 12:59:24,451 [INFO] Applying EMA strategy to 2 stocks.
2025-11-20 12:59:36,351 [INFO] Checking trade setups at 2025-11-20 12:59:36
2025-11-20 12:59:36,351 [INFO] Applying EMA strategy to 2 stocks.
2025-11-20 12:59:48,021 [INFO] Checking trade setups at 2025-11-20 12:59:48
2025-11-20 12:59:48,022 [INFO] Applying EMA strategy to 2 stocks.
2025-11-20 12:59:59,883 [INFO] Checking trade setups at 2025-11-20 12:59:59
2025-11-20 12:59:59,883 [INFO] Applying EMA strategy to 2 stocks.
2025-11-20 13:00:11,938 [INFO] Checking trade setups at 2025-11-20 13:00:11
2025-11-20 13:00:11,938 [INFO] Applying EMA strategy to 2 stocks.
2025-11-20 13:00:24,202 [INFO] Checking trade setups at 2025-11-20 13:00:24
2025-11-20 13:00:24,202 [INFO] Applying EMA strategy to 2 stocks.
2025-11-20 13:00:35,888 [INFO] Checking trade setups at 2025-11-20 13:00:35
2025-11-20 13:00:35,888 [INFO] Applying EMA strategy to 2 stocks.
2025-11-20 13:00:47,753 [INFO] Checking trade setups at 2025-11-20 13:00:47
2025-11-20 13:00:47,753 [INFO] Applying EMA strategy to 2 stocks.
2025-11-20 13:00:59,553 [INFO] Checking trade setups at 2025-11-20 13:00:59
2025-11-20 13:00:59,553 [INFO] Applying EMA strategy to 2 stocks.
2025-11-20 13:01:11,498 [INFO] Checking trade setups at 2025-11-20 13:01:11
2025-11-20 13:01:11,498 [INFO] Applying EMA strategy to 2 stocks.
2025-11-20 13:01:23,421 [INFO] Checking trade setups at 2025-11-20 13:01:23
2025-11-20 13:01:23,422 [INFO] Applying EMA strategy to 2 stocks.
2025-11-20 13:01:34,953 [INFO] Checking trade setups at 2025-11-20 13:01:34
2025-11-20 13:01:34,953 [INFO] Applying EMA strategy to 2 stocks.
2025-11-20 13:01:47,084 [INFO] Checking trade setups at 2025-11-20 13:01:47
2025-11-20 13:01:47,084 [INFO] Applying EMA strategy to 2 stocks.
2025-11-20 13:01:58,716 [INFO] Checking trade setups at 2025-11-20 13:01:58
2025-11-20 13:01:58,716 [INFO] Applying EMA strategy to 2 stocks.
2025-11-20 13:02:10,484 [INFO] Checking trade setups at 2025-11-20 13:02:10
2025-11-20 13:02:10,484 [INFO] Applying EMA strategy to 2 stocks.
2025-11-20 13:02:22,563 [INFO] Checking trade setups at 2025-11-20 13:02:22
2025-11-20 13:02:22,563 [INFO] Applying EMA strategy to 2 stocks.
2025-11-20 13:02:34,373 [INFO] Checking trade setups at 2025-11-20 13:02:34
2025-11-20 13:02:34,373 [INFO] Applying EMA strategy to 2 stocks.
2025-11-20 13:02:46,352 [INFO] Checking trade setups at 2025-11-20 13:02:46
2025-11-20 13:02:46,353 [INFO] Applying EMA strategy to 2 stocks.
2025-11-20 13:02:57,714 [INFO] Checking trade setups at 2025-11-20 13:02:57
2025-11-20 13:02:57,716 [INFO] Applying EMA strategy to 2 stocks.
2025-11-20 13:03:09,918 [INFO] Checking trade setups at 2025-11-20 13:03:09
2025-11-20 13:03:09,919 [INFO] Applying EMA strategy to 2 stocks.
2025-11-20 13:03:21,354 [INFO] Checking trade setups at 2025-11-20 13:03:21
2025-11-20 13:03:21,355 [INFO] Applying EMA strategy to 2 stocks.
2025-11-20 13:03:32,877 [INFO] Checking trade setups at 2025-11-20 13:03:32
2025-11-20 13:03:32,878 [INFO] Applying EMA strategy to 2 stocks.
2025-11-20 13:03:45,038 [INFO] Checking trade setups at 2025-11-20 13:03:45
2025-11-20 13:03:45,039 [INFO] Applying EMA strategy to 2 stocks.
2025-11-20 13:03:56,699 [INFO] Checking trade setups at 2025-11-20 13:03:56
2025-11-20 13:03:56,699 [INFO] Applying EMA strategy to 2 stocks.
2025-11-20 13:04:08,486 [INFO] Checking trade setups at 2025-11-20 13:04:08
2025-11-20 13:04:08,486 [INFO] Applying EMA strategy to 2 stocks.
2025-11-20 13:04:20,283 [INFO] Checking trade setups at 2025-11-20 13:04:20
2025-11-20 13:04:20,292 [INFO] Applying EMA strategy to 2 stocks.
2025-11-20 13:04:32,520 [INFO] Checking trade setups at 2025-11-20 13:04:32
2025-11-20 13:04:32,520 [INFO] Applying EMA strategy to 2 stocks.
2025-11-20 13:04:44,337 [INFO] Checking trade setups at 2025-11-20 13:04:44
2025-11-20 13:04:44,337 [INFO] Applying EMA strategy to 2 stocks.
2025-11-20 13:04:55,896 [INFO] Checking trade setups at 2025-11-20 13:04:55
2025-11-20 13:04:55,898 [INFO] Applying EMA strategy to 2 stocks.
2025-11-20 13:05:07,975 [INFO] Checking trade setups at 2025-11-20 13:05:07
2025-11-20 13:05:07,976 [INFO] Applying EMA strategy to 2 stocks.
2025-11-20 13:05:19,965 [INFO] Checking trade setups at 2025-11-20 13:05:19
2025-11-20 13:05:19,965 [INFO] Applying EMA strategy to 2 stocks.
2025-11-20 13:05:31,423 [INFO] Checking trade setups at 2025-11-20 13:05:31
2025-11-20 13:05:31,424 [INFO] Applying EMA strategy to 2 stocks.
2025-11-20 13:05:43,100 [INFO] Checking trade setups at 2025-11-20 13:05:43
2025-11-20 13:05:43,100 [INFO] Applying EMA strategy to 2 stocks.
2025-11-20 13:05:54,800 [INFO] Checking trade setups at 2025-11-20 13:05:54
2025-11-20 13:05:54,801 [INFO] Applying EMA strategy to 2 stocks.
2025-11-20 13:06:06,554 [INFO] Checking trade setups at 2025-11-20 13:06:06
2025-11-20 13:06:06,554 [INFO] Applying EMA strategy to 2 stocks.
2025-11-20 13:06:18,036 [INFO] Checking trade setups at 2025-11-20 13:06:18
2025-11-20 13:06:18,037 [INFO] Applying EMA strategy to 2 stocks.
2025-11-20 13:06:30,147 [INFO] Checking trade setups at 2025-11-20 13:06:30
2025-11-20 13:06:30,148 [INFO] Applying EMA strategy to 2 stocks.
2025-11-20 13:06:42,186 [INFO] Checking trade setups at 2025-11-20 13:06:42
2025-11-20 13:06:42,187 [INFO] Applying EMA strategy to 2 stocks.
2025-11-20 13:06:53,865 [INFO] Checking trade setups at 2025-11-20 13:06:53
2025-11-20 13:06:53,865 [INFO] Applying EMA strategy to 2 stocks.
2025-11-20 13:07:05,761 [INFO] Checking trade setups at 2025-11-20 13:07:05
2025-11-20 13:07:05,762 [INFO] Applying EMA strategy to 2 stocks.
2025-11-20 13:07:18,443 [INFO] Checking trade setups at 2025-11-20 13:07:18
2025-11-20 13:07:18,444 [INFO] Applying EMA strategy to 2 stocks.
2025-11-20 13:07:31,102 [INFO] Checking trade setups at 2025-11-20 13:07:31
2025-11-20 13:07:31,103 [INFO] Applying EMA strategy to 2 stocks.
2025-11-20 13:07:43,251 [INFO] Checking trade setups at 2025-11-20 13:07:43
2025-11-20 13:07:43,251 [INFO] Applying EMA strategy to 2 stocks.
2025-11-20 13:07:55,232 [INFO] Checking trade setups at 2025-11-20 13:07:55
2025-11-20 13:07:55,233 [INFO] Applying EMA strategy to 2 stocks.
2025-11-20 13:08:07,018 [INFO] Checking trade setups at 2025-11-20 13:08:07
2025-11-20 13:08:07,018 [INFO] Applying EMA strategy to 2 stocks.
2025-11-20 13:08:19,274 [INFO] Checking trade setups at 2025-11-20 13:08:19
2025-11-20 13:08:19,274 [INFO] Applying EMA strategy to 2 stocks.
2025-11-20 13:08:31,740 [INFO] Checking trade setups at 2025-11-20 13:08:31
2025-11-20 13:08:31,740 [INFO] Applying EMA strategy to 2 stocks.
2025-11-20 13:08:44,062 [INFO] Checking trade setups at 2025-11-20 13:08:44
2025-11-20 13:08:44,062 [INFO] Applying EMA strategy to 2 stocks.
2025-11-20 13:08:55,991 [INFO] Checking trade setups at 2025-11-20 13:08:55
2025-11-20 13:08:55,991 [INFO] Applying EMA strategy to 2 stocks.
2025-11-20 13:09:08,027 [INFO] Checking trade setups at 2025-11-20 13:09:08
2025-11-20 13:09:08,027 [INFO] Applying EMA strategy to 2 stocks.
2025-11-20 13:09:20,403 [INFO] Checking trade setups at 2025-11-20 13:09:20
2025-11-20 13:09:20,403 [INFO] Applying EMA strategy to 2 stocks.
2025-11-20 13:09:31,764 [INFO] Checking trade setups at 2025-11-20 13:09:31
2025-11-20 13:09:31,765 [INFO] Applying EMA strategy to 2 stocks.
2025-11-20 13:09:43,994 [INFO] Checking trade setups at 2025-11-20 13:09:43
2025-11-20 13:09:43,994 [INFO] Applying EMA strategy to 2 stocks.
2025-11-20 13:09:55,618 [INFO] Checking trade setups at 2025-11-20 13:09:55
2025-11-20 13:09:55,618 [INFO] Applying EMA strategy to 2 stocks.
2025-11-20 13:10:07,539 [INFO] Checking trade setups at 2025-11-20 13:10:07
2025-11-20 13:10:07,540 [INFO] Applying EMA strategy to 2 stocks.
2025-11-20 13:10:20,405 [INFO] Checking trade setups at 2025-11-20 13:10:20
2025-11-20 13:10:20,406 [INFO] Applying EMA strategy to 2 stocks.
2025-11-20 13:10:31,902 [INFO] Checking trade setups at 2025-11-20 13:10:31
2025-11-20 13:10:31,902 [INFO] Applying EMA strategy to 2 stocks.
2025-11-20 13:10:43,945 [INFO] Checking trade setups at 2025-11-20 13:10:43
2025-11-20 13:10:43,945 [INFO] Applying EMA strategy to 2 stocks.
2025-11-20 13:10:55,538 [INFO] Checking trade setups at 2025-11-20 13:10:55
2025-11-20 13:10:55,539 [INFO] Applying EMA strategy to 2 stocks.
2025-11-20 13:11:06,869 [INFO] Checking trade setups at 2025-11-20 13:11:06
2025-11-20 13:11:06,869 [INFO] Applying EMA strategy to 2 stocks.
2025-11-20 13:11:18,486 [INFO] Checking trade setups at 2025-11-20 13:11:18
2025-11-20 13:11:18,487 [INFO] Applying EMA strategy to 2 stocks.
2025-11-20 13:11:31,205 [INFO] Checking trade setups at 2025-11-20 13:11:31
2025-11-20 13:11:31,206 [INFO] Applying EMA strategy to 2 stocks.
2025-11-20 13:11:43,155 [INFO] Checking trade setups at 2025-11-20 13:11:43
2025-11-20 13:11:43,155 [INFO] Applying EMA strategy to 2 stocks.
2025-11-20 13:11:55,438 [INFO] Checking trade setups at 2025-11-20 13:11:55
2025-11-20 13:11:55,440 [INFO] Applying EMA strategy to 2 stocks.
2025-11-20 13:12:07,009 [INFO] Checking trade setups at 2025-11-20 13:12:07
2025-11-20 13:12:07,009 [INFO] Applying EMA strategy to 2 stocks.
2025-11-20 13:12:18,992 [INFO] Checking trade setups at 2025-11-20 13:12:18
2025-11-20 13:12:18,992 [INFO] Applying EMA strategy to 2 stocks.
2025-11-20 13:12:30,332 [INFO] Checking trade setups at 2025-11-20 13:12:30
2025-11-20 13:12:30,334 [INFO] Applying EMA strategy to 2 stocks.
2025-11-20 13:12:42,242 [INFO] Checking trade setups at 2025-11-20 13:12:42
2025-11-20 13:12:42,242 [INFO] Applying EMA strategy to 2 stocks.
2025-11-20 13:12:54,014 [INFO] Checking trade setups at 2025-11-20 13:12:54
2025-11-20 13:12:54,014 [INFO] Applying EMA strategy to 2 stocks.
2025-11-20 13:13:05,952 [INFO] Checking trade setups at 2025-11-20 13:13:05
2025-11-20 13:13:05,953 [INFO] Applying EMA strategy to 2 stocks.
2025-11-20 13:13:17,804 [INFO] Checking trade setups at 2025-11-20 13:13:17
2025-11-20 13:13:17,804 [INFO] Applying EMA strategy to 2 stocks.
2025-11-20 13:13:29,245 [INFO] Checking trade setups at 2025-11-20 13:13:29
2025-11-20 13:13:29,246 [INFO] Applying EMA strategy to 2 stocks.
2025-11-20 13:13:40,827 [INFO] Checking trade setups at 2025-11-20 13:13:40
2025-11-20 13:13:40,827 [INFO] Applying EMA strategy to 2 stocks.
2025-11-20 13:13:52,087 [INFO] Checking trade setups at 2025-11-20 13:13:52
2025-11-20 13:13:52,087 [INFO] Applying EMA strategy to 2 stocks.
2025-11-20 13:14:04,167 [INFO] Checking trade setups at 2025-11-20 13:14:04
2025-11-20 13:14:04,167 [INFO] Applying EMA strategy to 2 stocks.
2025-11-20 13:14:15,773 [INFO] Checking trade setups at 2025-11-20 13:14:15
2025-11-20 13:14:15,774 [INFO] Applying EMA strategy to 2 stocks.
2025-11-20 13:14:27,507 [INFO] Checking trade setups at 2025-11-20 13:14:27
2025-11-20 13:14:27,508 [INFO] Applying EMA strategy to 2 stocks.
2025-11-20 13:14:39,008 [INFO] Checking trade setups at 2025-11-20 13:14:39
2025-11-20 13:14:39,008 [INFO] Applying EMA strategy to 2 stocks.
2025-11-20 13:14:50,457 [INFO] Checking trade setups at 2025-11-20 13:14:50
2025-11-20 13:14:50,458 [INFO] Applying EMA strategy to 2 stocks.
2025-11-20 13:15:02,081 [INFO] Checking trade setups at 2025-11-20 13:15:02
2025-11-20 13:15:02,082 [INFO] Applying EMA strategy to 2 stocks.
2025-11-20 13:15:13,760 [INFO] Checking trade setups at 2025-11-20 13:15:13
2025-11-20 13:15:13,761 [INFO] Applying EMA strategy to 2 stocks.
2025-11-20 13:15:25,060 [INFO] Checking trade setups at 2025-11-20 13:15:25
2025-11-20 13:15:25,061 [INFO] Applying EMA strategy to 2 stocks.
2025-11-20 13:15:36,732 [INFO] Checking trade setups at 2025-11-20 13:15:36
2025-11-20 13:15:36,733 [INFO] Applying EMA strategy to 2 stocks.
2025-11-20 13:15:48,010 [INFO] Checking trade setups at 2025-11-20 13:15:48
2025-11-20 13:15:48,011 [INFO] Applying EMA strategy to 2 stocks.
2025-11-20 13:16:00,110 [INFO] Checking trade setups at 2025-11-20 13:16:00
2025-11-20 13:16:00,110 [INFO] Applying EMA strategy to 2 stocks.
2025-11-20 13:16:11,933 [INFO] Checking trade setups at 2025-11-20 13:16:11
2025-11-20 13:16:11,933 [INFO] Applying EMA strategy to 2 stocks.
2025-11-20 13:16:24,483 [INFO] Checking trade setups at 2025-11-20 13:16:24
2025-11-20 13:16:24,483 [INFO] Applying EMA strategy to 2 stocks.
2025-11-20 13:16:36,541 [INFO] Checking trade setups at 2025-11-20 13:16:36
2025-11-20 13:16:36,541 [INFO] Applying EMA strategy to 2 stocks.
2025-11-20 13:16:48,119 [INFO] Checking trade setups at 2025-11-20 13:16:48
2025-11-20 13:16:48,119 [INFO] Applying EMA strategy to 2 stocks.
2025-11-20 13:16:59,892 [INFO] Checking trade setups at 2025-11-20 13:16:59
2025-11-20 13:16:59,893 [INFO] Applying EMA strategy to 2 stocks.
2025-11-20 13:17:11,479 [INFO] Checking trade setups at 2025-11-20 13:17:11
2025-11-20 13:17:11,479 [INFO] Applying EMA strategy to 2 stocks.
2025-11-20 13:17:23,176 [INFO] Checking trade setups at 2025-11-20 13:17:23
2025-11-20 13:17:23,177 [INFO] Applying EMA strategy to 2 stocks.
2025-11-20 13:17:34,474 [INFO] Checking trade setups at 2025-11-20 13:17:34
2025-11-20 13:17:34,474 [INFO] Applying EMA strategy to 2 stocks.
2025-11-20 13:17:45,868 [INFO] Checking trade setups at 2025-11-20 13:17:45
2025-11-20 13:17:45,869 [INFO] Applying EMA strategy to 2 stocks.
2025-11-20 13:17:57,139 [INFO] Checking trade setups at 2025-11-20 13:17:57
2025-11-20 13:17:57,139 [INFO] Applying EMA strategy to 2 stocks.
2025-11-20 13:18:08,508 [INFO] Checking trade setups at 2025-11-20 13:18:08
2025-11-20 13:18:08,508 [INFO] Applying EMA strategy to 2 stocks.
2025-11-20 13:18:19,833 [INFO] Checking trade setups at 2025-11-20 13:18:19
2025-11-20 13:18:19,834 [INFO] Applying EMA strategy to 2 stocks.
2025-11-20 13:18:31,137 [INFO] Checking trade setups at 2025-11-20 13:18:31
2025-11-20 13:18:31,138 [INFO] Applying EMA strategy to 2 stocks.
2025-11-20 13:18:42,809 [INFO] Checking trade setups at 2025-11-20 13:18:42
2025-11-20 13:18:42,811 [INFO] Applying EMA strategy to 2 stocks.
2025-11-20 13:18:54,581 [INFO] Checking trade setups at 2025-11-20 13:18:54
2025-11-20 13:18:54,582 [INFO] Applying EMA strategy to 2 stocks.
2025-11-20 13:19:06,047 [INFO] Checking trade setups at 2025-11-20 13:19:06
2025-11-20 13:19:06,048 [INFO] Applying EMA strategy to 2 stocks.
2025-11-20 13:19:17,299 [INFO] Checking trade setups at 2025-11-20 13:19:17
2025-11-20 13:19:17,299 [INFO] Applying EMA strategy to 2 stocks.
2025-11-20 13:19:29,206 [INFO] Checking trade setups at 2025-11-20 13:19:29
2025-11-20 13:19:29,206 [INFO] Applying EMA strategy to 2 stocks.
2025-11-20 13:19:40,567 [INFO] Checking trade setups at 2025-11-20 13:19:40
2025-11-20 13:19:40,567 [INFO] Applying EMA strategy to 2 stocks.
2025-11-20 13:19:51,925 [INFO] Checking trade setups at 2025-11-20 13:19:51
2025-11-20 13:19:51,925 [INFO] Applying EMA strategy to 2 stocks.
2025-11-20 13:20:03,205 [INFO] Checking trade setups at 2025-11-20 13:20:03
2025-11-20 13:20:03,205 [INFO] Applying EMA strategy to 2 stocks.
2025-11-20 13:20:14,967 [INFO] Checking trade setups at 2025-11-20 13:20:14
2025-11-20 13:20:14,967 [INFO] Applying EMA strategy to 2 stocks.
2025-11-20 13:20:26,547 [INFO] Checking trade setups at 2025-11-20 13:20:26
2025-11-20 13:20:26,548 [INFO] Applying EMA strategy to 2 stocks.
2025-11-20 13:20:37,810 [INFO] Checking trade setups at 2025-11-20 13:20:37
2025-11-20 13:20:37,810 [INFO] Applying EMA strategy to 2 stocks.
2025-11-20 13:20:49,559 [INFO] Checking trade setups at 2025-11-20 13:20:49
2025-11-20 13:20:49,559 [INFO] Applying EMA strategy to 2 stocks.
2025-11-20 13:21:00,949 [INFO] Checking trade setups at 2025-11-20 13:21:00
2025-11-20 13:21:00,949 [INFO] Applying EMA strategy to 2 stocks.
2025-11-20 13:21:12,533 [INFO] Checking trade setups at 2025-11-20 13:21:12
2025-11-20 13:21:12,534 [INFO] Applying EMA strategy to 2 stocks.
2025-11-20 13:21:23,883 [INFO] Checking trade setups at 2025-11-20 13:21:23
2025-11-20 13:21:23,883 [INFO] Applying EMA strategy to 2 stocks.
2025-11-20 13:21:35,762 [INFO] Checking trade setups at 2025-11-20 13:21:35
2025-11-20 13:21:35,762 [INFO] Applying EMA strategy to 2 stocks.
2025-11-20 13:21:47,230 [INFO] Checking trade setups at 2025-11-20 13:21:47
2025-11-20 13:21:47,230 [INFO] Applying EMA strategy to 2 stocks.
2025-11-20 13:21:58,509 [INFO] Checking trade setups at 2025-11-20 13:21:58
2025-11-20 13:21:58,509 [INFO] Applying EMA strategy to 2 stocks.
2025-11-20 13:22:10,393 [INFO] Checking trade setups at 2025-11-20 13:22:10
2025-11-20 13:22:10,394 [INFO] Applying EMA strategy to 2 stocks.
2025-11-20 13:22:21,913 [INFO] Checking trade setups at 2025-11-20 13:22:21
2025-11-20 13:22:21,914 [INFO] Applying EMA strategy to 2 stocks.
2025-11-20 13:22:33,431 [INFO] Checking trade setups at 2025-11-20 13:22:33
2025-11-20 13:22:33,432 [INFO] Applying EMA strategy to 2 stocks.
2025-11-20 13:22:44,685 [INFO] Checking trade setups at 2025-11-20 13:22:44
2025-11-20 13:22:44,686 [INFO] Applying EMA strategy to 2 stocks.
2025-11-20 13:22:56,232 [INFO] Checking trade setups at 2025-11-20 13:22:56
2025-11-20 13:22:56,234 [INFO] Applying EMA strategy to 2 stocks.
2025-11-20 13:23:07,668 [INFO] Checking trade setups at 2025-11-20 13:23:07
2025-11-20 13:23:07,668 [INFO] Applying EMA strategy to 2 stocks.
2025-11-20 13:23:18,995 [INFO] Checking trade setups at 2025-11-20 13:23:18
2025-11-20 13:23:18,995 [INFO] Applying EMA strategy to 2 stocks.
2025-11-20 13:23:30,465 [INFO] Checking trade setups at 2025-11-20 13:23:30
2025-11-20 13:23:30,466 [INFO] Applying EMA strategy to 2 stocks.
2025-11-20 13:23:42,235 [INFO] Checking trade setups at 2025-11-20 13:23:42
2025-11-20 13:23:42,235 [INFO] Applying EMA strategy to 2 stocks.
2025-11-20 13:23:53,596 [INFO] Checking trade setups at 2025-11-20 13:23:53
2025-11-20 13:23:53,596 [INFO] Applying EMA strategy to 2 stocks.
2025-11-20 13:24:05,487 [INFO] Checking trade setups at 2025-11-20 13:24:05
2025-11-20 13:24:05,487 [INFO] Applying EMA strategy to 2 stocks.
2025-11-20 13:24:16,945 [INFO] Checking trade setups at 2025-11-20 13:24:16
2025-11-20 13:24:16,945 [INFO] Applying EMA strategy to 2 stocks.
2025-11-20 13:24:28,626 [INFO] Checking trade setups at 2025-11-20 13:24:28
2025-11-20 13:24:28,628 [INFO] Applying EMA strategy to 2 stocks.
2025-11-20 13:24:40,004 [INFO] Checking trade setups at 2025-11-20 13:24:40
2025-11-20 13:24:40,005 [INFO] Applying EMA strategy to 2 stocks.
2025-11-20 13:24:51,395 [INFO] Checking trade setups at 2025-11-20 13:24:51
2025-11-20 13:24:51,395 [INFO] Applying EMA strategy to 2 stocks.
2025-11-20 13:25:03,093 [INFO] Checking trade setups at 2025-11-20 13:25:03
2025-11-20 13:25:03,094 [INFO] Applying EMA strategy to 2 stocks.
2025-11-20 13:25:14,498 [INFO] Checking trade setups at 2025-11-20 13:25:14
2025-11-20 13:25:14,498 [INFO] Applying EMA strategy to 2 stocks.
2025-11-20 13:25:25,762 [INFO] Checking trade setups at 2025-11-20 13:25:25
2025-11-20 13:25:25,763 [INFO] Applying EMA strategy to 2 stocks.
2025-11-20 13:25:37,317 [INFO] Checking trade setups at 2025-11-20 13:25:37
2025-11-20 13:25:37,318 [INFO] Applying EMA strategy to 2 stocks.
2025-11-20 13:25:48,845 [INFO] Checking trade setups at 2025-11-20 13:25:48
2025-11-20 13:25:48,846 [INFO] Applying EMA strategy to 2 stocks.
2025-11-20 13:26:00,373 [INFO] Checking trade setups at 2025-11-20 13:26:00
2025-11-20 13:26:00,395 [INFO] Applying EMA strategy to 2 stocks.
2025-11-20 13:26:12,259 [INFO] Checking trade setups at 2025-11-20 13:26:12
2025-11-20 13:26:12,259 [INFO] Applying EMA strategy to 2 stocks.
2025-11-20 13:26:23,638 [INFO] Checking trade setups at 2025-11-20 13:26:23
2025-11-20 13:26:23,640 [INFO] Applying EMA strategy to 2 stocks.
2025-11-20 13:26:35,088 [INFO] Checking trade setups at 2025-11-20 13:26:35
2025-11-20 13:26:35,088 [INFO] Applying EMA strategy to 2 stocks.
2025-11-20 13:26:46,462 [INFO] Checking trade setups at 2025-11-20 13:26:46
2025-11-20 13:26:46,462 [INFO] Applying EMA strategy to 2 stocks.
2025-11-20 13:26:57,737 [INFO] Checking trade setups at 2025-11-20 13:26:57
2025-11-20 13:26:57,738 [INFO] Applying EMA strategy to 2 stocks.
2025-11-20 13:27:09,225 [INFO] Checking trade setups at 2025-11-20 13:27:09
2025-11-20 13:27:09,226 [INFO] Applying EMA strategy to 2 stocks.
2025-11-20 13:27:20,659 [INFO] Checking trade setups at 2025-11-20 13:27:20
2025-11-20 13:27:20,659 [INFO] Applying EMA strategy to 2 stocks.
2025-11-20 13:27:32,133 [INFO] Checking trade setups at 2025-11-20 13:27:32
2025-11-20 13:27:32,133 [INFO] Applying EMA strategy to 2 stocks.
2025-11-20 13:27:43,466 [INFO] Checking trade setups at 2025-11-20 13:27:43
2025-11-20 13:27:43,467 [INFO] Applying EMA strategy to 2 stocks.
2025-11-20 13:27:55,071 [INFO] Checking trade setups at 2025-11-20 13:27:55
2025-11-20 13:27:55,072 [INFO] Applying EMA strategy to 2 stocks.
2025-11-20 13:28:06,516 [INFO] Checking trade setups at 2025-11-20 13:28:06
2025-11-20 13:28:06,516 [INFO] Applying EMA strategy to 2 stocks.
2025-11-20 13:28:18,007 [INFO] Checking trade setups at 2025-11-20 13:28:18
2025-11-20 13:28:18,007 [INFO] Applying EMA strategy to 2 stocks.
2025-11-20 13:28:29,881 [INFO] Checking trade setups at 2025-11-20 13:28:29
2025-11-20 13:28:29,882 [INFO] Applying EMA strategy to 2 stocks.
2025-11-20 13:28:41,164 [INFO] Checking trade setups at 2025-11-20 13:28:41
2025-11-20 13:28:41,165 [INFO] Applying EMA strategy to 2 stocks.
2025-11-20 13:28:52,823 [INFO] Checking trade setups at 2025-11-20 13:28:52
2025-11-20 13:28:52,823 [INFO] Applying EMA strategy to 2 stocks.
2025-11-20 13:29:04,167 [INFO] Checking trade setups at 2025-11-20 13:29:04
2025-11-20 13:29:04,168 [INFO] Applying EMA strategy to 2 stocks.
2025-11-20 13:29:15,889 [INFO] Checking trade setups at 2025-11-20 13:29:15
2025-11-20 13:29:15,889 [INFO] Applying EMA strategy to 2 stocks.
2025-11-20 13:29:27,474 [INFO] Checking trade setups at 2025-11-20 13:29:27
2025-11-20 13:29:27,474 [INFO] Applying EMA strategy to 2 stocks.
2025-11-20 13:29:39,207 [INFO] Checking trade setups at 2025-11-20 13:29:39
2025-11-20 13:29:39,208 [INFO] Applying EMA strategy to 2 stocks.
2025-11-20 13:29:50,784 [INFO] Checking trade setups at 2025-11-20 13:29:50
2025-11-20 13:29:50,784 [INFO] Applying EMA strategy to 2 stocks.
2025-11-20 13:30:02,558 [INFO] Checking trade setups at 2025-11-20 13:30:02
2025-11-20 13:30:02,559 [INFO] Applying EMA strategy to 2 stocks.
2025-11-20 13:30:13,853 [INFO] Checking trade setups at 2025-11-20 13:30:13
2025-11-20 13:30:13,853 [INFO] Applying EMA strategy to 2 stocks.
2025-11-20 13:30:25,195 [INFO] Checking trade setups at 2025-11-20 13:30:25
2025-11-20 13:30:25,195 [INFO] Applying EMA strategy to 2 stocks.
2025-11-20 13:30:36,663 [INFO] Checking trade setups at 2025-11-20 13:30:36
2025-11-20 13:30:36,663 [INFO] Applying EMA strategy to 2 stocks.
2025-11-20 13:30:48,142 [INFO] Checking trade setups at 2025-11-20 13:30:48
2025-11-20 13:30:48,142 [INFO] Applying EMA strategy to 2 stocks.
2025-11-20 13:30:59,812 [INFO] Checking trade setups at 2025-11-20 13:30:59
2025-11-20 13:30:59,813 [INFO] Applying EMA strategy to 2 stocks.
2025-11-20 13:31:11,518 [INFO] Checking trade setups at 2025-11-20 13:31:11
2025-11-20 13:31:11,518 [INFO] Applying EMA strategy to 2 stocks.
2025-11-20 13:31:22,716 [INFO] Checking trade setups at 2025-11-20 13:31:22
2025-11-20 13:31:22,716 [INFO] Applying EMA strategy to 2 stocks.
2025-11-20 13:31:34,320 [INFO] Checking trade setups at 2025-11-20 13:31:34
2025-11-20 13:31:34,321 [INFO] Applying EMA strategy to 2 stocks.
2025-11-20 13:31:46,146 [INFO] Checking trade setups at 2025-11-20 13:31:46
2025-11-20 13:31:46,146 [INFO] Applying EMA strategy to 2 stocks.
2025-11-20 13:31:57,354 [INFO] Checking trade setups at 2025-11-20 13:31:57
2025-11-20 13:31:57,355 [INFO] Applying EMA strategy to 2 stocks.
2025-11-20 13:32:09,183 [INFO] Checking trade setups at 2025-11-20 13:32:09
2025-11-20 13:32:09,183 [INFO] Applying EMA strategy to 2 stocks.
2025-11-20 13:32:21,317 [INFO] Checking trade setups at 2025-11-20 13:32:21
2025-11-20 13:32:21,317 [INFO] Applying EMA strategy to 2 stocks.
2025-11-20 13:32:32,731 [INFO] Checking trade setups at 2025-11-20 13:32:32
2025-11-20 13:32:32,731 [INFO] Applying EMA strategy to 2 stocks.
2025-11-20 13:32:44,132 [INFO] Checking trade setups at 2025-11-20 13:32:44
2025-11-20 13:32:44,132 [INFO] Applying EMA strategy to 2 stocks.
2025-11-20 13:32:55,596 [INFO] Checking trade setups at 2025-11-20 13:32:55
2025-11-20 13:32:55,597 [INFO] Applying EMA strategy to 2 stocks.
2025-11-20 13:33:07,306 [INFO] Checking trade setups at 2025-11-20 13:33:07
2025-11-20 13:33:07,306 [INFO] Applying EMA strategy to 2 stocks.
2025-11-20 13:33:18,464 [INFO] Checking trade setups at 2025-11-20 13:33:18
2025-11-20 13:33:18,464 [INFO] Applying EMA strategy to 2 stocks.
2025-11-20 13:33:29,989 [INFO] Checking trade setups at 2025-11-20 13:33:29
2025-11-20 13:33:29,989 [INFO] Applying EMA strategy to 2 stocks.
2025-11-20 13:33:41,306 [INFO] Checking trade setups at 2025-11-20 13:33:41
2025-11-20 13:33:41,308 [INFO] Applying EMA strategy to 2 stocks.
2025-11-20 13:33:52,980 [INFO] Checking trade setups at 2025-11-20 13:33:52
2025-11-20 13:33:52,982 [INFO] Applying EMA strategy to 2 stocks.
2025-11-20 13:34:04,763 [INFO] Checking trade setups at 2025-11-20 13:34:04
2025-11-20 13:34:04,767 [INFO] Applying EMA strategy to 2 stocks.
2025-11-20 13:34:16,436 [INFO] Checking trade setups at 2025-11-20 13:34:16
2025-11-20 13:34:16,437 [INFO] Applying EMA strategy to 2 stocks.
2025-11-20 13:34:28,102 [INFO] Checking trade setups at 2025-11-20 13:34:28
2025-11-20 13:34:28,102 [INFO] Applying EMA strategy to 2 stocks.
2025-11-20 13:34:39,691 [INFO] Checking trade setups at 2025-11-20 13:34:39
2025-11-20 13:34:39,691 [INFO] Applying EMA strategy to 2 stocks.
2025-11-20 13:34:51,317 [INFO] Checking trade setups at 2025-11-20 13:34:51
2025-11-20 13:34:51,318 [INFO] Applying EMA strategy to 2 stocks.
2025-11-20 13:35:02,814 [INFO] Checking trade setups at 2025-11-20 13:35:02
2025-11-20 13:35:02,814 [INFO] Applying EMA strategy to 2 stocks.
2025-11-20 13:35:14,462 [INFO] Checking trade setups at 2025-11-20 13:35:14
2025-11-20 13:35:14,462 [INFO] Applying EMA strategy to 2 stocks.
2025-11-20 13:35:26,050 [INFO] Checking trade setups at 2025-11-20 13:35:26
2025-11-20 13:35:26,050 [INFO] Applying EMA strategy to 2 stocks.
2025-11-20 13:35:37,680 [INFO] Checking trade setups at 2025-11-20 13:35:37
2025-11-20 13:35:37,680 [INFO] Applying EMA strategy to 2 stocks.
2025-11-20 13:35:49,404 [INFO] Checking trade setups at 2025-11-20 13:35:49
2025-11-20 13:35:49,405 [INFO] Applying EMA strategy to 2 stocks.
2025-11-20 13:36:00,994 [INFO] Checking trade setups at 2025-11-20 13:36:00
2025-11-20 13:36:00,994 [INFO] Applying EMA strategy to 2 stocks.
2025-11-20 13:36:12,438 [INFO] Checking trade setups at 2025-11-20 13:36:12
2025-11-20 13:36:12,438 [INFO] Applying EMA strategy to 2 stocks.
2025-11-20 13:36:24,221 [INFO] Checking trade setups at 2025-11-20 13:36:24
2025-11-20 13:36:24,221 [INFO] Applying EMA strategy to 2 stocks.
2025-11-20 13:36:35,651 [INFO] Checking trade setups at 2025-11-20 13:36:35
2025-11-20 13:36:35,651 [INFO] Applying EMA strategy to 2 stocks.
2025-11-20 13:36:47,269 [INFO] Checking trade setups at 2025-11-20 13:36:47
2025-11-20 13:36:47,269 [INFO] Applying EMA strategy to 2 stocks.
2025-11-20 13:36:58,862 [INFO] Checking trade setups at 2025-11-20 13:36:58
2025-11-20 13:36:58,862 [INFO] Applying EMA strategy to 2 stocks.
2025-11-20 13:37:10,518 [INFO] Checking trade setups at 2025-11-20 13:37:10
2025-11-20 13:37:10,518 [INFO] Applying EMA strategy to 2 stocks.
2025-11-20 13:37:21,873 [INFO] Checking trade setups at 2025-11-20 13:37:21
2025-11-20 13:37:21,874 [INFO] Applying EMA strategy to 2 stocks.
2025-11-20 13:37:33,449 [INFO] Checking trade setups at 2025-11-20 13:37:33
2025-11-20 13:37:33,451 [INFO] Applying EMA strategy to 2 stocks.
2025-11-20 13:37:44,925 [INFO] Checking trade setups at 2025-11-20 13:37:44
2025-11-20 13:37:44,926 [INFO] Applying EMA strategy to 2 stocks.
2025-11-20 13:37:56,469 [INFO] Checking trade setups at 2025-11-20 13:37:56
2025-11-20 13:37:56,470 [INFO] Applying EMA strategy to 2 stocks.
2025-11-20 13:38:09,186 [INFO] Checking trade setups at 2025-11-20 13:38:09
2025-11-20 13:38:09,186 [INFO] Applying EMA strategy to 2 stocks.
2025-11-20 13:38:20,789 [INFO] Checking trade setups at 2025-11-20 13:38:20
2025-11-20 13:38:20,790 [INFO] Applying EMA strategy to 2 stocks.
2025-11-20 13:38:32,539 [INFO] Checking trade setups at 2025-11-20 13:38:32
2025-11-20 13:38:32,541 [INFO] Applying EMA strategy to 2 stocks.
2025-11-20 13:38:44,042 [INFO] Checking trade setups at 2025-11-20 13:38:44
2025-11-20 13:38:44,043 [INFO] Applying EMA strategy to 2 stocks.
2025-11-20 13:38:55,448 [INFO] Checking trade setups at 2025-11-20 13:38:55
2025-11-20 13:38:55,449 [INFO] Applying EMA strategy to 2 stocks.
2025-11-20 13:39:07,347 [INFO] Checking trade setups at 2025-11-20 13:39:07
2025-11-20 13:39:07,347 [INFO] Applying EMA strategy to 2 stocks.
2025-11-20 13:39:18,618 [INFO] Checking trade setups at 2025-11-20 13:39:18
2025-11-20 13:39:18,619 [INFO] Applying EMA strategy to 2 stocks.
2025-11-20 13:39:30,557 [INFO] Checking trade setups at 2025-11-20 13:39:30
2025-11-20 13:39:30,557 [INFO] Applying EMA strategy to 2 stocks.
2025-11-20 13:39:42,140 [INFO] Checking trade setups at 2025-11-20 13:39:42
2025-11-20 13:39:42,141 [INFO] Applying EMA strategy to 2 stocks.
2025-11-20 13:39:53,685 [INFO] Checking trade setups at 2025-11-20 13:39:53
2025-11-20 13:39:53,685 [INFO] Applying EMA strategy to 2 stocks.
2025-11-20 13:40:05,551 [INFO] Checking trade setups at 2025-11-20 13:40:05
2025-11-20 13:40:05,551 [INFO] Applying EMA strategy to 2 stocks.
2025-11-20 13:40:17,214 [INFO] Checking trade setups at 2025-11-20 13:40:17
2025-11-20 13:40:17,214 [INFO] Applying EMA strategy to 2 stocks.
2025-11-20 13:40:28,692 [INFO] Checking trade setups at 2025-11-20 13:40:28
2025-11-20 13:40:28,692 [INFO] Applying EMA strategy to 2 stocks.
2025-11-20 13:40:40,568 [INFO] Checking trade setups at 2025-11-20 13:40:40
2025-11-20 13:40:40,568 [INFO] Applying EMA strategy to 2 stocks.
2025-11-20 13:40:52,134 [INFO] Checking trade setups at 2025-11-20 13:40:52
2025-11-20 13:40:52,135 [INFO] Applying EMA strategy to 2 stocks.
2025-11-20 13:41:04,000 [INFO] Checking trade setups at 2025-11-20 13:41:04
2025-11-20 13:41:04,001 [INFO] Applying EMA strategy to 2 stocks.
2025-11-20 13:41:15,737 [INFO] Checking trade setups at 2025-11-20 13:41:15
2025-11-20 13:41:15,738 [INFO] Applying EMA strategy to 2 stocks.
2025-11-20 13:41:28,314 [INFO] Checking trade setups at 2025-11-20 13:41:28
2025-11-20 13:41:28,314 [INFO] Applying EMA strategy to 2 stocks.
2025-11-20 13:41:39,650 [INFO] Checking trade setups at 2025-11-20 13:41:39
2025-11-20 13:41:39,651 [INFO] Applying EMA strategy to 2 stocks.
2025-11-20 13:41:51,710 [INFO] Checking trade setups at 2025-11-20 13:41:51
2025-11-20 13:41:51,711 [INFO] Applying EMA strategy to 2 stocks.
2025-11-20 13:42:03,494 [INFO] Checking trade setups at 2025-11-20 13:42:03
2025-11-20 13:42:03,495 [INFO] Applying EMA strategy to 2 stocks.
2025-11-20 13:42:14,648 [INFO] Checking trade setups at 2025-11-20 13:42:14
2025-11-20 13:42:14,648 [INFO] Applying EMA strategy to 2 stocks.
2025-11-20 13:42:26,523 [INFO] Checking trade setups at 2025-11-20 13:42:26
2025-11-20 13:42:26,523 [INFO] Applying EMA strategy to 2 stocks.
2025-11-20 13:42:38,035 [INFO] Checking trade setups at 2025-11-20 13:42:38
2025-11-20 13:42:38,035 [INFO] Applying EMA strategy to 2 stocks.
2025-11-20 13:42:49,875 [INFO] Checking trade setups at 2025-11-20 13:42:49
2025-11-20 13:42:49,875 [INFO] Applying EMA strategy to 2 stocks.
2025-11-20 13:43:02,360 [INFO] Checking trade setups at 2025-11-20 13:43:02
2025-11-20 13:43:02,360 [INFO] Applying EMA strategy to 2 stocks.
2025-11-20 13:43:13,639 [INFO] Checking trade setups at 2025-11-20 13:43:13
2025-11-20 13:43:13,639 [INFO] Applying EMA strategy to 2 stocks.
2025-11-20 13:43:25,317 [INFO] Checking trade setups at 2025-11-20 13:43:25
2025-11-20 13:43:25,317 [INFO] Applying EMA strategy to 2 stocks.
2025-11-20 13:43:37,200 [INFO] Checking trade setups at 2025-11-20 13:43:37
2025-11-20 13:43:37,200 [INFO] Applying EMA strategy to 2 stocks.
2025-11-20 13:43:48,849 [INFO] Checking trade setups at 2025-11-20 13:43:48
2025-11-20 13:43:48,850 [INFO] Applying EMA strategy to 2 stocks.
2025-11-20 13:44:00,066 [INFO] Checking trade setups at 2025-11-20 13:44:00
2025-11-20 13:44:00,067 [INFO] Applying EMA strategy to 2 stocks.
2025-11-20 13:44:11,796 [INFO] Checking trade setups at 2025-11-20 13:44:11
2025-11-20 13:44:11,796 [INFO] Applying EMA strategy to 2 stocks.
2025-11-20 13:44:23,888 [INFO] Checking trade setups at 2025-11-20 13:44:23
2025-11-20 13:44:23,888 [INFO] Applying EMA strategy to 2 stocks.
2025-11-20 13:44:35,498 [INFO] Checking trade setups at 2025-11-20 13:44:35
2025-11-20 13:44:35,498 [INFO] Applying EMA strategy to 2 stocks.
2025-11-20 13:44:46,936 [INFO] Checking trade setups at 2025-11-20 13:44:46
2025-11-20 13:44:46,937 [INFO] Applying EMA strategy to 2 stocks.
2025-11-20 13:44:58,866 [INFO] Checking trade setups at 2025-11-20 13:44:58
2025-11-20 13:44:58,868 [INFO] Applying EMA strategy to 2 stocks.
2025-11-20 13:45:11,511 [INFO] Checking trade setups at 2025-11-20 13:45:11
2025-11-20 13:45:11,514 [INFO] Applying EMA strategy to 2 stocks.
2025-11-20 13:45:22,948 [INFO] Checking trade setups at 2025-11-20 13:45:22
2025-11-20 13:45:22,949 [INFO] Applying EMA strategy to 2 stocks.
2025-11-20 13:45:34,545 [INFO] Checking trade setups at 2025-11-20 13:45:34
2025-11-20 13:45:34,546 [INFO] Applying EMA strategy to 2 stocks.
2025-11-20 13:45:46,978 [INFO] Checking trade setups at 2025-11-20 13:45:46
2025-11-20 13:45:46,979 [INFO] Applying EMA strategy to 2 stocks.
2025-11-20 13:45:59,057 [INFO] Checking trade setups at 2025-11-20 13:45:59
2025-11-20 13:45:59,057 [INFO] Applying EMA strategy to 2 stocks.
2025-11-20 13:46:10,999 [INFO] Checking trade setups at 2025-11-20 13:46:10
2025-11-20 13:46:10,999 [INFO] Applying EMA strategy to 2 stocks.
2025-11-20 13:46:23,175 [INFO] Checking trade setups at 2025-11-20 13:46:23
2025-11-20 13:46:23,175 [INFO] Applying EMA strategy to 2 stocks.
2025-11-20 13:46:35,335 [INFO] Checking trade setups at 2025-11-20 13:46:35
2025-11-20 13:46:35,336 [INFO] Applying EMA strategy to 2 stocks.
2025-11-20 13:46:47,524 [INFO] Checking trade setups at 2025-11-20 13:46:47
2025-11-20 13:46:47,524 [INFO] Applying EMA strategy to 2 stocks.
2025-11-20 13:46:58,933 [INFO] Checking trade setups at 2025-11-20 13:46:58
2025-11-20 13:46:58,934 [INFO] Applying EMA strategy to 2 stocks.
2025-11-20 13:47:10,786 [INFO] Checking trade setups at 2025-11-20 13:47:10
2025-11-20 13:47:10,786 [INFO] Applying EMA strategy to 2 stocks.
2025-11-20 13:47:22,471 [INFO] Checking trade setups at 2025-11-20 13:47:22
2025-11-20 13:47:22,471 [INFO] Applying EMA strategy to 2 stocks.
2025-11-20 13:47:36,103 [INFO] Checking trade setups at 2025-11-20 13:47:36
2025-11-20 13:47:36,105 [INFO] Applying EMA strategy to 2 stocks.
2025-11-20 13:47:47,744 [INFO] Checking trade setups at 2025-11-20 13:47:47
2025-11-20 13:47:47,745 [INFO] Applying EMA strategy to 2 stocks.
2025-11-20 13:47:59,700 [INFO] Checking trade setups at 2025-11-20 13:47:59
2025-11-20 13:47:59,701 [INFO] Applying EMA strategy to 2 stocks.
2025-11-20 13:48:11,537 [INFO] Checking trade setups at 2025-11-20 13:48:11
2025-11-20 13:48:11,538 [INFO] Applying EMA strategy to 2 stocks.
2025-11-20 13:48:22,993 [INFO] Checking trade setups at 2025-11-20 13:48:22
2025-11-20 13:48:22,995 [INFO] Applying EMA strategy to 2 stocks.
2025-11-20 13:48:34,722 [INFO] Checking trade setups at 2025-11-20 13:48:34
2025-11-20 13:48:34,723 [INFO] Applying EMA strategy to 2 stocks.
2025-11-20 13:48:47,153 [INFO] Checking trade setups at 2025-11-20 13:48:47
2025-11-20 13:48:47,153 [INFO] Applying EMA strategy to 2 stocks.
2025-11-20 13:48:58,835 [INFO] Checking trade setups at 2025-11-20 13:48:58
2025-11-20 13:48:58,835 [INFO] Applying EMA strategy to 2 stocks.
2025-11-20 13:49:10,515 [INFO] Checking trade setups at 2025-11-20 13:49:10
2025-11-20 13:49:10,515 [INFO] Applying EMA strategy to 2 stocks.
2025-11-20 13:49:22,106 [INFO] Checking trade setups at 2025-11-20 13:49:22
2025-11-20 13:49:22,106 [INFO] Applying EMA strategy to 2 stocks.
2025-11-20 13:49:34,054 [INFO] Checking trade setups at 2025-11-20 13:49:34
2025-11-20 13:49:34,054 [INFO] Applying EMA strategy to 2 stocks.
2025-11-20 13:49:45,901 [INFO] Checking trade setups at 2025-11-20 13:49:45
2025-11-20 13:49:45,901 [INFO] Applying EMA strategy to 2 stocks.
2025-11-20 13:49:57,714 [INFO] Checking trade setups at 2025-11-20 13:49:57
2025-11-20 13:49:57,715 [INFO] Applying EMA strategy to 2 stocks.
2025-11-20 13:50:09,921 [INFO] Checking trade setups at 2025-11-20 13:50:09
2025-11-20 13:50:09,922 [INFO] Applying EMA strategy to 2 stocks.
2025-11-20 13:50:21,858 [INFO] Checking trade setups at 2025-11-20 13:50:21
2025-11-20 13:50:21,859 [INFO] Applying EMA strategy to 2 stocks.
2025-11-20 13:50:33,251 [INFO] Checking trade setups at 2025-11-20 13:50:33
2025-11-20 13:50:33,251 [INFO] Applying EMA strategy to 2 stocks.
2025-11-20 13:50:44,962 [INFO] Checking trade setups at 2025-11-20 13:50:44
2025-11-20 13:50:44,962 [INFO] Applying EMA strategy to 2 stocks.
2025-11-20 13:50:56,499 [INFO] Checking trade setups at 2025-11-20 13:50:56
2025-11-20 13:50:56,500 [INFO] Applying EMA strategy to 2 stocks.
2025-11-20 13:51:07,874 [INFO] Checking trade setups at 2025-11-20 13:51:07
2025-11-20 13:51:07,875 [INFO] Applying EMA strategy to 2 stocks.
2025-11-20 13:51:19,199 [INFO] Checking trade setups at 2025-11-20 13:51:19
2025-11-20 13:51:19,199 [INFO] Applying EMA strategy to 2 stocks.
2025-11-20 13:51:30,808 [INFO] Checking trade setups at 2025-11-20 13:51:30
2025-11-20 13:51:30,809 [INFO] Applying EMA strategy to 2 stocks.
2025-11-20 13:51:42,180 [INFO] Checking trade setups at 2025-11-20 13:51:42
2025-11-20 13:51:42,180 [INFO] Applying EMA strategy to 2 stocks.
2025-11-20 13:51:53,543 [INFO] Checking trade setups at 2025-11-20 13:51:53
2025-11-20 13:51:53,544 [INFO] Applying EMA strategy to 2 stocks.
2025-11-20 13:52:05,510 [INFO] Checking trade setups at 2025-11-20 13:52:05
2025-11-20 13:52:05,510 [INFO] Applying EMA strategy to 2 stocks.
2025-11-20 13:52:17,162 [INFO] Checking trade setups at 2025-11-20 13:52:17
2025-11-20 13:52:17,163 [INFO] Applying EMA strategy to 2 stocks.
2025-11-20 13:52:28,654 [INFO] Checking trade setups at 2025-11-20 13:52:28
2025-11-20 13:52:28,655 [INFO] Applying EMA strategy to 2 stocks.
2025-11-20 13:52:40,088 [INFO] Checking trade setups at 2025-11-20 13:52:40
2025-11-20 13:52:40,089 [INFO] Applying EMA strategy to 2 stocks.
2025-11-20 13:52:52,311 [INFO] Checking trade setups at 2025-11-20 13:52:52
2025-11-20 13:52:52,311 [INFO] Applying EMA strategy to 2 stocks.
2025-11-20 13:53:03,953 [INFO] Checking trade setups at 2025-11-20 13:53:03
2025-11-20 13:53:03,954 [INFO] Applying EMA strategy to 2 stocks.
2025-11-20 13:53:16,197 [INFO] Checking trade setups at 2025-11-20 13:53:16
2025-11-20 13:53:16,198 [INFO] Applying EMA strategy to 2 stocks.
2025-11-20 13:53:27,753 [INFO] Checking trade setups at 2025-11-20 13:53:27
2025-11-20 13:53:27,754 [INFO] Applying EMA strategy to 2 stocks.
2025-11-20 13:53:39,736 [INFO] Checking trade setups at 2025-11-20 13:53:39
2025-11-20 13:53:39,736 [INFO] Applying EMA strategy to 2 stocks.
2025-11-20 13:53:51,462 [INFO] Checking trade setups at 2025-11-20 13:53:51
2025-11-20 13:53:51,463 [INFO] Applying EMA strategy to 2 stocks.
2025-11-20 13:54:03,798 [INFO] Checking trade setups at 2025-11-20 13:54:03
2025-11-20 13:54:03,798 [INFO] Applying EMA strategy to 2 stocks.
2025-11-20 13:54:15,807 [INFO] Checking trade setups at 2025-11-20 13:54:15
2025-11-20 13:54:15,807 [INFO] Applying EMA strategy to 2 stocks.
2025-11-20 13:54:27,638 [INFO] Checking trade setups at 2025-11-20 13:54:27
2025-11-20 13:54:27,638 [INFO] Applying EMA strategy to 2 stocks.
2025-11-20 13:54:39,888 [INFO] Checking trade setups at 2025-11-20 13:54:39
2025-11-20 13:54:39,889 [INFO] Applying EMA strategy to 2 stocks.
2025-11-20 13:54:51,932 [INFO] Checking trade setups at 2025-11-20 13:54:51
2025-11-20 13:54:51,933 [INFO] Applying EMA strategy to 2 stocks.
2025-11-20 13:55:04,321 [INFO] Checking trade setups at 2025-11-20 13:55:04
2025-11-20 13:55:04,322 [INFO] Applying EMA strategy to 2 stocks.
2025-11-20 13:55:15,880 [INFO] Checking trade setups at 2025-11-20 13:55:15
2025-11-20 13:55:15,880 [INFO] Applying EMA strategy to 2 stocks.
2025-11-20 13:55:27,866 [INFO] Checking trade setups at 2025-11-20 13:55:27
2025-11-20 13:55:27,867 [INFO] Applying EMA strategy to 2 stocks.
2025-11-20 13:55:39,843 [INFO] Checking trade setups at 2025-11-20 13:55:39
2025-11-20 13:55:39,843 [INFO] Applying EMA strategy to 2 stocks.
2025-11-20 13:55:51,975 [INFO] Checking trade setups at 2025-11-20 13:55:51
2025-11-20 13:55:51,976 [INFO] Applying EMA strategy to 2 stocks.
2025-11-20 13:56:03,904 [INFO] Checking trade setups at 2025-11-20 13:56:03
2025-11-20 13:56:03,906 [INFO] Applying EMA strategy to 2 stocks.
2025-11-20 13:56:15,614 [INFO] Checking trade setups at 2025-11-20 13:56:15
2025-11-20 13:56:15,614 [INFO] Applying EMA strategy to 2 stocks.
2025-11-20 13:56:28,160 [INFO] Checking trade setups at 2025-11-20 13:56:28
2025-11-20 13:56:28,160 [INFO] Applying EMA strategy to 2 stocks.
2025-11-20 13:56:40,208 [INFO] Checking trade setups at 2025-11-20 13:56:40
2025-11-20 13:56:40,209 [INFO] Applying EMA strategy to 2 stocks.
2025-11-20 13:56:52,480 [INFO] Checking trade setups at 2025-11-20 13:56:52
2025-11-20 13:56:52,480 [INFO] Applying EMA strategy to 2 stocks.
2025-11-20 13:57:04,017 [INFO] Checking trade setups at 2025-11-20 13:57:04
2025-11-20 13:57:04,018 [INFO] Applying EMA strategy to 2 stocks.
2025-11-20 13:57:15,804 [INFO] Checking trade setups at 2025-11-20 13:57:15
2025-11-20 13:57:15,804 [INFO] Applying EMA strategy to 2 stocks.
2025-11-20 13:57:27,472 [INFO] Checking trade setups at 2025-11-20 13:57:27
2025-11-20 13:57:27,473 [INFO] Applying EMA strategy to 2 stocks.
2025-11-20 13:57:38,911 [INFO] Checking trade setups at 2025-11-20 13:57:38
2025-11-20 13:57:38,911 [INFO] Applying EMA strategy to 2 stocks.
2025-11-20 13:57:51,430 [INFO] Checking trade setups at 2025-11-20 13:57:51
2025-11-20 13:57:51,431 [INFO] Applying EMA strategy to 2 stocks.
2025-11-20 13:58:03,868 [INFO] Checking trade setups at 2025-11-20 13:58:03
2025-11-20 13:58:03,868 [INFO] Applying EMA strategy to 2 stocks.
2025-11-20 13:58:15,462 [INFO] Checking trade setups at 2025-11-20 13:58:15
2025-11-20 13:58:15,463 [INFO] Applying EMA strategy to 2 stocks.
2025-11-20 13:58:27,082 [INFO] Checking trade setups at 2025-11-20 13:58:27
2025-11-20 13:58:27,083 [INFO] Applying EMA strategy to 2 stocks.
2025-11-20 13:58:38,561 [INFO] Checking trade setups at 2025-11-20 13:58:38
2025-11-20 13:58:38,561 [INFO] Applying EMA strategy to 2 stocks.
2025-11-20 13:58:50,217 [INFO] Checking trade setups at 2025-11-20 13:58:50
2025-11-20 13:58:50,218 [INFO] Applying EMA strategy to 2 stocks.
2025-11-20 13:59:01,757 [INFO] Checking trade setups at 2025-11-20 13:59:01
2025-11-20 13:59:01,759 [INFO] Applying EMA strategy to 2 stocks.
2025-11-20 13:59:13,561 [INFO] Checking trade setups at 2025-11-20 13:59:13
2025-11-20 13:59:13,562 [INFO] Applying EMA strategy to 2 stocks.
2025-11-20 13:59:25,135 [INFO] Checking trade setups at 2025-11-20 13:59:25
2025-11-20 13:59:25,135 [INFO] Applying EMA strategy to 2 stocks.
2025-11-20 13:59:36,805 [INFO] Checking trade setups at 2025-11-20 13:59:36
2025-11-20 13:59:36,805 [INFO] Applying EMA strategy to 2 stocks.
2025-11-20 13:59:48,471 [INFO] Checking trade setups at 2025-11-20 13:59:48
2025-11-20 13:59:48,472 [INFO] Applying EMA strategy to 2 stocks.
2025-11-20 14:00:00,201 [INFO] Checking trade setups at 2025-11-20 14:00:00
2025-11-20 14:00:00,201 [INFO] Applying EMA strategy to 2 stocks.
2025-11-20 14:00:12,138 [INFO] Checking trade setups at 2025-11-20 14:00:12
2025-11-20 14:00:12,139 [INFO] Applying EMA strategy to 2 stocks.
2025-11-20 14:00:24,411 [INFO] Checking trade setups at 2025-11-20 14:00:24
2025-11-20 14:00:24,411 [INFO] Applying EMA strategy to 2 stocks.
2025-11-20 14:00:35,789 [INFO] Checking trade setups at 2025-11-20 14:00:35
2025-11-20 14:00:35,789 [INFO] Applying EMA strategy to 2 stocks.
2025-11-20 14:00:47,442 [INFO] Checking trade setups at 2025-11-20 14:00:47
2025-11-20 14:00:47,443 [INFO] Applying EMA strategy to 2 stocks.
2025-11-20 14:00:59,356 [INFO] Checking trade setups at 2025-11-20 14:00:59
2025-11-20 14:00:59,357 [INFO] Applying EMA strategy to 2 stocks.
2025-11-20 14:01:10,928 [INFO] Checking trade setups at 2025-11-20 14:01:10
2025-11-20 14:01:10,929 [INFO] Applying EMA strategy to 2 stocks.
2025-11-20 14:01:23,366 [INFO] Checking trade setups at 2025-11-20 14:01:23
2025-11-20 14:01:23,366 [INFO] Applying EMA strategy to 2 stocks.
2025-11-20 14:01:34,982 [INFO] Checking trade setups at 2025-11-20 14:01:34
2025-11-20 14:01:34,982 [INFO] Applying EMA strategy to 2 stocks.
2025-11-20 14:01:46,676 [INFO] Checking trade setups at 2025-11-20 14:01:46
2025-11-20 14:01:46,676 [INFO] Applying EMA strategy to 2 stocks.
2025-11-20 14:01:58,784 [INFO] Checking trade setups at 2025-11-20 14:01:58
2025-11-20 14:01:58,785 [INFO] Applying EMA strategy to 2 stocks.
2025-11-20 14:02:11,242 [INFO] Checking trade setups at 2025-11-20 14:02:11
2025-11-20 14:02:11,242 [INFO] Applying EMA strategy to 2 stocks.
2025-11-20 14:02:23,208 [INFO] Checking trade setups at 2025-11-20 14:02:23
2025-11-20 14:02:23,209 [INFO] Applying EMA strategy to 2 stocks.
2025-11-20 14:02:35,294 [INFO] Checking trade setups at 2025-11-20 14:02:35
2025-11-20 14:02:35,294 [INFO] Applying EMA strategy to 2 stocks.
2025-11-20 14:02:47,387 [INFO] Checking trade setups at 2025-11-20 14:02:47
2025-11-20 14:02:47,387 [INFO] Applying EMA strategy to 2 stocks.
2025-11-20 14:02:59,166 [INFO] Checking trade setups at 2025-11-20 14:02:59
2025-11-20 14:02:59,167 [INFO] Applying EMA strategy to 2 stocks.
2025-11-20 14:03:11,647 [INFO] Checking trade setups at 2025-11-20 14:03:11
2025-11-20 14:03:11,648 [INFO] Applying EMA strategy to 2 stocks.
2025-11-20 14:03:23,537 [INFO] Checking trade setups at 2025-11-20 14:03:23
2025-11-20 14:03:23,537 [INFO] Applying EMA strategy to 2 stocks.
2025-11-20 14:03:36,239 [INFO] Checking trade setups at 2025-11-20 14:03:36
2025-11-20 14:03:36,239 [INFO] Applying EMA strategy to 2 stocks.
2025-11-20 14:03:48,520 [INFO] Checking trade setups at 2025-11-20 14:03:48
2025-11-20 14:03:48,521 [INFO] Applying EMA strategy to 2 stocks.
2025-11-20 14:04:00,442 [INFO] Checking trade setups at 2025-11-20 14:04:00
2025-11-20 14:04:00,443 [INFO] Applying EMA strategy to 2 stocks.
2025-11-20 14:04:12,888 [INFO] Checking trade setups at 2025-11-20 14:04:12
2025-11-20 14:04:12,888 [INFO] Applying EMA strategy to 2 stocks.
2025-11-20 14:04:24,462 [INFO] Checking trade setups at 2025-11-20 14:04:24
2025-11-20 14:04:24,463 [INFO] Applying EMA strategy to 2 stocks.
2025-11-20 14:04:36,297 [INFO] Checking trade setups at 2025-11-20 14:04:36
2025-11-20 14:04:36,298 [INFO] Applying EMA strategy to 2 stocks.
2025-11-20 14:04:48,161 [INFO] Checking trade setups at 2025-11-20 14:04:48
2025-11-20 14:04:48,161 [INFO] Applying EMA strategy to 2 stocks.
2025-11-20 14:05:00,100 [INFO] Checking trade setups at 2025-11-20 14:05:00
2025-11-20 14:05:00,101 [INFO] Applying EMA strategy to 2 stocks.
2025-11-20 14:05:12,172 [INFO] Checking trade setups at 2025-11-20 14:05:12
2025-11-20 14:05:12,173 [INFO] Applying EMA strategy to 2 stocks.
2025-11-20 14:05:23,635 [INFO] Checking trade setups at 2025-11-20 14:05:23
2025-11-20 14:05:23,636 [INFO] Applying EMA strategy to 2 stocks.
2025-11-20 14:05:35,006 [INFO] Checking trade setups at 2025-11-20 14:05:35
2025-11-20 14:05:35,008 [INFO] Applying EMA strategy to 2 stocks.
2025-11-20 14:05:46,562 [INFO] Checking trade setups at 2025-11-20 14:05:46
2025-11-20 14:05:46,562 [INFO] Applying EMA strategy to 2 stocks.
2025-11-20 14:05:58,570 [INFO] Checking trade setups at 2025-11-20 14:05:58
2025-11-20 14:05:58,570 [INFO] Applying EMA strategy to 2 stocks.
2025-11-20 14:06:10,446 [INFO] Checking trade setups at 2025-11-20 14:06:10
2025-11-20 14:06:10,446 [INFO] Applying EMA strategy to 2 stocks.
2025-11-20 14:06:22,221 [INFO] Checking trade setups at 2025-11-20 14:06:22
2025-11-20 14:06:22,221 [INFO] Applying EMA strategy to 2 stocks.
2025-11-20 14:06:33,868 [INFO] Checking trade setups at 2025-11-20 14:06:33
2025-11-20 14:06:33,869 [INFO] Applying EMA strategy to 2 stocks.
2025-11-20 14:06:46,083 [INFO] Checking trade setups at 2025-11-20 14:06:46
2025-11-20 14:06:46,083 [INFO] Applying EMA strategy to 2 stocks.
2025-11-20 14:06:58,883 [INFO] Checking trade setups at 2025-11-20 14:06:58
2025-11-20 14:06:58,885 [INFO] Applying EMA strategy to 2 stocks.
2025-11-20 14:07:10,394 [INFO] Checking trade setups at 2025-11-20 14:07:10
2025-11-20 14:07:10,394 [INFO] Applying EMA strategy to 2 stocks.
2025-11-20 14:07:22,637 [INFO] Checking trade setups at 2025-11-20 14:07:22
2025-11-20 14:07:22,637 [INFO] Applying EMA strategy to 2 stocks.
2025-11-20 14:07:34,383 [INFO] Checking trade setups at 2025-11-20 14:07:34
2025-11-20 14:07:34,383 [INFO] Applying EMA strategy to 2 stocks.
2025-11-20 14:07:46,622 [INFO] Checking trade setups at 2025-11-20 14:07:46
2025-11-20 14:07:46,623 [INFO] Applying EMA strategy to 2 stocks.
2025-11-20 14:07:58,252 [INFO] Checking trade setups at 2025-11-20 14:07:58
2025-11-20 14:07:58,252 [INFO] Applying EMA strategy to 2 stocks.
2025-11-20 14:08:10,272 [INFO] Checking trade setups at 2025-11-20 14:08:10
2025-11-20 14:08:10,272 [INFO] Applying EMA strategy to 2 stocks.
2025-11-20 14:08:21,585 [INFO] Checking trade setups at 2025-11-20 14:08:21
2025-11-20 14:08:21,585 [INFO] Applying EMA strategy to 2 stocks.
2025-11-20 14:08:33,666 [INFO] Checking trade setups at 2025-11-20 14:08:33
2025-11-20 14:08:33,667 [INFO] Applying EMA strategy to 2 stocks.
2025-11-20 14:08:45,175 [INFO] Checking trade setups at 2025-11-20 14:08:45
2025-11-20 14:08:45,175 [INFO] Applying EMA strategy to 2 stocks.
2025-11-20 14:08:57,162 [INFO] Checking trade setups at 2025-11-20 14:08:57
2025-11-20 14:08:57,163 [INFO] Applying EMA strategy to 2 stocks.
2025-11-20 14:09:08,769 [INFO] Checking trade setups at 2025-11-20 14:09:08
2025-11-20 14:09:08,769 [INFO] Applying EMA strategy to 2 stocks.
2025-11-20 14:09:20,298 [INFO] Checking trade setups at 2025-11-20 14:09:20
2025-11-20 14:09:20,298 [INFO] Applying EMA strategy to 2 stocks.
2025-11-20 14:09:33,086 [INFO] Checking trade setups at 2025-11-20 14:09:33
2025-11-20 14:09:33,086 [INFO] Applying EMA strategy to 2 stocks.
2025-11-20 14:09:44,909 [INFO] Checking trade setups at 2025-11-20 14:09:44
2025-11-20 14:09:44,909 [INFO] Applying EMA strategy to 2 stocks.
2025-11-20 14:09:56,838 [INFO] Checking trade setups at 2025-11-20 14:09:56
2025-11-20 14:09:56,839 [INFO] Applying EMA strategy to 2 stocks.
2025-11-20 14:10:08,639 [INFO] Checking trade setups at 2025-11-20 14:10:08
2025-11-20 14:10:08,641 [INFO] Applying EMA strategy to 2 stocks.
2025-11-20 14:10:20,924 [INFO] Checking trade setups at 2025-11-20 14:10:20
2025-11-20 14:10:20,924 [INFO] Applying EMA strategy to 2 stocks.
2025-11-20 14:10:32,701 [INFO] Checking trade setups at 2025-11-20 14:10:32
2025-11-20 14:10:32,702 [INFO] Applying EMA strategy to 2 stocks.
2025-11-20 14:10:44,483 [INFO] Checking trade setups at 2025-11-20 14:10:44
2025-11-20 14:10:44,483 [INFO] Applying EMA strategy to 2 stocks.
2025-11-20 14:10:56,413 [INFO] Checking trade setups at 2025-11-20 14:10:56
2025-11-20 14:10:56,414 [INFO] Applying EMA strategy to 2 stocks.
2025-11-20 14:11:08,427 [INFO] Checking trade setups at 2025-11-20 14:11:08
2025-11-20 14:11:08,428 [INFO] Applying EMA strategy to 2 stocks.
2025-11-20 14:11:20,899 [INFO] Checking trade setups at 2025-11-20 14:11:20
2025-11-20 14:11:20,902 [INFO] Applying EMA strategy to 2 stocks.
2025-11-20 14:11:32,923 [INFO] Checking trade setups at 2025-11-20 14:11:32
2025-11-20 14:11:32,924 [INFO] Applying EMA strategy to 2 stocks.
2025-11-20 14:11:44,613 [INFO] Checking trade setups at 2025-11-20 14:11:44
2025-11-20 14:11:44,613 [INFO] Applying EMA strategy to 2 stocks.
2025-11-20 14:11:56,536 [INFO] Checking trade setups at 2025-11-20 14:11:56
2025-11-20 14:11:56,536 [INFO] Applying EMA strategy to 2 stocks.
2025-11-20 14:12:08,567 [INFO] Checking trade setups at 2025-11-20 14:12:08
2025-11-20 14:12:08,568 [INFO] Applying EMA strategy to 2 stocks.
2025-11-20 14:12:20,225 [INFO] Checking trade setups at 2025-11-20 14:12:20
2025-11-20 14:12:20,225 [INFO] Applying EMA strategy to 2 stocks.
2025-11-20 14:12:31,631 [INFO] Checking trade setups at 2025-11-20 14:12:31
2025-11-20 14:12:31,632 [INFO] Applying EMA strategy to 2 stocks.
2025-11-20 14:12:43,166 [INFO] Checking trade setups at 2025-11-20 14:12:43
2025-11-20 14:12:43,168 [INFO] Applying EMA strategy to 2 stocks.
2025-11-20 14:12:55,176 [INFO] Checking trade setups at 2025-11-20 14:12:55
2025-11-20 14:12:55,177 [INFO] Applying EMA strategy to 2 stocks.
2025-11-20 14:13:07,130 [INFO] Checking trade setups at 2025-11-20 14:13:07
2025-11-20 14:13:07,130 [INFO] Applying EMA strategy to 2 stocks.
2025-11-20 14:13:18,695 [INFO] Checking trade setups at 2025-11-20 14:13:18
2025-11-20 14:13:18,696 [INFO] Applying EMA strategy to 2 stocks.
2025-11-20 14:13:30,777 [INFO] Checking trade setups at 2025-11-20 14:13:30
2025-11-20 14:13:30,777 [INFO] Applying EMA strategy to 2 stocks.
2025-11-20 14:13:42,463 [INFO] Checking trade setups at 2025-11-20 14:13:42
2025-11-20 14:13:42,463 [INFO] Applying EMA strategy to 2 stocks.
2025-11-20 14:13:54,245 [INFO] Checking trade setups at 2025-11-20 14:13:54
2025-11-20 14:13:54,247 [INFO] Applying EMA strategy to 2 stocks.
2025-11-20 14:14:05,817 [INFO] Checking trade setups at 2025-11-20 14:14:05
2025-11-20 14:14:05,817 [INFO] Applying EMA strategy to 2 stocks.
2025-11-20 14:14:17,481 [INFO] Checking trade setups at 2025-11-20 14:14:17
2025-11-20 14:14:17,481 [INFO] Applying EMA strategy to 2 stocks.
2025-11-20 14:14:29,050 [INFO] Checking trade setups at 2025-11-20 14:14:29
2025-11-20 14:14:29,051 [INFO] Applying EMA strategy to 2 stocks.
2025-11-20 14:14:40,827 [INFO] Checking trade setups at 2025-11-20 14:14:40
2025-11-20 14:14:40,828 [INFO] Applying EMA strategy to 2 stocks.
2025-11-20 14:14:52,395 [INFO] Checking trade setups at 2025-11-20 14:14:52
2025-11-20 14:14:52,395 [INFO] Applying EMA strategy to 2 stocks.
2025-11-20 14:15:03,760 [INFO] Checking trade setups at 2025-11-20 14:15:03
2025-11-20 14:15:03,761 [INFO] Applying EMA strategy to 2 stocks.
2025-11-20 14:15:15,845 [INFO] Checking trade setups at 2025-11-20 14:15:15
2025-11-20 14:15:15,845 [INFO] Applying EMA strategy to 2 stocks.
2025-11-20 14:15:27,214 [INFO] Checking trade setups at 2025-11-20 14:15:27
2025-11-20 14:15:27,215 [INFO] Applying EMA strategy to 2 stocks.
2025-11-20 14:15:38,987 [INFO] Checking trade setups at 2025-11-20 14:15:38
2025-11-20 14:15:38,987 [INFO] Applying EMA strategy to 2 stocks.
2025-11-20 14:15:51,061 [INFO] Checking trade setups at 2025-11-20 14:15:51
2025-11-20 14:15:51,062 [INFO] Applying EMA strategy to 2 stocks.
2025-11-20 14:16:02,448 [INFO] Checking trade setups at 2025-11-20 14:16:02
2025-11-20 14:16:02,449 [INFO] Applying EMA strategy to 2 stocks.
2025-11-20 14:16:13,858 [INFO] Checking trade setups at 2025-11-20 14:16:13
2025-11-20 14:16:13,858 [INFO] Applying EMA strategy to 2 stocks.
2025-11-20 14:16:25,388 [INFO] Checking trade setups at 2025-11-20 14:16:25
2025-11-20 14:16:25,389 [INFO] Applying EMA strategy to 2 stocks.
2025-11-20 14:16:37,061 [INFO] Checking trade setups at 2025-11-20 14:16:37
2025-11-20 14:16:37,062 [INFO] Applying EMA strategy to 2 stocks.
2025-11-20 14:16:48,733 [INFO] Checking trade setups at 2025-11-20 14:16:48
2025-11-20 14:16:48,733 [INFO] Applying EMA strategy to 2 stocks.
2025-11-20 14:17:00,776 [INFO] Checking trade setups at 2025-11-20 14:17:00
2025-11-20 14:17:00,776 [INFO] Applying EMA strategy to 2 stocks.
2025-11-20 14:17:12,895 [INFO] Checking trade setups at 2025-11-20 14:17:12
2025-11-20 14:17:12,895 [INFO] Applying EMA strategy to 2 stocks.
2025-11-20 14:17:24,634 [INFO] Checking trade setups at 2025-11-20 14:17:24
2025-11-20 14:17:24,635 [INFO] Applying EMA strategy to 2 stocks.
2025-11-20 14:17:36,307 [INFO] Checking trade setups at 2025-11-20 14:17:36
2025-11-20 14:17:36,308 [INFO] Applying EMA strategy to 2 stocks.
2025-11-20 14:17:47,619 [INFO] Checking trade setups at 2025-11-20 14:17:47
2025-11-20 14:17:47,620 [INFO] Applying EMA strategy to 2 stocks.
2025-11-20 14:17:59,090 [INFO] Checking trade setups at 2025-11-20 14:17:59
2025-11-20 14:17:59,090 [INFO] Applying EMA strategy to 2 stocks.
2025-11-20 14:18:10,666 [INFO] Checking trade setups at 2025-11-20 14:18:10
2025-11-20 14:18:10,666 [INFO] Applying EMA strategy to 2 stocks.
2025-11-20 14:18:22,233 [INFO] Checking trade setups at 2025-11-20 14:18:22
2025-11-20 14:18:22,233 [INFO] Applying EMA strategy to 2 stocks.
2025-11-20 14:18:33,603 [INFO] Checking trade setups at 2025-11-20 14:18:33
2025-11-20 14:18:33,604 [INFO] Applying EMA strategy to 2 stocks.
2025-11-20 14:18:45,574 [INFO] Checking trade setups at 2025-11-20 14:18:45
2025-11-20 14:18:45,575 [INFO] Applying EMA strategy to 2 stocks.
2025-11-20 14:18:57,484 [INFO] Checking trade setups at 2025-11-20 14:18:57
2025-11-20 14:18:57,485 [INFO] Applying EMA strategy to 2 stocks.
2025-11-20 14:19:08,818 [INFO] Checking trade setups at 2025-11-20 14:19:08
2025-11-20 14:19:08,820 [INFO] Applying EMA strategy to 2 stocks.
2025-11-20 14:19:21,103 [INFO] Checking trade setups at 2025-11-20 14:19:21
2025-11-20 14:19:21,103 [INFO] Applying EMA strategy to 2 stocks.
2025-11-20 14:19:34,183 [INFO] Checking trade setups at 2025-11-20 14:19:34
2025-11-20 14:19:34,183 [INFO] Applying EMA strategy to 2 stocks.
2025-11-20 14:19:45,859 [INFO] Checking trade setups at 2025-11-20 14:19:45
2025-11-20 14:19:45,860 [INFO] Applying EMA strategy to 2 stocks.
2025-11-20 14:20:04,514 [INFO] Checking trade setups at 2025-11-20 14:20:04
2025-11-20 14:20:04,515 [INFO] Applying EMA strategy to 2 stocks.
2025-11-20 14:20:20,536 [INFO] Checking trade setups at 2025-11-20 14:20:20
2025-11-20 14:20:20,536 [INFO] Applying EMA strategy to 2 stocks.
2025-11-20 14:20:32,585 [INFO] Checking trade setups at 2025-11-20 14:20:32
2025-11-20 14:20:32,585 [INFO] Applying EMA strategy to 2 stocks.
2025-11-20 14:20:44,084 [INFO] Checking trade setups at 2025-11-20 14:20:44
2025-11-20 14:20:44,086 [INFO] Applying EMA strategy to 2 stocks.
2025-11-20 14:20:55,955 [INFO] Checking trade setups at 2025-11-20 14:20:55
2025-11-20 14:20:55,955 [INFO] Applying EMA strategy to 2 stocks.
2025-11-20 14:21:07,559 [INFO] Checking trade setups at 2025-11-20 14:21:07
2025-11-20 14:21:07,559 [INFO] Applying EMA strategy to 2 stocks.
2025-11-20 14:21:19,490 [INFO] Checking trade setups at 2025-11-20 14:21:19
2025-11-20 14:21:19,492 [INFO] Applying EMA strategy to 2 stocks.
2025-11-20 14:21:33,572 [INFO] Checking trade setups at 2025-11-20 14:21:33
2025-11-20 14:21:33,573 [INFO] Applying EMA strategy to 2 stocks.
2025-11-20 14:21:45,952 [INFO] Checking trade setups at 2025-11-20 14:21:45
2025-11-20 14:21:45,953 [INFO] Applying EMA strategy to 2 stocks.
2025-11-20 14:21:57,592 [INFO] Checking trade setups at 2025-11-20 14:21:57
2025-11-20 14:21:57,592 [INFO] Applying EMA strategy to 2 stocks.
2025-11-20 14:22:10,167 [INFO] Checking trade setups at 2025-11-20 14:22:10
2025-11-20 14:22:10,167 [INFO] Applying EMA strategy to 2 stocks.
2025-11-20 14:22:21,603 [INFO] Checking trade setups at 2025-11-20 14:22:21
2025-11-20 14:22:21,605 [INFO] Applying EMA strategy to 2 stocks.
2025-11-20 14:22:34,708 [INFO] Checking trade setups at 2025-11-20 14:22:34
2025-11-20 14:22:34,710 [INFO] Applying EMA strategy to 2 stocks.
2025-11-20 14:22:46,199 [INFO] Checking trade setups at 2025-11-20 14:22:46
2025-11-20 14:22:46,199 [INFO] Applying EMA strategy to 2 stocks.
2025-11-20 14:22:57,625 [INFO] Checking trade setups at 2025-11-20 14:22:57
2025-11-20 14:22:57,626 [INFO] Applying EMA strategy to 2 stocks.
2025-11-20 14:23:09,431 [INFO] Checking trade setups at 2025-11-20 14:23:09
2025-11-20 14:23:09,431 [INFO] Applying EMA strategy to 2 stocks.
2025-11-20 14:23:21,364 [INFO] Checking trade setups at 2025-11-20 14:23:21
2025-11-20 14:23:21,365 [INFO] Applying EMA strategy to 2 stocks.
2025-11-20 14:23:33,749 [INFO] Checking trade setups at 2025-11-20 14:23:33
2025-11-20 14:23:33,749 [INFO] Applying EMA strategy to 2 stocks.
2025-11-20 14:23:45,326 [INFO] Checking trade setups at 2025-11-20 14:23:45
2025-11-20 14:23:45,328 [INFO] Applying EMA strategy to 2 stocks.
2025-11-20 14:23:57,385 [INFO] Checking trade setups at 2025-11-20 14:23:57
2025-11-20 14:23:57,385 [INFO] Applying EMA strategy to 2 stocks.
2025-11-20 14:24:09,030 [INFO] Checking trade setups at 2025-11-20 14:24:09
2025-11-20 14:24:09,031 [INFO] Applying EMA strategy to 2 stocks.
2025-11-20 14:24:21,748 [INFO] Checking trade setups at 2025-11-20 14:24:21
2025-11-20 14:24:21,749 [INFO] Applying EMA strategy to 2 stocks.
2025-11-20 14:24:34,380 [INFO] Checking trade setups at 2025-11-20 14:24:34
2025-11-20 14:24:34,381 [INFO] Applying EMA strategy to 2 stocks.
2025-11-20 14:24:46,145 [INFO] Checking trade setups at 2025-11-20 14:24:46
2025-11-20 14:24:46,145 [INFO] Applying EMA strategy to 2 stocks.
2025-11-20 14:24:59,152 [INFO] Checking trade setups at 2025-11-20 14:24:59
2025-11-20 14:24:59,153 [INFO] Applying EMA strategy to 2 stocks.
2025-11-20 14:25:11,039 [INFO] Checking trade setups at 2025-11-20 14:25:11
2025-11-20 14:25:11,039 [INFO] Applying EMA strategy to 2 stocks.
2025-11-20 14:25:22,712 [INFO] Checking trade setups at 2025-11-20 14:25:22
2025-11-20 14:25:22,712 [INFO] Applying EMA strategy to 2 stocks.
2025-11-20 14:25:34,692 [INFO] Checking trade setups at 2025-11-20 14:25:34
2025-11-20 14:25:34,692 [INFO] Applying EMA strategy to 2 stocks.
2025-11-20 14:25:46,366 [INFO] Checking trade setups at 2025-11-20 14:25:46
2025-11-20 14:25:46,366 [INFO] Applying EMA strategy to 2 stocks.
2025-11-20 14:25:48,193 [INFO] Executing trade for NSE:NBCC-EQ: {'timestamp': '2025-11-20 14:25', 'action': 'SELL', 'entry_price': 116.37, 'stop_loss': 116.53, 'target': 115.89000000000001}
2025-11-20 14:25:48,194 [INFO] after SL after filtering the final SL:0.51, final_target:114.84, qty:196
2025-11-20 14:25:48,205 [INFO] NSE:NBCC-EQ already traded today. Skipping.
2025-11-20 14:25:59,048 [INFO] Checking trade setups at 2025-11-20 14:25:59
2025-11-20 14:25:59,048 [INFO] Applying EMA strategy to 2 stocks.
2025-11-20 14:26:10,625 [INFO] Checking trade setups at 2025-11-20 14:26:10
2025-11-20 14:26:10,626 [INFO] Applying EMA strategy to 2 stocks.
2025-11-20 14:26:22,240 [INFO] Checking trade setups at 2025-11-20 14:26:22
2025-11-20 14:26:22,240 [INFO] Applying EMA strategy to 2 stocks.
2025-11-20 14:26:33,857 [INFO] Checking trade setups at 2025-11-20 14:26:33
2025-11-20 14:26:33,858 [INFO] Applying EMA strategy to 2 stocks.
2025-11-20 14:26:46,155 [INFO] Checking trade setups at 2025-11-20 14:26:46
2025-11-20 14:26:46,157 [INFO] Applying EMA strategy to 2 stocks.
2025-11-20 14:26:58,422 [INFO] Checking trade setups at 2025-11-20 14:26:58
2025-11-20 14:26:58,423 [INFO] Applying EMA strategy to 2 stocks.
2025-11-20 14:27:10,120 [INFO] Checking trade setups at 2025-11-20 14:27:10
2025-11-20 14:27:10,120 [INFO] Applying EMA strategy to 2 stocks.
2025-11-20 14:27:21,534 [INFO] Checking trade setups at 2025-11-20 14:27:21
2025-11-20 14:27:21,535 [INFO] Applying EMA strategy to 2 stocks.
2025-11-20 14:27:33,690 [INFO] Checking trade setups at 2025-11-20 14:27:33
2025-11-20 14:27:33,691 [INFO] Applying EMA strategy to 2 stocks.
2025-11-20 14:27:45,453 [INFO] Checking trade setups at 2025-11-20 14:27:45
2025-11-20 14:27:45,457 [INFO] Applying EMA strategy to 2 stocks.
2025-11-20 14:27:57,015 [INFO] Checking trade setups at 2025-11-20 14:27:57
2025-11-20 14:27:57,015 [INFO] Applying EMA strategy to 2 stocks.
2025-11-20 14:28:10,122 [INFO] Checking trade setups at 2025-11-20 14:28:10
2025-11-20 14:28:10,124 [INFO] Applying EMA strategy to 2 stocks.
2025-11-20 14:28:22,615 [INFO] Checking trade setups at 2025-11-20 14:28:22
2025-11-20 14:28:22,616 [INFO] Applying EMA strategy to 2 stocks.
2025-11-20 14:28:34,688 [INFO] Checking trade setups at 2025-11-20 14:28:34
2025-11-20 14:28:34,688 [INFO] Applying EMA strategy to 2 stocks.
2025-11-20 14:28:47,293 [INFO] Checking trade setups at 2025-11-20 14:28:47
2025-11-20 14:28:47,294 [INFO] Applying EMA strategy to 2 stocks.
2025-11-20 14:28:59,581 [INFO] Checking trade setups at 2025-11-20 14:28:59
2025-11-20 14:28:59,581 [INFO] Applying EMA strategy to 2 stocks.
2025-11-20 14:29:11,713 [INFO] Checking trade setups at 2025-11-20 14:29:11
2025-11-20 14:29:11,714 [INFO] Applying EMA strategy to 2 stocks.
2025-11-20 14:29:23,730 [INFO] Checking trade setups at 2025-11-20 14:29:23
2025-11-20 14:29:23,730 [INFO] Applying EMA strategy to 2 stocks.
2025-11-20 14:29:36,138 [INFO] Checking trade setups at 2025-11-20 14:29:36
2025-11-20 14:29:36,139 [INFO] Applying EMA strategy to 2 stocks.
2025-11-20 14:29:48,378 [INFO] Checking trade setups at 2025-11-20 14:29:48
2025-11-20 14:29:48,379 [INFO] Applying EMA strategy to 2 stocks.
2025-11-20 14:30:00,608 [INFO] Checking trade setups at 2025-11-20 14:30:00
2025-11-20 14:30:00,608 [INFO] Applying EMA strategy to 2 stocks.
2025-11-20 14:30:12,603 [INFO] Checking trade setups at 2025-11-20 14:30:12
2025-11-20 14:30:12,604 [INFO] Applying EMA strategy to 2 stocks.
2025-11-20 14:30:24,779 [INFO] Checking trade setups at 2025-11-20 14:30:24
2025-11-20 14:30:24,779 [INFO] Applying EMA strategy to 2 stocks.
2025-11-20 14:30:37,977 [INFO] Checking trade setups at 2025-11-20 14:30:37
2025-11-20 14:30:37,977 [INFO] Applying EMA strategy to 2 stocks.
2025-11-20 14:30:50,598 [INFO] Checking trade setups at 2025-11-20 14:30:50
2025-11-20 14:30:50,599 [INFO] Applying EMA strategy to 2 stocks.
2025-11-20 14:31:02,855 [INFO] Checking trade setups at 2025-11-20 14:31:02
2025-11-20 14:31:02,856 [INFO] Applying EMA strategy to 2 stocks.
2025-11-20 14:31:15,278 [INFO] Checking trade setups at 2025-11-20 14:31:15
2025-11-20 14:31:15,278 [INFO] Applying EMA strategy to 2 stocks.
2025-11-20 14:31:27,566 [INFO] Checking trade setups at 2025-11-20 14:31:27
2025-11-20 14:31:27,566 [INFO] Applying EMA strategy to 2 stocks.
2025-11-20 14:31:39,985 [INFO] Checking trade setups at 2025-11-20 14:31:39
2025-11-20 14:31:39,986 [INFO] Applying EMA strategy to 2 stocks.
2025-11-20 14:31:52,349 [INFO] Checking trade setups at 2025-11-20 14:31:52
2025-11-20 14:31:52,350 [INFO] Applying EMA strategy to 2 stocks.
2025-11-20 14:32:04,937 [INFO] Checking trade setups at 2025-11-20 14:32:04
2025-11-20 14:32:04,937 [INFO] Applying EMA strategy to 2 stocks.
2025-11-20 14:32:17,127 [INFO] Checking trade setups at 2025-11-20 14:32:17
2025-11-20 14:32:17,128 [INFO] Applying EMA strategy to 2 stocks.
2025-11-20 14:32:28,965 [INFO] Checking trade setups at 2025-11-20 14:32:28
2025-11-20 14:32:28,966 [INFO] Applying EMA strategy to 2 stocks.
2025-11-20 14:32:41,905 [INFO] Checking trade setups at 2025-11-20 14:32:41
2025-11-20 14:32:41,905 [INFO] Applying EMA strategy to 2 stocks.
2025-11-20 14:32:54,225 [INFO] Checking trade setups at 2025-11-20 14:32:54
2025-11-20 14:32:54,226 [INFO] Applying EMA strategy to 2 stocks.
2025-11-20 14:33:06,033 [INFO] Checking trade setups at 2025-11-20 14:33:06
2025-11-20 14:33:06,034 [INFO] Applying EMA strategy to 2 stocks.
2025-11-20 14:33:18,068 [INFO] Checking trade setups at 2025-11-20 14:33:18
2025-11-20 14:33:18,069 [INFO] Applying EMA strategy to 2 stocks.
2025-11-20 14:33:29,941 [INFO] Checking trade setups at 2025-11-20 14:33:29
2025-11-20 14:33:29,941 [INFO] Applying EMA strategy to 2 stocks.
2025-11-20 14:33:41,559 [INFO] Checking trade setups at 2025-11-20 14:33:41
2025-11-20 14:33:41,560 [INFO] Applying EMA strategy to 2 stocks.
2025-11-20 14:34:09,644 [INFO] Checking trade setups at 2025-11-20 14:34:09
2025-11-20 14:34:09,644 [INFO] Applying EMA strategy to 2 stocks.
2025-11-20 14:34:25,995 [INFO] Checking trade setups at 2025-11-20 14:34:25
2025-11-20 14:34:25,995 [INFO] Applying EMA strategy to 2 stocks.
2025-11-20 14:34:40,222 [INFO] Checking trade setups at 2025-11-20 14:34:40
2025-11-20 14:34:40,223 [INFO] Applying EMA strategy to 2 stocks.
2025-11-20 14:34:54,843 [INFO] Checking trade setups at 2025-11-20 14:34:54
2025-11-20 14:34:54,844 [INFO] Applying EMA strategy to 2 stocks.
2025-11-20 14:35:07,344 [INFO] Checking trade setups at 2025-11-20 14:35:07
2025-11-20 14:35:07,345 [INFO] Applying EMA strategy to 2 stocks.
2025-11-20 14:35:24,919 [INFO] Checking trade setups at 2025-11-20 14:35:24
2025-11-20 14:35:24,919 [INFO] Applying EMA strategy to 2 stocks.
2025-11-20 14:35:36,868 [INFO] Checking trade setups at 2025-11-20 14:35:36
2025-11-20 14:35:36,869 [INFO] Applying EMA strategy to 2 stocks.
2025-11-20 14:35:48,666 [INFO] Checking trade setups at 2025-11-20 14:35:48
2025-11-20 14:35:48,667 [INFO] Applying EMA strategy to 2 stocks.
2025-11-20 14:36:00,546 [INFO] Checking trade setups at 2025-11-20 14:36:00
2025-11-20 14:36:00,547 [INFO] Applying EMA strategy to 2 stocks.
2025-11-20 14:36:12,040 [INFO] Checking trade setups at 2025-11-20 14:36:12
2025-11-20 14:36:12,040 [INFO] Applying EMA strategy to 2 stocks.
2025-11-20 14:36:24,128 [INFO] Checking trade setups at 2025-11-20 14:36:24
2025-11-20 14:36:24,128 [INFO] Applying EMA strategy to 2 stocks.
2025-11-20 14:36:35,388 [INFO] Checking trade setups at 2025-11-20 14:36:35
2025-11-20 14:36:35,388 [INFO] Applying EMA strategy to 2 stocks.
2025-11-20 14:36:46,686 [INFO] Checking trade setups at 2025-11-20 14:36:46
2025-11-20 14:36:46,688 [INFO] Applying EMA strategy to 2 stocks.
2025-11-20 14:36:57,887 [INFO] Checking trade setups at 2025-11-20 14:36:57
2025-11-20 14:36:57,888 [INFO] Applying EMA strategy to 2 stocks.
2025-11-20 14:37:09,686 [INFO] Checking trade setups at 2025-11-20 14:37:09
2025-11-20 14:37:09,687 [INFO] Applying EMA strategy to 2 stocks.
2025-11-20 14:37:21,358 [INFO] Checking trade setups at 2025-11-20 14:37:21
2025-11-20 14:37:21,359 [INFO] Applying EMA strategy to 2 stocks.
2025-11-20 14:37:33,465 [INFO] Checking trade setups at 2025-11-20 14:37:33
2025-11-20 14:37:33,465 [INFO] Applying EMA strategy to 2 stocks.
2025-11-20 14:37:45,081 [INFO] Checking trade setups at 2025-11-20 14:37:45
2025-11-20 14:37:45,081 [INFO] Applying EMA strategy to 2 stocks.
2025-11-20 14:37:56,580 [INFO] Checking trade setups at 2025-11-20 14:37:56
2025-11-20 14:37:56,580 [INFO] Applying EMA strategy to 2 stocks.
2025-11-20 14:38:07,998 [INFO] Checking trade setups at 2025-11-20 14:38:07
2025-11-20 14:38:07,998 [INFO] Applying EMA strategy to 2 stocks.
2025-11-20 14:38:20,565 [INFO] Checking trade setups at 2025-11-20 14:38:20
2025-11-20 14:38:20,566 [INFO] Applying EMA strategy to 2 stocks.
2025-11-20 14:38:32,865 [INFO] Checking trade setups at 2025-11-20 14:38:32
2025-11-20 14:38:32,865 [INFO] Applying EMA strategy to 2 stocks.
2025-11-20 14:38:44,197 [INFO] Checking trade setups at 2025-11-20 14:38:44
2025-11-20 14:38:44,198 [INFO] Applying EMA strategy to 2 stocks.
2025-11-20 14:38:55,897 [INFO] Checking trade setups at 2025-11-20 14:38:55
2025-11-20 14:38:55,897 [INFO] Applying EMA strategy to 2 stocks.
2025-11-20 14:39:07,750 [INFO] Checking trade setups at 2025-11-20 14:39:07
2025-11-20 14:39:07,754 [INFO] Applying EMA strategy to 2 stocks.
2025-11-20 14:39:19,150 [INFO] Checking trade setups at 2025-11-20 14:39:19
2025-11-20 14:39:19,151 [INFO] Applying EMA strategy to 2 stocks.
2025-11-20 14:39:30,659 [INFO] Checking trade setups at 2025-11-20 14:39:30
2025-11-20 14:39:30,659 [INFO] Applying EMA strategy to 2 stocks.
2025-11-20 14:39:42,073 [INFO] Checking trade setups at 2025-11-20 14:39:42
2025-11-20 14:39:42,073 [INFO] Applying EMA strategy to 2 stocks.
2025-11-20 14:39:54,041 [INFO] Checking trade setups at 2025-11-20 14:39:54
2025-11-20 14:39:54,041 [INFO] Applying EMA strategy to 2 stocks.
2025-11-20 14:40:05,674 [INFO] Checking trade setups at 2025-11-20 14:40:05
2025-11-20 14:40:05,674 [INFO] Applying EMA strategy to 2 stocks.
2025-11-20 14:40:17,600 [INFO] Checking trade setups at 2025-11-20 14:40:17
2025-11-20 14:40:17,600 [INFO] Applying EMA strategy to 2 stocks.
2025-11-20 14:40:28,869 [INFO] Checking trade setups at 2025-11-20 14:40:28
2025-11-20 14:40:28,870 [INFO] Applying EMA strategy to 2 stocks.
2025-11-20 14:40:40,286 [INFO] Checking trade setups at 2025-11-20 14:40:40
2025-11-20 14:40:40,286 [INFO] Applying EMA strategy to 2 stocks.
2025-11-20 14:40:52,106 [INFO] Checking trade setups at 2025-11-20 14:40:52
2025-11-20 14:40:52,106 [INFO] Applying EMA strategy to 2 stocks.
2025-11-20 14:41:03,898 [INFO] Checking trade setups at 2025-11-20 14:41:03
2025-11-20 14:41:03,898 [INFO] Applying EMA strategy to 2 stocks.
2025-11-20 14:41:15,468 [INFO] Checking trade setups at 2025-11-20 14:41:15
2025-11-20 14:41:15,469 [INFO] Applying EMA strategy to 2 stocks.
2025-11-20 14:41:27,200 [INFO] Checking trade setups at 2025-11-20 14:41:27
2025-11-20 14:41:27,201 [INFO] Applying EMA strategy to 2 stocks.
2025-11-20 14:41:38,816 [INFO] Checking trade setups at 2025-11-20 14:41:38
2025-11-20 14:41:38,818 [INFO] Applying EMA strategy to 2 stocks.
2025-11-20 14:41:50,585 [INFO] Checking trade setups at 2025-11-20 14:41:50
2025-11-20 14:41:50,585 [INFO] Applying EMA strategy to 2 stocks.
2025-11-20 14:42:02,661 [INFO] Checking trade setups at 2025-11-20 14:42:02
2025-11-20 14:42:02,661 [INFO] Applying EMA strategy to 2 stocks.
2025-11-20 14:42:14,153 [INFO] Checking trade setups at 2025-11-20 14:42:14
2025-11-20 14:42:14,156 [INFO] Applying EMA strategy to 2 stocks.
2025-11-20 14:42:25,607 [INFO] Checking trade setups at 2025-11-20 14:42:25
2025-11-20 14:42:25,607 [INFO] Applying EMA strategy to 2 stocks.
2025-11-20 14:42:37,335 [INFO] Checking trade setups at 2025-11-20 14:42:37
2025-11-20 14:42:37,336 [INFO] Applying EMA strategy to 2 stocks.
2025-11-20 14:42:48,746 [INFO] Checking trade setups at 2025-11-20 14:42:48
2025-11-20 14:42:48,746 [INFO] Applying EMA strategy to 2 stocks.
2025-11-20 14:43:00,771 [INFO] Checking trade setups at 2025-11-20 14:43:00
2025-11-20 14:43:00,771 [INFO] Applying EMA strategy to 2 stocks.
2025-11-20 14:43:12,195 [INFO] Checking trade setups at 2025-11-20 14:43:12
2025-11-20 14:43:12,196 [INFO] Applying EMA strategy to 2 stocks.
2025-11-20 14:43:23,512 [INFO] Checking trade setups at 2025-11-20 14:43:23
2025-11-20 14:43:23,514 [INFO] Applying EMA strategy to 2 stocks.
2025-11-20 14:43:35,258 [INFO] Checking trade setups at 2025-11-20 14:43:35
2025-11-20 14:43:35,258 [INFO] Applying EMA strategy to 2 stocks.
2025-11-20 14:43:46,720 [INFO] Checking trade setups at 2025-11-20 14:43:46
2025-11-20 14:43:46,720 [INFO] Applying EMA strategy to 2 stocks.
2025-11-20 14:43:58,286 [INFO] Checking trade setups at 2025-11-20 14:43:58
2025-11-20 14:43:58,287 [INFO] Applying EMA strategy to 2 stocks.
2025-11-20 14:44:09,647 [INFO] Checking trade setups at 2025-11-20 14:44:09
2025-11-20 14:44:09,648 [INFO] Applying EMA strategy to 2 stocks.
2025-11-20 14:44:21,426 [INFO] Checking trade setups at 2025-11-20 14:44:21
2025-11-20 14:44:21,426 [INFO] Applying EMA strategy to 2 stocks.
2025-11-20 14:44:33,083 [INFO] Checking trade setups at 2025-11-20 14:44:33
2025-11-20 14:44:33,083 [INFO] Applying EMA strategy to 2 stocks.
2025-11-20 14:44:44,471 [INFO] Checking trade setups at 2025-11-20 14:44:44
2025-11-20 14:44:44,471 [INFO] Applying EMA strategy to 2 stocks.
2025-11-20 14:44:56,038 [INFO] Checking trade setups at 2025-11-20 14:44:56
2025-11-20 14:44:56,039 [INFO] Applying EMA strategy to 2 stocks.
2025-11-20 14:45:07,928 [INFO] Checking trade setups at 2025-11-20 14:45:07
2025-11-20 14:45:07,928 [INFO] Applying EMA strategy to 2 stocks.
2025-11-20 14:45:19,711 [INFO] Checking trade setups at 2025-11-20 14:45:19
2025-11-20 14:45:19,712 [INFO] Applying EMA strategy to 2 stocks.
2025-11-20 14:45:31,164 [INFO] Checking trade setups at 2025-11-20 14:45:31
2025-11-20 14:45:31,164 [INFO] Applying EMA strategy to 2 stocks.
2025-11-20 14:45:43,074 [INFO] Checking trade setups at 2025-11-20 14:45:43
2025-11-20 14:45:43,089 [INFO] Applying EMA strategy to 2 stocks.
2025-11-20 14:45:55,220 [INFO] Checking trade setups at 2025-11-20 14:45:55
2025-11-20 14:45:55,220 [INFO] Applying EMA strategy to 2 stocks.
2025-11-20 14:46:06,950 [INFO] Checking trade setups at 2025-11-20 14:46:06
2025-11-20 14:46:06,950 [INFO] Applying EMA strategy to 2 stocks.
2025-11-20 14:46:18,900 [INFO] Checking trade setups at 2025-11-20 14:46:18
2025-11-20 14:46:18,900 [INFO] Applying EMA strategy to 2 stocks.
2025-11-20 14:46:30,595 [INFO] Checking trade setups at 2025-11-20 14:46:30
2025-11-20 14:46:30,596 [INFO] Applying EMA strategy to 2 stocks.
2025-11-20 14:46:42,230 [INFO] Checking trade setups at 2025-11-20 14:46:42
2025-11-20 14:46:42,231 [INFO] Applying EMA strategy to 2 stocks.
2025-11-20 14:46:53,787 [INFO] Checking trade setups at 2025-11-20 14:46:53
2025-11-20 14:46:53,787 [INFO] Applying EMA strategy to 2 stocks.
2025-11-20 14:47:05,476 [INFO] Checking trade setups at 2025-11-20 14:47:05
2025-11-20 14:47:05,482 [INFO] Applying EMA strategy to 2 stocks.
2025-11-20 14:47:17,568 [INFO] Checking trade setups at 2025-11-20 14:47:17
2025-11-20 14:47:17,569 [INFO] Applying EMA strategy to 2 stocks.
2025-11-20 14:47:29,653 [INFO] Checking trade setups at 2025-11-20 14:47:29
2025-11-20 14:47:29,654 [INFO] Applying EMA strategy to 2 stocks.
2025-11-20 14:47:41,118 [INFO] Checking trade setups at 2025-11-20 14:47:41
2025-11-20 14:47:41,119 [INFO] Applying EMA strategy to 2 stocks.
2025-11-20 14:47:53,293 [INFO] Checking trade setups at 2025-11-20 14:47:53
2025-11-20 14:47:53,294 [INFO] Applying EMA strategy to 2 stocks.
2025-11-20 14:48:04,658 [INFO] Checking trade setups at 2025-11-20 14:48:04
2025-11-20 14:48:04,658 [INFO] Applying EMA strategy to 2 stocks.
2025-11-20 14:48:16,381 [INFO] Checking trade setups at 2025-11-20 14:48:16
2025-11-20 14:48:16,382 [INFO] Applying EMA strategy to 2 stocks.
2025-11-20 14:48:27,997 [INFO] Checking trade setups at 2025-11-20 14:48:27
2025-11-20 14:48:27,997 [INFO] Applying EMA strategy to 2 stocks.
2025-11-20 14:48:39,687 [INFO] Checking trade setups at 2025-11-20 14:48:39
2025-11-20 14:48:39,687 [INFO] Applying EMA strategy to 2 stocks.
2025-11-20 14:48:51,437 [INFO] Checking trade setups at 2025-11-20 14:48:51
2025-11-20 14:48:51,438 [INFO] Applying EMA strategy to 2 stocks.
2025-11-20 14:49:02,940 [INFO] Checking trade setups at 2025-11-20 14:49:02
2025-11-20 14:49:02,941 [INFO] Applying EMA strategy to 2 stocks.
2025-11-20 14:49:14,454 [INFO] Checking trade setups at 2025-11-20 14:49:14
2025-11-20 14:49:14,454 [INFO] Applying EMA strategy to 2 stocks.
2025-11-20 14:49:26,583 [INFO] Checking trade setups at 2025-11-20 14:49:26
2025-11-20 14:49:26,584 [INFO] Applying EMA strategy to 2 stocks.
2025-11-20 14:49:39,200 [INFO] Checking trade setups at 2025-11-20 14:49:39
2025-11-20 14:49:39,200 [INFO] Applying EMA strategy to 2 stocks.
2025-11-20 14:49:51,186 [INFO] Checking trade setups at 2025-11-20 14:49:51
2025-11-20 14:49:51,186 [INFO] Applying EMA strategy to 2 stocks.
2025-11-20 14:50:03,108 [INFO] Checking trade setups at 2025-11-20 14:50:03
2025-11-20 14:50:03,109 [INFO] Applying EMA strategy to 2 stocks.
2025-11-20 14:50:14,813 [INFO] Checking trade setups at 2025-11-20 14:50:14
2025-11-20 14:50:14,814 [INFO] Applying EMA strategy to 2 stocks.
2025-11-20 14:50:26,736 [INFO] Checking trade setups at 2025-11-20 14:50:26
2025-11-20 14:50:26,737 [INFO] Applying EMA strategy to 2 stocks.
2025-11-20 14:50:38,289 [INFO] Checking trade setups at 2025-11-20 14:50:38
2025-11-20 14:50:38,289 [INFO] Applying EMA strategy to 2 stocks.
2025-11-20 14:50:50,254 [INFO] Checking trade setups at 2025-11-20 14:50:50
2025-11-20 14:50:50,255 [INFO] Applying EMA strategy to 2 stocks.
2025-11-20 14:51:02,950 [INFO] Checking trade setups at 2025-11-20 14:51:02
2025-11-20 14:51:02,951 [INFO] Applying EMA strategy to 2 stocks.
2025-11-20 14:51:15,382 [INFO] Checking trade setups at 2025-11-20 14:51:15
2025-11-20 14:51:15,382 [INFO] Applying EMA strategy to 2 stocks.
2025-11-20 14:51:26,904 [INFO] Checking trade setups at 2025-11-20 14:51:26
2025-11-20 14:51:26,904 [INFO] Applying EMA strategy to 2 stocks.
2025-11-20 14:51:39,317 [INFO] Checking trade setups at 2025-11-20 14:51:39
2025-11-20 14:51:39,317 [INFO] Applying EMA strategy to 2 stocks.
2025-11-20 14:51:51,103 [INFO] Checking trade setups at 2025-11-20 14:51:51
2025-11-20 14:51:51,104 [INFO] Applying EMA strategy to 2 stocks.
2025-11-20 14:52:02,962 [INFO] Checking trade setups at 2025-11-20 14:52:02
2025-11-20 14:52:02,962 [INFO] Applying EMA strategy to 2 stocks.
2025-11-20 14:52:14,580 [INFO] Checking trade setups at 2025-11-20 14:52:14
2025-11-20 14:52:14,582 [INFO] Applying EMA strategy to 2 stocks.
2025-11-20 14:52:27,100 [INFO] Checking trade setups at 2025-11-20 14:52:27
2025-11-20 14:52:27,101 [INFO] Applying EMA strategy to 2 stocks.
2025-11-20 14:52:38,865 [INFO] Checking trade setups at 2025-11-20 14:52:38
2025-11-20 14:52:38,865 [INFO] Applying EMA strategy to 2 stocks.
2025-11-20 14:52:50,770 [INFO] Checking trade setups at 2025-11-20 14:52:50
2025-11-20 14:52:50,770 [INFO] Applying EMA strategy to 2 stocks.
2025-11-20 14:53:03,477 [INFO] Checking trade setups at 2025-11-20 14:53:03
2025-11-20 14:53:03,478 [INFO] Applying EMA strategy to 2 stocks.
2025-11-20 14:53:14,744 [INFO] Checking trade setups at 2025-11-20 14:53:14
2025-11-20 14:53:14,744 [INFO] Applying EMA strategy to 2 stocks.
2025-11-20 14:53:26,339 [INFO] Checking trade setups at 2025-11-20 14:53:26
2025-11-20 14:53:26,340 [INFO] Applying EMA strategy to 2 stocks.
2025-11-20 14:53:37,875 [INFO] Checking trade setups at 2025-11-20 14:53:37
2025-11-20 14:53:37,876 [INFO] Applying EMA strategy to 2 stocks.
2025-11-20 14:53:49,541 [INFO] Checking trade setups at 2025-11-20 14:53:49
2025-11-20 14:53:49,542 [INFO] Applying EMA strategy to 2 stocks.
2025-11-20 14:54:01,463 [INFO] Checking trade setups at 2025-11-20 14:54:01
2025-11-20 14:54:01,464 [INFO] Applying EMA strategy to 2 stocks.
2025-11-20 14:54:12,814 [INFO] Checking trade setups at 2025-11-20 14:54:12
2025-11-20 14:54:12,815 [INFO] Applying EMA strategy to 2 stocks.
2025-11-20 14:54:24,456 [INFO] Checking trade setups at 2025-11-20 14:54:24
2025-11-20 14:54:24,457 [INFO] Applying EMA strategy to 2 stocks.
2025-11-20 14:54:36,358 [INFO] Checking trade setups at 2025-11-20 14:54:36
2025-11-20 14:54:36,359 [INFO] Applying EMA strategy to 2 stocks.
2025-11-20 14:54:47,689 [INFO] Checking trade setups at 2025-11-20 14:54:47
2025-11-20 14:54:47,689 [INFO] Applying EMA strategy to 2 stocks.
2025-11-20 14:54:59,709 [INFO] Checking trade setups at 2025-11-20 14:54:59
2025-11-20 14:54:59,709 [INFO] Applying EMA strategy to 2 stocks.
2025-11-20 14:55:11,398 [INFO] Checking trade setups at 2025-11-20 14:55:11
2025-11-20 14:55:11,398 [INFO] Applying EMA strategy to 2 stocks.
2025-11-20 14:55:23,471 [INFO] Checking trade setups at 2025-11-20 14:55:23
2025-11-20 14:55:23,472 [INFO] Applying EMA strategy to 2 stocks.
2025-11-20 14:55:34,734 [INFO] Checking trade setups at 2025-11-20 14:55:34
2025-11-20 14:55:34,734 [INFO] Applying EMA strategy to 2 stocks.
2025-11-20 14:55:46,100 [INFO] Checking trade setups at 2025-11-20 14:55:46
2025-11-20 14:55:46,100 [INFO] Applying EMA strategy to 2 stocks.
2025-11-20 14:55:57,465 [INFO] Checking trade setups at 2025-11-20 14:55:57
2025-11-20 14:55:57,466 [INFO] Applying EMA strategy to 2 stocks.
2025-11-20 14:56:09,089 [INFO] Checking trade setups at 2025-11-20 14:56:09
2025-11-20 14:56:09,089 [INFO] Applying EMA strategy to 2 stocks.
2025-11-20 14:56:20,791 [INFO] Checking trade setups at 2025-11-20 14:56:20
2025-11-20 14:56:20,793 [INFO] Applying EMA strategy to 2 stocks.
2025-11-20 14:56:32,410 [INFO] Checking trade setups at 2025-11-20 14:56:32
2025-11-20 14:56:32,410 [INFO] Applying EMA strategy to 2 stocks.
2025-11-20 14:56:43,979 [INFO] Checking trade setups at 2025-11-20 14:56:43
2025-11-20 14:56:43,979 [INFO] Applying EMA strategy to 2 stocks.
2025-11-20 14:56:56,543 [INFO] Checking trade setups at 2025-11-20 14:56:56
2025-11-20 14:56:56,544 [INFO] Applying EMA strategy to 2 stocks.
2025-11-20 14:57:08,196 [INFO] Checking trade setups at 2025-11-20 14:57:08
2025-11-20 14:57:08,196 [INFO] Applying EMA strategy to 2 stocks.
2025-11-20 14:57:20,220 [INFO] Checking trade setups at 2025-11-20 14:57:20
2025-11-20 14:57:20,221 [INFO] Applying EMA strategy to 2 stocks.
2025-11-20 14:57:31,764 [INFO] Checking trade setups at 2025-11-20 14:57:31
2025-11-20 14:57:31,764 [INFO] Applying EMA strategy to 2 stocks.
2025-11-20 14:57:43,445 [INFO] Checking trade setups at 2025-11-20 14:57:43
2025-11-20 14:57:43,446 [INFO] Applying EMA strategy to 2 stocks.
2025-11-20 14:57:55,713 [INFO] Checking trade setups at 2025-11-20 14:57:55
2025-11-20 14:57:55,714 [INFO] Applying EMA strategy to 2 stocks.
2025-11-20 14:58:07,609 [INFO] Checking trade setups at 2025-11-20 14:58:07
2025-11-20 14:58:07,610 [INFO] Applying EMA strategy to 2 stocks.
2025-11-20 14:58:19,328 [INFO] Checking trade setups at 2025-11-20 14:58:19
2025-11-20 14:58:19,328 [INFO] Applying EMA strategy to 2 stocks.
2025-11-20 14:58:31,375 [INFO] Checking trade setups at 2025-11-20 14:58:31
2025-11-20 14:58:31,376 [INFO] Applying EMA strategy to 2 stocks.
2025-11-20 14:58:43,476 [INFO] Checking trade setups at 2025-11-20 14:58:43
2025-11-20 14:58:43,477 [INFO] Applying EMA strategy to 2 stocks.
2025-11-20 14:58:55,135 [INFO] Checking trade setups at 2025-11-20 14:58:55
2025-11-20 14:58:55,135 [INFO] Applying EMA strategy to 2 stocks.
2025-11-20 14:59:06,639 [INFO] Checking trade setups at 2025-11-20 14:59:06
2025-11-20 14:59:06,639 [INFO] Applying EMA strategy to 2 stocks.
2025-11-20 14:59:18,556 [INFO] Checking trade setups at 2025-11-20 14:59:18
2025-11-20 14:59:18,556 [INFO] Applying EMA strategy to 2 stocks.
2025-11-20 14:59:29,756 [INFO] Checking trade setups at 2025-11-20 14:59:29
2025-11-20 14:59:29,756 [INFO] Applying EMA strategy to 2 stocks.
2025-11-20 14:59:41,516 [INFO] Checking trade setups at 2025-11-20 14:59:41
2025-11-20 14:59:41,517 [INFO] Applying EMA strategy to 2 stocks.
2025-11-20 14:59:52,992 [INFO] Checking trade setups at 2025-11-20 14:59:52
2025-11-20 14:59:52,992 [INFO] Applying EMA strategy to 2 stocks.
2025-11-20 15:00:04,748 [INFO] Market closed. Sleeping for 60 seconds.
2025-11-20 15:01:04,749 [INFO] Market closed. Sleeping for 60 seconds.
2025-11-20 15:02:04,751 [INFO] Market closed. Sleeping for 60 seconds.
2025-11-20 15:03:04,754 [INFO] file filtered_stocks.csv deleted successfully
2025-11-20 15:03:04,759 [INFO] file filtered_stocks.json deleted successfully
2025-11-20 15:03:04,762 [INFO] file gapup_data.csv deleted successfully
2025-11-20 15:03:04,765 [INFO] file gapup_data.json does not exist
2025-11-20 15:03:04,767 [INFO] file trades.txt deleted successfully
2025-11-20 15:03:04,768 [INFO] file GapUp_stocks.json deleted successfully
2025-11-20 15:03:04,770 [INFO] file tamo.txt deleted successfully
2025-11-20 15:03:04,771 [INFO] Market closed for the day. Exiting...
