2025-11-11 07:53:38,808 [INFO] 🔹 Starting trading script...
2025-11-11 07:53:38,849 [INFO] file filtered_stocks.csv does not exist
2025-11-11 07:53:38,855 [INFO] file filtered_stocks.json does not exist
2025-11-11 07:53:38,857 [INFO] file gapup_data.csv does not exist
2025-11-11 07:53:38,871 [INFO] file gapup_data.json does not exist
2025-11-11 07:53:38,881 [INFO] file trades.txt does not exist
2025-11-11 07:53:38,881 [INFO] file GapUp_stocks.json does not exist
2025-11-11 07:53:38,899 [INFO] file tamo.txt does not exist
2025-11-11 07:53:38,899 [INFO] Authenticating with Fyers API...
2025-11-11 07:53:40,553 [INFO] Access token is not valid.
2025-11-11 07:53:41,573 [INFO] verify_client_id success
2025-11-11 07:53:41,620 [INFO] generate_totp success
2025-11-11 07:53:42,853 [INFO] verify_totp_result success
2025-11-11 07:53:44,641 [INFO] verify_pin_result success
2025-11-11 07:53:45,457 [INFO] token_result success
2025-11-11 07:53:46,172 [INFO] validate_authcode success
2025-11-11 07:53:46,210 [INFO] Authentication successful
2025-11-11 07:53:46,219 [INFO] Authentication successful.
2025-11-11 07:53:49,225 [INFO] Creating FyersModel instance with access token...
2025-11-11 07:53:49,225 [INFO] Authenticated Fyers instance created.
2025-11-11 07:53:49,225 [INFO] Fetching new gap-up stocks using WebSocket...
2025-11-11 07:53:49,876 [INFO] Loaded 499 symbols from Stock_list.xlsx.
2025-11-11 07:53:50,480 [INFO] Websocket connected
2025-11-11 07:53:50,500 [INFO] Response: {'type': 'cn', 'code': 200, 'message': 'Authentication done', 's': 'ok'}
2025-11-11 07:53:50,581 [INFO] Response: {'type': 'ful', 'code': 200, 'message': 'Full Mode On', 's': 'ok'}
2025-11-11 07:53:51,909 [INFO] WebSocket connection opened. Subscribing to data...
2025-11-11 07:53:52,761 [INFO] Response: {'type': 'sub', 'code': 200, 'message': 'Subscribed', 's': 'ok'}
2025-11-11 07:54:07,755 [INFO] Connection closed: {'code': 200, 'message': 'Connection Closed', 's': 'ok'}
2025-11-11 07:54:10,485 [INFO] Evaluating for gap-up stocks...
2025-11-11 07:54:10,485 [INFO] No gap-up stocks found.
2025-11-11 07:54:10,487 [INFO] Gap-up stocks found: 0
2025-11-11 07:54:10,487 [INFO] Symbol              Gap Up %    Avg Volume  Status
2025-11-11 07:54:10,487 [INFO] ------------------------------------------------------------
2025-11-11 07:54:10,493 [INFO] No stocks passed volume filter. Retrying (1)...
2025-11-11 07:54:13,497 [INFO] Symbol              Gap Up %    Avg Volume  Status
2025-11-11 07:54:13,497 [INFO] ------------------------------------------------------------
2025-11-11 07:54:13,499 [INFO] No stocks passed volume filter. Retrying (0)...
2025-11-11 07:54:16,501 [INFO] No stocks passed after retries. Exiting.
2025-11-11 09:16:05,682 [INFO] 🔹 Starting trading script...
2025-11-11 09:16:05,685 [INFO] file filtered_stocks.csv deleted successfully
2025-11-11 09:16:05,685 [INFO] file filtered_stocks.json does not exist
2025-11-11 09:16:05,687 [INFO] file gapup_data.csv does not exist
2025-11-11 09:16:05,687 [INFO] file gapup_data.json does not exist
2025-11-11 09:16:05,687 [INFO] file trades.txt does not exist
2025-11-11 09:16:05,687 [INFO] file GapUp_stocks.json deleted successfully
2025-11-11 09:16:05,692 [INFO] file tamo.txt does not exist
2025-11-11 09:16:05,693 [INFO] Authenticating with Fyers API...
2025-11-11 09:16:06,965 [INFO] Access token is valid.
2025-11-11 09:16:06,965 [INFO] Authentication successful.
2025-11-11 09:16:09,967 [INFO] Creating FyersModel instance with access token...
2025-11-11 09:16:09,967 [INFO] Authenticated Fyers instance created.
2025-11-11 09:16:09,969 [INFO] Fetching new gap-up stocks using WebSocket...
2025-11-11 09:16:10,715 [INFO] Loaded 499 symbols from Stock_list.xlsx.
2025-11-11 09:16:11,775 [INFO] Websocket connected
2025-11-11 09:16:11,905 [INFO] Response: {'type': 'cn', 'code': 200, 'message': 'Authentication done', 's': 'ok'}
2025-11-11 09:16:12,363 [INFO] Response: {'type': 'ful', 'code': 200, 'message': 'Full Mode On', 's': 'ok'}
2025-11-11 09:16:12,755 [INFO] WebSocket connection opened. Subscribing to data...
2025-11-11 09:16:14,111 [INFO] Response: {'type': 'sub', 'code': 200, 'message': 'Subscribed', 's': 'ok'}
2025-11-11 09:16:28,949 [INFO] Connection closed: {'code': 200, 'message': 'Connection Closed', 's': 'ok'}
2025-11-11 09:16:31,784 [INFO] Evaluating for gap-up stocks...
2025-11-11 09:16:31,801 [INFO] Gap-up stocks saved to gapup_data.csv with 6 entries.
2025-11-11 09:16:31,803 [INFO] Total gap-up stocks found: 6
2025-11-11 09:16:31,838 [INFO] Gap-up stocks found: 6
2025-11-11 09:16:37,489 [INFO] Symbol              Gap Up %    Avg Volume  Status
2025-11-11 09:16:37,489 [INFO] ------------------------------------------------------------
2025-11-11 09:16:37,489 [INFO] Included NSE:JSL-EQ | Volume: 594625
2025-11-11 09:16:37,489 [INFO] Included NSE:MMTC-EQ | Volume: 3281903
2025-11-11 09:16:37,492 [INFO] Included NSE:IDEA-EQ | Volume: 1083141332
2025-11-11 09:16:37,492 [INFO] Included NSE:KEC-EQ | Volume: 879295
2025-11-11 09:16:37,494 [INFO] Included NSE:HEG-EQ | Volume: 1173415
2025-11-11 09:16:37,494 [INFO] Included NSE:INTELLECT-EQ | Volume: 645928
2025-11-11 09:16:37,523 [INFO] Entering monitoring loop...
2025-11-11 09:16:37,523 [INFO] Checking trade setups at 2025-11-11 09:16:37
2025-11-11 09:16:37,523 [INFO] Applying EMA strategy to 6 stocks.
2025-11-11 09:16:53,008 [INFO] Checking trade setups at 2025-11-11 09:16:53
2025-11-11 09:16:53,008 [INFO] Applying EMA strategy to 6 stocks.
2025-11-11 09:17:07,981 [INFO] Checking trade setups at 2025-11-11 09:17:07
2025-11-11 09:17:07,981 [INFO] Applying EMA strategy to 6 stocks.
2025-11-11 09:17:22,279 [INFO] Checking trade setups at 2025-11-11 09:17:22
2025-11-11 09:17:22,279 [INFO] Applying EMA strategy to 6 stocks.
2025-11-11 09:17:36,728 [INFO] Checking trade setups at 2025-11-11 09:17:36
2025-11-11 09:17:36,728 [INFO] Applying EMA strategy to 6 stocks.
2025-11-11 09:17:51,489 [INFO] Checking trade setups at 2025-11-11 09:17:51
2025-11-11 09:17:51,489 [INFO] Applying EMA strategy to 6 stocks.
2025-11-11 09:18:06,940 [INFO] Checking trade setups at 2025-11-11 09:18:06
2025-11-11 09:18:06,940 [INFO] Applying EMA strategy to 6 stocks.
2025-11-11 09:18:21,472 [INFO] Checking trade setups at 2025-11-11 09:18:21
2025-11-11 09:18:21,472 [INFO] Applying EMA strategy to 6 stocks.
2025-11-11 09:18:35,104 [INFO] Checking trade setups at 2025-11-11 09:18:35
2025-11-11 09:18:35,104 [INFO] Applying EMA strategy to 6 stocks.
2025-11-11 09:18:49,990 [INFO] Checking trade setups at 2025-11-11 09:18:49
2025-11-11 09:18:49,990 [INFO] Applying EMA strategy to 6 stocks.
2025-11-11 09:19:04,476 [INFO] Checking trade setups at 2025-11-11 09:19:04
2025-11-11 09:19:04,476 [INFO] Applying EMA strategy to 6 stocks.
2025-11-11 09:19:19,540 [INFO] Checking trade setups at 2025-11-11 09:19:19
2025-11-11 09:19:19,540 [INFO] Applying EMA strategy to 6 stocks.
2025-11-11 09:19:35,420 [INFO] Checking trade setups at 2025-11-11 09:19:35
2025-11-11 09:19:35,420 [INFO] Applying EMA strategy to 6 stocks.
2025-11-11 09:19:50,155 [INFO] Checking trade setups at 2025-11-11 09:19:50
2025-11-11 09:19:50,157 [INFO] Applying EMA strategy to 6 stocks.
2025-11-11 09:20:04,012 [INFO] Checking trade setups at 2025-11-11 09:20:04
2025-11-11 09:20:04,012 [INFO] Applying EMA strategy to 6 stocks.
2025-11-11 09:20:18,318 [INFO] Checking trade setups at 2025-11-11 09:20:18
2025-11-11 09:20:18,318 [INFO] Applying EMA strategy to 6 stocks.
2025-11-11 09:20:31,934 [INFO] Checking trade setups at 2025-11-11 09:20:31
2025-11-11 09:20:31,934 [INFO] Applying EMA strategy to 6 stocks.
2025-11-11 09:20:46,470 [INFO] Checking trade setups at 2025-11-11 09:20:46
2025-11-11 09:20:46,470 [INFO] Applying EMA strategy to 6 stocks.
2025-11-11 09:21:10,366 [INFO] Checking trade setups at 2025-11-11 09:21:10
2025-11-11 09:21:10,366 [INFO] Applying EMA strategy to 6 stocks.
2025-11-11 09:21:24,472 [INFO] Checking trade setups at 2025-11-11 09:21:24
2025-11-11 09:21:24,472 [INFO] Applying EMA strategy to 6 stocks.
2025-11-11 09:21:39,623 [INFO] Checking trade setups at 2025-11-11 09:21:39
2025-11-11 09:21:39,625 [INFO] Applying EMA strategy to 6 stocks.
2025-11-11 09:21:56,731 [INFO] Checking trade setups at 2025-11-11 09:21:56
2025-11-11 09:21:56,731 [INFO] Applying EMA strategy to 6 stocks.
2025-11-11 09:22:11,479 [INFO] Checking trade setups at 2025-11-11 09:22:11
2025-11-11 09:22:11,479 [INFO] Applying EMA strategy to 6 stocks.
2025-11-11 09:22:14,583 [INFO] Executing trade for NSE:HEG-EQ: {'timestamp': '2025-11-11 09:20', 'action': 'SELL', 'entry_price': 532.9, 'stop_loss': 554.4, 'target': 468.4}
2025-11-11 09:22:14,584 [INFO] after SL after filtering the final SL:5.33, final_target:516.91, qty:18
2025-11-11 09:22:15,488 [INFO] Order Response: {'code': 1101, 'message': 'Successfully placed order', 's': 'ok', 'id': '25111100027666-BO-1'}
2025-11-11 09:22:15,488 [INFO] Trades taken today: 1
2025-11-11 09:22:15,490 [INFO] Remaining trades for the day: 5
2025-11-11 09:22:15,492 [INFO] ✅ Order placed successfully for NSE:HEG-EQ
2025-11-11 09:22:26,011 [INFO] Checking trade setups at 2025-11-11 09:22:26
2025-11-11 09:22:26,011 [INFO] Applying EMA strategy to 6 stocks.
2025-11-11 09:22:40,275 [INFO] Checking trade setups at 2025-11-11 09:22:40
2025-11-11 09:22:40,277 [INFO] Applying EMA strategy to 6 stocks.
2025-11-11 09:22:43,143 [INFO] Executing trade for NSE:KEC-EQ: {'timestamp': '2025-11-11 09:20', 'action': 'SELL', 'entry_price': 729.2, 'stop_loss': 765.5, 'target': 620.3000000000002}
2025-11-11 09:22:43,143 [INFO] after SL after filtering the final SL:7.29, final_target:707.32, qty:13
2025-11-11 09:22:43,855 [INFO] Order Response: {'code': 1101, 'message': 'Successfully placed order', 's': 'ok', 'id': '25111100028844-BO-1'}
2025-11-11 09:22:43,861 [INFO] Trades taken today: 2
2025-11-11 09:22:43,863 [INFO] Remaining trades for the day: 4
2025-11-11 09:22:43,863 [INFO] ✅ Order placed successfully for NSE:KEC-EQ
2025-11-11 09:22:55,196 [INFO] Checking trade setups at 2025-11-11 09:22:55
2025-11-11 09:22:55,196 [INFO] Applying EMA strategy to 6 stocks.
2025-11-11 09:23:10,852 [INFO] Checking trade setups at 2025-11-11 09:23:10
2025-11-11 09:23:10,852 [INFO] Applying EMA strategy to 6 stocks.
2025-11-11 09:23:25,005 [INFO] Checking trade setups at 2025-11-11 09:23:25
2025-11-11 09:23:25,006 [INFO] Applying EMA strategy to 6 stocks.
2025-11-11 09:23:39,648 [INFO] Checking trade setups at 2025-11-11 09:23:39
2025-11-11 09:23:39,648 [INFO] Applying EMA strategy to 6 stocks.
2025-11-11 09:23:53,162 [INFO] Checking trade setups at 2025-11-11 09:23:53
2025-11-11 09:23:53,162 [INFO] Applying EMA strategy to 6 stocks.
2025-11-11 09:24:09,241 [INFO] Checking trade setups at 2025-11-11 09:24:09
2025-11-11 09:24:09,241 [INFO] Applying EMA strategy to 6 stocks.
2025-11-11 09:24:22,756 [INFO] Checking trade setups at 2025-11-11 09:24:22
2025-11-11 09:24:22,756 [INFO] Applying EMA strategy to 6 stocks.
2025-11-11 09:24:37,824 [INFO] Checking trade setups at 2025-11-11 09:24:37
2025-11-11 09:24:37,824 [INFO] Applying EMA strategy to 6 stocks.
2025-11-11 09:24:51,733 [INFO] Checking trade setups at 2025-11-11 09:24:51
2025-11-11 09:24:51,733 [INFO] Applying EMA strategy to 6 stocks.
2025-11-11 09:25:05,360 [INFO] Checking trade setups at 2025-11-11 09:25:05
2025-11-11 09:25:05,360 [INFO] Applying EMA strategy to 6 stocks.
2025-11-11 09:25:19,500 [INFO] Checking trade setups at 2025-11-11 09:25:19
2025-11-11 09:25:19,500 [INFO] Applying EMA strategy to 6 stocks.
2025-11-11 09:25:34,229 [INFO] Checking trade setups at 2025-11-11 09:25:34
2025-11-11 09:25:34,229 [INFO] Applying EMA strategy to 6 stocks.
2025-11-11 09:25:48,437 [INFO] Checking trade setups at 2025-11-11 09:25:48
2025-11-11 09:25:48,437 [INFO] Applying EMA strategy to 6 stocks.
2025-11-11 09:26:03,519 [INFO] Checking trade setups at 2025-11-11 09:26:03
2025-11-11 09:26:03,519 [INFO] Applying EMA strategy to 6 stocks.
2025-11-11 09:26:17,553 [INFO] Checking trade setups at 2025-11-11 09:26:17
2025-11-11 09:26:17,554 [INFO] Applying EMA strategy to 6 stocks.
2025-11-11 09:26:31,264 [INFO] Checking trade setups at 2025-11-11 09:26:31
2025-11-11 09:26:31,264 [INFO] Applying EMA strategy to 6 stocks.
2025-11-11 09:26:46,446 [INFO] Checking trade setups at 2025-11-11 09:26:46
2025-11-11 09:26:46,446 [INFO] Applying EMA strategy to 6 stocks.
2025-11-11 09:27:00,562 [INFO] Checking trade setups at 2025-11-11 09:27:00
2025-11-11 09:27:00,562 [INFO] Applying EMA strategy to 6 stocks.
2025-11-11 09:27:14,995 [INFO] Checking trade setups at 2025-11-11 09:27:14
2025-11-11 09:27:14,995 [INFO] Applying EMA strategy to 6 stocks.
2025-11-11 09:27:28,313 [INFO] Checking trade setups at 2025-11-11 09:27:28
2025-11-11 09:27:28,313 [INFO] Applying EMA strategy to 6 stocks.
2025-11-11 09:27:42,892 [INFO] Checking trade setups at 2025-11-11 09:27:42
2025-11-11 09:27:42,892 [INFO] Applying EMA strategy to 6 stocks.
2025-11-11 09:27:58,017 [INFO] Checking trade setups at 2025-11-11 09:27:58
2025-11-11 09:27:58,018 [INFO] Applying EMA strategy to 6 stocks.
2025-11-11 09:28:13,035 [INFO] Checking trade setups at 2025-11-11 09:28:13
2025-11-11 09:28:13,035 [INFO] Applying EMA strategy to 6 stocks.
2025-11-11 09:28:27,406 [INFO] Checking trade setups at 2025-11-11 09:28:27
2025-11-11 09:28:27,406 [INFO] Applying EMA strategy to 6 stocks.
2025-11-11 09:28:41,216 [INFO] Checking trade setups at 2025-11-11 09:28:41
2025-11-11 09:28:41,216 [INFO] Applying EMA strategy to 6 stocks.
2025-11-11 09:28:55,158 [INFO] Checking trade setups at 2025-11-11 09:28:55
2025-11-11 09:28:55,158 [INFO] Applying EMA strategy to 6 stocks.
2025-11-11 09:29:09,190 [INFO] Checking trade setups at 2025-11-11 09:29:09
2025-11-11 09:29:09,190 [INFO] Applying EMA strategy to 6 stocks.
2025-11-11 09:29:11,259 [INFO] Executing trade for NSE:IDEA-EQ: {'timestamp': '2025-11-11 09:25', 'action': 'SELL', 'entry_price': 9.73, 'stop_loss': 9.82, 'target': 9.46}
2025-11-11 09:29:11,261 [INFO] after SL after filtering the final SL:0.51, final_target:8.2, qty:196
2025-11-11 09:29:13,060 [INFO] Order Response: {'code': 1101, 'message': 'Successfully placed order', 's': 'ok', 'id': '25111100043363-BO-1'}
2025-11-11 09:29:13,076 [INFO] Trades taken today: 3
2025-11-11 09:29:13,076 [INFO] Remaining trades for the day: 3
2025-11-11 09:29:13,076 [INFO] ✅ Order placed successfully for NSE:IDEA-EQ
2025-11-11 09:29:25,022 [INFO] Checking trade setups at 2025-11-11 09:29:25
2025-11-11 09:29:25,022 [INFO] Applying EMA strategy to 6 stocks.
2025-11-11 09:29:39,157 [INFO] Checking trade setups at 2025-11-11 09:29:39
2025-11-11 09:29:39,157 [INFO] Applying EMA strategy to 6 stocks.
2025-11-11 09:29:53,000 [INFO] Checking trade setups at 2025-11-11 09:29:53
2025-11-11 09:29:53,000 [INFO] Applying EMA strategy to 6 stocks.
2025-11-11 09:30:06,828 [INFO] Checking trade setups at 2025-11-11 09:30:06
2025-11-11 09:30:06,828 [INFO] Applying EMA strategy to 6 stocks.
2025-11-11 09:30:21,778 [INFO] Checking trade setups at 2025-11-11 09:30:21
2025-11-11 09:30:21,778 [INFO] Applying EMA strategy to 6 stocks.
2025-11-11 09:30:36,219 [INFO] Checking trade setups at 2025-11-11 09:30:36
2025-11-11 09:30:36,220 [INFO] Applying EMA strategy to 6 stocks.
2025-11-11 09:30:37,523 [INFO] Executing trade for NSE:MMTC-EQ: {'timestamp': '2025-11-11 09:30', 'action': 'SELL', 'entry_price': 67.16, 'stop_loss': 67.68, 'target': 65.59999999999997}
2025-11-11 09:30:37,525 [INFO] after SL after filtering the final SL:0.52, final_target:65.6, qty:192
2025-11-11 09:30:38,086 [INFO] Order Response: {'code': 1101, 'message': 'Successfully placed order', 's': 'ok', 'id': '25111100047002-BO-1'}
2025-11-11 09:30:38,087 [INFO] Trades taken today: 4
2025-11-11 09:30:38,087 [INFO] Remaining trades for the day: 2
2025-11-11 09:30:38,091 [INFO] ✅ Order placed successfully for NSE:MMTC-EQ
2025-11-11 09:30:38,911 [INFO] Executing trade for NSE:IDEA-EQ: {'timestamp': '2025-11-11 09:30', 'action': 'SELL', 'entry_price': 9.7, 'stop_loss': 9.79, 'target': 9.43}
2025-11-11 09:30:38,913 [INFO] after SL after filtering the final SL:0.51, final_target:8.17, qty:196
2025-11-11 09:30:38,949 [INFO] Cannot trade NSE:IDEA-EQ as it has already been traded within 10 minutes.
2025-11-11 09:30:38,950 [INFO] NSE:IDEA-EQ already traded today. Skipping.
2025-11-11 09:30:51,994 [INFO] Checking trade setups at 2025-11-11 09:30:51
2025-11-11 09:30:51,994 [INFO] Applying EMA strategy to 6 stocks.
2025-11-11 09:31:06,335 [INFO] Checking trade setups at 2025-11-11 09:31:06
2025-11-11 09:31:06,335 [INFO] Applying EMA strategy to 6 stocks.
2025-11-11 09:31:23,532 [INFO] Checking trade setups at 2025-11-11 09:31:23
2025-11-11 09:31:23,532 [INFO] Applying EMA strategy to 6 stocks.
2025-11-11 09:31:38,403 [INFO] Checking trade setups at 2025-11-11 09:31:38
2025-11-11 09:31:38,404 [INFO] Applying EMA strategy to 6 stocks.
2025-11-11 09:31:53,533 [INFO] Checking trade setups at 2025-11-11 09:31:53
2025-11-11 09:31:53,533 [INFO] Applying EMA strategy to 6 stocks.
2025-11-11 09:32:08,703 [INFO] Checking trade setups at 2025-11-11 09:32:08
2025-11-11 09:32:08,703 [INFO] Applying EMA strategy to 6 stocks.
2025-11-11 09:32:23,034 [INFO] Checking trade setups at 2025-11-11 09:32:23
2025-11-11 09:32:23,034 [INFO] Applying EMA strategy to 6 stocks.
2025-11-11 09:32:39,118 [INFO] Checking trade setups at 2025-11-11 09:32:39
2025-11-11 09:32:39,118 [INFO] Applying EMA strategy to 6 stocks.
2025-11-11 09:32:53,145 [INFO] Checking trade setups at 2025-11-11 09:32:53
2025-11-11 09:32:53,145 [INFO] Applying EMA strategy to 6 stocks.
2025-11-11 09:33:07,785 [INFO] Checking trade setups at 2025-11-11 09:33:07
2025-11-11 09:33:07,786 [INFO] Applying EMA strategy to 6 stocks.
2025-11-11 09:33:22,729 [INFO] Checking trade setups at 2025-11-11 09:33:22
2025-11-11 09:33:22,729 [INFO] Applying EMA strategy to 6 stocks.
2025-11-11 09:33:36,973 [INFO] Checking trade setups at 2025-11-11 09:33:36
2025-11-11 09:33:36,975 [INFO] Applying EMA strategy to 6 stocks.
2025-11-11 09:33:52,421 [INFO] Checking trade setups at 2025-11-11 09:33:52
2025-11-11 09:33:52,421 [INFO] Applying EMA strategy to 6 stocks.
2025-11-11 09:34:06,772 [INFO] Checking trade setups at 2025-11-11 09:34:06
2025-11-11 09:34:06,772 [INFO] Applying EMA strategy to 6 stocks.
2025-11-11 09:34:20,898 [INFO] Checking trade setups at 2025-11-11 09:34:20
2025-11-11 09:34:20,900 [INFO] Applying EMA strategy to 6 stocks.
2025-11-11 09:34:34,719 [INFO] Checking trade setups at 2025-11-11 09:34:34
2025-11-11 09:34:34,719 [INFO] Applying EMA strategy to 6 stocks.
2025-11-11 09:34:48,949 [INFO] Checking trade setups at 2025-11-11 09:34:48
2025-11-11 09:34:48,949 [INFO] Applying EMA strategy to 6 stocks.
2025-11-11 09:35:02,698 [INFO] Checking trade setups at 2025-11-11 09:35:02
2025-11-11 09:35:02,698 [INFO] Applying EMA strategy to 6 stocks.
2025-11-11 09:35:17,222 [INFO] Checking trade setups at 2025-11-11 09:35:17
2025-11-11 09:35:17,223 [INFO] Applying EMA strategy to 6 stocks.
2025-11-11 09:35:17,965 [INFO] Executing trade for NSE:JSL-EQ: {'timestamp': '2025-11-11 09:35', 'action': 'SELL', 'entry_price': 738.3, 'stop_loss': 743.55, 'target': 722.55}
2025-11-11 09:35:17,965 [INFO] after SL after filtering the final SL:5.25, final_target:722.55, qty:19
2025-11-11 09:35:19,954 [INFO] Order Response: {'code': 1101, 'message': 'Successfully placed order', 's': 'ok', 'id': '25111100057864-BO-1'}
2025-11-11 09:35:19,956 [INFO] Trades taken today: 5
2025-11-11 09:35:19,958 [INFO] Remaining trades for the day: 1
2025-11-11 09:35:19,958 [INFO] ✅ Order placed successfully for NSE:JSL-EQ
2025-11-11 09:35:33,701 [INFO] Checking trade setups at 2025-11-11 09:35:33
2025-11-11 09:35:33,701 [INFO] Applying EMA strategy to 6 stocks.
2025-11-11 09:35:47,525 [INFO] Checking trade setups at 2025-11-11 09:35:47
2025-11-11 09:35:47,525 [INFO] Applying EMA strategy to 6 stocks.
2025-11-11 09:36:01,964 [INFO] Checking trade setups at 2025-11-11 09:36:01
2025-11-11 09:36:01,965 [INFO] Applying EMA strategy to 6 stocks.
2025-11-11 09:36:17,200 [INFO] Checking trade setups at 2025-11-11 09:36:17
2025-11-11 09:36:17,200 [INFO] Applying EMA strategy to 6 stocks.
2025-11-11 09:36:34,339 [INFO] Checking trade setups at 2025-11-11 09:36:34
2025-11-11 09:36:34,339 [INFO] Applying EMA strategy to 6 stocks.
2025-11-11 09:36:48,352 [INFO] Checking trade setups at 2025-11-11 09:36:48
2025-11-11 09:36:48,352 [INFO] Applying EMA strategy to 6 stocks.
2025-11-11 09:37:02,393 [INFO] Checking trade setups at 2025-11-11 09:37:02
2025-11-11 09:37:02,393 [INFO] Applying EMA strategy to 6 stocks.
2025-11-11 09:37:19,036 [INFO] Checking trade setups at 2025-11-11 09:37:19
2025-11-11 09:37:19,036 [INFO] Applying EMA strategy to 6 stocks.
2025-11-11 09:37:32,589 [INFO] Checking trade setups at 2025-11-11 09:37:32
2025-11-11 09:37:32,589 [INFO] Applying EMA strategy to 6 stocks.
2025-11-11 09:37:47,232 [INFO] Checking trade setups at 2025-11-11 09:37:47
2025-11-11 09:37:47,232 [INFO] Applying EMA strategy to 6 stocks.
2025-11-11 09:38:01,277 [INFO] Checking trade setups at 2025-11-11 09:38:01
2025-11-11 09:38:01,277 [INFO] Applying EMA strategy to 6 stocks.
2025-11-11 09:38:15,904 [INFO] Checking trade setups at 2025-11-11 09:38:15
2025-11-11 09:38:15,905 [INFO] Applying EMA strategy to 6 stocks.
2025-11-11 09:38:30,460 [INFO] Checking trade setups at 2025-11-11 09:38:30
2025-11-11 09:38:30,460 [INFO] Applying EMA strategy to 6 stocks.
2025-11-11 09:38:47,140 [INFO] Checking trade setups at 2025-11-11 09:38:47
2025-11-11 09:38:47,140 [INFO] Applying EMA strategy to 6 stocks.
2025-11-11 09:39:02,002 [INFO] Checking trade setups at 2025-11-11 09:39:02
2025-11-11 09:39:02,002 [INFO] Applying EMA strategy to 6 stocks.
2025-11-11 09:39:16,842 [INFO] Checking trade setups at 2025-11-11 09:39:16
2025-11-11 09:39:16,842 [INFO] Applying EMA strategy to 6 stocks.
2025-11-11 09:39:31,073 [INFO] Checking trade setups at 2025-11-11 09:39:31
2025-11-11 09:39:31,073 [INFO] Applying EMA strategy to 6 stocks.
2025-11-11 09:39:45,991 [INFO] Checking trade setups at 2025-11-11 09:39:45
2025-11-11 09:39:45,991 [INFO] Applying EMA strategy to 6 stocks.
2025-11-11 09:40:01,194 [INFO] Checking trade setups at 2025-11-11 09:40:01
2025-11-11 09:40:01,194 [INFO] Applying EMA strategy to 6 stocks.
2025-11-11 09:40:15,105 [INFO] Checking trade setups at 2025-11-11 09:40:15
2025-11-11 09:40:15,105 [INFO] Applying EMA strategy to 6 stocks.
2025-11-11 09:40:30,701 [INFO] Checking trade setups at 2025-11-11 09:40:30
2025-11-11 09:40:30,701 [INFO] Applying EMA strategy to 6 stocks.
2025-11-11 09:40:44,503 [INFO] Checking trade setups at 2025-11-11 09:40:44
2025-11-11 09:40:44,503 [INFO] Applying EMA strategy to 6 stocks.
2025-11-11 09:41:00,058 [INFO] Checking trade setups at 2025-11-11 09:41:00
2025-11-11 09:41:00,058 [INFO] Applying EMA strategy to 6 stocks.
2025-11-11 09:41:14,007 [INFO] Checking trade setups at 2025-11-11 09:41:14
2025-11-11 09:41:14,007 [INFO] Applying EMA strategy to 6 stocks.
2025-11-11 09:41:29,257 [INFO] Checking trade setups at 2025-11-11 09:41:29
2025-11-11 09:41:29,258 [INFO] Applying EMA strategy to 6 stocks.
2025-11-11 09:41:42,766 [INFO] Checking trade setups at 2025-11-11 09:41:42
2025-11-11 09:41:42,766 [INFO] Applying EMA strategy to 6 stocks.
2025-11-11 09:41:56,716 [INFO] Checking trade setups at 2025-11-11 09:41:56
2025-11-11 09:41:56,716 [INFO] Applying EMA strategy to 6 stocks.
2025-11-11 09:42:11,229 [INFO] Checking trade setups at 2025-11-11 09:42:11
2025-11-11 09:42:11,229 [INFO] Applying EMA strategy to 6 stocks.
2025-11-11 09:42:25,577 [INFO] Checking trade setups at 2025-11-11 09:42:25
2025-11-11 09:42:25,577 [INFO] Applying EMA strategy to 6 stocks.
2025-11-11 09:42:41,036 [INFO] Checking trade setups at 2025-11-11 09:42:41
2025-11-11 09:42:41,036 [INFO] Applying EMA strategy to 6 stocks.
2025-11-11 09:42:54,857 [INFO] Checking trade setups at 2025-11-11 09:42:54
2025-11-11 09:42:54,857 [INFO] Applying EMA strategy to 6 stocks.
2025-11-11 09:43:08,986 [INFO] Checking trade setups at 2025-11-11 09:43:08
2025-11-11 09:43:08,986 [INFO] Applying EMA strategy to 6 stocks.
2025-11-11 09:43:22,510 [INFO] Checking trade setups at 2025-11-11 09:43:22
2025-11-11 09:43:22,510 [INFO] Applying EMA strategy to 6 stocks.
2025-11-11 09:43:39,503 [INFO] Checking trade setups at 2025-11-11 09:43:39
2025-11-11 09:43:39,503 [INFO] Applying EMA strategy to 6 stocks.
2025-11-11 09:43:53,644 [INFO] Checking trade setups at 2025-11-11 09:43:53
2025-11-11 09:43:53,644 [INFO] Applying EMA strategy to 6 stocks.
2025-11-11 09:44:08,035 [INFO] Checking trade setups at 2025-11-11 09:44:08
2025-11-11 09:44:08,036 [INFO] Applying EMA strategy to 6 stocks.
2025-11-11 09:44:24,457 [INFO] Checking trade setups at 2025-11-11 09:44:24
2025-11-11 09:44:24,457 [INFO] Applying EMA strategy to 6 stocks.
2025-11-11 09:44:40,229 [INFO] Checking trade setups at 2025-11-11 09:44:40
2025-11-11 09:44:40,229 [INFO] Applying EMA strategy to 6 stocks.
2025-11-11 09:44:57,340 [INFO] Checking trade setups at 2025-11-11 09:44:57
2025-11-11 09:44:57,340 [INFO] Applying EMA strategy to 6 stocks.
2025-11-11 09:45:11,851 [INFO] Checking trade setups at 2025-11-11 09:45:11
2025-11-11 09:45:11,851 [INFO] Applying EMA strategy to 6 stocks.
2025-11-11 09:45:26,462 [INFO] Checking trade setups at 2025-11-11 09:45:26
2025-11-11 09:45:26,462 [INFO] Applying EMA strategy to 6 stocks.
2025-11-11 09:45:41,410 [INFO] Checking trade setups at 2025-11-11 09:45:41
2025-11-11 09:45:41,410 [INFO] Applying EMA strategy to 6 stocks.
2025-11-11 09:45:55,190 [INFO] Checking trade setups at 2025-11-11 09:45:55
2025-11-11 09:45:55,190 [INFO] Applying EMA strategy to 6 stocks.
2025-11-11 09:46:10,240 [INFO] Checking trade setups at 2025-11-11 09:46:10
2025-11-11 09:46:10,240 [INFO] Applying EMA strategy to 6 stocks.
2025-11-11 09:46:24,267 [INFO] Checking trade setups at 2025-11-11 09:46:24
2025-11-11 09:46:24,268 [INFO] Applying EMA strategy to 6 stocks.
2025-11-11 09:46:38,743 [INFO] Checking trade setups at 2025-11-11 09:46:38
2025-11-11 09:46:38,743 [INFO] Applying EMA strategy to 6 stocks.
2025-11-11 09:46:53,461 [INFO] Checking trade setups at 2025-11-11 09:46:53
2025-11-11 09:46:53,461 [INFO] Applying EMA strategy to 6 stocks.
2025-11-11 09:47:08,311 [INFO] Checking trade setups at 2025-11-11 09:47:08
2025-11-11 09:47:08,311 [INFO] Applying EMA strategy to 6 stocks.
2025-11-11 09:47:21,715 [INFO] Checking trade setups at 2025-11-11 09:47:21
2025-11-11 09:47:21,715 [INFO] Applying EMA strategy to 6 stocks.
2025-11-11 09:47:35,159 [INFO] Checking trade setups at 2025-11-11 09:47:35
2025-11-11 09:47:35,159 [INFO] Applying EMA strategy to 6 stocks.
2025-11-11 09:47:50,405 [INFO] Checking trade setups at 2025-11-11 09:47:50
2025-11-11 09:47:50,405 [INFO] Applying EMA strategy to 6 stocks.
2025-11-11 09:48:05,347 [INFO] Checking trade setups at 2025-11-11 09:48:05
2025-11-11 09:48:05,347 [INFO] Applying EMA strategy to 6 stocks.
2025-11-11 09:48:20,305 [INFO] Checking trade setups at 2025-11-11 09:48:20
2025-11-11 09:48:20,305 [INFO] Applying EMA strategy to 6 stocks.
2025-11-11 09:48:33,932 [INFO] Checking trade setups at 2025-11-11 09:48:33
2025-11-11 09:48:33,932 [INFO] Applying EMA strategy to 6 stocks.
2025-11-11 09:48:48,795 [INFO] Checking trade setups at 2025-11-11 09:48:48
2025-11-11 09:48:48,795 [INFO] Applying EMA strategy to 6 stocks.
2025-11-11 09:49:03,004 [INFO] Checking trade setups at 2025-11-11 09:49:03
2025-11-11 09:49:03,004 [INFO] Applying EMA strategy to 6 stocks.
2025-11-11 09:49:17,441 [INFO] Checking trade setups at 2025-11-11 09:49:17
2025-11-11 09:49:17,441 [INFO] Applying EMA strategy to 6 stocks.
2025-11-11 09:49:32,312 [INFO] Checking trade setups at 2025-11-11 09:49:32
2025-11-11 09:49:32,312 [INFO] Applying EMA strategy to 6 stocks.
2025-11-11 09:49:46,515 [INFO] Checking trade setups at 2025-11-11 09:49:46
2025-11-11 09:49:46,515 [INFO] Applying EMA strategy to 6 stocks.
2025-11-11 09:50:01,060 [INFO] Checking trade setups at 2025-11-11 09:50:01
2025-11-11 09:50:01,060 [INFO] Applying EMA strategy to 6 stocks.
2025-11-11 09:50:16,651 [INFO] Checking trade setups at 2025-11-11 09:50:16
2025-11-11 09:50:16,651 [INFO] Applying EMA strategy to 6 stocks.
2025-11-11 09:50:31,599 [INFO] Checking trade setups at 2025-11-11 09:50:31
2025-11-11 09:50:31,599 [INFO] Applying EMA strategy to 6 stocks.
2025-11-11 09:50:45,935 [INFO] Checking trade setups at 2025-11-11 09:50:45
2025-11-11 09:50:45,935 [INFO] Applying EMA strategy to 6 stocks.
2025-11-11 09:50:59,950 [INFO] Checking trade setups at 2025-11-11 09:50:59
2025-11-11 09:50:59,950 [INFO] Applying EMA strategy to 6 stocks.
2025-11-11 09:51:15,709 [INFO] Checking trade setups at 2025-11-11 09:51:15
2025-11-11 09:51:15,709 [INFO] Applying EMA strategy to 6 stocks.
2025-11-11 09:51:30,554 [INFO] Checking trade setups at 2025-11-11 09:51:30
2025-11-11 09:51:30,554 [INFO] Applying EMA strategy to 6 stocks.
2025-11-11 09:51:45,512 [INFO] Checking trade setups at 2025-11-11 09:51:45
2025-11-11 09:51:45,512 [INFO] Applying EMA strategy to 6 stocks.
2025-11-11 09:52:00,160 [INFO] Checking trade setups at 2025-11-11 09:52:00
2025-11-11 09:52:00,160 [INFO] Applying EMA strategy to 6 stocks.
2025-11-11 09:52:16,744 [INFO] Checking trade setups at 2025-11-11 09:52:16
2025-11-11 09:52:16,744 [INFO] Applying EMA strategy to 6 stocks.
2025-11-11 09:52:30,999 [INFO] Checking trade setups at 2025-11-11 09:52:30
2025-11-11 09:52:30,999 [INFO] Applying EMA strategy to 6 stocks.
2025-11-11 09:52:45,616 [INFO] Checking trade setups at 2025-11-11 09:52:45
2025-11-11 09:52:45,616 [INFO] Applying EMA strategy to 6 stocks.
2025-11-11 09:53:01,292 [INFO] Checking trade setups at 2025-11-11 09:53:01
2025-11-11 09:53:01,292 [INFO] Applying EMA strategy to 6 stocks.
2025-11-11 09:53:17,126 [INFO] Checking trade setups at 2025-11-11 09:53:17
2025-11-11 09:53:17,126 [INFO] Applying EMA strategy to 6 stocks.
2025-11-11 09:53:32,019 [INFO] Checking trade setups at 2025-11-11 09:53:32
2025-11-11 09:53:32,019 [INFO] Applying EMA strategy to 6 stocks.
2025-11-11 09:53:46,630 [INFO] Checking trade setups at 2025-11-11 09:53:46
2025-11-11 09:53:46,630 [INFO] Applying EMA strategy to 6 stocks.
2025-11-11 09:54:03,035 [INFO] Checking trade setups at 2025-11-11 09:54:03
2025-11-11 09:54:03,035 [INFO] Applying EMA strategy to 6 stocks.
2025-11-11 09:54:18,446 [INFO] Checking trade setups at 2025-11-11 09:54:18
2025-11-11 09:54:18,446 [INFO] Applying EMA strategy to 6 stocks.
2025-11-11 09:54:33,863 [INFO] Checking trade setups at 2025-11-11 09:54:33
2025-11-11 09:54:33,863 [INFO] Applying EMA strategy to 6 stocks.
2025-11-11 09:54:37,692 [INFO] Executing trade for NSE:HEG-EQ: {'timestamp': '2025-11-11 09:50', 'action': 'SELL', 'entry_price': 552.3, 'stop_loss': 558.8, 'target': 532.8}
2025-11-11 09:54:37,692 [INFO] after SL after filtering the final SL:5.52, final_target:535.73, qty:18
2025-11-11 09:54:38,492 [INFO] Order Response: {'code': 1101, 'message': 'Successfully placed order', 's': 'ok', 'id': '25111100097789-BO-1'}
2025-11-11 09:54:38,495 [INFO] Trades taken today: 6
2025-11-11 09:54:38,495 [INFO] Remaining trades for the day: 0
2025-11-11 09:54:38,498 [INFO] ✅ Order placed successfully for NSE:HEG-EQ
2025-11-11 09:54:49,127 [INFO] Checking trade setups at 2025-11-11 09:54:49
2025-11-11 09:54:49,128 [INFO] Applying EMA strategy to 6 stocks.
2025-11-11 09:55:06,942 [INFO] Checking trade setups at 2025-11-11 09:55:06
2025-11-11 09:55:06,942 [INFO] Applying EMA strategy to 6 stocks.
2025-11-11 09:55:09,122 [INFO] Executing trade for NSE:IDEA-EQ: {'timestamp': '2025-11-11 09:55', 'action': 'SELL', 'entry_price': 9.97, 'stop_loss': 10.05, 'target': 9.73}
2025-11-11 09:55:09,130 [INFO] after SL after filtering the final SL:0.51, final_target:8.44, qty:196
2025-11-11 09:55:09,160 [INFO] Max trades reached. Skipping new orders.
2025-11-11 09:55:20,951 [INFO] Checking trade setups at 2025-11-11 09:55:20
2025-11-11 09:55:20,951 [INFO] Applying EMA strategy to 6 stocks.
2025-11-11 09:55:36,246 [INFO] Checking trade setups at 2025-11-11 09:55:36
2025-11-11 09:55:36,246 [INFO] Applying EMA strategy to 6 stocks.
2025-11-11 09:55:50,458 [INFO] Checking trade setups at 2025-11-11 09:55:50
2025-11-11 09:55:50,458 [INFO] Applying EMA strategy to 6 stocks.
2025-11-11 09:56:04,927 [INFO] Checking trade setups at 2025-11-11 09:56:04
2025-11-11 09:56:04,927 [INFO] Applying EMA strategy to 6 stocks.
2025-11-11 09:56:19,160 [INFO] Checking trade setups at 2025-11-11 09:56:19
2025-11-11 09:56:19,160 [INFO] Applying EMA strategy to 6 stocks.
2025-11-11 09:56:38,129 [INFO] Checking trade setups at 2025-11-11 09:56:38
2025-11-11 09:56:38,129 [INFO] Applying EMA strategy to 6 stocks.
2025-11-11 09:56:52,317 [INFO] Checking trade setups at 2025-11-11 09:56:52
2025-11-11 09:56:52,317 [INFO] Applying EMA strategy to 6 stocks.
2025-11-11 09:57:08,592 [INFO] Checking trade setups at 2025-11-11 09:57:08
2025-11-11 09:57:08,592 [INFO] Applying EMA strategy to 6 stocks.
2025-11-11 09:57:22,837 [INFO] Checking trade setups at 2025-11-11 09:57:22
2025-11-11 09:57:22,838 [INFO] Applying EMA strategy to 6 stocks.
2025-11-11 09:57:37,119 [INFO] Checking trade setups at 2025-11-11 09:57:37
2025-11-11 09:57:37,119 [INFO] Applying EMA strategy to 6 stocks.
2025-11-11 09:57:53,240 [INFO] Checking trade setups at 2025-11-11 09:57:53
2025-11-11 09:57:53,240 [INFO] Applying EMA strategy to 6 stocks.
2025-11-11 09:58:07,203 [INFO] Checking trade setups at 2025-11-11 09:58:07
2025-11-11 09:58:07,203 [INFO] Applying EMA strategy to 6 stocks.
2025-11-11 09:58:10,175 [INFO] Executing trade for NSE:KEC-EQ: {'timestamp': '2025-11-11 09:55', 'action': 'SELL', 'entry_price': 732, 'stop_loss': 739.35, 'target': 709.9499999999999}
2025-11-11 09:58:10,175 [INFO] after SL after filtering the final SL:7.32, final_target:710.04, qty:13
2025-11-11 09:58:10,192 [INFO] Max trades reached. Skipping new orders.
2025-11-11 09:58:12,440 [INFO] Fetching candles for NSE:TMPV-EQ...
2025-11-11 09:58:13,138 [INFO] No candles fetched for NSE:TMPV-EQ. Skipping evaluation.
2025-11-11 09:58:13,140 [INFO] Error in trading logic:
Traceback (most recent call last):
  File "D:\Datascience\TradingBot\main.py", line 149, in main
    tamo_signal, _ = tamo_strategy.evaluate_trade_signal()
    ^^^^^^^^^^^^^^
TypeError: cannot unpack non-iterable bool object

2025-11-11 09:58:23,144 [INFO] Checking trade setups at 2025-11-11 09:58:23
2025-11-11 09:58:23,144 [INFO] Applying EMA strategy to 6 stocks.
2025-11-11 09:58:28,409 [INFO] Fetching candles for NSE:TMPV-EQ...
2025-11-11 09:58:29,014 [INFO] No candles fetched for NSE:TMPV-EQ. Skipping evaluation.
2025-11-11 09:58:29,014 [INFO] Error in trading logic:
Traceback (most recent call last):
  File "D:\Datascience\TradingBot\main.py", line 149, in main
    tamo_signal, _ = tamo_strategy.evaluate_trade_signal()
    ^^^^^^^^^^^^^^
TypeError: cannot unpack non-iterable bool object

2025-11-11 09:58:39,017 [INFO] Checking trade setups at 2025-11-11 09:58:39
2025-11-11 09:58:39,017 [INFO] Applying EMA strategy to 6 stocks.
2025-11-11 09:58:45,918 [INFO] Fetching candles for NSE:TMPV-EQ...
2025-11-11 09:58:46,829 [INFO] No candles fetched for NSE:TMPV-EQ. Skipping evaluation.
2025-11-11 09:58:46,831 [INFO] Error in trading logic:
Traceback (most recent call last):
  File "D:\Datascience\TradingBot\main.py", line 149, in main
    tamo_signal, _ = tamo_strategy.evaluate_trade_signal()
    ^^^^^^^^^^^^^^
TypeError: cannot unpack non-iterable bool object

2025-11-11 09:58:56,832 [INFO] Checking trade setups at 2025-11-11 09:58:56
2025-11-11 09:58:56,832 [INFO] Applying EMA strategy to 6 stocks.
2025-11-11 09:59:00,868 [INFO] Fetching candles for NSE:TMPV-EQ...
2025-11-11 09:59:01,378 [INFO] No candles fetched for NSE:TMPV-EQ. Skipping evaluation.
2025-11-11 09:59:01,380 [INFO] Error in trading logic:
Traceback (most recent call last):
  File "D:\Datascience\TradingBot\main.py", line 149, in main
    tamo_signal, _ = tamo_strategy.evaluate_trade_signal()
    ^^^^^^^^^^^^^^
TypeError: cannot unpack non-iterable bool object

2025-11-11 09:59:11,383 [INFO] Checking trade setups at 2025-11-11 09:59:11
2025-11-11 09:59:11,383 [INFO] Applying EMA strategy to 6 stocks.
2025-11-11 09:59:16,031 [INFO] Fetching candles for NSE:TMPV-EQ...
2025-11-11 09:59:17,242 [INFO] No candles fetched for NSE:TMPV-EQ. Skipping evaluation.
2025-11-11 09:59:17,245 [INFO] Error in trading logic:
Traceback (most recent call last):
  File "D:\Datascience\TradingBot\main.py", line 149, in main
    tamo_signal, _ = tamo_strategy.evaluate_trade_signal()
    ^^^^^^^^^^^^^^
TypeError: cannot unpack non-iterable bool object

2025-11-11 09:59:27,246 [INFO] Checking trade setups at 2025-11-11 09:59:27
2025-11-11 09:59:27,246 [INFO] Applying EMA strategy to 6 stocks.
2025-11-11 09:59:31,453 [INFO] Fetching candles for NSE:TMPV-EQ...
2025-11-11 09:59:32,435 [INFO] No candles fetched for NSE:TMPV-EQ. Skipping evaluation.
2025-11-11 09:59:32,439 [INFO] Error in trading logic:
Traceback (most recent call last):
  File "D:\Datascience\TradingBot\main.py", line 149, in main
    tamo_signal, _ = tamo_strategy.evaluate_trade_signal()
    ^^^^^^^^^^^^^^
TypeError: cannot unpack non-iterable bool object

2025-11-11 09:59:42,441 [INFO] Checking trade setups at 2025-11-11 09:59:42
2025-11-11 09:59:42,441 [INFO] Applying EMA strategy to 6 stocks.
2025-11-11 09:59:47,569 [INFO] Fetching candles for NSE:TMPV-EQ...
2025-11-11 09:59:48,380 [INFO] No candles fetched for NSE:TMPV-EQ. Skipping evaluation.
2025-11-11 09:59:48,380 [INFO] Error in trading logic:
Traceback (most recent call last):
  File "D:\Datascience\TradingBot\main.py", line 149, in main
    tamo_signal, _ = tamo_strategy.evaluate_trade_signal()
    ^^^^^^^^^^^^^^
TypeError: cannot unpack non-iterable bool object

2025-11-11 09:59:58,382 [INFO] Checking trade setups at 2025-11-11 09:59:58
2025-11-11 09:59:58,383 [INFO] Applying EMA strategy to 6 stocks.
2025-11-11 10:00:03,021 [INFO] Fetching candles for NSE:TMPV-EQ...
2025-11-11 10:00:03,733 [INFO] Trigger candle found for NSE:TMPV-EQ - High: 404.75, Low: 404.5
2025-11-11 10:00:03,733 [INFO] Candle 10:00 evaluated. High: 404.75, Low: 404.5
2025-11-11 10:00:03,733 [INFO] No breakout yet. Watching further candles...
2025-11-11 10:00:03,737 [INFO] Error in trading logic:
Traceback (most recent call last):
  File "D:\Datascience\TradingBot\main.py", line 149, in main
    tamo_signal, _ = tamo_strategy.evaluate_trade_signal()
    ^^^^^^^^^^^^^^
TypeError: cannot unpack non-iterable NoneType object

2025-11-11 10:00:13,738 [INFO] Checking trade setups at 2025-11-11 10:00:13
2025-11-11 10:00:13,738 [INFO] Applying EMA strategy to 6 stocks.
2025-11-11 10:00:21,186 [INFO] Fetching candles for NSE:TMPV-EQ...
2025-11-11 10:00:22,496 [INFO] Trigger candle found for NSE:TMPV-EQ - High: 404.75, Low: 403.9
2025-11-11 10:00:22,496 [INFO] Candle 10:00 evaluated. High: 404.75, Low: 403.9
2025-11-11 10:00:22,496 [INFO] No breakout yet. Watching further candles...
2025-11-11 10:00:22,498 [INFO] Error in trading logic:
Traceback (most recent call last):
  File "D:\Datascience\TradingBot\main.py", line 149, in main
    tamo_signal, _ = tamo_strategy.evaluate_trade_signal()
    ^^^^^^^^^^^^^^
TypeError: cannot unpack non-iterable NoneType object

2025-11-11 10:00:32,499 [INFO] Checking trade setups at 2025-11-11 10:00:32
2025-11-11 10:00:32,499 [INFO] Applying EMA strategy to 6 stocks.
2025-11-11 10:00:36,924 [INFO] Fetching candles for NSE:TMPV-EQ...
2025-11-11 10:00:38,218 [INFO] Trigger candle found for NSE:TMPV-EQ - High: 404.75, Low: 403.9
2025-11-11 10:00:38,218 [INFO] Candle 10:00 evaluated. High: 404.75, Low: 403.9
2025-11-11 10:00:38,218 [INFO] No breakout yet. Watching further candles...
2025-11-11 10:00:38,222 [INFO] Error in trading logic:
Traceback (most recent call last):
  File "D:\Datascience\TradingBot\main.py", line 149, in main
    tamo_signal, _ = tamo_strategy.evaluate_trade_signal()
    ^^^^^^^^^^^^^^
TypeError: cannot unpack non-iterable NoneType object

2025-11-11 10:00:48,223 [INFO] Checking trade setups at 2025-11-11 10:00:48
2025-11-11 10:00:48,224 [INFO] Applying EMA strategy to 6 stocks.
2025-11-11 10:00:53,001 [INFO] Fetching candles for NSE:TMPV-EQ...
2025-11-11 10:00:53,951 [INFO] Trigger candle found for NSE:TMPV-EQ - High: 404.75, Low: 403.9
2025-11-11 10:00:53,951 [INFO] Candle 10:00 evaluated. High: 404.75, Low: 403.9
2025-11-11 10:00:53,951 [INFO] No breakout yet. Watching further candles...
2025-11-11 10:00:53,951 [INFO] Error in trading logic:
Traceback (most recent call last):
  File "D:\Datascience\TradingBot\main.py", line 149, in main
    tamo_signal, _ = tamo_strategy.evaluate_trade_signal()
    ^^^^^^^^^^^^^^
TypeError: cannot unpack non-iterable NoneType object

2025-11-11 10:01:03,956 [INFO] Checking trade setups at 2025-11-11 10:01:03
2025-11-11 10:01:03,956 [INFO] Applying EMA strategy to 6 stocks.
2025-11-11 10:01:08,966 [INFO] Fetching candles for NSE:TMPV-EQ...
2025-11-11 10:01:09,803 [INFO] Trigger candle found for NSE:TMPV-EQ - High: 404.75, Low: 403.9
2025-11-11 10:01:09,803 [INFO] Candle 10:00 evaluated. High: 404.75, Low: 403.9
2025-11-11 10:01:09,803 [INFO] No breakout yet. Watching further candles...
2025-11-11 10:01:09,803 [INFO] Error in trading logic:
Traceback (most recent call last):
  File "D:\Datascience\TradingBot\main.py", line 149, in main
    tamo_signal, _ = tamo_strategy.evaluate_trade_signal()
    ^^^^^^^^^^^^^^
TypeError: cannot unpack non-iterable NoneType object

2025-11-11 10:01:19,807 [INFO] Checking trade setups at 2025-11-11 10:01:19
2025-11-11 10:01:19,807 [INFO] Applying EMA strategy to 6 stocks.
2025-11-11 10:01:24,745 [INFO] Fetching candles for NSE:TMPV-EQ...
2025-11-11 10:01:25,251 [INFO] Trigger candle found for NSE:TMPV-EQ - High: 404.75, Low: 403.9
2025-11-11 10:01:25,251 [INFO] Candle 10:00 evaluated. High: 404.75, Low: 403.9
2025-11-11 10:01:25,251 [INFO] No breakout yet. Watching further candles...
2025-11-11 10:01:25,253 [INFO] Error in trading logic:
Traceback (most recent call last):
  File "D:\Datascience\TradingBot\main.py", line 149, in main
    tamo_signal, _ = tamo_strategy.evaluate_trade_signal()
    ^^^^^^^^^^^^^^
TypeError: cannot unpack non-iterable NoneType object

2025-11-11 10:01:35,254 [INFO] Checking trade setups at 2025-11-11 10:01:35
2025-11-11 10:01:35,254 [INFO] Applying EMA strategy to 6 stocks.
2025-11-11 10:01:41,335 [INFO] Fetching candles for NSE:TMPV-EQ...
2025-11-11 10:01:42,056 [INFO] Trigger candle found for NSE:TMPV-EQ - High: 404.75, Low: 403.9
2025-11-11 10:01:42,056 [INFO] Candle 10:00 evaluated. High: 404.75, Low: 403.9
2025-11-11 10:01:42,056 [INFO] No breakout yet. Watching further candles...
2025-11-11 10:01:42,056 [INFO] Error in trading logic:
Traceback (most recent call last):
  File "D:\Datascience\TradingBot\main.py", line 149, in main
    tamo_signal, _ = tamo_strategy.evaluate_trade_signal()
    ^^^^^^^^^^^^^^
TypeError: cannot unpack non-iterable NoneType object

2025-11-11 10:01:52,061 [INFO] Checking trade setups at 2025-11-11 10:01:52
2025-11-11 10:01:52,061 [INFO] Applying EMA strategy to 6 stocks.
2025-11-11 10:01:57,114 [INFO] Fetching candles for NSE:TMPV-EQ...
2025-11-11 10:01:57,815 [INFO] Trigger candle found for NSE:TMPV-EQ - High: 404.75, Low: 403.9
2025-11-11 10:01:57,815 [INFO] Candle 10:00 evaluated. High: 404.75, Low: 403.9
2025-11-11 10:01:57,815 [INFO] No breakout yet. Watching further candles...
2025-11-11 10:01:57,815 [INFO] Error in trading logic:
Traceback (most recent call last):
  File "D:\Datascience\TradingBot\main.py", line 149, in main
    tamo_signal, _ = tamo_strategy.evaluate_trade_signal()
    ^^^^^^^^^^^^^^
TypeError: cannot unpack non-iterable NoneType object

2025-11-11 10:02:07,819 [INFO] Checking trade setups at 2025-11-11 10:02:07
2025-11-11 10:02:07,819 [INFO] Applying EMA strategy to 6 stocks.
2025-11-11 10:02:11,949 [INFO] Fetching candles for NSE:TMPV-EQ...
2025-11-11 10:02:12,849 [INFO] Trigger candle found for NSE:TMPV-EQ - High: 404.75, Low: 403.9
2025-11-11 10:02:12,851 [INFO] Candle 10:00 evaluated. High: 404.75, Low: 403.9
2025-11-11 10:02:12,851 [INFO] No breakout yet. Watching further candles...
2025-11-11 10:02:12,853 [INFO] Error in trading logic:
Traceback (most recent call last):
  File "D:\Datascience\TradingBot\main.py", line 149, in main
    tamo_signal, _ = tamo_strategy.evaluate_trade_signal()
    ^^^^^^^^^^^^^^
TypeError: cannot unpack non-iterable NoneType object

2025-11-11 10:02:22,854 [INFO] Checking trade setups at 2025-11-11 10:02:22
2025-11-11 10:02:22,854 [INFO] Applying EMA strategy to 6 stocks.
2025-11-11 10:02:27,580 [INFO] Fetching candles for NSE:TMPV-EQ...
2025-11-11 10:02:28,570 [INFO] Trigger candle found for NSE:TMPV-EQ - High: 404.75, Low: 403.9
2025-11-11 10:02:28,572 [INFO] Candle 10:00 evaluated. High: 404.75, Low: 403.9
2025-11-11 10:02:28,572 [INFO] No breakout yet. Watching further candles...
2025-11-11 10:02:28,573 [INFO] Error in trading logic:
Traceback (most recent call last):
  File "D:\Datascience\TradingBot\main.py", line 149, in main
    tamo_signal, _ = tamo_strategy.evaluate_trade_signal()
    ^^^^^^^^^^^^^^
TypeError: cannot unpack non-iterable NoneType object

2025-11-11 10:02:38,574 [INFO] Checking trade setups at 2025-11-11 10:02:38
2025-11-11 10:02:38,574 [INFO] Applying EMA strategy to 6 stocks.
2025-11-11 10:02:43,494 [INFO] Fetching candles for NSE:TMPV-EQ...
2025-11-11 10:02:44,114 [INFO] Trigger candle found for NSE:TMPV-EQ - High: 404.75, Low: 403.9
2025-11-11 10:02:44,114 [INFO] Candle 10:00 evaluated. High: 404.75, Low: 403.9
2025-11-11 10:02:44,114 [INFO] No breakout yet. Watching further candles...
2025-11-11 10:02:44,114 [INFO] Error in trading logic:
Traceback (most recent call last):
  File "D:\Datascience\TradingBot\main.py", line 149, in main
    tamo_signal, _ = tamo_strategy.evaluate_trade_signal()
    ^^^^^^^^^^^^^^
TypeError: cannot unpack non-iterable NoneType object

2025-11-11 10:02:54,118 [INFO] Checking trade setups at 2025-11-11 10:02:54
2025-11-11 10:02:54,118 [INFO] Applying EMA strategy to 6 stocks.
2025-11-11 10:02:58,803 [INFO] Fetching candles for NSE:TMPV-EQ...
2025-11-11 10:02:59,501 [INFO] Trigger candle found for NSE:TMPV-EQ - High: 404.75, Low: 403.9
2025-11-11 10:02:59,501 [INFO] Candle 10:00 evaluated. High: 404.75, Low: 403.9
2025-11-11 10:02:59,501 [INFO] No breakout yet. Watching further candles...
2025-11-11 10:02:59,501 [INFO] Error in trading logic:
Traceback (most recent call last):
  File "D:\Datascience\TradingBot\main.py", line 149, in main
    tamo_signal, _ = tamo_strategy.evaluate_trade_signal()
    ^^^^^^^^^^^^^^
TypeError: cannot unpack non-iterable NoneType object

2025-11-11 10:03:09,505 [INFO] Checking trade setups at 2025-11-11 10:03:09
2025-11-11 10:03:09,505 [INFO] Applying EMA strategy to 6 stocks.
2025-11-11 10:03:15,148 [INFO] Fetching candles for NSE:TMPV-EQ...
2025-11-11 10:03:16,668 [INFO] Trigger candle found for NSE:TMPV-EQ - High: 404.75, Low: 403.9
2025-11-11 10:03:16,668 [INFO] Candle 10:00 evaluated. High: 404.75, Low: 403.9
2025-11-11 10:03:16,668 [INFO] No breakout yet. Watching further candles...
2025-11-11 10:03:16,668 [INFO] Error in trading logic:
Traceback (most recent call last):
  File "D:\Datascience\TradingBot\main.py", line 149, in main
    tamo_signal, _ = tamo_strategy.evaluate_trade_signal()
    ^^^^^^^^^^^^^^
TypeError: cannot unpack non-iterable NoneType object

2025-11-11 10:03:26,672 [INFO] Checking trade setups at 2025-11-11 10:03:26
2025-11-11 10:03:26,672 [INFO] Applying EMA strategy to 6 stocks.
2025-11-11 10:03:31,107 [INFO] Fetching candles for NSE:TMPV-EQ...
2025-11-11 10:03:31,782 [INFO] Trigger candle found for NSE:TMPV-EQ - High: 404.75, Low: 403.9
2025-11-11 10:03:31,782 [INFO] Candle 10:00 evaluated. High: 404.75, Low: 403.9
2025-11-11 10:03:31,782 [INFO] No breakout yet. Watching further candles...
2025-11-11 10:03:31,782 [INFO] Error in trading logic:
Traceback (most recent call last):
  File "D:\Datascience\TradingBot\main.py", line 149, in main
    tamo_signal, _ = tamo_strategy.evaluate_trade_signal()
    ^^^^^^^^^^^^^^
TypeError: cannot unpack non-iterable NoneType object

2025-11-11 10:03:41,789 [INFO] Checking trade setups at 2025-11-11 10:03:41
2025-11-11 10:03:41,789 [INFO] Applying EMA strategy to 6 stocks.
2025-11-11 10:03:48,616 [INFO] Fetching candles for NSE:TMPV-EQ...
2025-11-11 10:03:49,254 [INFO] Trigger candle found for NSE:TMPV-EQ - High: 404.75, Low: 403.9
2025-11-11 10:03:49,254 [INFO] Candle 10:00 evaluated. High: 404.75, Low: 403.9
2025-11-11 10:03:49,254 [INFO] No breakout yet. Watching further candles...
2025-11-11 10:03:49,256 [INFO] Error in trading logic:
Traceback (most recent call last):
  File "D:\Datascience\TradingBot\main.py", line 149, in main
    tamo_signal, _ = tamo_strategy.evaluate_trade_signal()
    ^^^^^^^^^^^^^^
TypeError: cannot unpack non-iterable NoneType object

2025-11-11 10:03:59,257 [INFO] Checking trade setups at 2025-11-11 10:03:59
2025-11-11 10:03:59,257 [INFO] Applying EMA strategy to 6 stocks.
2025-11-11 10:04:03,263 [INFO] Fetching candles for NSE:TMPV-EQ...
2025-11-11 10:04:03,777 [INFO] Trigger candle found for NSE:TMPV-EQ - High: 404.75, Low: 403.9
2025-11-11 10:04:03,777 [INFO] Candle 10:00 evaluated. High: 404.75, Low: 403.9
2025-11-11 10:04:03,777 [INFO] No breakout yet. Watching further candles...
2025-11-11 10:04:03,777 [INFO] Error in trading logic:
Traceback (most recent call last):
  File "D:\Datascience\TradingBot\main.py", line 149, in main
    tamo_signal, _ = tamo_strategy.evaluate_trade_signal()
    ^^^^^^^^^^^^^^
TypeError: cannot unpack non-iterable NoneType object

2025-11-11 10:04:13,782 [INFO] Checking trade setups at 2025-11-11 10:04:13
2025-11-11 10:04:13,782 [INFO] Applying EMA strategy to 6 stocks.
2025-11-11 10:04:20,761 [INFO] Fetching candles for NSE:TMPV-EQ...
2025-11-11 10:04:21,379 [INFO] Trigger candle found for NSE:TMPV-EQ - High: 404.75, Low: 403.9
2025-11-11 10:04:21,382 [INFO] Candle 10:00 evaluated. High: 404.75, Low: 403.9
2025-11-11 10:04:21,382 [INFO] No breakout yet. Watching further candles...
2025-11-11 10:04:21,382 [INFO] Error in trading logic:
Traceback (most recent call last):
  File "D:\Datascience\TradingBot\main.py", line 149, in main
    tamo_signal, _ = tamo_strategy.evaluate_trade_signal()
    ^^^^^^^^^^^^^^
TypeError: cannot unpack non-iterable NoneType object

2025-11-11 10:04:31,384 [INFO] Checking trade setups at 2025-11-11 10:04:31
2025-11-11 10:04:31,384 [INFO] Applying EMA strategy to 6 stocks.
2025-11-11 10:04:36,494 [INFO] Fetching candles for NSE:TMPV-EQ...
2025-11-11 10:04:37,586 [INFO] Trigger candle found for NSE:TMPV-EQ - High: 404.75, Low: 403.9
2025-11-11 10:04:37,587 [INFO] Candle 10:00 evaluated. High: 404.75, Low: 403.9
2025-11-11 10:04:37,587 [INFO] No breakout yet. Watching further candles...
2025-11-11 10:04:37,588 [INFO] Error in trading logic:
Traceback (most recent call last):
  File "D:\Datascience\TradingBot\main.py", line 149, in main
    tamo_signal, _ = tamo_strategy.evaluate_trade_signal()
    ^^^^^^^^^^^^^^
TypeError: cannot unpack non-iterable NoneType object

2025-11-11 10:04:47,589 [INFO] Checking trade setups at 2025-11-11 10:04:47
2025-11-11 10:04:47,589 [INFO] Applying EMA strategy to 6 stocks.
2025-11-11 10:04:54,974 [INFO] Fetching candles for NSE:TMPV-EQ...
2025-11-11 10:04:55,484 [INFO] Trigger candle found for NSE:TMPV-EQ - High: 404.75, Low: 403.9
2025-11-11 10:04:55,484 [INFO] Candle 10:00 evaluated. High: 404.75, Low: 403.9
2025-11-11 10:04:55,484 [INFO] No breakout yet. Watching further candles...
2025-11-11 10:04:55,484 [INFO] Error in trading logic:
Traceback (most recent call last):
  File "D:\Datascience\TradingBot\main.py", line 149, in main
    tamo_signal, _ = tamo_strategy.evaluate_trade_signal()
    ^^^^^^^^^^^^^^
TypeError: cannot unpack non-iterable NoneType object

2025-11-11 10:05:05,488 [INFO] Checking trade setups at 2025-11-11 10:05:05
2025-11-11 10:05:05,488 [INFO] Applying EMA strategy to 6 stocks.
2025-11-11 10:05:09,627 [INFO] Fetching candles for NSE:TMPV-EQ...
2025-11-11 10:05:10,424 [INFO] Trigger candle found for NSE:TMPV-EQ - High: 404.75, Low: 403.9
2025-11-11 10:05:10,424 [INFO] Candle 10:00 evaluated. High: 404.75, Low: 403.9
2025-11-11 10:05:10,424 [INFO] No breakout yet. Watching further candles...
2025-11-11 10:05:10,430 [INFO] Candle 10:05 evaluated. High: 404.2, Low: 404
2025-11-11 10:05:10,430 [INFO] No breakout yet. Watching further candles...
2025-11-11 10:05:10,430 [INFO] Error in trading logic:
Traceback (most recent call last):
  File "D:\Datascience\TradingBot\main.py", line 149, in main
    tamo_signal, _ = tamo_strategy.evaluate_trade_signal()
    ^^^^^^^^^^^^^^
TypeError: cannot unpack non-iterable NoneType object

2025-11-11 10:05:20,433 [INFO] Checking trade setups at 2025-11-11 10:05:20
2025-11-11 10:05:20,433 [INFO] Applying EMA strategy to 6 stocks.
2025-11-11 10:05:25,388 [INFO] Fetching candles for NSE:TMPV-EQ...
2025-11-11 10:05:25,901 [INFO] Trigger candle found for NSE:TMPV-EQ - High: 404.75, Low: 403.9
2025-11-11 10:05:25,901 [INFO] Candle 10:00 evaluated. High: 404.75, Low: 403.9
2025-11-11 10:05:25,901 [INFO] No breakout yet. Watching further candles...
2025-11-11 10:05:25,901 [INFO] Candle 10:05 evaluated. High: 404.2, Low: 403.9
2025-11-11 10:05:25,901 [INFO] No breakout yet. Watching further candles...
2025-11-11 10:05:25,901 [INFO] Error in trading logic:
Traceback (most recent call last):
  File "D:\Datascience\TradingBot\main.py", line 149, in main
    tamo_signal, _ = tamo_strategy.evaluate_trade_signal()
    ^^^^^^^^^^^^^^
TypeError: cannot unpack non-iterable NoneType object

2025-11-11 10:05:35,904 [INFO] Checking trade setups at 2025-11-11 10:05:35
2025-11-11 10:05:35,904 [INFO] Applying EMA strategy to 6 stocks.
2025-11-11 10:05:41,169 [INFO] Fetching candles for NSE:TMPV-EQ...
2025-11-11 10:05:42,286 [INFO] Trigger candle found for NSE:TMPV-EQ - High: 404.75, Low: 403.9
2025-11-11 10:05:42,288 [INFO] Candle 10:00 evaluated. High: 404.75, Low: 403.9
2025-11-11 10:05:42,288 [INFO] No breakout yet. Watching further candles...
2025-11-11 10:05:42,288 [INFO] Candle 10:05 evaluated. High: 404.2, Low: 403.9
2025-11-11 10:05:42,288 [INFO] No breakout yet. Watching further candles...
2025-11-11 10:05:42,288 [INFO] Error in trading logic:
Traceback (most recent call last):
  File "D:\Datascience\TradingBot\main.py", line 149, in main
    tamo_signal, _ = tamo_strategy.evaluate_trade_signal()
    ^^^^^^^^^^^^^^
TypeError: cannot unpack non-iterable NoneType object

2025-11-11 10:05:52,292 [INFO] Checking trade setups at 2025-11-11 10:05:52
2025-11-11 10:05:52,292 [INFO] Applying EMA strategy to 6 stocks.
2025-11-11 10:05:56,457 [INFO] Fetching candles for NSE:TMPV-EQ...
2025-11-11 10:05:57,133 [INFO] Trigger candle found for NSE:TMPV-EQ - High: 404.75, Low: 403.9
2025-11-11 10:05:57,133 [INFO] Candle 10:00 evaluated. High: 404.75, Low: 403.9
2025-11-11 10:05:57,133 [INFO] No breakout yet. Watching further candles...
2025-11-11 10:05:57,133 [INFO] Candle 10:05 evaluated. High: 404.3, Low: 403.9
2025-11-11 10:05:57,133 [INFO] No breakout yet. Watching further candles...
2025-11-11 10:05:57,137 [INFO] Error in trading logic:
Traceback (most recent call last):
  File "D:\Datascience\TradingBot\main.py", line 149, in main
    tamo_signal, _ = tamo_strategy.evaluate_trade_signal()
    ^^^^^^^^^^^^^^
TypeError: cannot unpack non-iterable NoneType object

2025-11-11 10:06:07,138 [INFO] Checking trade setups at 2025-11-11 10:06:07
2025-11-11 10:06:07,138 [INFO] Applying EMA strategy to 6 stocks.
2025-11-11 10:06:13,842 [INFO] Fetching candles for NSE:TMPV-EQ...
2025-11-11 10:06:14,646 [INFO] Trigger candle found for NSE:TMPV-EQ - High: 404.75, Low: 403.9
2025-11-11 10:06:14,646 [INFO] Candle 10:00 evaluated. High: 404.75, Low: 403.9
2025-11-11 10:06:14,646 [INFO] No breakout yet. Watching further candles...
2025-11-11 10:06:14,649 [INFO] Candle 10:05 evaluated. High: 404.35, Low: 403.9
2025-11-11 10:06:14,649 [INFO] No breakout yet. Watching further candles...
2025-11-11 10:06:14,650 [INFO] Error in trading logic:
Traceback (most recent call last):
  File "D:\Datascience\TradingBot\main.py", line 149, in main
    tamo_signal, _ = tamo_strategy.evaluate_trade_signal()
    ^^^^^^^^^^^^^^
TypeError: cannot unpack non-iterable NoneType object

2025-11-11 10:06:24,652 [INFO] Checking trade setups at 2025-11-11 10:06:24
2025-11-11 10:06:24,652 [INFO] Applying EMA strategy to 6 stocks.
2025-11-11 10:06:29,086 [INFO] Fetching candles for NSE:TMPV-EQ...
2025-11-11 10:06:29,592 [INFO] Trigger candle found for NSE:TMPV-EQ - High: 404.75, Low: 403.9
2025-11-11 10:06:29,592 [INFO] Candle 10:00 evaluated. High: 404.75, Low: 403.9
2025-11-11 10:06:29,592 [INFO] No breakout yet. Watching further candles...
2025-11-11 10:06:29,592 [INFO] Candle 10:05 evaluated. High: 404.35, Low: 403.9
2025-11-11 10:06:29,592 [INFO] No breakout yet. Watching further candles...
2025-11-11 10:06:29,596 [INFO] Error in trading logic:
Traceback (most recent call last):
  File "D:\Datascience\TradingBot\main.py", line 149, in main
    tamo_signal, _ = tamo_strategy.evaluate_trade_signal()
    ^^^^^^^^^^^^^^
TypeError: cannot unpack non-iterable NoneType object

2025-11-11 10:06:39,597 [INFO] Checking trade setups at 2025-11-11 10:06:39
2025-11-11 10:06:39,597 [INFO] Applying EMA strategy to 6 stocks.
2025-11-11 10:06:46,959 [INFO] Fetching candles for NSE:TMPV-EQ...
2025-11-11 10:06:48,326 [INFO] Trigger candle found for NSE:TMPV-EQ - High: 404.75, Low: 403.9
2025-11-11 10:06:48,326 [INFO] Candle 10:00 evaluated. High: 404.75, Low: 403.9
2025-11-11 10:06:48,326 [INFO] No breakout yet. Watching further candles...
2025-11-11 10:06:48,326 [INFO] Candle 10:05 evaluated. High: 404.35, Low: 403.9
2025-11-11 10:06:48,331 [INFO] No breakout yet. Watching further candles...
2025-11-11 10:06:48,331 [INFO] Error in trading logic:
Traceback (most recent call last):
  File "D:\Datascience\TradingBot\main.py", line 149, in main
    tamo_signal, _ = tamo_strategy.evaluate_trade_signal()
    ^^^^^^^^^^^^^^
TypeError: cannot unpack non-iterable NoneType object

2025-11-11 10:06:58,333 [INFO] Checking trade setups at 2025-11-11 10:06:58
2025-11-11 10:06:58,333 [INFO] Applying EMA strategy to 6 stocks.
2025-11-11 10:07:00,418 [INFO] Executing trade for NSE:IDEA-EQ: {'timestamp': '2025-11-11 10:05', 'action': 'SELL', 'entry_price': 10, 'stop_loss': 10.08, 'target': 9.76}
2025-11-11 10:07:00,418 [INFO] after SL after filtering the final SL:0.51, final_target:8.47, qty:196
2025-11-11 10:07:00,430 [INFO] Max trades reached. Skipping new orders.
2025-11-11 10:07:02,896 [INFO] Fetching candles for NSE:TMPV-EQ...
2025-11-11 10:07:03,879 [INFO] Trigger candle found for NSE:TMPV-EQ - High: 404.75, Low: 403.9
2025-11-11 10:07:03,881 [INFO] Candle 10:00 evaluated. High: 404.75, Low: 403.9
2025-11-11 10:07:03,881 [INFO] No breakout yet. Watching further candles...
2025-11-11 10:07:03,881 [INFO] Candle 10:05 evaluated. High: 404.35, Low: 403.9
2025-11-11 10:07:03,881 [INFO] No breakout yet. Watching further candles...
2025-11-11 10:07:03,881 [INFO] Error in trading logic:
Traceback (most recent call last):
  File "D:\Datascience\TradingBot\main.py", line 149, in main
    tamo_signal, _ = tamo_strategy.evaluate_trade_signal()
    ^^^^^^^^^^^^^^
TypeError: cannot unpack non-iterable NoneType object

2025-11-11 10:07:13,885 [INFO] Checking trade setups at 2025-11-11 10:07:13
2025-11-11 10:07:13,885 [INFO] Applying EMA strategy to 6 stocks.
2025-11-11 10:07:19,169 [INFO] Fetching candles for NSE:TMPV-EQ...
2025-11-11 10:07:19,821 [INFO] Trigger candle found for NSE:TMPV-EQ - High: 404.75, Low: 403.9
2025-11-11 10:07:19,821 [INFO] Candle 10:00 evaluated. High: 404.75, Low: 403.9
2025-11-11 10:07:19,821 [INFO] No breakout yet. Watching further candles...
2025-11-11 10:07:19,821 [INFO] Candle 10:05 evaluated. High: 404.35, Low: 403.9
2025-11-11 10:07:19,821 [INFO] No breakout yet. Watching further candles...
2025-11-11 10:07:19,823 [INFO] Error in trading logic:
Traceback (most recent call last):
  File "D:\Datascience\TradingBot\main.py", line 149, in main
    tamo_signal, _ = tamo_strategy.evaluate_trade_signal()
    ^^^^^^^^^^^^^^
TypeError: cannot unpack non-iterable NoneType object

2025-11-11 10:07:29,824 [INFO] Checking trade setups at 2025-11-11 10:07:29
2025-11-11 10:07:29,824 [INFO] Applying EMA strategy to 6 stocks.
2025-11-11 10:07:34,421 [INFO] Fetching candles for NSE:TMPV-EQ...
2025-11-11 10:07:35,259 [INFO] Trigger candle found for NSE:TMPV-EQ - High: 404.75, Low: 403.9
2025-11-11 10:07:35,259 [INFO] Candle 10:00 evaluated. High: 404.75, Low: 403.9
2025-11-11 10:07:35,259 [INFO] No breakout yet. Watching further candles...
2025-11-11 10:07:35,259 [INFO] Candle 10:05 evaluated. High: 404.35, Low: 403.9
2025-11-11 10:07:35,259 [INFO] No breakout yet. Watching further candles...
2025-11-11 10:07:35,262 [INFO] Error in trading logic:
Traceback (most recent call last):
  File "D:\Datascience\TradingBot\main.py", line 149, in main
    tamo_signal, _ = tamo_strategy.evaluate_trade_signal()
    ^^^^^^^^^^^^^^
TypeError: cannot unpack non-iterable NoneType object

2025-11-11 10:07:45,264 [INFO] Checking trade setups at 2025-11-11 10:07:45
2025-11-11 10:07:45,264 [INFO] Applying EMA strategy to 6 stocks.
2025-11-11 10:07:51,355 [INFO] Fetching candles for NSE:TMPV-EQ...
2025-11-11 10:07:52,946 [INFO] Trigger candle found for NSE:TMPV-EQ - High: 404.75, Low: 403.9
2025-11-11 10:07:52,949 [INFO] Candle 10:00 evaluated. High: 404.75, Low: 403.9
2025-11-11 10:07:52,949 [INFO] No breakout yet. Watching further candles...
2025-11-11 10:07:52,949 [INFO] Candle 10:05 evaluated. High: 404.5, Low: 403.9
2025-11-11 10:07:52,949 [INFO] No breakout yet. Watching further candles...
2025-11-11 10:07:52,949 [INFO] Error in trading logic:
Traceback (most recent call last):
  File "D:\Datascience\TradingBot\main.py", line 149, in main
    tamo_signal, _ = tamo_strategy.evaluate_trade_signal()
    ^^^^^^^^^^^^^^
TypeError: cannot unpack non-iterable NoneType object

2025-11-11 10:08:02,952 [INFO] Checking trade setups at 2025-11-11 10:08:02
2025-11-11 10:08:02,952 [INFO] Applying EMA strategy to 6 stocks.
2025-11-11 10:08:06,872 [INFO] Fetching candles for NSE:TMPV-EQ...
2025-11-11 10:08:07,509 [INFO] Trigger candle found for NSE:TMPV-EQ - High: 404.75, Low: 403.9
2025-11-11 10:08:07,509 [INFO] Candle 10:00 evaluated. High: 404.75, Low: 403.9
2025-11-11 10:08:07,509 [INFO] No breakout yet. Watching further candles...
2025-11-11 10:08:07,509 [INFO] Candle 10:05 evaluated. High: 404.5, Low: 403.9
2025-11-11 10:08:07,509 [INFO] No breakout yet. Watching further candles...
2025-11-11 10:08:07,509 [INFO] Error in trading logic:
Traceback (most recent call last):
  File "D:\Datascience\TradingBot\main.py", line 149, in main
    tamo_signal, _ = tamo_strategy.evaluate_trade_signal()
    ^^^^^^^^^^^^^^
TypeError: cannot unpack non-iterable NoneType object

2025-11-11 10:08:17,513 [INFO] Checking trade setups at 2025-11-11 10:08:17
2025-11-11 10:08:17,513 [INFO] Applying EMA strategy to 6 stocks.
2025-11-11 10:08:22,953 [INFO] Fetching candles for NSE:TMPV-EQ...
2025-11-11 10:08:23,665 [INFO] Trigger candle found for NSE:TMPV-EQ - High: 404.75, Low: 403.9
2025-11-11 10:08:23,665 [INFO] Candle 10:00 evaluated. High: 404.75, Low: 403.9
2025-11-11 10:08:23,665 [INFO] No breakout yet. Watching further candles...
2025-11-11 10:08:23,665 [INFO] Candle 10:05 evaluated. High: 404.5, Low: 403.9
2025-11-11 10:08:23,665 [INFO] No breakout yet. Watching further candles...
2025-11-11 10:08:23,665 [INFO] Error in trading logic:
Traceback (most recent call last):
  File "D:\Datascience\TradingBot\main.py", line 149, in main
    tamo_signal, _ = tamo_strategy.evaluate_trade_signal()
    ^^^^^^^^^^^^^^
TypeError: cannot unpack non-iterable NoneType object

2025-11-11 10:08:33,668 [INFO] Checking trade setups at 2025-11-11 10:08:33
2025-11-11 10:08:33,668 [INFO] Applying EMA strategy to 6 stocks.
2025-11-11 10:08:39,038 [INFO] Fetching candles for NSE:TMPV-EQ...
2025-11-11 10:08:39,646 [INFO] Trigger candle found for NSE:TMPV-EQ - High: 404.75, Low: 403.9
2025-11-11 10:08:39,646 [INFO] Candle 10:00 evaluated. High: 404.75, Low: 403.9
2025-11-11 10:08:39,646 [INFO] No breakout yet. Watching further candles...
2025-11-11 10:08:39,646 [INFO] Candle 10:05 evaluated. High: 404.5, Low: 403.9
2025-11-11 10:08:39,646 [INFO] No breakout yet. Watching further candles...
2025-11-11 10:08:39,646 [INFO] Error in trading logic:
Traceback (most recent call last):
  File "D:\Datascience\TradingBot\main.py", line 149, in main
    tamo_signal, _ = tamo_strategy.evaluate_trade_signal()
    ^^^^^^^^^^^^^^
TypeError: cannot unpack non-iterable NoneType object

2025-11-11 10:08:49,650 [INFO] Checking trade setups at 2025-11-11 10:08:49
2025-11-11 10:08:49,650 [INFO] Applying EMA strategy to 6 stocks.
2025-11-11 10:08:54,451 [INFO] Fetching candles for NSE:TMPV-EQ...
2025-11-11 10:08:55,646 [INFO] Trigger candle found for NSE:TMPV-EQ - High: 404.75, Low: 403.9
2025-11-11 10:08:55,646 [INFO] Candle 10:00 evaluated. High: 404.75, Low: 403.9
2025-11-11 10:08:55,646 [INFO] No breakout yet. Watching further candles...
2025-11-11 10:08:55,646 [INFO] Candle 10:05 evaluated. High: 404.5, Low: 403.9
2025-11-11 10:08:55,646 [INFO] No breakout yet. Watching further candles...
2025-11-11 10:08:55,646 [INFO] Error in trading logic:
Traceback (most recent call last):
  File "D:\Datascience\TradingBot\main.py", line 149, in main
    tamo_signal, _ = tamo_strategy.evaluate_trade_signal()
    ^^^^^^^^^^^^^^
TypeError: cannot unpack non-iterable NoneType object

2025-11-11 10:09:05,650 [INFO] Checking trade setups at 2025-11-11 10:09:05
2025-11-11 10:09:05,650 [INFO] Applying EMA strategy to 6 stocks.
2025-11-11 10:09:11,032 [INFO] Fetching candles for NSE:TMPV-EQ...
2025-11-11 10:09:12,308 [INFO] Trigger candle found for NSE:TMPV-EQ - High: 404.75, Low: 403.9
2025-11-11 10:09:12,310 [INFO] Candle 10:00 evaluated. High: 404.75, Low: 403.9
2025-11-11 10:09:12,310 [INFO] No breakout yet. Watching further candles...
2025-11-11 10:09:12,310 [INFO] Candle 10:05 evaluated. High: 404.5, Low: 403.75
2025-11-11 10:09:12,310 [INFO] Trade signal evaluated as Sell.
2025-11-11 10:09:12,310 [INFO] Sell Triggered for NSE:TMPV-EQ SETUP at 2025-11-11 10:05
2025-11-11 10:09:13,124 [INFO] Order Response: {'code': 1101, 'message': 'Successfully placed order', 's': 'ok', 'id': '25111100118206-BO-1'}
2025-11-11 10:09:13,127 [INFO] Trades taken today: 7
2025-11-11 10:09:13,133 [INFO] Remaining trades for the day: -1
2025-11-11 10:09:13,141 [INFO] ✅ Order placed successfully for NSE:TMPV-EQ
2025-11-11 10:09:13,151 [INFO] TAMO trade executed successfully at 2025-11-11 10:05
2025-11-11 10:09:23,156 [INFO] Checking trade setups at 2025-11-11 10:09:23
2025-11-11 10:09:23,156 [INFO] Applying EMA strategy to 6 stocks.
2025-11-11 10:09:39,129 [INFO] Checking trade setups at 2025-11-11 10:09:39
2025-11-11 10:09:39,129 [INFO] Applying EMA strategy to 6 stocks.
2025-11-11 10:09:54,454 [INFO] Checking trade setups at 2025-11-11 10:09:54
2025-11-11 10:09:54,454 [INFO] Applying EMA strategy to 6 stocks.
2025-11-11 10:10:09,314 [INFO] Checking trade setups at 2025-11-11 10:10:09
2025-11-11 10:10:09,315 [INFO] Applying EMA strategy to 6 stocks.
2025-11-11 10:10:24,087 [INFO] Checking trade setups at 2025-11-11 10:10:24
2025-11-11 10:10:24,087 [INFO] Applying EMA strategy to 6 stocks.
2025-11-11 10:10:39,018 [INFO] Checking trade setups at 2025-11-11 10:10:39
2025-11-11 10:10:39,018 [INFO] Applying EMA strategy to 6 stocks.
2025-11-11 10:10:53,768 [INFO] Checking trade setups at 2025-11-11 10:10:53
2025-11-11 10:10:53,768 [INFO] Applying EMA strategy to 6 stocks.
2025-11-11 10:11:08,407 [INFO] Checking trade setups at 2025-11-11 10:11:08
2025-11-11 10:11:08,407 [INFO] Applying EMA strategy to 6 stocks.
2025-11-11 10:11:24,101 [INFO] Checking trade setups at 2025-11-11 10:11:24
2025-11-11 10:11:24,101 [INFO] Applying EMA strategy to 6 stocks.
2025-11-11 10:11:38,211 [INFO] Checking trade setups at 2025-11-11 10:11:38
2025-11-11 10:11:38,211 [INFO] Applying EMA strategy to 6 stocks.
2025-11-11 10:11:53,069 [INFO] Checking trade setups at 2025-11-11 10:11:53
2025-11-11 10:11:53,069 [INFO] Applying EMA strategy to 6 stocks.
2025-11-11 10:12:07,289 [INFO] Checking trade setups at 2025-11-11 10:12:07
2025-11-11 10:12:07,289 [INFO] Applying EMA strategy to 6 stocks.
2025-11-11 10:12:23,509 [INFO] Checking trade setups at 2025-11-11 10:12:23
2025-11-11 10:12:23,509 [INFO] Applying EMA strategy to 6 stocks.
2025-11-11 10:12:36,882 [INFO] Checking trade setups at 2025-11-11 10:12:36
2025-11-11 10:12:36,882 [INFO] Applying EMA strategy to 6 stocks.
2025-11-11 10:12:51,975 [INFO] Checking trade setups at 2025-11-11 10:12:51
2025-11-11 10:12:51,975 [INFO] Applying EMA strategy to 6 stocks.
2025-11-11 10:13:06,369 [INFO] Checking trade setups at 2025-11-11 10:13:06
2025-11-11 10:13:06,369 [INFO] Applying EMA strategy to 6 stocks.
2025-11-11 10:13:21,437 [INFO] Checking trade setups at 2025-11-11 10:13:21
2025-11-11 10:13:21,437 [INFO] Applying EMA strategy to 6 stocks.
2025-11-11 10:13:37,410 [INFO] Checking trade setups at 2025-11-11 10:13:37
2025-11-11 10:13:37,410 [INFO] Applying EMA strategy to 6 stocks.
2025-11-11 10:13:54,968 [INFO] Checking trade setups at 2025-11-11 10:13:54
2025-11-11 10:13:54,969 [INFO] Applying EMA strategy to 6 stocks.
2025-11-11 10:14:09,257 [INFO] Checking trade setups at 2025-11-11 10:14:09
2025-11-11 10:14:09,257 [INFO] Applying EMA strategy to 6 stocks.
2025-11-11 10:14:24,851 [INFO] Checking trade setups at 2025-11-11 10:14:24
2025-11-11 10:14:24,851 [INFO] Applying EMA strategy to 6 stocks.
2025-11-11 10:14:38,437 [INFO] Checking trade setups at 2025-11-11 10:14:38
2025-11-11 10:14:38,437 [INFO] Applying EMA strategy to 6 stocks.
2025-11-11 10:14:53,601 [INFO] Checking trade setups at 2025-11-11 10:14:53
2025-11-11 10:14:53,601 [INFO] Applying EMA strategy to 6 stocks.
2025-11-11 10:15:09,175 [INFO] Checking trade setups at 2025-11-11 10:15:09
2025-11-11 10:15:09,175 [INFO] Applying EMA strategy to 6 stocks.
2025-11-11 10:15:24,808 [INFO] Checking trade setups at 2025-11-11 10:15:24
2025-11-11 10:15:24,808 [INFO] Applying EMA strategy to 6 stocks.
2025-11-11 10:15:39,107 [INFO] Checking trade setups at 2025-11-11 10:15:39
2025-11-11 10:15:39,107 [INFO] Applying EMA strategy to 6 stocks.
2025-11-11 10:15:55,850 [INFO] Checking trade setups at 2025-11-11 10:15:55
2025-11-11 10:15:55,850 [INFO] Applying EMA strategy to 6 stocks.
2025-11-11 10:16:09,989 [INFO] Checking trade setups at 2025-11-11 10:16:09
2025-11-11 10:16:09,989 [INFO] Applying EMA strategy to 6 stocks.
2025-11-11 10:16:26,272 [INFO] Checking trade setups at 2025-11-11 10:16:26
2025-11-11 10:16:26,272 [INFO] Applying EMA strategy to 6 stocks.
2025-11-11 10:16:40,811 [INFO] Checking trade setups at 2025-11-11 10:16:40
2025-11-11 10:16:40,811 [INFO] Applying EMA strategy to 6 stocks.
2025-11-11 10:16:55,362 [INFO] Checking trade setups at 2025-11-11 10:16:55
2025-11-11 10:16:55,362 [INFO] Applying EMA strategy to 6 stocks.
2025-11-11 10:17:11,269 [INFO] Checking trade setups at 2025-11-11 10:17:11
2025-11-11 10:17:11,269 [INFO] Applying EMA strategy to 6 stocks.
2025-11-11 10:17:26,904 [INFO] Checking trade setups at 2025-11-11 10:17:26
2025-11-11 10:17:26,906 [INFO] Applying EMA strategy to 6 stocks.
2025-11-11 10:17:44,050 [INFO] Checking trade setups at 2025-11-11 10:17:44
2025-11-11 10:17:44,050 [INFO] Applying EMA strategy to 6 stocks.
2025-11-11 10:17:58,044 [INFO] Checking trade setups at 2025-11-11 10:17:58
2025-11-11 10:17:58,044 [INFO] Applying EMA strategy to 6 stocks.
2025-11-11 10:18:12,878 [INFO] Checking trade setups at 2025-11-11 10:18:12
2025-11-11 10:18:12,878 [INFO] Applying EMA strategy to 6 stocks.
2025-11-11 10:18:27,576 [INFO] Checking trade setups at 2025-11-11 10:18:27
2025-11-11 10:18:27,576 [INFO] Applying EMA strategy to 6 stocks.
2025-11-11 10:18:43,563 [INFO] Checking trade setups at 2025-11-11 10:18:43
2025-11-11 10:18:43,563 [INFO] Applying EMA strategy to 6 stocks.
2025-11-11 10:18:58,045 [INFO] Checking trade setups at 2025-11-11 10:18:58
2025-11-11 10:18:58,046 [INFO] Applying EMA strategy to 6 stocks.
2025-11-11 10:19:12,776 [INFO] Checking trade setups at 2025-11-11 10:19:12
2025-11-11 10:19:12,776 [INFO] Applying EMA strategy to 6 stocks.
2025-11-11 10:19:26,522 [INFO] Checking trade setups at 2025-11-11 10:19:26
2025-11-11 10:19:26,522 [INFO] Applying EMA strategy to 6 stocks.
2025-11-11 10:19:41,254 [INFO] Checking trade setups at 2025-11-11 10:19:41
2025-11-11 10:19:41,254 [INFO] Applying EMA strategy to 6 stocks.
2025-11-11 10:19:56,096 [INFO] Checking trade setups at 2025-11-11 10:19:56
2025-11-11 10:19:56,096 [INFO] Applying EMA strategy to 6 stocks.
2025-11-11 10:20:12,793 [INFO] Checking trade setups at 2025-11-11 10:20:12
2025-11-11 10:20:12,793 [INFO] Applying EMA strategy to 6 stocks.
2025-11-11 10:20:26,812 [INFO] Checking trade setups at 2025-11-11 10:20:26
2025-11-11 10:20:26,812 [INFO] Applying EMA strategy to 6 stocks.
2025-11-11 10:20:43,643 [INFO] Checking trade setups at 2025-11-11 10:20:43
2025-11-11 10:20:43,643 [INFO] Applying EMA strategy to 6 stocks.
2025-11-11 10:20:57,207 [INFO] Checking trade setups at 2025-11-11 10:20:57
2025-11-11 10:20:57,207 [INFO] Applying EMA strategy to 6 stocks.
2025-11-11 10:21:11,085 [INFO] Checking trade setups at 2025-11-11 10:21:11
2025-11-11 10:21:11,085 [INFO] Applying EMA strategy to 6 stocks.
2025-11-11 10:21:27,162 [INFO] Checking trade setups at 2025-11-11 10:21:27
2025-11-11 10:21:27,162 [INFO] Applying EMA strategy to 6 stocks.
2025-11-11 10:21:42,599 [INFO] Checking trade setups at 2025-11-11 10:21:42
2025-11-11 10:21:42,599 [INFO] Applying EMA strategy to 6 stocks.
2025-11-11 10:21:56,214 [INFO] Checking trade setups at 2025-11-11 10:21:56
2025-11-11 10:21:56,214 [INFO] Applying EMA strategy to 6 stocks.
2025-11-11 10:22:11,877 [INFO] Checking trade setups at 2025-11-11 10:22:11
2025-11-11 10:22:11,877 [INFO] Applying EMA strategy to 6 stocks.
2025-11-11 10:22:27,559 [INFO] Checking trade setups at 2025-11-11 10:22:27
2025-11-11 10:22:27,559 [INFO] Applying EMA strategy to 6 stocks.
2025-11-11 10:22:30,477 [INFO] Executing trade for NSE:HEG-EQ: {'timestamp': '2025-11-11 10:20', 'action': 'SELL', 'entry_price': 563.6, 'stop_loss': 568.55, 'target': 548.7500000000002}
2025-11-11 10:22:30,477 [INFO] after SL after filtering the final SL:4.95, final_target:548.75, qty:20
2025-11-11 10:22:30,510 [INFO] NSE:HEG-EQ already traded today. Skipping.
2025-11-11 10:22:41,179 [INFO] Checking trade setups at 2025-11-11 10:22:41
2025-11-11 10:22:41,179 [INFO] Applying EMA strategy to 6 stocks.
2025-11-11 10:22:56,217 [INFO] Checking trade setups at 2025-11-11 10:22:56
2025-11-11 10:22:56,217 [INFO] Applying EMA strategy to 6 stocks.
2025-11-11 10:23:10,298 [INFO] Checking trade setups at 2025-11-11 10:23:10
2025-11-11 10:23:10,298 [INFO] Applying EMA strategy to 6 stocks.
2025-11-11 10:23:25,410 [INFO] Checking trade setups at 2025-11-11 10:23:25
2025-11-11 10:23:25,410 [INFO] Applying EMA strategy to 6 stocks.
2025-11-11 10:23:39,132 [INFO] Checking trade setups at 2025-11-11 10:23:39
2025-11-11 10:23:39,132 [INFO] Applying EMA strategy to 6 stocks.
2025-11-11 10:23:53,894 [INFO] Checking trade setups at 2025-11-11 10:23:53
2025-11-11 10:23:53,894 [INFO] Applying EMA strategy to 6 stocks.
2025-11-11 10:24:08,107 [INFO] Checking trade setups at 2025-11-11 10:24:08
2025-11-11 10:24:08,107 [INFO] Applying EMA strategy to 6 stocks.
2025-11-11 10:24:23,064 [INFO] Checking trade setups at 2025-11-11 10:24:23
2025-11-11 10:24:23,064 [INFO] Applying EMA strategy to 6 stocks.
2025-11-11 10:24:37,086 [INFO] Checking trade setups at 2025-11-11 10:24:37
2025-11-11 10:24:37,086 [INFO] Applying EMA strategy to 6 stocks.
2025-11-11 10:24:52,041 [INFO] Checking trade setups at 2025-11-11 10:24:52
2025-11-11 10:24:52,041 [INFO] Applying EMA strategy to 6 stocks.
2025-11-11 10:25:06,688 [INFO] Checking trade setups at 2025-11-11 10:25:06
2025-11-11 10:25:06,688 [INFO] Applying EMA strategy to 6 stocks.
2025-11-11 10:25:22,963 [INFO] Checking trade setups at 2025-11-11 10:25:22
2025-11-11 10:25:22,963 [INFO] Applying EMA strategy to 6 stocks.
2025-11-11 10:25:36,806 [INFO] Checking trade setups at 2025-11-11 10:25:36
2025-11-11 10:25:36,806 [INFO] Applying EMA strategy to 6 stocks.
2025-11-11 10:25:51,273 [INFO] Checking trade setups at 2025-11-11 10:25:51
2025-11-11 10:25:51,273 [INFO] Applying EMA strategy to 6 stocks.
2025-11-11 10:26:05,671 [INFO] Checking trade setups at 2025-11-11 10:26:05
2025-11-11 10:26:05,671 [INFO] Applying EMA strategy to 6 stocks.
2025-11-11 10:26:22,169 [INFO] Checking trade setups at 2025-11-11 10:26:22
2025-11-11 10:26:22,169 [INFO] Applying EMA strategy to 6 stocks.
2025-11-11 10:26:36,201 [INFO] Checking trade setups at 2025-11-11 10:26:36
2025-11-11 10:26:36,201 [INFO] Applying EMA strategy to 6 stocks.
2025-11-11 10:26:50,928 [INFO] Checking trade setups at 2025-11-11 10:26:50
2025-11-11 10:26:50,928 [INFO] Applying EMA strategy to 6 stocks.
2025-11-11 10:27:04,858 [INFO] Checking trade setups at 2025-11-11 10:27:04
2025-11-11 10:27:04,858 [INFO] Applying EMA strategy to 6 stocks.
2025-11-11 10:27:21,485 [INFO] Checking trade setups at 2025-11-11 10:27:21
2025-11-11 10:27:21,485 [INFO] Applying EMA strategy to 6 stocks.
2025-11-11 10:27:35,376 [INFO] Checking trade setups at 2025-11-11 10:27:35
2025-11-11 10:27:35,376 [INFO] Applying EMA strategy to 6 stocks.
2025-11-11 10:27:50,614 [INFO] Checking trade setups at 2025-11-11 10:27:50
2025-11-11 10:27:50,614 [INFO] Applying EMA strategy to 6 stocks.
2025-11-11 10:28:04,518 [INFO] Checking trade setups at 2025-11-11 10:28:04
2025-11-11 10:28:04,518 [INFO] Applying EMA strategy to 6 stocks.
2025-11-11 10:28:21,009 [INFO] Checking trade setups at 2025-11-11 10:28:21
2025-11-11 10:28:21,009 [INFO] Applying EMA strategy to 6 stocks.
2025-11-11 10:28:35,999 [INFO] Checking trade setups at 2025-11-11 10:28:35
2025-11-11 10:28:35,999 [INFO] Applying EMA strategy to 6 stocks.
2025-11-11 10:28:51,865 [INFO] Checking trade setups at 2025-11-11 10:28:51
2025-11-11 10:28:51,865 [INFO] Applying EMA strategy to 6 stocks.
2025-11-11 10:29:06,412 [INFO] Checking trade setups at 2025-11-11 10:29:06
2025-11-11 10:29:06,414 [INFO] Applying EMA strategy to 6 stocks.
2025-11-11 10:29:21,511 [INFO] Checking trade setups at 2025-11-11 10:29:21
2025-11-11 10:29:21,511 [INFO] Applying EMA strategy to 6 stocks.
2025-11-11 10:29:35,396 [INFO] Checking trade setups at 2025-11-11 10:29:35
2025-11-11 10:29:35,396 [INFO] Applying EMA strategy to 6 stocks.
2025-11-11 10:29:51,890 [INFO] Checking trade setups at 2025-11-11 10:29:51
2025-11-11 10:29:51,890 [INFO] Applying EMA strategy to 6 stocks.
2025-11-11 10:30:06,116 [INFO] Checking trade setups at 2025-11-11 10:30:06
2025-11-11 10:30:06,116 [INFO] Applying EMA strategy to 6 stocks.
2025-11-11 10:30:22,090 [INFO] Checking trade setups at 2025-11-11 10:30:22
2025-11-11 10:30:22,090 [INFO] Applying EMA strategy to 6 stocks.
2025-11-11 10:30:35,756 [INFO] Checking trade setups at 2025-11-11 10:30:35
2025-11-11 10:30:35,756 [INFO] Applying EMA strategy to 6 stocks.
2025-11-11 10:30:51,902 [INFO] Checking trade setups at 2025-11-11 10:30:51
2025-11-11 10:30:51,904 [INFO] Applying EMA strategy to 6 stocks.
2025-11-11 10:31:06,576 [INFO] Checking trade setups at 2025-11-11 10:31:06
2025-11-11 10:31:06,578 [INFO] Applying EMA strategy to 6 stocks.
2025-11-11 10:31:23,427 [INFO] Checking trade setups at 2025-11-11 10:31:23
2025-11-11 10:31:23,427 [INFO] Applying EMA strategy to 6 stocks.
2025-11-11 10:31:38,279 [INFO] Checking trade setups at 2025-11-11 10:31:38
2025-11-11 10:31:38,279 [INFO] Applying EMA strategy to 6 stocks.
2025-11-11 10:31:53,235 [INFO] Checking trade setups at 2025-11-11 10:31:53
2025-11-11 10:31:53,235 [INFO] Applying EMA strategy to 6 stocks.
2025-11-11 10:32:08,684 [INFO] Checking trade setups at 2025-11-11 10:32:08
2025-11-11 10:32:08,684 [INFO] Applying EMA strategy to 6 stocks.
2025-11-11 10:32:12,452 [INFO] Executing trade for NSE:KEC-EQ: {'timestamp': '2025-11-11 10:30', 'action': 'SELL', 'entry_price': 733.75, 'stop_loss': 736.55, 'target': 725.3500000000001}
2025-11-11 10:32:12,452 [INFO] after SL after filtering the final SL:2.8, final_target:725.35, qty:35
2025-11-11 10:32:12,457 [INFO] Max trades reached. Skipping new orders.
2025-11-11 10:32:24,155 [INFO] Checking trade setups at 2025-11-11 10:32:24
2025-11-11 10:32:24,155 [INFO] Applying EMA strategy to 6 stocks.
2025-11-11 10:32:39,728 [INFO] Checking trade setups at 2025-11-11 10:32:39
2025-11-11 10:32:39,728 [INFO] Applying EMA strategy to 6 stocks.
2025-11-11 10:32:54,050 [INFO] Checking trade setups at 2025-11-11 10:32:54
2025-11-11 10:32:54,050 [INFO] Applying EMA strategy to 6 stocks.
2025-11-11 10:33:12,185 [INFO] Checking trade setups at 2025-11-11 10:33:12
2025-11-11 10:33:12,185 [INFO] Applying EMA strategy to 6 stocks.
2025-11-11 10:33:27,470 [INFO] Checking trade setups at 2025-11-11 10:33:27
2025-11-11 10:33:27,470 [INFO] Applying EMA strategy to 6 stocks.
2025-11-11 10:33:42,384 [INFO] Checking trade setups at 2025-11-11 10:33:42
2025-11-11 10:33:42,384 [INFO] Applying EMA strategy to 6 stocks.
2025-11-11 10:33:58,131 [INFO] Checking trade setups at 2025-11-11 10:33:58
2025-11-11 10:33:58,131 [INFO] Applying EMA strategy to 6 stocks.
2025-11-11 10:34:13,618 [INFO] Checking trade setups at 2025-11-11 10:34:13
2025-11-11 10:34:13,619 [INFO] Applying EMA strategy to 6 stocks.
2025-11-11 10:34:15,867 [INFO] Executing trade for NSE:IDEA-EQ: {'timestamp': '2025-11-11 10:30', 'action': 'SELL', 'entry_price': 10.02, 'stop_loss': 10.05, 'target': 9.929999999999996}
2025-11-11 10:34:15,871 [INFO] after SL after filtering the final SL:0.51, final_target:8.49, qty:196
2025-11-11 10:34:15,880 [INFO] Max trades reached. Skipping new orders.
2025-11-11 10:34:28,983 [INFO] Checking trade setups at 2025-11-11 10:34:28
2025-11-11 10:34:28,985 [INFO] Applying EMA strategy to 6 stocks.
2025-11-11 10:34:44,190 [INFO] Checking trade setups at 2025-11-11 10:34:44
2025-11-11 10:34:44,190 [INFO] Applying EMA strategy to 6 stocks.
2025-11-11 10:34:58,386 [INFO] Checking trade setups at 2025-11-11 10:34:58
2025-11-11 10:34:58,387 [INFO] Applying EMA strategy to 6 stocks.
2025-11-11 10:35:12,713 [INFO] Checking trade setups at 2025-11-11 10:35:12
2025-11-11 10:35:12,713 [INFO] Applying EMA strategy to 6 stocks.
2025-11-11 10:35:27,054 [INFO] Checking trade setups at 2025-11-11 10:35:27
2025-11-11 10:35:27,054 [INFO] Applying EMA strategy to 6 stocks.
2025-11-11 10:35:43,841 [INFO] Checking trade setups at 2025-11-11 10:35:43
2025-11-11 10:35:43,841 [INFO] Applying EMA strategy to 6 stocks.
2025-11-11 10:35:59,820 [INFO] Checking trade setups at 2025-11-11 10:35:59
2025-11-11 10:35:59,821 [INFO] Applying EMA strategy to 6 stocks.
2025-11-11 10:36:15,654 [INFO] Checking trade setups at 2025-11-11 10:36:15
2025-11-11 10:36:15,654 [INFO] Applying EMA strategy to 6 stocks.
2025-11-11 10:36:30,982 [INFO] Checking trade setups at 2025-11-11 10:36:30
2025-11-11 10:36:30,982 [INFO] Applying EMA strategy to 6 stocks.
2025-11-11 10:36:46,722 [INFO] Checking trade setups at 2025-11-11 10:36:46
2025-11-11 10:36:46,722 [INFO] Applying EMA strategy to 6 stocks.
2025-11-11 10:37:02,919 [INFO] Checking trade setups at 2025-11-11 10:37:02
2025-11-11 10:37:02,919 [INFO] Applying EMA strategy to 6 stocks.
2025-11-11 10:37:17,958 [INFO] Checking trade setups at 2025-11-11 10:37:17
2025-11-11 10:37:17,958 [INFO] Applying EMA strategy to 6 stocks.
2025-11-11 10:37:33,641 [INFO] Checking trade setups at 2025-11-11 10:37:33
2025-11-11 10:37:33,641 [INFO] Applying EMA strategy to 6 stocks.
2025-11-11 10:37:48,574 [INFO] Checking trade setups at 2025-11-11 10:37:48
2025-11-11 10:37:48,574 [INFO] Applying EMA strategy to 6 stocks.
2025-11-11 10:38:04,333 [INFO] Checking trade setups at 2025-11-11 10:38:04
2025-11-11 10:38:04,333 [INFO] Applying EMA strategy to 6 stocks.
2025-11-11 10:38:20,285 [INFO] Checking trade setups at 2025-11-11 10:38:20
2025-11-11 10:38:20,285 [INFO] Applying EMA strategy to 6 stocks.
2025-11-11 10:38:37,305 [INFO] Checking trade setups at 2025-11-11 10:38:37
2025-11-11 10:38:37,305 [INFO] Applying EMA strategy to 6 stocks.
2025-11-11 10:38:51,368 [INFO] Checking trade setups at 2025-11-11 10:38:51
2025-11-11 10:38:51,368 [INFO] Applying EMA strategy to 6 stocks.
2025-11-11 10:39:08,148 [INFO] Checking trade setups at 2025-11-11 10:39:08
2025-11-11 10:39:08,149 [INFO] Applying EMA strategy to 6 stocks.
2025-11-11 10:39:23,303 [INFO] Checking trade setups at 2025-11-11 10:39:23
2025-11-11 10:39:23,303 [INFO] Applying EMA strategy to 6 stocks.
2025-11-11 10:39:38,583 [INFO] Checking trade setups at 2025-11-11 10:39:38
2025-11-11 10:39:38,583 [INFO] Applying EMA strategy to 6 stocks.
2025-11-11 10:39:53,711 [INFO] Checking trade setups at 2025-11-11 10:39:53
2025-11-11 10:39:53,711 [INFO] Applying EMA strategy to 6 stocks.
2025-11-11 10:40:09,378 [INFO] Checking trade setups at 2025-11-11 10:40:09
2025-11-11 10:40:09,378 [INFO] Applying EMA strategy to 6 stocks.
2025-11-11 10:40:24,332 [INFO] Checking trade setups at 2025-11-11 10:40:24
2025-11-11 10:40:24,332 [INFO] Applying EMA strategy to 6 stocks.
2025-11-11 10:40:40,577 [INFO] Checking trade setups at 2025-11-11 10:40:40
2025-11-11 10:40:40,577 [INFO] Applying EMA strategy to 6 stocks.
2025-11-11 10:40:55,657 [INFO] Checking trade setups at 2025-11-11 10:40:55
2025-11-11 10:40:55,657 [INFO] Applying EMA strategy to 6 stocks.
2025-11-11 10:41:10,402 [INFO] Checking trade setups at 2025-11-11 10:41:10
2025-11-11 10:41:10,402 [INFO] Applying EMA strategy to 6 stocks.
2025-11-11 10:41:25,264 [INFO] Checking trade setups at 2025-11-11 10:41:25
2025-11-11 10:41:25,266 [INFO] Applying EMA strategy to 6 stocks.
2025-11-11 10:41:39,643 [INFO] Checking trade setups at 2025-11-11 10:41:39
2025-11-11 10:41:39,643 [INFO] Applying EMA strategy to 6 stocks.
2025-11-11 10:41:54,452 [INFO] Checking trade setups at 2025-11-11 10:41:54
2025-11-11 10:41:54,452 [INFO] Applying EMA strategy to 6 stocks.
2025-11-11 10:42:08,819 [INFO] Checking trade setups at 2025-11-11 10:42:08
2025-11-11 10:42:08,819 [INFO] Applying EMA strategy to 6 stocks.
2025-11-11 10:42:24,953 [INFO] Checking trade setups at 2025-11-11 10:42:24
2025-11-11 10:42:24,953 [INFO] Applying EMA strategy to 6 stocks.
2025-11-11 10:42:39,507 [INFO] Checking trade setups at 2025-11-11 10:42:39
2025-11-11 10:42:39,507 [INFO] Applying EMA strategy to 6 stocks.
2025-11-11 10:42:53,859 [INFO] Checking trade setups at 2025-11-11 10:42:53
2025-11-11 10:42:53,859 [INFO] Applying EMA strategy to 6 stocks.
2025-11-11 10:43:08,697 [INFO] Checking trade setups at 2025-11-11 10:43:08
2025-11-11 10:43:08,697 [INFO] Applying EMA strategy to 6 stocks.
2025-11-11 10:43:23,226 [INFO] Checking trade setups at 2025-11-11 10:43:23
2025-11-11 10:43:23,226 [INFO] Applying EMA strategy to 6 stocks.
2025-11-11 10:43:38,377 [INFO] Checking trade setups at 2025-11-11 10:43:38
2025-11-11 10:43:38,377 [INFO] Applying EMA strategy to 6 stocks.
2025-11-11 10:43:52,636 [INFO] Checking trade setups at 2025-11-11 10:43:52
2025-11-11 10:43:52,636 [INFO] Applying EMA strategy to 6 stocks.
2025-11-11 10:44:06,745 [INFO] Checking trade setups at 2025-11-11 10:44:06
2025-11-11 10:44:06,745 [INFO] Applying EMA strategy to 6 stocks.
2025-11-11 10:44:20,572 [INFO] Checking trade setups at 2025-11-11 10:44:20
2025-11-11 10:44:20,572 [INFO] Applying EMA strategy to 6 stocks.
2025-11-11 10:44:38,084 [INFO] Checking trade setups at 2025-11-11 10:44:38
2025-11-11 10:44:38,084 [INFO] Applying EMA strategy to 6 stocks.
2025-11-11 10:44:52,329 [INFO] Checking trade setups at 2025-11-11 10:44:52
2025-11-11 10:44:52,329 [INFO] Applying EMA strategy to 6 stocks.
2025-11-11 10:45:13,373 [INFO] Not enough data to calculate EMA. Needed 5, got 0.
2025-11-11 10:45:13,380 [INFO] Not enough data to calculate EMA. Needed 5, got 0.
2025-11-11 10:45:13,385 [INFO] Not enough data to calculate EMA. Needed 5, got 0.
2025-11-11 10:45:13,389 [INFO] Not enough data to calculate EMA. Needed 5, got 0.
2025-11-11 10:45:13,391 [INFO] Not enough data to calculate EMA. Needed 5, got 0.
2025-11-11 10:45:13,398 [INFO] Not enough data to calculate EMA. Needed 5, got 0.
2025-11-11 10:45:23,400 [INFO] Checking trade setups at 2025-11-11 10:45:23
2025-11-11 10:45:23,400 [INFO] Applying EMA strategy to 6 stocks.
2025-11-11 10:45:23,406 [INFO] Not enough data to calculate EMA. Needed 5, got 0.
2025-11-11 10:45:23,414 [INFO] Not enough data to calculate EMA. Needed 5, got 0.
2025-11-11 10:45:23,421 [INFO] Not enough data to calculate EMA. Needed 5, got 0.
2025-11-11 10:45:23,428 [INFO] Not enough data to calculate EMA. Needed 5, got 0.
2025-11-11 10:45:23,435 [INFO] Not enough data to calculate EMA. Needed 5, got 0.
2025-11-11 10:45:23,439 [INFO] Not enough data to calculate EMA. Needed 5, got 0.
2025-11-11 10:45:33,443 [INFO] Checking trade setups at 2025-11-11 10:45:33
2025-11-11 10:45:33,443 [INFO] Applying EMA strategy to 6 stocks.
2025-11-11 10:45:33,445 [INFO] Not enough data to calculate EMA. Needed 5, got 0.
2025-11-11 10:45:33,452 [INFO] Not enough data to calculate EMA. Needed 5, got 0.
2025-11-11 10:45:33,455 [INFO] Not enough data to calculate EMA. Needed 5, got 0.
2025-11-11 10:45:33,463 [INFO] Not enough data to calculate EMA. Needed 5, got 0.
2025-11-11 10:45:33,468 [INFO] Not enough data to calculate EMA. Needed 5, got 0.
2025-11-11 10:45:33,472 [INFO] Not enough data to calculate EMA. Needed 5, got 0.
2025-11-11 10:45:43,477 [INFO] Checking trade setups at 2025-11-11 10:45:43
2025-11-11 10:45:43,477 [INFO] Applying EMA strategy to 6 stocks.
2025-11-11 10:45:43,481 [INFO] Not enough data to calculate EMA. Needed 5, got 0.
2025-11-11 10:45:43,484 [INFO] Not enough data to calculate EMA. Needed 5, got 0.
2025-11-11 10:45:43,491 [INFO] Not enough data to calculate EMA. Needed 5, got 0.
2025-11-11 10:45:43,496 [INFO] Not enough data to calculate EMA. Needed 5, got 0.
2025-11-11 10:45:43,496 [INFO] Not enough data to calculate EMA. Needed 5, got 0.
2025-11-11 10:45:43,506 [INFO] Not enough data to calculate EMA. Needed 5, got 0.
2025-11-11 10:45:53,507 [INFO] Checking trade setups at 2025-11-11 10:45:53
2025-11-11 10:45:53,507 [INFO] Applying EMA strategy to 6 stocks.
2025-11-11 10:45:53,510 [INFO] Not enough data to calculate EMA. Needed 5, got 0.
2025-11-11 10:45:53,517 [INFO] Not enough data to calculate EMA. Needed 5, got 0.
2025-11-11 10:45:53,524 [INFO] Not enough data to calculate EMA. Needed 5, got 0.
2025-11-11 10:45:53,529 [INFO] Not enough data to calculate EMA. Needed 5, got 0.
2025-11-11 10:45:53,532 [INFO] Not enough data to calculate EMA. Needed 5, got 0.
2025-11-11 10:45:53,537 [INFO] Not enough data to calculate EMA. Needed 5, got 0.
2025-11-11 10:46:03,540 [INFO] Checking trade setups at 2025-11-11 10:46:03
2025-11-11 10:46:03,540 [INFO] Applying EMA strategy to 6 stocks.
2025-11-11 10:46:03,543 [INFO] Not enough data to calculate EMA. Needed 5, got 0.
2025-11-11 10:46:03,549 [INFO] Not enough data to calculate EMA. Needed 5, got 0.
2025-11-11 10:46:03,556 [INFO] Not enough data to calculate EMA. Needed 5, got 0.
2025-11-11 10:46:03,561 [INFO] Not enough data to calculate EMA. Needed 5, got 0.
2025-11-11 10:46:03,565 [INFO] Not enough data to calculate EMA. Needed 5, got 0.
2025-11-11 10:46:03,565 [INFO] Not enough data to calculate EMA. Needed 5, got 0.
2025-11-11 10:46:13,575 [INFO] Checking trade setups at 2025-11-11 10:46:13
2025-11-11 10:46:13,575 [INFO] Applying EMA strategy to 6 stocks.
2025-11-11 10:46:13,577 [INFO] Not enough data to calculate EMA. Needed 5, got 0.
2025-11-11 10:46:13,585 [INFO] Not enough data to calculate EMA. Needed 5, got 0.
2025-11-11 10:46:13,590 [INFO] Not enough data to calculate EMA. Needed 5, got 0.
2025-11-11 10:46:13,594 [INFO] Not enough data to calculate EMA. Needed 5, got 0.
2025-11-11 10:46:13,599 [INFO] Not enough data to calculate EMA. Needed 5, got 0.
2025-11-11 10:46:13,604 [INFO] Not enough data to calculate EMA. Needed 5, got 0.
2025-11-11 10:46:23,607 [INFO] Checking trade setups at 2025-11-11 10:46:23
2025-11-11 10:46:23,607 [INFO] Applying EMA strategy to 6 stocks.
2025-11-11 10:46:23,610 [INFO] Not enough data to calculate EMA. Needed 5, got 0.
2025-11-11 10:46:23,615 [INFO] Not enough data to calculate EMA. Needed 5, got 0.
2025-11-11 10:46:23,622 [INFO] Not enough data to calculate EMA. Needed 5, got 0.
2025-11-11 10:46:23,627 [INFO] Not enough data to calculate EMA. Needed 5, got 0.
2025-11-11 10:46:23,631 [INFO] Not enough data to calculate EMA. Needed 5, got 0.
2025-11-11 10:46:23,639 [INFO] Not enough data to calculate EMA. Needed 5, got 0.
2025-11-11 10:46:33,642 [INFO] Checking trade setups at 2025-11-11 10:46:33
2025-11-11 10:46:33,642 [INFO] Applying EMA strategy to 6 stocks.
2025-11-11 10:46:33,646 [INFO] Not enough data to calculate EMA. Needed 5, got 0.
2025-11-11 10:46:33,652 [INFO] Not enough data to calculate EMA. Needed 5, got 0.
2025-11-11 10:46:33,660 [INFO] Not enough data to calculate EMA. Needed 5, got 0.
2025-11-11 10:46:33,663 [INFO] Not enough data to calculate EMA. Needed 5, got 0.
2025-11-11 10:46:33,666 [INFO] Not enough data to calculate EMA. Needed 5, got 0.
2025-11-11 10:46:33,679 [INFO] Not enough data to calculate EMA. Needed 5, got 0.
2025-11-11 10:46:43,681 [INFO] Checking trade setups at 2025-11-11 10:46:43
2025-11-11 10:46:43,681 [INFO] Applying EMA strategy to 6 stocks.
2025-11-11 10:46:43,685 [INFO] Not enough data to calculate EMA. Needed 5, got 0.
2025-11-11 10:46:43,692 [INFO] Not enough data to calculate EMA. Needed 5, got 0.
2025-11-11 10:46:43,704 [INFO] Not enough data to calculate EMA. Needed 5, got 0.
2025-11-11 10:46:43,711 [INFO] Not enough data to calculate EMA. Needed 5, got 0.
2025-11-11 10:46:43,717 [INFO] Not enough data to calculate EMA. Needed 5, got 0.
2025-11-11 10:46:43,717 [INFO] Not enough data to calculate EMA. Needed 5, got 0.
2025-11-11 10:46:53,725 [INFO] Checking trade setups at 2025-11-11 10:46:53
2025-11-11 10:46:53,725 [INFO] Applying EMA strategy to 6 stocks.
2025-11-11 10:46:53,727 [INFO] Not enough data to calculate EMA. Needed 5, got 0.
2025-11-11 10:46:53,734 [INFO] Not enough data to calculate EMA. Needed 5, got 0.
2025-11-11 10:46:53,746 [INFO] Not enough data to calculate EMA. Needed 5, got 0.
2025-11-11 10:46:53,750 [INFO] Not enough data to calculate EMA. Needed 5, got 0.
2025-11-11 10:46:53,759 [INFO] Not enough data to calculate EMA. Needed 5, got 0.
2025-11-11 10:46:53,763 [INFO] Not enough data to calculate EMA. Needed 5, got 0.
2025-11-11 10:47:03,766 [INFO] Checking trade setups at 2025-11-11 10:47:03
2025-11-11 10:47:03,766 [INFO] Applying EMA strategy to 6 stocks.
2025-11-11 10:47:03,769 [INFO] Not enough data to calculate EMA. Needed 5, got 0.
2025-11-11 10:47:03,775 [INFO] Not enough data to calculate EMA. Needed 5, got 0.
2025-11-11 10:47:03,783 [INFO] Not enough data to calculate EMA. Needed 5, got 0.
2025-11-11 10:47:03,789 [INFO] Not enough data to calculate EMA. Needed 5, got 0.
2025-11-11 10:47:03,796 [INFO] Not enough data to calculate EMA. Needed 5, got 0.
2025-11-11 10:47:03,800 [INFO] Not enough data to calculate EMA. Needed 5, got 0.
2025-11-11 10:47:13,803 [INFO] Checking trade setups at 2025-11-11 10:47:13
2025-11-11 10:47:13,803 [INFO] Applying EMA strategy to 6 stocks.
2025-11-11 10:47:13,811 [INFO] Not enough data to calculate EMA. Needed 5, got 0.
2025-11-11 10:47:13,820 [INFO] Not enough data to calculate EMA. Needed 5, got 0.
2025-11-11 10:47:13,829 [INFO] Not enough data to calculate EMA. Needed 5, got 0.
2025-11-11 10:47:13,833 [INFO] Not enough data to calculate EMA. Needed 5, got 0.
2025-11-11 10:47:13,839 [INFO] Not enough data to calculate EMA. Needed 5, got 0.
2025-11-11 10:47:13,842 [INFO] Not enough data to calculate EMA. Needed 5, got 0.
2025-11-11 10:47:23,846 [INFO] Checking trade setups at 2025-11-11 10:47:23
2025-11-11 10:47:23,846 [INFO] Applying EMA strategy to 6 stocks.
2025-11-11 10:47:23,849 [INFO] Not enough data to calculate EMA. Needed 5, got 0.
2025-11-11 10:47:23,856 [INFO] Not enough data to calculate EMA. Needed 5, got 0.
2025-11-11 10:47:23,861 [INFO] Not enough data to calculate EMA. Needed 5, got 0.
2025-11-11 10:47:23,861 [INFO] Not enough data to calculate EMA. Needed 5, got 0.
2025-11-11 10:47:23,868 [INFO] Not enough data to calculate EMA. Needed 5, got 0.
2025-11-11 10:47:23,868 [INFO] Not enough data to calculate EMA. Needed 5, got 0.
2025-11-11 10:47:33,877 [INFO] Checking trade setups at 2025-11-11 10:47:33
2025-11-11 10:47:33,877 [INFO] Applying EMA strategy to 6 stocks.
2025-11-11 10:47:33,885 [INFO] Not enough data to calculate EMA. Needed 5, got 0.
2025-11-11 10:47:33,892 [INFO] Not enough data to calculate EMA. Needed 5, got 0.
2025-11-11 10:47:33,902 [INFO] Not enough data to calculate EMA. Needed 5, got 0.
2025-11-11 10:47:33,908 [INFO] Not enough data to calculate EMA. Needed 5, got 0.
2025-11-11 10:47:33,915 [INFO] Not enough data to calculate EMA. Needed 5, got 0.
2025-11-11 10:47:33,918 [INFO] Not enough data to calculate EMA. Needed 5, got 0.
2025-11-11 10:47:43,923 [INFO] Checking trade setups at 2025-11-11 10:47:43
2025-11-11 10:47:43,923 [INFO] Applying EMA strategy to 6 stocks.
2025-11-11 10:47:43,928 [INFO] Not enough data to calculate EMA. Needed 5, got 0.
2025-11-11 10:47:43,935 [INFO] Not enough data to calculate EMA. Needed 5, got 0.
2025-11-11 10:47:43,943 [INFO] Not enough data to calculate EMA. Needed 5, got 0.
2025-11-11 10:47:43,949 [INFO] Not enough data to calculate EMA. Needed 5, got 0.
2025-11-11 10:47:43,955 [INFO] Not enough data to calculate EMA. Needed 5, got 0.
2025-11-11 10:47:43,961 [INFO] Not enough data to calculate EMA. Needed 5, got 0.
2025-11-11 10:47:53,964 [INFO] Checking trade setups at 2025-11-11 10:47:53
2025-11-11 10:47:53,964 [INFO] Applying EMA strategy to 6 stocks.
2025-11-11 10:47:53,969 [INFO] Not enough data to calculate EMA. Needed 5, got 0.
2025-11-11 10:47:53,976 [INFO] Not enough data to calculate EMA. Needed 5, got 0.
2025-11-11 10:47:53,978 [INFO] Not enough data to calculate EMA. Needed 5, got 0.
2025-11-11 10:47:53,984 [INFO] Not enough data to calculate EMA. Needed 5, got 0.
2025-11-11 10:47:53,989 [INFO] Not enough data to calculate EMA. Needed 5, got 0.
2025-11-11 10:47:53,990 [INFO] Not enough data to calculate EMA. Needed 5, got 0.
2025-11-11 10:48:03,996 [INFO] Checking trade setups at 2025-11-11 10:48:03
2025-11-11 10:48:03,996 [INFO] Applying EMA strategy to 6 stocks.
2025-11-11 10:48:03,996 [INFO] Not enough data to calculate EMA. Needed 5, got 0.
2025-11-11 10:48:04,007 [INFO] Not enough data to calculate EMA. Needed 5, got 0.
2025-11-11 10:48:04,017 [INFO] Not enough data to calculate EMA. Needed 5, got 0.
2025-11-11 10:48:04,021 [INFO] Not enough data to calculate EMA. Needed 5, got 0.
2025-11-11 10:48:04,021 [INFO] Not enough data to calculate EMA. Needed 5, got 0.
2025-11-11 10:48:04,033 [INFO] Not enough data to calculate EMA. Needed 5, got 0.
2025-11-11 10:48:14,036 [INFO] Checking trade setups at 2025-11-11 10:48:14
2025-11-11 10:48:14,036 [INFO] Applying EMA strategy to 6 stocks.
2025-11-11 10:48:14,038 [INFO] Not enough data to calculate EMA. Needed 5, got 0.
2025-11-11 10:48:14,042 [INFO] Not enough data to calculate EMA. Needed 5, got 0.
2025-11-11 10:48:14,051 [INFO] Not enough data to calculate EMA. Needed 5, got 0.
2025-11-11 10:48:14,057 [INFO] Not enough data to calculate EMA. Needed 5, got 0.
2025-11-11 10:48:14,060 [INFO] Not enough data to calculate EMA. Needed 5, got 0.
2025-11-11 10:48:14,063 [INFO] Not enough data to calculate EMA. Needed 5, got 0.
2025-11-11 10:48:24,069 [INFO] Checking trade setups at 2025-11-11 10:48:24
2025-11-11 10:48:24,069 [INFO] Applying EMA strategy to 6 stocks.
2025-11-11 10:48:24,071 [INFO] Not enough data to calculate EMA. Needed 5, got 0.
2025-11-11 10:48:24,077 [INFO] Not enough data to calculate EMA. Needed 5, got 0.
2025-11-11 10:48:24,083 [INFO] Not enough data to calculate EMA. Needed 5, got 0.
2025-11-11 10:48:24,087 [INFO] Not enough data to calculate EMA. Needed 5, got 0.
2025-11-11 10:48:24,092 [INFO] Not enough data to calculate EMA. Needed 5, got 0.
2025-11-11 10:48:24,095 [INFO] Not enough data to calculate EMA. Needed 5, got 0.
2025-11-11 10:48:34,098 [INFO] Checking trade setups at 2025-11-11 10:48:34
2025-11-11 10:48:34,098 [INFO] Applying EMA strategy to 6 stocks.
2025-11-11 10:48:34,100 [INFO] Not enough data to calculate EMA. Needed 5, got 0.
2025-11-11 10:48:34,121 [INFO] Not enough data to calculate EMA. Needed 5, got 0.
2025-11-11 10:48:34,126 [INFO] Not enough data to calculate EMA. Needed 5, got 0.
2025-11-11 10:48:34,130 [INFO] Not enough data to calculate EMA. Needed 5, got 0.
2025-11-11 10:48:34,137 [INFO] Not enough data to calculate EMA. Needed 5, got 0.
2025-11-11 10:48:34,143 [INFO] Not enough data to calculate EMA. Needed 5, got 0.
2025-11-11 10:48:44,145 [INFO] Checking trade setups at 2025-11-11 10:48:44
2025-11-11 10:48:44,145 [INFO] Applying EMA strategy to 6 stocks.
2025-11-11 10:48:44,148 [INFO] Not enough data to calculate EMA. Needed 5, got 0.
2025-11-11 10:48:44,156 [INFO] Not enough data to calculate EMA. Needed 5, got 0.
2025-11-11 10:48:44,161 [INFO] Not enough data to calculate EMA. Needed 5, got 0.
2025-11-11 10:48:44,161 [INFO] Not enough data to calculate EMA. Needed 5, got 0.
2025-11-11 10:48:44,170 [INFO] Not enough data to calculate EMA. Needed 5, got 0.
2025-11-11 10:48:44,172 [INFO] Not enough data to calculate EMA. Needed 5, got 0.
2025-11-11 10:48:54,178 [INFO] Checking trade setups at 2025-11-11 10:48:54
2025-11-11 10:48:54,179 [INFO] Applying EMA strategy to 6 stocks.
2025-11-11 10:48:54,185 [INFO] Not enough data to calculate EMA. Needed 5, got 0.
2025-11-11 10:48:54,192 [INFO] Not enough data to calculate EMA. Needed 5, got 0.
2025-11-11 10:48:54,198 [INFO] Not enough data to calculate EMA. Needed 5, got 0.
2025-11-11 10:48:54,200 [INFO] Not enough data to calculate EMA. Needed 5, got 0.
2025-11-11 10:48:54,209 [INFO] Not enough data to calculate EMA. Needed 5, got 0.
2025-11-11 10:48:54,217 [INFO] Not enough data to calculate EMA. Needed 5, got 0.
2025-11-11 10:49:04,219 [INFO] Checking trade setups at 2025-11-11 10:49:04
2025-11-11 10:49:04,219 [INFO] Applying EMA strategy to 6 stocks.
2025-11-11 10:49:04,222 [INFO] Not enough data to calculate EMA. Needed 5, got 0.
2025-11-11 10:49:04,229 [INFO] Not enough data to calculate EMA. Needed 5, got 0.
2025-11-11 10:49:04,235 [INFO] Not enough data to calculate EMA. Needed 5, got 0.
2025-11-11 10:49:04,242 [INFO] Not enough data to calculate EMA. Needed 5, got 0.
2025-11-11 10:49:04,248 [INFO] Not enough data to calculate EMA. Needed 5, got 0.
2025-11-11 10:49:04,254 [INFO] Not enough data to calculate EMA. Needed 5, got 0.
2025-11-11 10:49:14,259 [INFO] Checking trade setups at 2025-11-11 10:49:14
2025-11-11 10:49:14,259 [INFO] Applying EMA strategy to 6 stocks.
2025-11-11 10:49:14,263 [INFO] Not enough data to calculate EMA. Needed 5, got 0.
2025-11-11 10:49:14,269 [INFO] Not enough data to calculate EMA. Needed 5, got 0.
2025-11-11 10:49:14,276 [INFO] Not enough data to calculate EMA. Needed 5, got 0.
2025-11-11 10:49:14,280 [INFO] Not enough data to calculate EMA. Needed 5, got 0.
2025-11-11 10:49:14,286 [INFO] Not enough data to calculate EMA. Needed 5, got 0.
2025-11-11 10:49:14,292 [INFO] Not enough data to calculate EMA. Needed 5, got 0.
2025-11-11 10:49:24,297 [INFO] Checking trade setups at 2025-11-11 10:49:24
2025-11-11 10:49:24,297 [INFO] Applying EMA strategy to 6 stocks.
2025-11-11 10:49:24,300 [INFO] Not enough data to calculate EMA. Needed 5, got 0.
2025-11-11 10:49:24,306 [INFO] Not enough data to calculate EMA. Needed 5, got 0.
2025-11-11 10:49:24,313 [INFO] Not enough data to calculate EMA. Needed 5, got 0.
2025-11-11 10:49:24,316 [INFO] Not enough data to calculate EMA. Needed 5, got 0.
2025-11-11 10:49:24,321 [INFO] Not enough data to calculate EMA. Needed 5, got 0.
2025-11-11 10:49:24,328 [INFO] Not enough data to calculate EMA. Needed 5, got 0.
2025-11-11 10:49:34,331 [INFO] Checking trade setups at 2025-11-11 10:49:34
2025-11-11 10:49:34,331 [INFO] Applying EMA strategy to 6 stocks.
2025-11-11 10:49:34,345 [INFO] Not enough data to calculate EMA. Needed 5, got 0.
2025-11-11 10:49:34,348 [INFO] Not enough data to calculate EMA. Needed 5, got 0.
2025-11-11 10:49:34,355 [INFO] Not enough data to calculate EMA. Needed 5, got 0.
2025-11-11 10:49:34,359 [INFO] Not enough data to calculate EMA. Needed 5, got 0.
2025-11-11 10:49:34,369 [INFO] Not enough data to calculate EMA. Needed 5, got 0.
2025-11-11 10:49:34,371 [INFO] Not enough data to calculate EMA. Needed 5, got 0.
2025-11-11 10:49:44,375 [INFO] Checking trade setups at 2025-11-11 10:49:44
2025-11-11 10:49:44,376 [INFO] Applying EMA strategy to 6 stocks.
2025-11-11 10:49:44,381 [INFO] Not enough data to calculate EMA. Needed 5, got 0.
2025-11-11 10:49:44,387 [INFO] Not enough data to calculate EMA. Needed 5, got 0.
2025-11-11 10:49:44,396 [INFO] Not enough data to calculate EMA. Needed 5, got 0.
2025-11-11 10:49:44,400 [INFO] Not enough data to calculate EMA. Needed 5, got 0.
2025-11-11 10:49:44,405 [INFO] Not enough data to calculate EMA. Needed 5, got 0.
2025-11-11 10:49:44,410 [INFO] Not enough data to calculate EMA. Needed 5, got 0.
2025-11-11 10:49:54,413 [INFO] Checking trade setups at 2025-11-11 10:49:54
2025-11-11 10:49:54,413 [INFO] Applying EMA strategy to 6 stocks.
2025-11-11 10:49:54,413 [INFO] Not enough data to calculate EMA. Needed 5, got 0.
2025-11-11 10:49:54,421 [INFO] Not enough data to calculate EMA. Needed 5, got 0.
2025-11-11 10:49:54,430 [INFO] Not enough data to calculate EMA. Needed 5, got 0.
2025-11-11 10:49:54,435 [INFO] Not enough data to calculate EMA. Needed 5, got 0.
2025-11-11 10:49:54,435 [INFO] Not enough data to calculate EMA. Needed 5, got 0.
2025-11-11 10:49:54,444 [INFO] Not enough data to calculate EMA. Needed 5, got 0.
2025-11-11 10:50:04,447 [INFO] Checking trade setups at 2025-11-11 10:50:04
2025-11-11 10:50:04,447 [INFO] Applying EMA strategy to 6 stocks.
2025-11-11 10:50:04,452 [INFO] Not enough data to calculate EMA. Needed 5, got 0.
2025-11-11 10:50:04,457 [INFO] Not enough data to calculate EMA. Needed 5, got 0.
2025-11-11 10:50:04,467 [INFO] Not enough data to calculate EMA. Needed 5, got 0.
2025-11-11 10:50:04,472 [INFO] Not enough data to calculate EMA. Needed 5, got 0.
2025-11-11 10:50:04,475 [INFO] Not enough data to calculate EMA. Needed 5, got 0.
2025-11-11 10:50:04,479 [INFO] Not enough data to calculate EMA. Needed 5, got 0.
2025-11-11 10:50:14,482 [INFO] Checking trade setups at 2025-11-11 10:50:14
2025-11-11 10:50:14,482 [INFO] Applying EMA strategy to 6 stocks.
2025-11-11 10:50:14,490 [INFO] Not enough data to calculate EMA. Needed 5, got 0.
2025-11-11 10:50:14,498 [INFO] Not enough data to calculate EMA. Needed 5, got 0.
2025-11-11 10:50:14,512 [INFO] Not enough data to calculate EMA. Needed 5, got 0.
2025-11-11 10:50:14,524 [INFO] Not enough data to calculate EMA. Needed 5, got 0.
2025-11-11 10:50:14,531 [INFO] Not enough data to calculate EMA. Needed 5, got 0.
2025-11-11 10:50:14,545 [INFO] Not enough data to calculate EMA. Needed 5, got 0.
2025-11-11 10:50:24,555 [INFO] Checking trade setups at 2025-11-11 10:50:24
2025-11-11 10:50:24,555 [INFO] Applying EMA strategy to 6 stocks.
2025-11-11 10:50:24,559 [INFO] Not enough data to calculate EMA. Needed 5, got 0.
2025-11-11 10:50:24,562 [INFO] Not enough data to calculate EMA. Needed 5, got 0.
2025-11-11 10:50:24,570 [INFO] Not enough data to calculate EMA. Needed 5, got 0.
2025-11-11 10:50:24,573 [INFO] Not enough data to calculate EMA. Needed 5, got 0.
2025-11-11 10:50:24,579 [INFO] Not enough data to calculate EMA. Needed 5, got 0.
2025-11-11 10:50:24,583 [INFO] Not enough data to calculate EMA. Needed 5, got 0.
2025-11-11 10:50:34,586 [INFO] Checking trade setups at 2025-11-11 10:50:34
2025-11-11 10:50:34,586 [INFO] Applying EMA strategy to 6 stocks.
2025-11-11 10:50:34,588 [INFO] Not enough data to calculate EMA. Needed 5, got 0.
2025-11-11 10:50:34,595 [INFO] Not enough data to calculate EMA. Needed 5, got 0.
2025-11-11 10:50:34,600 [INFO] Not enough data to calculate EMA. Needed 5, got 0.
2025-11-11 10:50:34,606 [INFO] Not enough data to calculate EMA. Needed 5, got 0.
2025-11-11 10:50:34,610 [INFO] Not enough data to calculate EMA. Needed 5, got 0.
2025-11-11 10:50:34,618 [INFO] Not enough data to calculate EMA. Needed 5, got 0.
2025-11-11 10:50:44,621 [INFO] Checking trade setups at 2025-11-11 10:50:44
2025-11-11 10:50:44,622 [INFO] Applying EMA strategy to 6 stocks.
2025-11-11 10:50:44,626 [INFO] Not enough data to calculate EMA. Needed 5, got 0.
2025-11-11 10:50:44,633 [INFO] Not enough data to calculate EMA. Needed 5, got 0.
2025-11-11 10:50:44,641 [INFO] Not enough data to calculate EMA. Needed 5, got 0.
2025-11-11 10:50:44,647 [INFO] Not enough data to calculate EMA. Needed 5, got 0.
2025-11-11 10:50:44,690 [INFO] Not enough data to calculate EMA. Needed 5, got 0.
2025-11-11 10:50:44,714 [INFO] Not enough data to calculate EMA. Needed 5, got 0.
2025-11-11 10:50:54,746 [INFO] Checking trade setups at 2025-11-11 10:50:54
2025-11-11 10:50:54,746 [INFO] Applying EMA strategy to 6 stocks.
2025-11-11 10:50:54,748 [INFO] Not enough data to calculate EMA. Needed 5, got 0.
2025-11-11 10:50:54,748 [INFO] Not enough data to calculate EMA. Needed 5, got 0.
2025-11-11 10:50:54,760 [INFO] Not enough data to calculate EMA. Needed 5, got 0.
2025-11-11 10:50:54,766 [INFO] Not enough data to calculate EMA. Needed 5, got 0.
2025-11-11 10:50:54,766 [INFO] Not enough data to calculate EMA. Needed 5, got 0.
2025-11-11 10:50:54,775 [INFO] Not enough data to calculate EMA. Needed 5, got 0.
2025-11-11 10:51:04,778 [INFO] Checking trade setups at 2025-11-11 10:51:04
2025-11-11 10:51:04,778 [INFO] Applying EMA strategy to 6 stocks.
2025-11-11 10:51:04,780 [INFO] Not enough data to calculate EMA. Needed 5, got 0.
2025-11-11 10:51:04,788 [INFO] Not enough data to calculate EMA. Needed 5, got 0.
2025-11-11 10:51:04,797 [INFO] Not enough data to calculate EMA. Needed 5, got 0.
2025-11-11 10:51:04,809 [INFO] Not enough data to calculate EMA. Needed 5, got 0.
2025-11-11 10:51:04,812 [INFO] Not enough data to calculate EMA. Needed 5, got 0.
2025-11-11 10:51:04,820 [INFO] Not enough data to calculate EMA. Needed 5, got 0.
2025-11-11 10:51:14,823 [INFO] Checking trade setups at 2025-11-11 10:51:14
2025-11-11 10:51:14,823 [INFO] Applying EMA strategy to 6 stocks.
2025-11-11 10:51:14,826 [INFO] Not enough data to calculate EMA. Needed 5, got 0.
2025-11-11 10:51:14,834 [INFO] Not enough data to calculate EMA. Needed 5, got 0.
2025-11-11 10:51:14,839 [INFO] Not enough data to calculate EMA. Needed 5, got 0.
2025-11-11 10:51:14,842 [INFO] Not enough data to calculate EMA. Needed 5, got 0.
2025-11-11 10:51:14,847 [INFO] Not enough data to calculate EMA. Needed 5, got 0.
2025-11-11 10:51:14,850 [INFO] Not enough data to calculate EMA. Needed 5, got 0.
2025-11-11 10:51:24,854 [INFO] Checking trade setups at 2025-11-11 10:51:24
2025-11-11 10:51:24,854 [INFO] Applying EMA strategy to 6 stocks.
2025-11-11 10:51:24,856 [INFO] Not enough data to calculate EMA. Needed 5, got 0.
2025-11-11 10:51:24,864 [INFO] Not enough data to calculate EMA. Needed 5, got 0.
2025-11-11 10:51:24,875 [INFO] Not enough data to calculate EMA. Needed 5, got 0.
2025-11-11 10:51:24,880 [INFO] Not enough data to calculate EMA. Needed 5, got 0.
2025-11-11 10:51:24,885 [INFO] Not enough data to calculate EMA. Needed 5, got 0.
2025-11-11 10:51:24,889 [INFO] Not enough data to calculate EMA. Needed 5, got 0.
2025-11-11 10:51:34,893 [INFO] Checking trade setups at 2025-11-11 10:51:34
2025-11-11 10:51:34,893 [INFO] Applying EMA strategy to 6 stocks.
2025-11-11 10:51:34,895 [INFO] Not enough data to calculate EMA. Needed 5, got 0.
2025-11-11 10:51:34,902 [INFO] Not enough data to calculate EMA. Needed 5, got 0.
2025-11-11 10:51:34,907 [INFO] Not enough data to calculate EMA. Needed 5, got 0.
2025-11-11 10:51:34,911 [INFO] Not enough data to calculate EMA. Needed 5, got 0.
2025-11-11 10:51:34,915 [INFO] Not enough data to calculate EMA. Needed 5, got 0.
2025-11-11 10:51:34,919 [INFO] Not enough data to calculate EMA. Needed 5, got 0.
2025-11-11 10:51:44,923 [INFO] Checking trade setups at 2025-11-11 10:51:44
2025-11-11 10:51:44,923 [INFO] Applying EMA strategy to 6 stocks.
2025-11-11 10:51:44,924 [INFO] Not enough data to calculate EMA. Needed 5, got 0.
2025-11-11 10:51:44,930 [INFO] Not enough data to calculate EMA. Needed 5, got 0.
2025-11-11 10:51:44,936 [INFO] Not enough data to calculate EMA. Needed 5, got 0.
2025-11-11 10:51:44,944 [INFO] Not enough data to calculate EMA. Needed 5, got 0.
2025-11-11 10:51:44,948 [INFO] Not enough data to calculate EMA. Needed 5, got 0.
2025-11-11 10:51:44,954 [INFO] Not enough data to calculate EMA. Needed 5, got 0.
2025-11-11 10:51:54,956 [INFO] Checking trade setups at 2025-11-11 10:51:54
2025-11-11 10:51:54,956 [INFO] Applying EMA strategy to 6 stocks.
2025-11-11 10:51:54,956 [INFO] Not enough data to calculate EMA. Needed 5, got 0.
2025-11-11 10:51:54,965 [INFO] Not enough data to calculate EMA. Needed 5, got 0.
2025-11-11 10:51:54,972 [INFO] Not enough data to calculate EMA. Needed 5, got 0.
2025-11-11 10:51:54,973 [INFO] Not enough data to calculate EMA. Needed 5, got 0.
2025-11-11 10:51:54,980 [INFO] Not enough data to calculate EMA. Needed 5, got 0.
2025-11-11 10:51:54,980 [INFO] Not enough data to calculate EMA. Needed 5, got 0.
2025-11-11 10:52:04,988 [INFO] Checking trade setups at 2025-11-11 10:52:04
2025-11-11 10:52:04,988 [INFO] Applying EMA strategy to 6 stocks.
2025-11-11 10:52:04,993 [INFO] Not enough data to calculate EMA. Needed 5, got 0.
2025-11-11 10:52:04,999 [INFO] Not enough data to calculate EMA. Needed 5, got 0.
2025-11-11 10:52:05,004 [INFO] Not enough data to calculate EMA. Needed 5, got 0.
2025-11-11 10:52:05,008 [INFO] Not enough data to calculate EMA. Needed 5, got 0.
2025-11-11 10:52:05,015 [INFO] Not enough data to calculate EMA. Needed 5, got 0.
2025-11-11 10:52:05,015 [INFO] Not enough data to calculate EMA. Needed 5, got 0.
2025-11-11 10:52:15,022 [INFO] Checking trade setups at 2025-11-11 10:52:15
2025-11-11 10:52:15,024 [INFO] Applying EMA strategy to 6 stocks.
2025-11-11 10:52:15,029 [INFO] Not enough data to calculate EMA. Needed 5, got 0.
2025-11-11 10:52:15,035 [INFO] Not enough data to calculate EMA. Needed 5, got 0.
2025-11-11 10:52:15,048 [INFO] Not enough data to calculate EMA. Needed 5, got 0.
2025-11-11 10:52:15,058 [INFO] Not enough data to calculate EMA. Needed 5, got 0.
2025-11-11 10:52:15,063 [INFO] Not enough data to calculate EMA. Needed 5, got 0.
2025-11-11 10:52:15,068 [INFO] Not enough data to calculate EMA. Needed 5, got 0.
2025-11-11 10:52:25,071 [INFO] Checking trade setups at 2025-11-11 10:52:25
2025-11-11 10:52:25,071 [INFO] Applying EMA strategy to 6 stocks.
2025-11-11 10:52:25,076 [INFO] Not enough data to calculate EMA. Needed 5, got 0.
2025-11-11 10:52:25,082 [INFO] Not enough data to calculate EMA. Needed 5, got 0.
2025-11-11 10:52:25,088 [INFO] Not enough data to calculate EMA. Needed 5, got 0.
2025-11-11 10:52:25,090 [INFO] Not enough data to calculate EMA. Needed 5, got 0.
2025-11-11 10:52:25,090 [INFO] Not enough data to calculate EMA. Needed 5, got 0.
2025-11-11 10:52:25,101 [INFO] Not enough data to calculate EMA. Needed 5, got 0.
2025-11-11 10:52:35,105 [INFO] Checking trade setups at 2025-11-11 10:52:35
2025-11-11 10:52:35,105 [INFO] Applying EMA strategy to 6 stocks.
2025-11-11 10:52:35,116 [INFO] Not enough data to calculate EMA. Needed 5, got 0.
2025-11-11 10:52:35,118 [INFO] Not enough data to calculate EMA. Needed 5, got 0.
2025-11-11 10:52:35,124 [INFO] Not enough data to calculate EMA. Needed 5, got 0.
2025-11-11 10:52:35,124 [INFO] Not enough data to calculate EMA. Needed 5, got 0.
2025-11-11 10:52:35,134 [INFO] Not enough data to calculate EMA. Needed 5, got 0.
2025-11-11 10:52:35,142 [INFO] Not enough data to calculate EMA. Needed 5, got 0.
2025-11-11 10:52:45,145 [INFO] Checking trade setups at 2025-11-11 10:52:45
2025-11-11 10:52:45,145 [INFO] Applying EMA strategy to 6 stocks.
2025-11-11 10:52:45,147 [INFO] Not enough data to calculate EMA. Needed 5, got 0.
2025-11-11 10:52:45,155 [INFO] Not enough data to calculate EMA. Needed 5, got 0.
2025-11-11 10:52:45,165 [INFO] Not enough data to calculate EMA. Needed 5, got 0.
2025-11-11 10:52:45,167 [INFO] Not enough data to calculate EMA. Needed 5, got 0.
2025-11-11 10:52:45,171 [INFO] Not enough data to calculate EMA. Needed 5, got 0.
2025-11-11 10:52:45,174 [INFO] Not enough data to calculate EMA. Needed 5, got 0.
2025-11-11 10:52:55,183 [INFO] Checking trade setups at 2025-11-11 10:52:55
2025-11-11 10:52:55,183 [INFO] Applying EMA strategy to 6 stocks.
2025-11-11 10:52:55,185 [INFO] Not enough data to calculate EMA. Needed 5, got 0.
2025-11-11 10:52:55,190 [INFO] Not enough data to calculate EMA. Needed 5, got 0.
2025-11-11 10:52:55,195 [INFO] Not enough data to calculate EMA. Needed 5, got 0.
2025-11-11 10:52:55,199 [INFO] Not enough data to calculate EMA. Needed 5, got 0.
2025-11-11 10:52:55,201 [INFO] Not enough data to calculate EMA. Needed 5, got 0.
2025-11-11 10:52:55,207 [INFO] Not enough data to calculate EMA. Needed 5, got 0.
2025-11-11 10:53:05,211 [INFO] Checking trade setups at 2025-11-11 10:53:05
2025-11-11 10:53:05,211 [INFO] Applying EMA strategy to 6 stocks.
2025-11-11 10:53:05,215 [INFO] Not enough data to calculate EMA. Needed 5, got 0.
2025-11-11 10:53:05,224 [INFO] Not enough data to calculate EMA. Needed 5, got 0.
2025-11-11 10:53:05,234 [INFO] Not enough data to calculate EMA. Needed 5, got 0.
2025-11-11 10:53:05,236 [INFO] Not enough data to calculate EMA. Needed 5, got 0.
2025-11-11 10:53:05,245 [INFO] Not enough data to calculate EMA. Needed 5, got 0.
2025-11-11 10:53:05,248 [INFO] Not enough data to calculate EMA. Needed 5, got 0.
2025-11-11 10:53:15,254 [INFO] Checking trade setups at 2025-11-11 10:53:15
2025-11-11 10:53:15,254 [INFO] Applying EMA strategy to 6 stocks.
2025-11-11 10:53:15,256 [INFO] Not enough data to calculate EMA. Needed 5, got 0.
2025-11-11 10:53:15,263 [INFO] Not enough data to calculate EMA. Needed 5, got 0.
2025-11-11 10:53:15,268 [INFO] Not enough data to calculate EMA. Needed 5, got 0.
2025-11-11 10:53:15,274 [INFO] Not enough data to calculate EMA. Needed 5, got 0.
2025-11-11 10:53:15,278 [INFO] Not enough data to calculate EMA. Needed 5, got 0.
2025-11-11 10:53:15,286 [INFO] Not enough data to calculate EMA. Needed 5, got 0.
2025-11-11 10:53:25,291 [INFO] Checking trade setups at 2025-11-11 10:53:25
2025-11-11 10:53:25,291 [INFO] Applying EMA strategy to 6 stocks.
2025-11-11 10:53:25,293 [INFO] Not enough data to calculate EMA. Needed 5, got 0.
2025-11-11 10:53:25,298 [INFO] Not enough data to calculate EMA. Needed 5, got 0.
2025-11-11 10:53:25,371 [INFO] Not enough data to calculate EMA. Needed 5, got 0.
2025-11-11 10:53:25,403 [INFO] Not enough data to calculate EMA. Needed 5, got 0.
2025-11-11 10:53:25,414 [INFO] Not enough data to calculate EMA. Needed 5, got 0.
2025-11-11 10:53:25,421 [INFO] Not enough data to calculate EMA. Needed 5, got 0.
2025-11-11 10:53:35,424 [INFO] Checking trade setups at 2025-11-11 10:53:35
2025-11-11 10:53:35,424 [INFO] Applying EMA strategy to 6 stocks.
2025-11-11 10:53:35,428 [INFO] Not enough data to calculate EMA. Needed 5, got 0.
2025-11-11 10:53:35,428 [INFO] Not enough data to calculate EMA. Needed 5, got 0.
2025-11-11 10:53:35,439 [INFO] Not enough data to calculate EMA. Needed 5, got 0.
2025-11-11 10:53:35,445 [INFO] Not enough data to calculate EMA. Needed 5, got 0.
2025-11-11 10:53:35,453 [INFO] Not enough data to calculate EMA. Needed 5, got 0.
2025-11-11 10:53:35,461 [INFO] Not enough data to calculate EMA. Needed 5, got 0.
2025-11-11 10:53:45,467 [INFO] Checking trade setups at 2025-11-11 10:53:45
2025-11-11 10:53:45,471 [INFO] Applying EMA strategy to 6 stocks.
2025-11-11 10:53:45,481 [INFO] Not enough data to calculate EMA. Needed 5, got 0.
2025-11-11 10:53:45,491 [INFO] Not enough data to calculate EMA. Needed 5, got 0.
2025-11-11 10:53:45,499 [INFO] Not enough data to calculate EMA. Needed 5, got 0.
2025-11-11 10:53:45,504 [INFO] Not enough data to calculate EMA. Needed 5, got 0.
2025-11-11 10:53:45,508 [INFO] Not enough data to calculate EMA. Needed 5, got 0.
2025-11-11 10:53:45,512 [INFO] Not enough data to calculate EMA. Needed 5, got 0.
2025-11-11 10:53:55,517 [INFO] Checking trade setups at 2025-11-11 10:53:55
2025-11-11 10:53:55,517 [INFO] Applying EMA strategy to 6 stocks.
2025-11-11 10:53:55,522 [INFO] Not enough data to calculate EMA. Needed 5, got 0.
2025-11-11 10:53:55,528 [INFO] Not enough data to calculate EMA. Needed 5, got 0.
2025-11-11 10:53:55,534 [INFO] Not enough data to calculate EMA. Needed 5, got 0.
2025-11-11 10:53:55,542 [INFO] Not enough data to calculate EMA. Needed 5, got 0.
2025-11-11 10:53:55,544 [INFO] Not enough data to calculate EMA. Needed 5, got 0.
2025-11-11 10:53:55,552 [INFO] Not enough data to calculate EMA. Needed 5, got 0.
2025-11-11 10:54:05,556 [INFO] Checking trade setups at 2025-11-11 10:54:05
2025-11-11 10:54:05,556 [INFO] Applying EMA strategy to 6 stocks.
2025-11-11 10:54:05,561 [INFO] Not enough data to calculate EMA. Needed 5, got 0.
2025-11-11 10:54:05,567 [INFO] Not enough data to calculate EMA. Needed 5, got 0.
2025-11-11 10:54:05,577 [INFO] Not enough data to calculate EMA. Needed 5, got 0.
2025-11-11 10:54:05,579 [INFO] Not enough data to calculate EMA. Needed 5, got 0.
2025-11-11 10:54:05,585 [INFO] Not enough data to calculate EMA. Needed 5, got 0.
2025-11-11 10:54:05,592 [INFO] Not enough data to calculate EMA. Needed 5, got 0.
2025-11-11 10:54:15,595 [INFO] Checking trade setups at 2025-11-11 10:54:15
2025-11-11 10:54:15,595 [INFO] Applying EMA strategy to 6 stocks.
2025-11-11 10:54:15,600 [INFO] Not enough data to calculate EMA. Needed 5, got 0.
2025-11-11 10:54:15,605 [INFO] Not enough data to calculate EMA. Needed 5, got 0.
2025-11-11 10:54:15,612 [INFO] Not enough data to calculate EMA. Needed 5, got 0.
2025-11-11 10:54:15,612 [INFO] Not enough data to calculate EMA. Needed 5, got 0.
2025-11-11 10:54:15,619 [INFO] Not enough data to calculate EMA. Needed 5, got 0.
2025-11-11 10:54:15,624 [INFO] Not enough data to calculate EMA. Needed 5, got 0.
2025-11-11 10:54:25,630 [INFO] Checking trade setups at 2025-11-11 10:54:25
2025-11-11 10:54:25,630 [INFO] Applying EMA strategy to 6 stocks.
2025-11-11 10:54:25,635 [INFO] Not enough data to calculate EMA. Needed 5, got 0.
2025-11-11 10:54:25,637 [INFO] Not enough data to calculate EMA. Needed 5, got 0.
2025-11-11 10:54:25,644 [INFO] Not enough data to calculate EMA. Needed 5, got 0.
2025-11-11 10:54:25,651 [INFO] Not enough data to calculate EMA. Needed 5, got 0.
2025-11-11 10:54:25,657 [INFO] Not enough data to calculate EMA. Needed 5, got 0.
2025-11-11 10:54:25,660 [INFO] Not enough data to calculate EMA. Needed 5, got 0.
2025-11-11 10:54:35,663 [INFO] Checking trade setups at 2025-11-11 10:54:35
2025-11-11 10:54:35,664 [INFO] Applying EMA strategy to 6 stocks.
2025-11-11 10:54:35,668 [INFO] Not enough data to calculate EMA. Needed 5, got 0.
2025-11-11 10:54:35,674 [INFO] Not enough data to calculate EMA. Needed 5, got 0.
2025-11-11 10:54:35,677 [INFO] Not enough data to calculate EMA. Needed 5, got 0.
2025-11-11 10:54:35,683 [INFO] Not enough data to calculate EMA. Needed 5, got 0.
2025-11-11 10:54:35,689 [INFO] Not enough data to calculate EMA. Needed 5, got 0.
2025-11-11 10:54:35,693 [INFO] Not enough data to calculate EMA. Needed 5, got 0.
2025-11-11 10:54:45,696 [INFO] Checking trade setups at 2025-11-11 10:54:45
2025-11-11 10:54:45,696 [INFO] Applying EMA strategy to 6 stocks.
2025-11-11 10:54:45,696 [INFO] Not enough data to calculate EMA. Needed 5, got 0.
2025-11-11 10:54:45,707 [INFO] Not enough data to calculate EMA. Needed 5, got 0.
2025-11-11 10:54:45,712 [INFO] Not enough data to calculate EMA. Needed 5, got 0.
2025-11-11 10:54:45,717 [INFO] Not enough data to calculate EMA. Needed 5, got 0.
2025-11-11 10:54:45,721 [INFO] Not enough data to calculate EMA. Needed 5, got 0.
2025-11-11 10:54:45,727 [INFO] Not enough data to calculate EMA. Needed 5, got 0.
2025-11-11 10:54:55,730 [INFO] Checking trade setups at 2025-11-11 10:54:55
2025-11-11 10:54:55,730 [INFO] Applying EMA strategy to 6 stocks.
2025-11-11 10:54:55,735 [INFO] Not enough data to calculate EMA. Needed 5, got 0.
2025-11-11 10:54:55,741 [INFO] Not enough data to calculate EMA. Needed 5, got 0.
2025-11-11 10:54:55,747 [INFO] Not enough data to calculate EMA. Needed 5, got 0.
2025-11-11 10:54:55,751 [INFO] Not enough data to calculate EMA. Needed 5, got 0.
2025-11-11 10:54:55,754 [INFO] Not enough data to calculate EMA. Needed 5, got 0.
2025-11-11 10:54:55,760 [INFO] Not enough data to calculate EMA. Needed 5, got 0.
2025-11-11 10:55:05,763 [INFO] Checking trade setups at 2025-11-11 10:55:05
2025-11-11 10:55:05,763 [INFO] Applying EMA strategy to 6 stocks.
2025-11-11 10:55:05,765 [INFO] Not enough data to calculate EMA. Needed 5, got 0.
2025-11-11 10:55:05,774 [INFO] Not enough data to calculate EMA. Needed 5, got 0.
2025-11-11 10:55:05,779 [INFO] Not enough data to calculate EMA. Needed 5, got 0.
2025-11-11 10:55:05,779 [INFO] Not enough data to calculate EMA. Needed 5, got 0.
2025-11-11 10:55:05,787 [INFO] Not enough data to calculate EMA. Needed 5, got 0.
2025-11-11 10:55:05,793 [INFO] Not enough data to calculate EMA. Needed 5, got 0.
2025-11-11 10:55:15,796 [INFO] Checking trade setups at 2025-11-11 10:55:15
2025-11-11 10:55:15,796 [INFO] Applying EMA strategy to 6 stocks.
2025-11-11 10:55:15,798 [INFO] Not enough data to calculate EMA. Needed 5, got 0.
2025-11-11 10:55:15,809 [INFO] Not enough data to calculate EMA. Needed 5, got 0.
2025-11-11 10:55:15,811 [INFO] Not enough data to calculate EMA. Needed 5, got 0.
2025-11-11 10:55:15,819 [INFO] Not enough data to calculate EMA. Needed 5, got 0.
2025-11-11 10:55:15,822 [INFO] Not enough data to calculate EMA. Needed 5, got 0.
2025-11-11 10:55:15,829 [INFO] Not enough data to calculate EMA. Needed 5, got 0.
2025-11-11 10:55:25,832 [INFO] Checking trade setups at 2025-11-11 10:55:25
2025-11-11 10:55:25,832 [INFO] Applying EMA strategy to 6 stocks.
2025-11-11 10:55:25,844 [INFO] Not enough data to calculate EMA. Needed 5, got 0.
2025-11-11 10:55:25,850 [INFO] Not enough data to calculate EMA. Needed 5, got 0.
2025-11-11 10:55:25,855 [INFO] Not enough data to calculate EMA. Needed 5, got 0.
2025-11-11 10:55:25,855 [INFO] Not enough data to calculate EMA. Needed 5, got 0.
2025-11-11 10:55:25,867 [INFO] Not enough data to calculate EMA. Needed 5, got 0.
2025-11-11 10:55:25,872 [INFO] Not enough data to calculate EMA. Needed 5, got 0.
2025-11-11 10:55:35,874 [INFO] Checking trade setups at 2025-11-11 10:55:35
2025-11-11 10:55:35,874 [INFO] Applying EMA strategy to 6 stocks.
2025-11-11 10:55:35,877 [INFO] Not enough data to calculate EMA. Needed 5, got 0.
2025-11-11 10:55:35,882 [INFO] Not enough data to calculate EMA. Needed 5, got 0.
2025-11-11 10:55:35,891 [INFO] Not enough data to calculate EMA. Needed 5, got 0.
2025-11-11 10:55:35,893 [INFO] Not enough data to calculate EMA. Needed 5, got 0.
2025-11-11 10:55:35,901 [INFO] Not enough data to calculate EMA. Needed 5, got 0.
2025-11-11 10:55:35,903 [INFO] Not enough data to calculate EMA. Needed 5, got 0.
2025-11-11 10:55:45,909 [INFO] Checking trade setups at 2025-11-11 10:55:45
2025-11-11 10:55:45,909 [INFO] Applying EMA strategy to 6 stocks.
2025-11-11 10:55:45,909 [INFO] Not enough data to calculate EMA. Needed 5, got 0.
2025-11-11 10:55:45,918 [INFO] Not enough data to calculate EMA. Needed 5, got 0.
2025-11-11 10:55:45,922 [INFO] Not enough data to calculate EMA. Needed 5, got 0.
2025-11-11 10:55:45,925 [INFO] Not enough data to calculate EMA. Needed 5, got 0.
2025-11-11 10:55:45,925 [INFO] Not enough data to calculate EMA. Needed 5, got 0.
2025-11-11 10:55:45,936 [INFO] Not enough data to calculate EMA. Needed 5, got 0.
2025-11-11 10:55:55,940 [INFO] Checking trade setups at 2025-11-11 10:55:55
2025-11-11 10:55:55,940 [INFO] Applying EMA strategy to 6 stocks.
2025-11-11 10:55:55,943 [INFO] Not enough data to calculate EMA. Needed 5, got 0.
2025-11-11 10:55:55,949 [INFO] Not enough data to calculate EMA. Needed 5, got 0.
2025-11-11 10:55:55,958 [INFO] Not enough data to calculate EMA. Needed 5, got 0.
2025-11-11 10:55:55,965 [INFO] Not enough data to calculate EMA. Needed 5, got 0.
2025-11-11 10:55:55,968 [INFO] Not enough data to calculate EMA. Needed 5, got 0.
2025-11-11 10:55:55,979 [INFO] Not enough data to calculate EMA. Needed 5, got 0.
2025-11-11 10:56:05,982 [INFO] Checking trade setups at 2025-11-11 10:56:05
2025-11-11 10:56:05,982 [INFO] Applying EMA strategy to 6 stocks.
2025-11-11 10:56:05,986 [INFO] Not enough data to calculate EMA. Needed 5, got 0.
2025-11-11 10:56:05,992 [INFO] Not enough data to calculate EMA. Needed 5, got 0.
2025-11-11 10:56:05,997 [INFO] Not enough data to calculate EMA. Needed 5, got 0.
2025-11-11 10:56:06,003 [INFO] Not enough data to calculate EMA. Needed 5, got 0.
2025-11-11 10:56:06,005 [INFO] Not enough data to calculate EMA. Needed 5, got 0.
2025-11-11 10:56:06,054 [INFO] Not enough data to calculate EMA. Needed 5, got 0.
2025-11-11 10:56:16,069 [INFO] Checking trade setups at 2025-11-11 10:56:16
2025-11-11 10:56:16,069 [INFO] Applying EMA strategy to 6 stocks.
2025-11-11 10:56:16,074 [INFO] Not enough data to calculate EMA. Needed 5, got 0.
2025-11-11 10:56:16,079 [INFO] Not enough data to calculate EMA. Needed 5, got 0.
2025-11-11 10:56:16,087 [INFO] Not enough data to calculate EMA. Needed 5, got 0.
2025-11-11 10:56:16,093 [INFO] Not enough data to calculate EMA. Needed 5, got 0.
2025-11-11 10:56:16,099 [INFO] Not enough data to calculate EMA. Needed 5, got 0.
2025-11-11 10:56:16,105 [INFO] Not enough data to calculate EMA. Needed 5, got 0.
2025-11-11 10:56:26,108 [INFO] Checking trade setups at 2025-11-11 10:56:26
2025-11-11 10:56:26,108 [INFO] Applying EMA strategy to 6 stocks.
2025-11-11 10:56:26,112 [INFO] Not enough data to calculate EMA. Needed 5, got 0.
2025-11-11 10:56:26,120 [INFO] Not enough data to calculate EMA. Needed 5, got 0.
2025-11-11 10:56:26,128 [INFO] Not enough data to calculate EMA. Needed 5, got 0.
2025-11-11 10:56:26,131 [INFO] Not enough data to calculate EMA. Needed 5, got 0.
2025-11-11 10:56:26,139 [INFO] Not enough data to calculate EMA. Needed 5, got 0.
2025-11-11 10:56:26,144 [INFO] Not enough data to calculate EMA. Needed 5, got 0.
2025-11-11 10:56:36,149 [INFO] Checking trade setups at 2025-11-11 10:56:36
2025-11-11 10:56:36,149 [INFO] Applying EMA strategy to 6 stocks.
2025-11-11 10:56:36,150 [INFO] Not enough data to calculate EMA. Needed 5, got 0.
2025-11-11 10:56:36,157 [INFO] Not enough data to calculate EMA. Needed 5, got 0.
2025-11-11 10:56:36,164 [INFO] Not enough data to calculate EMA. Needed 5, got 0.
2025-11-11 10:56:36,169 [INFO] Not enough data to calculate EMA. Needed 5, got 0.
2025-11-11 10:56:36,173 [INFO] Not enough data to calculate EMA. Needed 5, got 0.
2025-11-11 10:56:36,178 [INFO] Not enough data to calculate EMA. Needed 5, got 0.
2025-11-11 10:56:46,181 [INFO] Checking trade setups at 2025-11-11 10:56:46
2025-11-11 10:56:46,181 [INFO] Applying EMA strategy to 6 stocks.
2025-11-11 10:56:46,190 [INFO] Not enough data to calculate EMA. Needed 5, got 0.
2025-11-11 10:56:46,196 [INFO] Not enough data to calculate EMA. Needed 5, got 0.
2025-11-11 10:56:46,204 [INFO] Not enough data to calculate EMA. Needed 5, got 0.
2025-11-11 10:56:46,209 [INFO] Not enough data to calculate EMA. Needed 5, got 0.
2025-11-11 10:56:46,212 [INFO] Not enough data to calculate EMA. Needed 5, got 0.
2025-11-11 10:56:46,216 [INFO] Not enough data to calculate EMA. Needed 5, got 0.
2025-11-11 10:56:56,220 [INFO] Checking trade setups at 2025-11-11 10:56:56
2025-11-11 10:56:56,220 [INFO] Applying EMA strategy to 6 stocks.
2025-11-11 10:56:56,225 [INFO] Not enough data to calculate EMA. Needed 5, got 0.
2025-11-11 10:56:56,231 [INFO] Not enough data to calculate EMA. Needed 5, got 0.
2025-11-11 10:56:56,238 [INFO] Not enough data to calculate EMA. Needed 5, got 0.
2025-11-11 10:56:56,243 [INFO] Not enough data to calculate EMA. Needed 5, got 0.
2025-11-11 10:56:56,243 [INFO] Not enough data to calculate EMA. Needed 5, got 0.
2025-11-11 10:56:56,253 [INFO] Not enough data to calculate EMA. Needed 5, got 0.
2025-11-11 10:57:06,258 [INFO] Checking trade setups at 2025-11-11 10:57:06
2025-11-11 10:57:06,258 [INFO] Applying EMA strategy to 6 stocks.
2025-11-11 10:57:06,263 [INFO] Not enough data to calculate EMA. Needed 5, got 0.
2025-11-11 10:57:06,269 [INFO] Not enough data to calculate EMA. Needed 5, got 0.
2025-11-11 10:57:06,277 [INFO] Not enough data to calculate EMA. Needed 5, got 0.
2025-11-11 10:57:06,281 [INFO] Not enough data to calculate EMA. Needed 5, got 0.
2025-11-11 10:57:06,286 [INFO] Not enough data to calculate EMA. Needed 5, got 0.
2025-11-11 10:57:06,293 [INFO] Not enough data to calculate EMA. Needed 5, got 0.
2025-11-11 10:57:16,296 [INFO] Checking trade setups at 2025-11-11 10:57:16
2025-11-11 10:57:16,296 [INFO] Applying EMA strategy to 6 stocks.
2025-11-11 10:57:16,298 [INFO] Not enough data to calculate EMA. Needed 5, got 0.
2025-11-11 10:57:16,301 [INFO] Not enough data to calculate EMA. Needed 5, got 0.
2025-11-11 10:57:16,311 [INFO] Not enough data to calculate EMA. Needed 5, got 0.
2025-11-11 10:57:16,321 [INFO] Not enough data to calculate EMA. Needed 5, got 0.
2025-11-11 10:57:16,323 [INFO] Not enough data to calculate EMA. Needed 5, got 0.
2025-11-11 10:57:16,332 [INFO] Not enough data to calculate EMA. Needed 5, got 0.
2025-11-11 10:57:26,334 [INFO] Checking trade setups at 2025-11-11 10:57:26
2025-11-11 10:57:26,334 [INFO] Applying EMA strategy to 6 stocks.
2025-11-11 10:57:26,334 [INFO] Not enough data to calculate EMA. Needed 5, got 0.
2025-11-11 10:57:26,344 [INFO] Not enough data to calculate EMA. Needed 5, got 0.
2025-11-11 10:57:26,352 [INFO] Not enough data to calculate EMA. Needed 5, got 0.
2025-11-11 10:57:26,360 [INFO] Not enough data to calculate EMA. Needed 5, got 0.
2025-11-11 10:57:26,360 [INFO] Not enough data to calculate EMA. Needed 5, got 0.
2025-11-11 10:57:26,368 [INFO] Not enough data to calculate EMA. Needed 5, got 0.
2025-11-11 10:57:36,374 [INFO] Checking trade setups at 2025-11-11 10:57:36
2025-11-11 10:57:36,374 [INFO] Applying EMA strategy to 6 stocks.
2025-11-11 10:57:36,378 [INFO] Not enough data to calculate EMA. Needed 5, got 0.
2025-11-11 10:57:36,382 [INFO] Not enough data to calculate EMA. Needed 5, got 0.
2025-11-11 10:57:36,391 [INFO] Not enough data to calculate EMA. Needed 5, got 0.
2025-11-11 10:57:36,400 [INFO] Not enough data to calculate EMA. Needed 5, got 0.
2025-11-11 10:57:36,404 [INFO] Not enough data to calculate EMA. Needed 5, got 0.
2025-11-11 10:57:36,411 [INFO] Not enough data to calculate EMA. Needed 5, got 0.
2025-11-11 10:57:46,414 [INFO] Checking trade setups at 2025-11-11 10:57:46
2025-11-11 10:57:46,414 [INFO] Applying EMA strategy to 6 stocks.
2025-11-11 10:57:46,420 [INFO] Not enough data to calculate EMA. Needed 5, got 0.
2025-11-11 10:57:46,430 [INFO] Not enough data to calculate EMA. Needed 5, got 0.
2025-11-11 10:57:46,440 [INFO] Not enough data to calculate EMA. Needed 5, got 0.
2025-11-11 10:57:46,444 [INFO] Not enough data to calculate EMA. Needed 5, got 0.
2025-11-11 10:57:46,448 [INFO] Not enough data to calculate EMA. Needed 5, got 0.
2025-11-11 10:57:46,456 [INFO] Not enough data to calculate EMA. Needed 5, got 0.
2025-11-11 10:57:56,460 [INFO] Checking trade setups at 2025-11-11 10:57:56
2025-11-11 10:57:56,460 [INFO] Applying EMA strategy to 6 stocks.
2025-11-11 10:57:56,464 [INFO] Not enough data to calculate EMA. Needed 5, got 0.
2025-11-11 10:57:56,473 [INFO] Not enough data to calculate EMA. Needed 5, got 0.
2025-11-11 10:57:56,476 [INFO] Not enough data to calculate EMA. Needed 5, got 0.
2025-11-11 10:57:56,484 [INFO] Not enough data to calculate EMA. Needed 5, got 0.
2025-11-11 10:57:56,486 [INFO] Not enough data to calculate EMA. Needed 5, got 0.
2025-11-11 10:57:56,494 [INFO] Not enough data to calculate EMA. Needed 5, got 0.
2025-11-11 10:58:06,497 [INFO] Checking trade setups at 2025-11-11 10:58:06
2025-11-11 10:58:06,497 [INFO] Applying EMA strategy to 6 stocks.
2025-11-11 10:58:06,500 [INFO] Not enough data to calculate EMA. Needed 5, got 0.
2025-11-11 10:58:06,507 [INFO] Not enough data to calculate EMA. Needed 5, got 0.
2025-11-11 10:58:06,517 [INFO] Not enough data to calculate EMA. Needed 5, got 0.
2025-11-11 10:58:06,521 [INFO] Not enough data to calculate EMA. Needed 5, got 0.
2025-11-11 10:58:06,523 [INFO] Not enough data to calculate EMA. Needed 5, got 0.
2025-11-11 10:58:06,531 [INFO] Not enough data to calculate EMA. Needed 5, got 0.
2025-11-11 10:58:16,537 [INFO] Checking trade setups at 2025-11-11 10:58:16
2025-11-11 10:58:16,537 [INFO] Applying EMA strategy to 6 stocks.
2025-11-11 10:58:16,539 [INFO] Not enough data to calculate EMA. Needed 5, got 0.
2025-11-11 10:58:16,548 [INFO] Not enough data to calculate EMA. Needed 5, got 0.
2025-11-11 10:58:16,557 [INFO] Not enough data to calculate EMA. Needed 5, got 0.
2025-11-11 10:58:16,562 [INFO] Not enough data to calculate EMA. Needed 5, got 0.
2025-11-11 10:58:16,564 [INFO] Not enough data to calculate EMA. Needed 5, got 0.
2025-11-11 10:58:16,572 [INFO] Not enough data to calculate EMA. Needed 5, got 0.
2025-11-11 10:58:26,574 [INFO] Checking trade setups at 2025-11-11 10:58:26
2025-11-11 10:58:26,575 [INFO] Applying EMA strategy to 6 stocks.
2025-11-11 10:58:26,576 [INFO] Not enough data to calculate EMA. Needed 5, got 0.
2025-11-11 10:58:26,581 [INFO] Not enough data to calculate EMA. Needed 5, got 0.
2025-11-11 10:58:26,589 [INFO] Not enough data to calculate EMA. Needed 5, got 0.
2025-11-11 10:58:26,597 [INFO] Not enough data to calculate EMA. Needed 5, got 0.
2025-11-11 10:58:26,601 [INFO] Not enough data to calculate EMA. Needed 5, got 0.
2025-11-11 10:58:26,610 [INFO] Not enough data to calculate EMA. Needed 5, got 0.
2025-11-11 10:58:36,613 [INFO] Checking trade setups at 2025-11-11 10:58:36
2025-11-11 10:58:36,614 [INFO] Applying EMA strategy to 6 stocks.
2025-11-11 10:58:36,615 [INFO] Not enough data to calculate EMA. Needed 5, got 0.
2025-11-11 10:58:36,622 [INFO] Not enough data to calculate EMA. Needed 5, got 0.
2025-11-11 10:58:36,631 [INFO] Not enough data to calculate EMA. Needed 5, got 0.
2025-11-11 10:58:36,636 [INFO] Not enough data to calculate EMA. Needed 5, got 0.
2025-11-11 10:58:36,639 [INFO] Not enough data to calculate EMA. Needed 5, got 0.
2025-11-11 10:58:36,645 [INFO] Not enough data to calculate EMA. Needed 5, got 0.
2025-11-11 10:58:46,650 [INFO] Checking trade setups at 2025-11-11 10:58:46
2025-11-11 10:58:46,650 [INFO] Applying EMA strategy to 6 stocks.
2025-11-11 10:58:46,655 [INFO] Not enough data to calculate EMA. Needed 5, got 0.
2025-11-11 10:58:46,660 [INFO] Not enough data to calculate EMA. Needed 5, got 0.
2025-11-11 10:58:46,668 [INFO] Not enough data to calculate EMA. Needed 5, got 0.
2025-11-11 10:58:46,670 [INFO] Not enough data to calculate EMA. Needed 5, got 0.
2025-11-11 10:58:46,675 [INFO] Not enough data to calculate EMA. Needed 5, got 0.
2025-11-11 10:58:46,684 [INFO] Not enough data to calculate EMA. Needed 5, got 0.
2025-11-11 10:58:56,686 [INFO] Checking trade setups at 2025-11-11 10:58:56
2025-11-11 10:58:56,687 [INFO] Applying EMA strategy to 6 stocks.
2025-11-11 10:58:56,688 [INFO] Not enough data to calculate EMA. Needed 5, got 0.
2025-11-11 10:58:56,694 [INFO] Not enough data to calculate EMA. Needed 5, got 0.
2025-11-11 10:58:56,700 [INFO] Not enough data to calculate EMA. Needed 5, got 0.
2025-11-11 10:58:56,704 [INFO] Not enough data to calculate EMA. Needed 5, got 0.
2025-11-11 10:58:56,708 [INFO] Not enough data to calculate EMA. Needed 5, got 0.
2025-11-11 10:58:56,712 [INFO] Not enough data to calculate EMA. Needed 5, got 0.
2025-11-11 10:59:06,717 [INFO] Checking trade setups at 2025-11-11 10:59:06
2025-11-11 10:59:06,717 [INFO] Applying EMA strategy to 6 stocks.
2025-11-11 10:59:06,721 [INFO] Not enough data to calculate EMA. Needed 5, got 0.
2025-11-11 10:59:06,728 [INFO] Not enough data to calculate EMA. Needed 5, got 0.
2025-11-11 10:59:06,736 [INFO] Not enough data to calculate EMA. Needed 5, got 0.
2025-11-11 10:59:06,744 [INFO] Not enough data to calculate EMA. Needed 5, got 0.
2025-11-11 10:59:06,750 [INFO] Not enough data to calculate EMA. Needed 5, got 0.
2025-11-11 10:59:06,753 [INFO] Not enough data to calculate EMA. Needed 5, got 0.
2025-11-11 10:59:16,758 [INFO] Checking trade setups at 2025-11-11 10:59:16
2025-11-11 10:59:16,758 [INFO] Applying EMA strategy to 6 stocks.
2025-11-11 10:59:16,761 [INFO] Not enough data to calculate EMA. Needed 5, got 0.
2025-11-11 10:59:16,769 [INFO] Not enough data to calculate EMA. Needed 5, got 0.
2025-11-11 10:59:16,775 [INFO] Not enough data to calculate EMA. Needed 5, got 0.
2025-11-11 10:59:16,778 [INFO] Not enough data to calculate EMA. Needed 5, got 0.
2025-11-11 10:59:16,783 [INFO] Not enough data to calculate EMA. Needed 5, got 0.
2025-11-11 10:59:16,787 [INFO] Not enough data to calculate EMA. Needed 5, got 0.
2025-11-11 10:59:26,792 [INFO] Checking trade setups at 2025-11-11 10:59:26
2025-11-11 10:59:26,793 [INFO] Applying EMA strategy to 6 stocks.
2025-11-11 10:59:26,797 [INFO] Not enough data to calculate EMA. Needed 5, got 0.
2025-11-11 10:59:26,805 [INFO] Not enough data to calculate EMA. Needed 5, got 0.
2025-11-11 10:59:26,810 [INFO] Not enough data to calculate EMA. Needed 5, got 0.
2025-11-11 10:59:26,814 [INFO] Not enough data to calculate EMA. Needed 5, got 0.
2025-11-11 10:59:26,820 [INFO] Not enough data to calculate EMA. Needed 5, got 0.
2025-11-11 10:59:26,826 [INFO] Not enough data to calculate EMA. Needed 5, got 0.
2025-11-11 10:59:36,828 [INFO] Checking trade setups at 2025-11-11 10:59:36
2025-11-11 10:59:36,828 [INFO] Applying EMA strategy to 6 stocks.
2025-11-11 10:59:36,834 [INFO] Not enough data to calculate EMA. Needed 5, got 0.
2025-11-11 10:59:36,839 [INFO] Not enough data to calculate EMA. Needed 5, got 0.
2025-11-11 10:59:36,848 [INFO] Not enough data to calculate EMA. Needed 5, got 0.
2025-11-11 10:59:36,858 [INFO] Not enough data to calculate EMA. Needed 5, got 0.
2025-11-11 10:59:36,865 [INFO] Not enough data to calculate EMA. Needed 5, got 0.
2025-11-11 10:59:36,872 [INFO] Not enough data to calculate EMA. Needed 5, got 0.
2025-11-11 10:59:46,875 [INFO] Checking trade setups at 2025-11-11 10:59:46
2025-11-11 10:59:46,875 [INFO] Applying EMA strategy to 6 stocks.
2025-11-11 10:59:46,879 [INFO] Not enough data to calculate EMA. Needed 5, got 0.
2025-11-11 10:59:46,886 [INFO] Not enough data to calculate EMA. Needed 5, got 0.
2025-11-11 10:59:46,890 [INFO] Not enough data to calculate EMA. Needed 5, got 0.
2025-11-11 10:59:46,892 [INFO] Not enough data to calculate EMA. Needed 5, got 0.
2025-11-11 10:59:46,899 [INFO] Not enough data to calculate EMA. Needed 5, got 0.
2025-11-11 10:59:46,904 [INFO] Not enough data to calculate EMA. Needed 5, got 0.
2025-11-11 10:59:56,907 [INFO] Checking trade setups at 2025-11-11 10:59:56
2025-11-11 10:59:56,908 [INFO] Applying EMA strategy to 6 stocks.
2025-11-11 10:59:56,909 [INFO] Not enough data to calculate EMA. Needed 5, got 0.
2025-11-11 10:59:56,915 [INFO] Not enough data to calculate EMA. Needed 5, got 0.
2025-11-11 10:59:56,923 [INFO] Not enough data to calculate EMA. Needed 5, got 0.
2025-11-11 10:59:56,928 [INFO] Not enough data to calculate EMA. Needed 5, got 0.
2025-11-11 10:59:56,937 [INFO] Not enough data to calculate EMA. Needed 5, got 0.
2025-11-11 10:59:56,942 [INFO] Not enough data to calculate EMA. Needed 5, got 0.
2025-11-11 11:00:06,945 [INFO] Checking trade setups at 2025-11-11 11:00:06
2025-11-11 11:00:06,945 [INFO] Applying EMA strategy to 6 stocks.
2025-11-11 11:00:06,947 [INFO] Not enough data to calculate EMA. Needed 5, got 0.
2025-11-11 11:00:06,953 [INFO] Not enough data to calculate EMA. Needed 5, got 0.
2025-11-11 11:00:06,962 [INFO] Not enough data to calculate EMA. Needed 5, got 0.
2025-11-11 11:00:06,962 [INFO] Not enough data to calculate EMA. Needed 5, got 0.
2025-11-11 11:00:06,972 [INFO] Not enough data to calculate EMA. Needed 5, got 0.
2025-11-11 11:00:06,975 [INFO] Not enough data to calculate EMA. Needed 5, got 0.
2025-11-11 11:00:16,979 [INFO] Checking trade setups at 2025-11-11 11:00:16
2025-11-11 11:00:16,979 [INFO] Applying EMA strategy to 6 stocks.
2025-11-11 11:00:16,981 [INFO] Not enough data to calculate EMA. Needed 5, got 0.
2025-11-11 11:00:16,989 [INFO] Not enough data to calculate EMA. Needed 5, got 0.
2025-11-11 11:00:16,999 [INFO] Not enough data to calculate EMA. Needed 5, got 0.
2025-11-11 11:00:17,003 [INFO] Not enough data to calculate EMA. Needed 5, got 0.
2025-11-11 11:00:17,005 [INFO] Not enough data to calculate EMA. Needed 5, got 0.
2025-11-11 11:00:17,015 [INFO] Not enough data to calculate EMA. Needed 5, got 0.
2025-11-11 11:00:27,018 [INFO] Checking trade setups at 2025-11-11 11:00:27
2025-11-11 11:00:27,018 [INFO] Applying EMA strategy to 6 stocks.
2025-11-11 11:00:27,021 [INFO] Not enough data to calculate EMA. Needed 5, got 0.
2025-11-11 11:00:27,029 [INFO] Not enough data to calculate EMA. Needed 5, got 0.
2025-11-11 11:00:27,035 [INFO] Not enough data to calculate EMA. Needed 5, got 0.
2025-11-11 11:00:27,039 [INFO] Not enough data to calculate EMA. Needed 5, got 0.
2025-11-11 11:00:27,045 [INFO] Not enough data to calculate EMA. Needed 5, got 0.
2025-11-11 11:00:27,052 [INFO] Not enough data to calculate EMA. Needed 5, got 0.
2025-11-11 11:00:37,055 [INFO] Checking trade setups at 2025-11-11 11:00:37
2025-11-11 11:00:37,055 [INFO] Applying EMA strategy to 6 stocks.
2025-11-11 11:00:37,060 [INFO] Not enough data to calculate EMA. Needed 5, got 0.
2025-11-11 11:00:37,060 [INFO] Not enough data to calculate EMA. Needed 5, got 0.
2025-11-11 11:00:37,069 [INFO] Not enough data to calculate EMA. Needed 5, got 0.
2025-11-11 11:00:37,075 [INFO] Not enough data to calculate EMA. Needed 5, got 0.
2025-11-11 11:00:37,079 [INFO] Not enough data to calculate EMA. Needed 5, got 0.
2025-11-11 11:00:37,083 [INFO] Not enough data to calculate EMA. Needed 5, got 0.
2025-11-11 11:00:47,088 [INFO] Checking trade setups at 2025-11-11 11:00:47
2025-11-11 11:00:47,088 [INFO] Applying EMA strategy to 6 stocks.
2025-11-11 11:00:47,093 [INFO] Not enough data to calculate EMA. Needed 5, got 0.
2025-11-11 11:00:47,099 [INFO] Not enough data to calculate EMA. Needed 5, got 0.
2025-11-11 11:00:47,107 [INFO] Not enough data to calculate EMA. Needed 5, got 0.
2025-11-11 11:00:47,109 [INFO] Not enough data to calculate EMA. Needed 5, got 0.
2025-11-11 11:00:47,115 [INFO] Not enough data to calculate EMA. Needed 5, got 0.
2025-11-11 11:00:47,115 [INFO] Not enough data to calculate EMA. Needed 5, got 0.
2025-11-11 11:00:57,124 [INFO] Checking trade setups at 2025-11-11 11:00:57
2025-11-11 11:00:57,125 [INFO] Applying EMA strategy to 6 stocks.
2025-11-11 11:00:57,127 [INFO] Not enough data to calculate EMA. Needed 5, got 0.
2025-11-11 11:00:57,133 [INFO] Not enough data to calculate EMA. Needed 5, got 0.
2025-11-11 11:00:57,141 [INFO] Not enough data to calculate EMA. Needed 5, got 0.
2025-11-11 11:00:57,141 [INFO] Not enough data to calculate EMA. Needed 5, got 0.
2025-11-11 11:00:57,149 [INFO] Not enough data to calculate EMA. Needed 5, got 0.
2025-11-11 11:00:57,153 [INFO] Not enough data to calculate EMA. Needed 5, got 0.
2025-11-11 11:01:07,157 [INFO] Checking trade setups at 2025-11-11 11:01:07
2025-11-11 11:01:07,157 [INFO] Applying EMA strategy to 6 stocks.
2025-11-11 11:01:07,159 [INFO] Not enough data to calculate EMA. Needed 5, got 0.
2025-11-11 11:01:07,173 [INFO] Not enough data to calculate EMA. Needed 5, got 0.
2025-11-11 11:01:07,181 [INFO] Not enough data to calculate EMA. Needed 5, got 0.
2025-11-11 11:01:07,187 [INFO] Not enough data to calculate EMA. Needed 5, got 0.
2025-11-11 11:01:07,198 [INFO] Not enough data to calculate EMA. Needed 5, got 0.
2025-11-11 11:01:07,204 [INFO] Not enough data to calculate EMA. Needed 5, got 0.
2025-11-11 11:01:17,207 [INFO] Checking trade setups at 2025-11-11 11:01:17
2025-11-11 11:01:17,207 [INFO] Applying EMA strategy to 6 stocks.
2025-11-11 11:01:17,214 [INFO] Not enough data to calculate EMA. Needed 5, got 0.
2025-11-11 11:01:17,218 [INFO] Not enough data to calculate EMA. Needed 5, got 0.
2025-11-11 11:01:17,227 [INFO] Not enough data to calculate EMA. Needed 5, got 0.
2025-11-11 11:01:17,228 [INFO] Not enough data to calculate EMA. Needed 5, got 0.
2025-11-11 11:01:17,236 [INFO] Not enough data to calculate EMA. Needed 5, got 0.
2025-11-11 11:01:17,242 [INFO] Not enough data to calculate EMA. Needed 5, got 0.
2025-11-11 11:01:27,244 [INFO] Checking trade setups at 2025-11-11 11:01:27
2025-11-11 11:01:27,244 [INFO] Applying EMA strategy to 6 stocks.
2025-11-11 11:01:27,247 [INFO] Not enough data to calculate EMA. Needed 5, got 0.
2025-11-11 11:01:27,252 [INFO] Not enough data to calculate EMA. Needed 5, got 0.
2025-11-11 11:01:27,260 [INFO] Not enough data to calculate EMA. Needed 5, got 0.
2025-11-11 11:01:27,268 [INFO] Not enough data to calculate EMA. Needed 5, got 0.
2025-11-11 11:01:27,268 [INFO] Not enough data to calculate EMA. Needed 5, got 0.
2025-11-11 11:01:27,277 [INFO] Not enough data to calculate EMA. Needed 5, got 0.
2025-11-11 11:01:37,285 [INFO] Checking trade setups at 2025-11-11 11:01:37
2025-11-11 11:01:37,285 [INFO] Applying EMA strategy to 6 stocks.
2025-11-11 11:01:37,294 [INFO] Not enough data to calculate EMA. Needed 5, got 0.
2025-11-11 11:01:37,301 [INFO] Not enough data to calculate EMA. Needed 5, got 0.
2025-11-11 11:01:37,309 [INFO] Not enough data to calculate EMA. Needed 5, got 0.
2025-11-11 11:01:37,314 [INFO] Not enough data to calculate EMA. Needed 5, got 0.
2025-11-11 11:01:37,318 [INFO] Not enough data to calculate EMA. Needed 5, got 0.
2025-11-11 11:01:37,324 [INFO] Not enough data to calculate EMA. Needed 5, got 0.
2025-11-11 11:01:47,327 [INFO] Checking trade setups at 2025-11-11 11:01:47
2025-11-11 11:01:47,327 [INFO] Applying EMA strategy to 6 stocks.
2025-11-11 11:01:47,333 [INFO] Not enough data to calculate EMA. Needed 5, got 0.
2025-11-11 11:01:47,338 [INFO] Not enough data to calculate EMA. Needed 5, got 0.
2025-11-11 11:01:47,345 [INFO] Not enough data to calculate EMA. Needed 5, got 0.
2025-11-11 11:01:47,348 [INFO] Not enough data to calculate EMA. Needed 5, got 0.
2025-11-11 11:01:47,354 [INFO] Not enough data to calculate EMA. Needed 5, got 0.
2025-11-11 11:01:47,360 [INFO] Not enough data to calculate EMA. Needed 5, got 0.
2025-11-11 11:01:57,385 [INFO] Checking trade setups at 2025-11-11 11:01:57
2025-11-11 11:01:57,385 [INFO] Applying EMA strategy to 6 stocks.
2025-11-11 11:01:57,391 [INFO] Not enough data to calculate EMA. Needed 5, got 0.
2025-11-11 11:01:57,397 [INFO] Not enough data to calculate EMA. Needed 5, got 0.
2025-11-11 11:01:57,405 [INFO] Not enough data to calculate EMA. Needed 5, got 0.
2025-11-11 11:01:57,411 [INFO] Not enough data to calculate EMA. Needed 5, got 0.
2025-11-11 11:01:57,415 [INFO] Not enough data to calculate EMA. Needed 5, got 0.
2025-11-11 11:01:57,422 [INFO] Not enough data to calculate EMA. Needed 5, got 0.
2025-11-11 11:02:07,425 [INFO] Checking trade setups at 2025-11-11 11:02:07
2025-11-11 11:02:07,425 [INFO] Applying EMA strategy to 6 stocks.
2025-11-11 11:02:07,428 [INFO] Not enough data to calculate EMA. Needed 5, got 0.
2025-11-11 11:02:07,433 [INFO] Not enough data to calculate EMA. Needed 5, got 0.
2025-11-11 11:02:07,442 [INFO] Not enough data to calculate EMA. Needed 5, got 0.
2025-11-11 11:02:07,445 [INFO] Not enough data to calculate EMA. Needed 5, got 0.
2025-11-11 11:02:07,451 [INFO] Not enough data to calculate EMA. Needed 5, got 0.
2025-11-11 11:02:07,457 [INFO] Not enough data to calculate EMA. Needed 5, got 0.
2025-11-11 11:02:17,459 [INFO] Checking trade setups at 2025-11-11 11:02:17
2025-11-11 11:02:17,459 [INFO] Applying EMA strategy to 6 stocks.
2025-11-11 11:02:17,460 [INFO] Not enough data to calculate EMA. Needed 5, got 0.
2025-11-11 11:02:17,468 [INFO] Not enough data to calculate EMA. Needed 5, got 0.
2025-11-11 11:02:17,476 [INFO] Not enough data to calculate EMA. Needed 5, got 0.
2025-11-11 11:02:17,480 [INFO] Not enough data to calculate EMA. Needed 5, got 0.
2025-11-11 11:02:17,484 [INFO] Not enough data to calculate EMA. Needed 5, got 0.
2025-11-11 11:02:17,485 [INFO] Not enough data to calculate EMA. Needed 5, got 0.
2025-11-11 11:02:27,493 [INFO] Checking trade setups at 2025-11-11 11:02:27
2025-11-11 11:02:27,493 [INFO] Applying EMA strategy to 6 stocks.
2025-11-11 11:02:27,494 [INFO] Not enough data to calculate EMA. Needed 5, got 0.
2025-11-11 11:02:27,502 [INFO] Not enough data to calculate EMA. Needed 5, got 0.
2025-11-11 11:02:27,512 [INFO] Not enough data to calculate EMA. Needed 5, got 0.
2025-11-11 11:02:27,517 [INFO] Not enough data to calculate EMA. Needed 5, got 0.
2025-11-11 11:02:27,525 [INFO] Not enough data to calculate EMA. Needed 5, got 0.
2025-11-11 11:02:27,530 [INFO] Not enough data to calculate EMA. Needed 5, got 0.
2025-11-11 11:02:37,532 [INFO] Checking trade setups at 2025-11-11 11:02:37
2025-11-11 11:02:37,532 [INFO] Applying EMA strategy to 6 stocks.
2025-11-11 11:02:37,541 [INFO] Not enough data to calculate EMA. Needed 5, got 0.
2025-11-11 11:02:37,550 [INFO] Not enough data to calculate EMA. Needed 5, got 0.
2025-11-11 11:02:37,558 [INFO] Not enough data to calculate EMA. Needed 5, got 0.
2025-11-11 11:02:37,560 [INFO] Not enough data to calculate EMA. Needed 5, got 0.
2025-11-11 11:02:37,568 [INFO] Not enough data to calculate EMA. Needed 5, got 0.
2025-11-11 11:02:37,574 [INFO] Not enough data to calculate EMA. Needed 5, got 0.
2025-11-11 11:02:47,577 [INFO] Checking trade setups at 2025-11-11 11:02:47
2025-11-11 11:02:47,577 [INFO] Applying EMA strategy to 6 stocks.
2025-11-11 11:02:47,581 [INFO] Not enough data to calculate EMA. Needed 5, got 0.
2025-11-11 11:02:47,581 [INFO] Not enough data to calculate EMA. Needed 5, got 0.
2025-11-11 11:02:47,589 [INFO] Not enough data to calculate EMA. Needed 5, got 0.
2025-11-11 11:02:47,594 [INFO] Not enough data to calculate EMA. Needed 5, got 0.
2025-11-11 11:02:47,597 [INFO] Not enough data to calculate EMA. Needed 5, got 0.
2025-11-11 11:02:47,606 [INFO] Not enough data to calculate EMA. Needed 5, got 0.
2025-11-11 11:02:57,612 [INFO] Checking trade setups at 2025-11-11 11:02:57
2025-11-11 11:02:57,612 [INFO] Applying EMA strategy to 6 stocks.
2025-11-11 11:02:57,614 [INFO] Not enough data to calculate EMA. Needed 5, got 0.
2025-11-11 11:02:57,619 [INFO] Not enough data to calculate EMA. Needed 5, got 0.
2025-11-11 11:02:57,628 [INFO] Not enough data to calculate EMA. Needed 5, got 0.
2025-11-11 11:02:57,630 [INFO] Not enough data to calculate EMA. Needed 5, got 0.
2025-11-11 11:02:57,636 [INFO] Not enough data to calculate EMA. Needed 5, got 0.
2025-11-11 11:02:57,642 [INFO] Not enough data to calculate EMA. Needed 5, got 0.
2025-11-11 11:03:07,646 [INFO] Checking trade setups at 2025-11-11 11:03:07
2025-11-11 11:03:07,646 [INFO] Applying EMA strategy to 6 stocks.
2025-11-11 11:03:07,646 [INFO] Not enough data to calculate EMA. Needed 5, got 0.
2025-11-11 11:03:07,658 [INFO] Not enough data to calculate EMA. Needed 5, got 0.
2025-11-11 11:03:07,666 [INFO] Not enough data to calculate EMA. Needed 5, got 0.
2025-11-11 11:03:07,670 [INFO] Not enough data to calculate EMA. Needed 5, got 0.
2025-11-11 11:03:07,681 [INFO] Not enough data to calculate EMA. Needed 5, got 0.
2025-11-11 11:03:07,683 [INFO] Not enough data to calculate EMA. Needed 5, got 0.
2025-11-11 11:03:17,688 [INFO] Checking trade setups at 2025-11-11 11:03:17
2025-11-11 11:03:17,688 [INFO] Applying EMA strategy to 6 stocks.
2025-11-11 11:03:17,688 [INFO] Not enough data to calculate EMA. Needed 5, got 0.
2025-11-11 11:03:17,700 [INFO] Not enough data to calculate EMA. Needed 5, got 0.
2025-11-11 11:03:17,704 [INFO] Not enough data to calculate EMA. Needed 5, got 0.
2025-11-11 11:03:17,710 [INFO] Not enough data to calculate EMA. Needed 5, got 0.
2025-11-11 11:03:17,712 [INFO] Not enough data to calculate EMA. Needed 5, got 0.
2025-11-11 11:03:17,718 [INFO] Not enough data to calculate EMA. Needed 5, got 0.
2025-11-11 11:03:27,721 [INFO] Checking trade setups at 2025-11-11 11:03:27
2025-11-11 11:03:27,721 [INFO] Applying EMA strategy to 6 stocks.
2025-11-11 11:03:27,724 [INFO] Not enough data to calculate EMA. Needed 5, got 0.
2025-11-11 11:03:27,731 [INFO] Not enough data to calculate EMA. Needed 5, got 0.
2025-11-11 11:03:27,737 [INFO] Not enough data to calculate EMA. Needed 5, got 0.
2025-11-11 11:03:27,743 [INFO] Not enough data to calculate EMA. Needed 5, got 0.
2025-11-11 11:03:27,745 [INFO] Not enough data to calculate EMA. Needed 5, got 0.
2025-11-11 11:03:27,751 [INFO] Not enough data to calculate EMA. Needed 5, got 0.
2025-11-11 11:03:37,753 [INFO] Checking trade setups at 2025-11-11 11:03:37
2025-11-11 11:03:37,753 [INFO] Applying EMA strategy to 6 stocks.
2025-11-11 11:03:37,761 [INFO] Not enough data to calculate EMA. Needed 5, got 0.
2025-11-11 11:03:37,769 [INFO] Not enough data to calculate EMA. Needed 5, got 0.
2025-11-11 11:03:37,778 [INFO] Not enough data to calculate EMA. Needed 5, got 0.
2025-11-11 11:03:37,786 [INFO] Not enough data to calculate EMA. Needed 5, got 0.
2025-11-11 11:03:37,789 [INFO] Not enough data to calculate EMA. Needed 5, got 0.
2025-11-11 11:03:37,794 [INFO] Not enough data to calculate EMA. Needed 5, got 0.
2025-11-11 11:03:47,797 [INFO] Checking trade setups at 2025-11-11 11:03:47
2025-11-11 11:03:47,797 [INFO] Applying EMA strategy to 6 stocks.
2025-11-11 11:03:47,803 [INFO] Not enough data to calculate EMA. Needed 5, got 0.
2025-11-11 11:03:47,808 [INFO] Not enough data to calculate EMA. Needed 5, got 0.
2025-11-11 11:03:47,818 [INFO] Not enough data to calculate EMA. Needed 5, got 0.
2025-11-11 11:03:47,824 [INFO] Not enough data to calculate EMA. Needed 5, got 0.
2025-11-11 11:03:47,832 [INFO] Not enough data to calculate EMA. Needed 5, got 0.
2025-11-11 11:03:47,835 [INFO] Not enough data to calculate EMA. Needed 5, got 0.
2025-11-11 11:03:57,840 [INFO] Checking trade setups at 2025-11-11 11:03:57
2025-11-11 11:03:57,840 [INFO] Applying EMA strategy to 6 stocks.
2025-11-11 11:03:57,843 [INFO] Not enough data to calculate EMA. Needed 5, got 0.
2025-11-11 11:03:57,843 [INFO] Not enough data to calculate EMA. Needed 5, got 0.
2025-11-11 11:03:57,854 [INFO] Not enough data to calculate EMA. Needed 5, got 0.
2025-11-11 11:03:57,861 [INFO] Not enough data to calculate EMA. Needed 5, got 0.
2025-11-11 11:03:57,869 [INFO] Not enough data to calculate EMA. Needed 5, got 0.
2025-11-11 11:03:57,881 [INFO] Not enough data to calculate EMA. Needed 5, got 0.
2025-11-11 11:04:07,883 [INFO] Checking trade setups at 2025-11-11 11:04:07
2025-11-11 11:04:07,883 [INFO] Applying EMA strategy to 6 stocks.
2025-11-11 11:04:07,887 [INFO] Not enough data to calculate EMA. Needed 5, got 0.
2025-11-11 11:04:07,891 [INFO] Not enough data to calculate EMA. Needed 5, got 0.
2025-11-11 11:04:07,897 [INFO] Not enough data to calculate EMA. Needed 5, got 0.
2025-11-11 11:04:07,903 [INFO] Not enough data to calculate EMA. Needed 5, got 0.
2025-11-11 11:04:07,908 [INFO] Not enough data to calculate EMA. Needed 5, got 0.
2025-11-11 11:04:07,914 [INFO] Not enough data to calculate EMA. Needed 5, got 0.
2025-11-11 11:04:17,917 [INFO] Checking trade setups at 2025-11-11 11:04:17
2025-11-11 11:04:17,917 [INFO] Applying EMA strategy to 6 stocks.
2025-11-11 11:04:17,923 [INFO] Not enough data to calculate EMA. Needed 5, got 0.
2025-11-11 11:04:17,928 [INFO] Not enough data to calculate EMA. Needed 5, got 0.
2025-11-11 11:04:17,936 [INFO] Not enough data to calculate EMA. Needed 5, got 0.
2025-11-11 11:04:17,939 [INFO] Not enough data to calculate EMA. Needed 5, got 0.
2025-11-11 11:04:17,944 [INFO] Not enough data to calculate EMA. Needed 5, got 0.
2025-11-11 11:04:17,951 [INFO] Not enough data to calculate EMA. Needed 5, got 0.
2025-11-11 11:04:27,955 [INFO] Checking trade setups at 2025-11-11 11:04:27
2025-11-11 11:04:27,955 [INFO] Applying EMA strategy to 6 stocks.
2025-11-11 11:04:27,957 [INFO] Not enough data to calculate EMA. Needed 5, got 0.
2025-11-11 11:04:27,964 [INFO] Not enough data to calculate EMA. Needed 5, got 0.
2025-11-11 11:04:27,976 [INFO] Not enough data to calculate EMA. Needed 5, got 0.
2025-11-11 11:04:27,980 [INFO] Not enough data to calculate EMA. Needed 5, got 0.
2025-11-11 11:04:27,990 [INFO] Not enough data to calculate EMA. Needed 5, got 0.
2025-11-11 11:04:27,995 [INFO] Not enough data to calculate EMA. Needed 5, got 0.
2025-11-11 11:04:37,998 [INFO] Checking trade setups at 2025-11-11 11:04:37
2025-11-11 11:04:37,998 [INFO] Applying EMA strategy to 6 stocks.
2025-11-11 11:04:38,000 [INFO] Not enough data to calculate EMA. Needed 5, got 0.
2025-11-11 11:04:38,008 [INFO] Not enough data to calculate EMA. Needed 5, got 0.
2025-11-11 11:04:38,016 [INFO] Not enough data to calculate EMA. Needed 5, got 0.
2025-11-11 11:04:38,020 [INFO] Not enough data to calculate EMA. Needed 5, got 0.
2025-11-11 11:04:38,026 [INFO] Not enough data to calculate EMA. Needed 5, got 0.
2025-11-11 11:04:38,111 [INFO] Not enough data to calculate EMA. Needed 5, got 0.
2025-11-11 11:04:48,149 [INFO] Checking trade setups at 2025-11-11 11:04:48
2025-11-11 11:04:48,149 [INFO] Applying EMA strategy to 6 stocks.
2025-11-11 11:04:48,155 [INFO] Not enough data to calculate EMA. Needed 5, got 0.
2025-11-11 11:04:48,160 [INFO] Not enough data to calculate EMA. Needed 5, got 0.
2025-11-11 11:04:48,167 [INFO] Not enough data to calculate EMA. Needed 5, got 0.
2025-11-11 11:04:48,169 [INFO] Not enough data to calculate EMA. Needed 5, got 0.
2025-11-11 11:04:48,175 [INFO] Not enough data to calculate EMA. Needed 5, got 0.
2025-11-11 11:04:48,177 [INFO] Not enough data to calculate EMA. Needed 5, got 0.
2025-11-11 11:04:58,182 [INFO] Checking trade setups at 2025-11-11 11:04:58
2025-11-11 11:04:58,182 [INFO] Applying EMA strategy to 6 stocks.
2025-11-11 11:04:58,188 [INFO] Not enough data to calculate EMA. Needed 5, got 0.
2025-11-11 11:04:58,195 [INFO] Not enough data to calculate EMA. Needed 5, got 0.
2025-11-11 11:04:58,203 [INFO] Not enough data to calculate EMA. Needed 5, got 0.
2025-11-11 11:04:58,211 [INFO] Not enough data to calculate EMA. Needed 5, got 0.
2025-11-11 11:04:58,217 [INFO] Not enough data to calculate EMA. Needed 5, got 0.
2025-11-11 11:04:58,221 [INFO] Not enough data to calculate EMA. Needed 5, got 0.
2025-11-11 11:05:08,226 [INFO] Checking trade setups at 2025-11-11 11:05:08
2025-11-11 11:05:08,226 [INFO] Applying EMA strategy to 6 stocks.
2025-11-11 11:05:08,230 [INFO] Not enough data to calculate EMA. Needed 5, got 0.
2025-11-11 11:05:08,230 [INFO] Not enough data to calculate EMA. Needed 5, got 0.
2025-11-11 11:05:08,239 [INFO] Not enough data to calculate EMA. Needed 5, got 0.
2025-11-11 11:05:08,247 [INFO] Not enough data to calculate EMA. Needed 5, got 0.
2025-11-11 11:05:08,247 [INFO] Not enough data to calculate EMA. Needed 5, got 0.
2025-11-11 11:05:08,260 [INFO] Not enough data to calculate EMA. Needed 5, got 0.
2025-11-11 11:05:18,262 [INFO] Checking trade setups at 2025-11-11 11:05:18
2025-11-11 11:05:18,262 [INFO] Applying EMA strategy to 6 stocks.
2025-11-11 11:05:18,267 [INFO] Not enough data to calculate EMA. Needed 5, got 0.
2025-11-11 11:05:18,273 [INFO] Not enough data to calculate EMA. Needed 5, got 0.
2025-11-11 11:05:18,287 [INFO] Not enough data to calculate EMA. Needed 5, got 0.
2025-11-11 11:05:18,292 [INFO] Not enough data to calculate EMA. Needed 5, got 0.
2025-11-11 11:05:18,297 [INFO] Not enough data to calculate EMA. Needed 5, got 0.
2025-11-11 11:05:18,303 [INFO] Not enough data to calculate EMA. Needed 5, got 0.
2025-11-11 11:05:28,306 [INFO] Checking trade setups at 2025-11-11 11:05:28
2025-11-11 11:05:28,306 [INFO] Applying EMA strategy to 6 stocks.
2025-11-11 11:05:28,312 [INFO] Not enough data to calculate EMA. Needed 5, got 0.
2025-11-11 11:05:28,314 [INFO] Not enough data to calculate EMA. Needed 5, got 0.
2025-11-11 11:05:28,324 [INFO] Not enough data to calculate EMA. Needed 5, got 0.
2025-11-11 11:05:28,327 [INFO] Not enough data to calculate EMA. Needed 5, got 0.
2025-11-11 11:05:28,335 [INFO] Not enough data to calculate EMA. Needed 5, got 0.
2025-11-11 11:05:28,339 [INFO] Not enough data to calculate EMA. Needed 5, got 0.
2025-11-11 11:05:38,342 [INFO] Checking trade setups at 2025-11-11 11:05:38
2025-11-11 11:05:38,342 [INFO] Applying EMA strategy to 6 stocks.
2025-11-11 11:05:38,346 [INFO] Not enough data to calculate EMA. Needed 5, got 0.
2025-11-11 11:05:38,353 [INFO] Not enough data to calculate EMA. Needed 5, got 0.
2025-11-11 11:05:38,361 [INFO] Not enough data to calculate EMA. Needed 5, got 0.
2025-11-11 11:05:38,363 [INFO] Not enough data to calculate EMA. Needed 5, got 0.
2025-11-11 11:05:38,367 [INFO] Not enough data to calculate EMA. Needed 5, got 0.
2025-11-11 11:05:38,375 [INFO] Not enough data to calculate EMA. Needed 5, got 0.
2025-11-11 11:05:48,379 [INFO] Checking trade setups at 2025-11-11 11:05:48
2025-11-11 11:05:48,379 [INFO] Applying EMA strategy to 6 stocks.
2025-11-11 11:05:48,382 [INFO] Not enough data to calculate EMA. Needed 5, got 0.
2025-11-11 11:05:48,387 [INFO] Not enough data to calculate EMA. Needed 5, got 0.
2025-11-11 11:05:48,394 [INFO] Not enough data to calculate EMA. Needed 5, got 0.
2025-11-11 11:05:48,399 [INFO] Not enough data to calculate EMA. Needed 5, got 0.
2025-11-11 11:05:48,403 [INFO] Not enough data to calculate EMA. Needed 5, got 0.
2025-11-11 11:05:48,408 [INFO] Not enough data to calculate EMA. Needed 5, got 0.
2025-11-11 11:05:58,411 [INFO] Checking trade setups at 2025-11-11 11:05:58
2025-11-11 11:05:58,411 [INFO] Applying EMA strategy to 6 stocks.
2025-11-11 11:05:58,413 [INFO] Not enough data to calculate EMA. Needed 5, got 0.
2025-11-11 11:05:58,420 [INFO] Not enough data to calculate EMA. Needed 5, got 0.
2025-11-11 11:05:58,425 [INFO] Not enough data to calculate EMA. Needed 5, got 0.
2025-11-11 11:05:58,428 [INFO] Not enough data to calculate EMA. Needed 5, got 0.
2025-11-11 11:05:58,431 [INFO] Not enough data to calculate EMA. Needed 5, got 0.
2025-11-11 11:05:58,437 [INFO] Not enough data to calculate EMA. Needed 5, got 0.
2025-11-11 11:06:08,442 [INFO] Checking trade setups at 2025-11-11 11:06:08
2025-11-11 11:06:08,442 [INFO] Applying EMA strategy to 6 stocks.
2025-11-11 11:06:08,447 [INFO] Not enough data to calculate EMA. Needed 5, got 0.
2025-11-11 11:06:08,454 [INFO] Not enough data to calculate EMA. Needed 5, got 0.
2025-11-11 11:06:08,460 [INFO] Not enough data to calculate EMA. Needed 5, got 0.
2025-11-11 11:06:08,467 [INFO] Not enough data to calculate EMA. Needed 5, got 0.
2025-11-11 11:06:08,475 [INFO] Not enough data to calculate EMA. Needed 5, got 0.
2025-11-11 11:06:08,481 [INFO] Not enough data to calculate EMA. Needed 5, got 0.
2025-11-11 11:06:18,484 [INFO] Checking trade setups at 2025-11-11 11:06:18
2025-11-11 11:06:18,484 [INFO] Applying EMA strategy to 6 stocks.
2025-11-11 11:06:18,489 [INFO] Not enough data to calculate EMA. Needed 5, got 0.
2025-11-11 11:06:18,495 [INFO] Not enough data to calculate EMA. Needed 5, got 0.
2025-11-11 11:06:18,500 [INFO] Not enough data to calculate EMA. Needed 5, got 0.
2025-11-11 11:06:18,505 [INFO] Not enough data to calculate EMA. Needed 5, got 0.
2025-11-11 11:06:18,509 [INFO] Not enough data to calculate EMA. Needed 5, got 0.
2025-11-11 11:06:18,509 [INFO] Not enough data to calculate EMA. Needed 5, got 0.
2025-11-11 11:06:28,517 [INFO] Checking trade setups at 2025-11-11 11:06:28
2025-11-11 11:06:28,517 [INFO] Applying EMA strategy to 6 stocks.
2025-11-11 11:06:28,519 [INFO] Not enough data to calculate EMA. Needed 5, got 0.
2025-11-11 11:06:28,528 [INFO] Not enough data to calculate EMA. Needed 5, got 0.
2025-11-11 11:06:28,544 [INFO] Not enough data to calculate EMA. Needed 5, got 0.
2025-11-11 11:06:28,551 [INFO] Not enough data to calculate EMA. Needed 5, got 0.
2025-11-11 11:06:28,556 [INFO] Not enough data to calculate EMA. Needed 5, got 0.
2025-11-11 11:06:28,560 [INFO] Not enough data to calculate EMA. Needed 5, got 0.
2025-11-11 11:06:38,564 [INFO] Checking trade setups at 2025-11-11 11:06:38
2025-11-11 11:06:38,564 [INFO] Applying EMA strategy to 6 stocks.
2025-11-11 11:06:38,570 [INFO] Not enough data to calculate EMA. Needed 5, got 0.
2025-11-11 11:06:38,575 [INFO] Not enough data to calculate EMA. Needed 5, got 0.
2025-11-11 11:06:38,585 [INFO] Not enough data to calculate EMA. Needed 5, got 0.
2025-11-11 11:06:38,587 [INFO] Not enough data to calculate EMA. Needed 5, got 0.
2025-11-11 11:06:38,594 [INFO] Not enough data to calculate EMA. Needed 5, got 0.
2025-11-11 11:06:38,600 [INFO] Not enough data to calculate EMA. Needed 5, got 0.
2025-11-11 11:06:48,603 [INFO] Checking trade setups at 2025-11-11 11:06:48
2025-11-11 11:06:48,603 [INFO] Applying EMA strategy to 6 stocks.
2025-11-11 11:06:48,605 [INFO] Not enough data to calculate EMA. Needed 5, got 0.
2025-11-11 11:06:48,611 [INFO] Not enough data to calculate EMA. Needed 5, got 0.
2025-11-11 11:06:48,619 [INFO] Not enough data to calculate EMA. Needed 5, got 0.
2025-11-11 11:06:48,621 [INFO] Not enough data to calculate EMA. Needed 5, got 0.
2025-11-11 11:06:48,628 [INFO] Not enough data to calculate EMA. Needed 5, got 0.
2025-11-11 11:06:48,631 [INFO] Not enough data to calculate EMA. Needed 5, got 0.
2025-11-11 11:06:58,635 [INFO] Checking trade setups at 2025-11-11 11:06:58
2025-11-11 11:06:58,635 [INFO] Applying EMA strategy to 6 stocks.
2025-11-11 11:06:58,641 [INFO] Not enough data to calculate EMA. Needed 5, got 0.
2025-11-11 11:06:58,646 [INFO] Not enough data to calculate EMA. Needed 5, got 0.
2025-11-11 11:06:58,657 [INFO] Not enough data to calculate EMA. Needed 5, got 0.
2025-11-11 11:06:58,660 [INFO] Not enough data to calculate EMA. Needed 5, got 0.
2025-11-11 11:06:58,666 [INFO] Not enough data to calculate EMA. Needed 5, got 0.
2025-11-11 11:06:58,674 [INFO] Not enough data to calculate EMA. Needed 5, got 0.
2025-11-11 11:07:08,676 [INFO] Checking trade setups at 2025-11-11 11:07:08
2025-11-11 11:07:08,677 [INFO] Applying EMA strategy to 6 stocks.
2025-11-11 11:07:08,682 [INFO] Not enough data to calculate EMA. Needed 5, got 0.
2025-11-11 11:07:08,687 [INFO] Not enough data to calculate EMA. Needed 5, got 0.
2025-11-11 11:07:08,696 [INFO] Not enough data to calculate EMA. Needed 5, got 0.
2025-11-11 11:07:08,699 [INFO] Not enough data to calculate EMA. Needed 5, got 0.
2025-11-11 11:07:08,705 [INFO] Not enough data to calculate EMA. Needed 5, got 0.
2025-11-11 11:07:08,712 [INFO] Not enough data to calculate EMA. Needed 5, got 0.
2025-11-11 11:07:18,714 [INFO] Checking trade setups at 2025-11-11 11:07:18
2025-11-11 11:07:18,714 [INFO] Applying EMA strategy to 6 stocks.
2025-11-11 11:07:18,717 [INFO] Not enough data to calculate EMA. Needed 5, got 0.
2025-11-11 11:07:18,717 [INFO] Not enough data to calculate EMA. Needed 5, got 0.
2025-11-11 11:07:18,728 [INFO] Not enough data to calculate EMA. Needed 5, got 0.
2025-11-11 11:07:18,734 [INFO] Not enough data to calculate EMA. Needed 5, got 0.
2025-11-11 11:07:18,736 [INFO] Not enough data to calculate EMA. Needed 5, got 0.
2025-11-11 11:07:18,744 [INFO] Not enough data to calculate EMA. Needed 5, got 0.
2025-11-11 11:07:28,747 [INFO] Checking trade setups at 2025-11-11 11:07:28
2025-11-11 11:07:28,747 [INFO] Applying EMA strategy to 6 stocks.
2025-11-11 11:07:28,749 [INFO] Not enough data to calculate EMA. Needed 5, got 0.
2025-11-11 11:07:28,757 [INFO] Not enough data to calculate EMA. Needed 5, got 0.
2025-11-11 11:07:28,763 [INFO] Not enough data to calculate EMA. Needed 5, got 0.
2025-11-11 11:07:28,767 [INFO] Not enough data to calculate EMA. Needed 5, got 0.
2025-11-11 11:07:28,771 [INFO] Not enough data to calculate EMA. Needed 5, got 0.
2025-11-11 11:07:28,771 [INFO] Not enough data to calculate EMA. Needed 5, got 0.
2025-11-11 11:07:38,778 [INFO] Checking trade setups at 2025-11-11 11:07:38
2025-11-11 11:07:38,778 [INFO] Applying EMA strategy to 6 stocks.
2025-11-11 11:07:38,784 [INFO] Not enough data to calculate EMA. Needed 5, got 0.
2025-11-11 11:07:38,792 [INFO] Not enough data to calculate EMA. Needed 5, got 0.
2025-11-11 11:07:38,800 [INFO] Not enough data to calculate EMA. Needed 5, got 0.
2025-11-11 11:07:38,802 [INFO] Not enough data to calculate EMA. Needed 5, got 0.
2025-11-11 11:07:38,810 [INFO] Not enough data to calculate EMA. Needed 5, got 0.
2025-11-11 11:07:38,816 [INFO] Not enough data to calculate EMA. Needed 5, got 0.
2025-11-11 11:07:48,819 [INFO] Checking trade setups at 2025-11-11 11:07:48
2025-11-11 11:07:48,819 [INFO] Applying EMA strategy to 6 stocks.
2025-11-11 11:07:48,823 [INFO] Not enough data to calculate EMA. Needed 5, got 0.
2025-11-11 11:07:48,826 [INFO] Not enough data to calculate EMA. Needed 5, got 0.
2025-11-11 11:07:48,834 [INFO] Not enough data to calculate EMA. Needed 5, got 0.
2025-11-11 11:07:48,844 [INFO] Not enough data to calculate EMA. Needed 5, got 0.
2025-11-11 11:07:48,850 [INFO] Not enough data to calculate EMA. Needed 5, got 0.
2025-11-11 11:07:48,856 [INFO] Not enough data to calculate EMA. Needed 5, got 0.
2025-11-11 11:07:58,860 [INFO] Checking trade setups at 2025-11-11 11:07:58
2025-11-11 11:07:58,860 [INFO] Applying EMA strategy to 6 stocks.
2025-11-11 11:07:58,864 [INFO] Not enough data to calculate EMA. Needed 5, got 0.
2025-11-11 11:07:58,868 [INFO] Not enough data to calculate EMA. Needed 5, got 0.
2025-11-11 11:07:58,876 [INFO] Not enough data to calculate EMA. Needed 5, got 0.
2025-11-11 11:07:58,885 [INFO] Not enough data to calculate EMA. Needed 5, got 0.
2025-11-11 11:07:58,888 [INFO] Not enough data to calculate EMA. Needed 5, got 0.
2025-11-11 11:07:58,894 [INFO] Not enough data to calculate EMA. Needed 5, got 0.
2025-11-11 11:08:08,898 [INFO] Checking trade setups at 2025-11-11 11:08:08
2025-11-11 11:08:08,900 [INFO] Applying EMA strategy to 6 stocks.
2025-11-11 11:08:08,908 [INFO] Not enough data to calculate EMA. Needed 5, got 0.
2025-11-11 11:08:08,920 [INFO] Not enough data to calculate EMA. Needed 5, got 0.
2025-11-11 11:08:08,926 [INFO] Not enough data to calculate EMA. Needed 5, got 0.
2025-11-11 11:08:08,931 [INFO] Not enough data to calculate EMA. Needed 5, got 0.
2025-11-11 11:08:08,931 [INFO] Not enough data to calculate EMA. Needed 5, got 0.
2025-11-11 11:08:08,939 [INFO] Not enough data to calculate EMA. Needed 5, got 0.
2025-11-11 11:08:18,942 [INFO] Checking trade setups at 2025-11-11 11:08:18
2025-11-11 11:08:18,942 [INFO] Applying EMA strategy to 6 stocks.
2025-11-11 11:08:18,947 [INFO] Not enough data to calculate EMA. Needed 5, got 0.
2025-11-11 11:08:18,954 [INFO] Not enough data to calculate EMA. Needed 5, got 0.
2025-11-11 11:08:18,965 [INFO] Not enough data to calculate EMA. Needed 5, got 0.
2025-11-11 11:08:18,967 [INFO] Not enough data to calculate EMA. Needed 5, got 0.
2025-11-11 11:08:18,976 [INFO] Not enough data to calculate EMA. Needed 5, got 0.
2025-11-11 11:08:18,981 [INFO] Not enough data to calculate EMA. Needed 5, got 0.
2025-11-11 11:08:28,984 [INFO] Checking trade setups at 2025-11-11 11:08:28
2025-11-11 11:08:28,984 [INFO] Applying EMA strategy to 6 stocks.
2025-11-11 11:08:28,988 [INFO] Not enough data to calculate EMA. Needed 5, got 0.
2025-11-11 11:08:28,995 [INFO] Not enough data to calculate EMA. Needed 5, got 0.
2025-11-11 11:08:29,003 [INFO] Not enough data to calculate EMA. Needed 5, got 0.
2025-11-11 11:08:29,008 [INFO] Not enough data to calculate EMA. Needed 5, got 0.
2025-11-11 11:08:29,012 [INFO] Not enough data to calculate EMA. Needed 5, got 0.
2025-11-11 11:08:29,018 [INFO] Not enough data to calculate EMA. Needed 5, got 0.
2025-11-11 11:08:39,021 [INFO] Checking trade setups at 2025-11-11 11:08:39
2025-11-11 11:08:39,021 [INFO] Applying EMA strategy to 6 stocks.
2025-11-11 11:08:39,025 [INFO] Not enough data to calculate EMA. Needed 5, got 0.
2025-11-11 11:08:39,033 [INFO] Not enough data to calculate EMA. Needed 5, got 0.
2025-11-11 11:08:39,043 [INFO] Not enough data to calculate EMA. Needed 5, got 0.
2025-11-11 11:08:39,045 [INFO] Not enough data to calculate EMA. Needed 5, got 0.
2025-11-11 11:08:39,053 [INFO] Not enough data to calculate EMA. Needed 5, got 0.
2025-11-11 11:08:39,059 [INFO] Not enough data to calculate EMA. Needed 5, got 0.
2025-11-11 11:08:49,061 [INFO] Checking trade setups at 2025-11-11 11:08:49
2025-11-11 11:08:49,061 [INFO] Applying EMA strategy to 6 stocks.
2025-11-11 11:08:49,065 [INFO] Not enough data to calculate EMA. Needed 5, got 0.
2025-11-11 11:08:49,072 [INFO] Not enough data to calculate EMA. Needed 5, got 0.
2025-11-11 11:08:49,080 [INFO] Not enough data to calculate EMA. Needed 5, got 0.
2025-11-11 11:08:49,083 [INFO] Not enough data to calculate EMA. Needed 5, got 0.
2025-11-11 11:08:49,086 [INFO] Not enough data to calculate EMA. Needed 5, got 0.
2025-11-11 11:08:49,090 [INFO] Not enough data to calculate EMA. Needed 5, got 0.
2025-11-11 11:08:59,101 [INFO] Checking trade setups at 2025-11-11 11:08:59
2025-11-11 11:08:59,101 [INFO] Applying EMA strategy to 6 stocks.
2025-11-11 11:08:59,104 [INFO] Not enough data to calculate EMA. Needed 5, got 0.
2025-11-11 11:08:59,112 [INFO] Not enough data to calculate EMA. Needed 5, got 0.
2025-11-11 11:08:59,122 [INFO] Not enough data to calculate EMA. Needed 5, got 0.
2025-11-11 11:08:59,126 [INFO] Not enough data to calculate EMA. Needed 5, got 0.
2025-11-11 11:08:59,134 [INFO] Not enough data to calculate EMA. Needed 5, got 0.
2025-11-11 11:08:59,140 [INFO] Not enough data to calculate EMA. Needed 5, got 0.
2025-11-11 11:09:09,142 [INFO] Checking trade setups at 2025-11-11 11:09:09
2025-11-11 11:09:09,142 [INFO] Applying EMA strategy to 6 stocks.
2025-11-11 11:09:09,147 [INFO] Not enough data to calculate EMA. Needed 5, got 0.
2025-11-11 11:09:09,155 [INFO] Not enough data to calculate EMA. Needed 5, got 0.
2025-11-11 11:09:09,163 [INFO] Not enough data to calculate EMA. Needed 5, got 0.
2025-11-11 11:09:09,167 [INFO] Not enough data to calculate EMA. Needed 5, got 0.
2025-11-11 11:09:09,175 [INFO] Not enough data to calculate EMA. Needed 5, got 0.
2025-11-11 11:09:09,179 [INFO] Not enough data to calculate EMA. Needed 5, got 0.
2025-11-11 11:09:19,183 [INFO] Checking trade setups at 2025-11-11 11:09:19
2025-11-11 11:09:19,183 [INFO] Applying EMA strategy to 6 stocks.
2025-11-11 11:09:19,185 [INFO] Not enough data to calculate EMA. Needed 5, got 0.
2025-11-11 11:09:19,191 [INFO] Not enough data to calculate EMA. Needed 5, got 0.
2025-11-11 11:09:19,198 [INFO] Not enough data to calculate EMA. Needed 5, got 0.
2025-11-11 11:09:19,200 [INFO] Not enough data to calculate EMA. Needed 5, got 0.
2025-11-11 11:09:19,205 [INFO] Not enough data to calculate EMA. Needed 5, got 0.
2025-11-11 11:09:19,211 [INFO] Not enough data to calculate EMA. Needed 5, got 0.
2025-11-11 11:09:29,217 [INFO] Checking trade setups at 2025-11-11 11:09:29
2025-11-11 11:09:29,217 [INFO] Applying EMA strategy to 6 stocks.
2025-11-11 11:09:29,221 [INFO] Not enough data to calculate EMA. Needed 5, got 0.
2025-11-11 11:09:29,221 [INFO] Not enough data to calculate EMA. Needed 5, got 0.
2025-11-11 11:09:29,231 [INFO] Not enough data to calculate EMA. Needed 5, got 0.
2025-11-11 11:09:29,239 [INFO] Not enough data to calculate EMA. Needed 5, got 0.
2025-11-11 11:09:29,241 [INFO] Not enough data to calculate EMA. Needed 5, got 0.
2025-11-11 11:09:29,245 [INFO] Not enough data to calculate EMA. Needed 5, got 0.
2025-11-11 11:09:39,250 [INFO] Checking trade setups at 2025-11-11 11:09:39
2025-11-11 11:09:39,250 [INFO] Applying EMA strategy to 6 stocks.
2025-11-11 11:09:39,255 [INFO] Not enough data to calculate EMA. Needed 5, got 0.
2025-11-11 11:09:39,261 [INFO] Not enough data to calculate EMA. Needed 5, got 0.
2025-11-11 11:09:39,272 [INFO] Not enough data to calculate EMA. Needed 5, got 0.
2025-11-11 11:09:39,278 [INFO] Not enough data to calculate EMA. Needed 5, got 0.
2025-11-11 11:09:39,283 [INFO] Not enough data to calculate EMA. Needed 5, got 0.
2025-11-11 11:09:39,286 [INFO] Not enough data to calculate EMA. Needed 5, got 0.
2025-11-11 11:09:49,290 [INFO] Checking trade setups at 2025-11-11 11:09:49
2025-11-11 11:09:49,290 [INFO] Applying EMA strategy to 6 stocks.
2025-11-11 11:09:49,292 [INFO] Not enough data to calculate EMA. Needed 5, got 0.
2025-11-11 11:09:49,300 [INFO] Not enough data to calculate EMA. Needed 5, got 0.
2025-11-11 11:09:49,310 [INFO] Not enough data to calculate EMA. Needed 5, got 0.
2025-11-11 11:09:49,314 [INFO] Not enough data to calculate EMA. Needed 5, got 0.
2025-11-11 11:09:49,317 [INFO] Not enough data to calculate EMA. Needed 5, got 0.
2025-11-11 11:09:49,325 [INFO] Not enough data to calculate EMA. Needed 5, got 0.
2025-11-11 11:09:59,327 [INFO] Checking trade setups at 2025-11-11 11:09:59
2025-11-11 11:09:59,327 [INFO] Applying EMA strategy to 6 stocks.
2025-11-11 11:09:59,333 [INFO] Not enough data to calculate EMA. Needed 5, got 0.
2025-11-11 11:09:59,341 [INFO] Not enough data to calculate EMA. Needed 5, got 0.
2025-11-11 11:09:59,349 [INFO] Not enough data to calculate EMA. Needed 5, got 0.
2025-11-11 11:09:59,354 [INFO] Not enough data to calculate EMA. Needed 5, got 0.
2025-11-11 11:09:59,360 [INFO] Not enough data to calculate EMA. Needed 5, got 0.
2025-11-11 11:09:59,364 [INFO] Not enough data to calculate EMA. Needed 5, got 0.
2025-11-11 11:10:09,368 [INFO] Checking trade setups at 2025-11-11 11:10:09
2025-11-11 11:10:09,368 [INFO] Applying EMA strategy to 6 stocks.
2025-11-11 11:10:09,379 [INFO] Not enough data to calculate EMA. Needed 5, got 0.
2025-11-11 11:10:09,384 [INFO] Not enough data to calculate EMA. Needed 5, got 0.
2025-11-11 11:10:09,390 [INFO] Not enough data to calculate EMA. Needed 5, got 0.
2025-11-11 11:10:09,397 [INFO] Not enough data to calculate EMA. Needed 5, got 0.
2025-11-11 11:10:09,401 [INFO] Not enough data to calculate EMA. Needed 5, got 0.
2025-11-11 11:10:09,406 [INFO] Not enough data to calculate EMA. Needed 5, got 0.
2025-11-11 11:10:19,409 [INFO] Checking trade setups at 2025-11-11 11:10:19
2025-11-11 11:10:19,409 [INFO] Applying EMA strategy to 6 stocks.
2025-11-11 11:10:19,415 [INFO] Not enough data to calculate EMA. Needed 5, got 0.
2025-11-11 11:10:19,421 [INFO] Not enough data to calculate EMA. Needed 5, got 0.
2025-11-11 11:10:19,498 [INFO] Not enough data to calculate EMA. Needed 5, got 0.
2025-11-11 11:10:19,526 [INFO] Not enough data to calculate EMA. Needed 5, got 0.
2025-11-11 11:10:19,533 [INFO] Not enough data to calculate EMA. Needed 5, got 0.
2025-11-11 11:10:19,562 [INFO] Not enough data to calculate EMA. Needed 5, got 0.
2025-11-11 11:10:29,565 [INFO] Checking trade setups at 2025-11-11 11:10:29
2025-11-11 11:10:29,565 [INFO] Applying EMA strategy to 6 stocks.
2025-11-11 11:10:29,568 [INFO] Not enough data to calculate EMA. Needed 5, got 0.
2025-11-11 11:10:29,575 [INFO] Not enough data to calculate EMA. Needed 5, got 0.
2025-11-11 11:10:29,580 [INFO] Not enough data to calculate EMA. Needed 5, got 0.
2025-11-11 11:10:29,585 [INFO] Not enough data to calculate EMA. Needed 5, got 0.
2025-11-11 11:10:29,591 [INFO] Not enough data to calculate EMA. Needed 5, got 0.
2025-11-11 11:10:29,596 [INFO] Not enough data to calculate EMA. Needed 5, got 0.
2025-11-11 11:10:39,600 [INFO] Checking trade setups at 2025-11-11 11:10:39
2025-11-11 11:10:39,600 [INFO] Applying EMA strategy to 6 stocks.
2025-11-11 11:10:39,610 [INFO] Not enough data to calculate EMA. Needed 5, got 0.
2025-11-11 11:10:39,615 [INFO] Not enough data to calculate EMA. Needed 5, got 0.
2025-11-11 11:10:39,623 [INFO] Not enough data to calculate EMA. Needed 5, got 0.
2025-11-11 11:10:39,629 [INFO] Not enough data to calculate EMA. Needed 5, got 0.
2025-11-11 11:10:39,634 [INFO] Not enough data to calculate EMA. Needed 5, got 0.
2025-11-11 11:10:39,640 [INFO] Not enough data to calculate EMA. Needed 5, got 0.
2025-11-11 11:10:49,643 [INFO] Checking trade setups at 2025-11-11 11:10:49
2025-11-11 11:10:49,645 [INFO] Applying EMA strategy to 6 stocks.
2025-11-11 11:10:49,652 [INFO] Not enough data to calculate EMA. Needed 5, got 0.
2025-11-11 11:10:49,656 [INFO] Not enough data to calculate EMA. Needed 5, got 0.
2025-11-11 11:10:49,670 [INFO] Not enough data to calculate EMA. Needed 5, got 0.
2025-11-11 11:10:49,678 [INFO] Not enough data to calculate EMA. Needed 5, got 0.
2025-11-11 11:10:49,692 [INFO] Not enough data to calculate EMA. Needed 5, got 0.
2025-11-11 11:10:49,700 [INFO] Not enough data to calculate EMA. Needed 5, got 0.
2025-11-11 11:10:59,705 [INFO] Checking trade setups at 2025-11-11 11:10:59
2025-11-11 11:10:59,706 [INFO] Applying EMA strategy to 6 stocks.
2025-11-11 11:10:59,707 [INFO] Not enough data to calculate EMA. Needed 5, got 0.
2025-11-11 11:10:59,715 [INFO] Not enough data to calculate EMA. Needed 5, got 0.
2025-11-11 11:10:59,725 [INFO] Not enough data to calculate EMA. Needed 5, got 0.
2025-11-11 11:10:59,730 [INFO] Not enough data to calculate EMA. Needed 5, got 0.
2025-11-11 11:10:59,733 [INFO] Not enough data to calculate EMA. Needed 5, got 0.
2025-11-11 11:10:59,740 [INFO] Not enough data to calculate EMA. Needed 5, got 0.
2025-11-11 11:11:09,745 [INFO] Checking trade setups at 2025-11-11 11:11:09
2025-11-11 11:11:09,745 [INFO] Applying EMA strategy to 6 stocks.
2025-11-11 11:11:09,745 [INFO] Not enough data to calculate EMA. Needed 5, got 0.
2025-11-11 11:11:09,762 [INFO] Not enough data to calculate EMA. Needed 5, got 0.
2025-11-11 11:11:09,774 [INFO] Not enough data to calculate EMA. Needed 5, got 0.
2025-11-11 11:11:09,780 [INFO] Not enough data to calculate EMA. Needed 5, got 0.
2025-11-11 11:11:09,786 [INFO] Not enough data to calculate EMA. Needed 5, got 0.
2025-11-11 11:11:09,791 [INFO] Not enough data to calculate EMA. Needed 5, got 0.
2025-11-11 11:11:19,794 [INFO] Checking trade setups at 2025-11-11 11:11:19
2025-11-11 11:11:19,795 [INFO] Applying EMA strategy to 6 stocks.
2025-11-11 11:11:19,799 [INFO] Not enough data to calculate EMA. Needed 5, got 0.
2025-11-11 11:11:19,805 [INFO] Not enough data to calculate EMA. Needed 5, got 0.
2025-11-11 11:11:19,808 [INFO] Not enough data to calculate EMA. Needed 5, got 0.
2025-11-11 11:11:19,811 [INFO] Not enough data to calculate EMA. Needed 5, got 0.
2025-11-11 11:11:19,821 [INFO] Not enough data to calculate EMA. Needed 5, got 0.
2025-11-11 11:11:19,825 [INFO] Not enough data to calculate EMA. Needed 5, got 0.
2025-11-11 11:11:29,828 [INFO] Checking trade setups at 2025-11-11 11:11:29
2025-11-11 11:11:29,828 [INFO] Applying EMA strategy to 6 stocks.
2025-11-11 11:11:29,833 [INFO] Not enough data to calculate EMA. Needed 5, got 0.
2025-11-11 11:11:29,839 [INFO] Not enough data to calculate EMA. Needed 5, got 0.
2025-11-11 11:11:29,848 [INFO] Not enough data to calculate EMA. Needed 5, got 0.
2025-11-11 11:11:29,849 [INFO] Not enough data to calculate EMA. Needed 5, got 0.
2025-11-11 11:11:29,860 [INFO] Not enough data to calculate EMA. Needed 5, got 0.
2025-11-11 11:11:29,864 [INFO] Not enough data to calculate EMA. Needed 5, got 0.
2025-11-11 11:11:39,867 [INFO] Checking trade setups at 2025-11-11 11:11:39
2025-11-11 11:11:39,867 [INFO] Applying EMA strategy to 6 stocks.
2025-11-11 11:11:39,880 [INFO] Not enough data to calculate EMA. Needed 5, got 0.
2025-11-11 11:11:39,886 [INFO] Not enough data to calculate EMA. Needed 5, got 0.
2025-11-11 11:11:39,893 [INFO] Not enough data to calculate EMA. Needed 5, got 0.
2025-11-11 11:11:39,898 [INFO] Not enough data to calculate EMA. Needed 5, got 0.
2025-11-11 11:11:39,903 [INFO] Not enough data to calculate EMA. Needed 5, got 0.
2025-11-11 11:11:39,910 [INFO] Not enough data to calculate EMA. Needed 5, got 0.
2025-11-11 11:11:49,913 [INFO] Checking trade setups at 2025-11-11 11:11:49
2025-11-11 11:11:49,913 [INFO] Applying EMA strategy to 6 stocks.
2025-11-11 11:11:49,916 [INFO] Not enough data to calculate EMA. Needed 5, got 0.
2025-11-11 11:11:49,920 [INFO] Not enough data to calculate EMA. Needed 5, got 0.
2025-11-11 11:11:49,926 [INFO] Not enough data to calculate EMA. Needed 5, got 0.
2025-11-11 11:11:49,932 [INFO] Not enough data to calculate EMA. Needed 5, got 0.
2025-11-11 11:11:49,935 [INFO] Not enough data to calculate EMA. Needed 5, got 0.
2025-11-11 11:11:49,943 [INFO] Not enough data to calculate EMA. Needed 5, got 0.
2025-11-11 11:11:59,945 [INFO] Checking trade setups at 2025-11-11 11:11:59
2025-11-11 11:11:59,945 [INFO] Applying EMA strategy to 6 stocks.
2025-11-11 11:11:59,947 [INFO] Not enough data to calculate EMA. Needed 5, got 0.
2025-11-11 11:11:59,952 [INFO] Not enough data to calculate EMA. Needed 5, got 0.
2025-11-11 11:11:59,959 [INFO] Not enough data to calculate EMA. Needed 5, got 0.
2025-11-11 11:11:59,969 [INFO] Not enough data to calculate EMA. Needed 5, got 0.
2025-11-11 11:11:59,971 [INFO] Not enough data to calculate EMA. Needed 5, got 0.
2025-11-11 11:11:59,984 [INFO] Not enough data to calculate EMA. Needed 5, got 0.
2025-11-11 11:12:09,986 [INFO] Checking trade setups at 2025-11-11 11:12:09
2025-11-11 11:12:09,986 [INFO] Applying EMA strategy to 6 stocks.
2025-11-11 11:12:09,992 [INFO] Not enough data to calculate EMA. Needed 5, got 0.
2025-11-11 11:12:09,998 [INFO] Not enough data to calculate EMA. Needed 5, got 0.
2025-11-11 11:12:10,005 [INFO] Not enough data to calculate EMA. Needed 5, got 0.
2025-11-11 11:12:10,013 [INFO] Not enough data to calculate EMA. Needed 5, got 0.
2025-11-11 11:12:10,017 [INFO] Not enough data to calculate EMA. Needed 5, got 0.
2025-11-11 11:12:10,024 [INFO] Not enough data to calculate EMA. Needed 5, got 0.
2025-11-11 11:12:20,028 [INFO] Checking trade setups at 2025-11-11 11:12:20
2025-11-11 11:12:20,028 [INFO] Applying EMA strategy to 6 stocks.
2025-11-11 11:12:20,034 [INFO] Not enough data to calculate EMA. Needed 5, got 0.
2025-11-11 11:12:20,036 [INFO] Not enough data to calculate EMA. Needed 5, got 0.
2025-11-11 11:12:20,043 [INFO] Not enough data to calculate EMA. Needed 5, got 0.
2025-11-11 11:12:20,052 [INFO] Not enough data to calculate EMA. Needed 5, got 0.
2025-11-11 11:12:20,055 [INFO] Not enough data to calculate EMA. Needed 5, got 0.
2025-11-11 11:12:20,062 [INFO] Not enough data to calculate EMA. Needed 5, got 0.
2025-11-11 11:12:30,065 [INFO] Checking trade setups at 2025-11-11 11:12:30
2025-11-11 11:12:30,065 [INFO] Applying EMA strategy to 6 stocks.
2025-11-11 11:12:30,067 [INFO] Not enough data to calculate EMA. Needed 5, got 0.
2025-11-11 11:12:30,076 [INFO] Not enough data to calculate EMA. Needed 5, got 0.
2025-11-11 11:12:30,086 [INFO] Not enough data to calculate EMA. Needed 5, got 0.
2025-11-11 11:12:30,088 [INFO] Not enough data to calculate EMA. Needed 5, got 0.
2025-11-11 11:12:30,095 [INFO] Not enough data to calculate EMA. Needed 5, got 0.
2025-11-11 11:12:30,100 [INFO] Not enough data to calculate EMA. Needed 5, got 0.
2025-11-11 11:12:40,105 [INFO] Checking trade setups at 2025-11-11 11:12:40
2025-11-11 11:12:40,106 [INFO] Applying EMA strategy to 6 stocks.
2025-11-11 11:12:40,111 [INFO] Not enough data to calculate EMA. Needed 5, got 0.
2025-11-11 11:12:40,118 [INFO] Not enough data to calculate EMA. Needed 5, got 0.
2025-11-11 11:12:40,123 [INFO] Not enough data to calculate EMA. Needed 5, got 0.
2025-11-11 11:12:40,127 [INFO] Not enough data to calculate EMA. Needed 5, got 0.
2025-11-11 11:12:40,132 [INFO] Not enough data to calculate EMA. Needed 5, got 0.
2025-11-11 11:12:40,137 [INFO] Not enough data to calculate EMA. Needed 5, got 0.
2025-11-11 11:12:50,141 [INFO] Checking trade setups at 2025-11-11 11:12:50
2025-11-11 11:12:50,141 [INFO] Applying EMA strategy to 6 stocks.
2025-11-11 11:12:50,143 [INFO] Not enough data to calculate EMA. Needed 5, got 0.
2025-11-11 11:12:50,152 [INFO] Not enough data to calculate EMA. Needed 5, got 0.
2025-11-11 11:12:50,156 [INFO] Not enough data to calculate EMA. Needed 5, got 0.
2025-11-11 11:12:50,160 [INFO] Not enough data to calculate EMA. Needed 5, got 0.
2025-11-11 11:12:50,165 [INFO] Not enough data to calculate EMA. Needed 5, got 0.
2025-11-11 11:12:50,165 [INFO] Not enough data to calculate EMA. Needed 5, got 0.
2025-11-11 11:13:00,175 [INFO] Checking trade setups at 2025-11-11 11:13:00
2025-11-11 11:13:00,175 [INFO] Applying EMA strategy to 6 stocks.
2025-11-11 11:13:00,180 [INFO] Not enough data to calculate EMA. Needed 5, got 0.
2025-11-11 11:13:00,186 [INFO] Not enough data to calculate EMA. Needed 5, got 0.
2025-11-11 11:13:00,190 [INFO] Not enough data to calculate EMA. Needed 5, got 0.
2025-11-11 11:13:00,195 [INFO] Not enough data to calculate EMA. Needed 5, got 0.
2025-11-11 11:13:00,199 [INFO] Not enough data to calculate EMA. Needed 5, got 0.
2025-11-11 11:13:00,205 [INFO] Not enough data to calculate EMA. Needed 5, got 0.
2025-11-11 11:13:10,207 [INFO] Checking trade setups at 2025-11-11 11:13:10
2025-11-11 11:13:10,207 [INFO] Applying EMA strategy to 6 stocks.
2025-11-11 11:13:10,211 [INFO] Not enough data to calculate EMA. Needed 5, got 0.
2025-11-11 11:13:10,223 [INFO] Not enough data to calculate EMA. Needed 5, got 0.
2025-11-11 11:13:10,229 [INFO] Not enough data to calculate EMA. Needed 5, got 0.
2025-11-11 11:13:10,232 [INFO] Not enough data to calculate EMA. Needed 5, got 0.
2025-11-11 11:13:10,238 [INFO] Not enough data to calculate EMA. Needed 5, got 0.
2025-11-11 11:13:10,238 [INFO] Not enough data to calculate EMA. Needed 5, got 0.
2025-11-11 11:13:20,244 [INFO] Checking trade setups at 2025-11-11 11:13:20
2025-11-11 11:13:20,244 [INFO] Applying EMA strategy to 6 stocks.
2025-11-11 11:13:20,252 [INFO] Not enough data to calculate EMA. Needed 5, got 0.
2025-11-11 11:13:20,267 [INFO] Not enough data to calculate EMA. Needed 5, got 0.
2025-11-11 11:13:20,273 [INFO] Not enough data to calculate EMA. Needed 5, got 0.
2025-11-11 11:13:20,279 [INFO] Not enough data to calculate EMA. Needed 5, got 0.
2025-11-11 11:13:20,285 [INFO] Not enough data to calculate EMA. Needed 5, got 0.
2025-11-11 11:13:20,292 [INFO] Not enough data to calculate EMA. Needed 5, got 0.
2025-11-11 11:13:30,295 [INFO] Checking trade setups at 2025-11-11 11:13:30
2025-11-11 11:13:30,295 [INFO] Applying EMA strategy to 6 stocks.
2025-11-11 11:13:30,298 [INFO] Not enough data to calculate EMA. Needed 5, got 0.
2025-11-11 11:13:30,304 [INFO] Not enough data to calculate EMA. Needed 5, got 0.
2025-11-11 11:13:30,309 [INFO] Not enough data to calculate EMA. Needed 5, got 0.
2025-11-11 11:13:30,318 [INFO] Not enough data to calculate EMA. Needed 5, got 0.
2025-11-11 11:13:30,323 [INFO] Not enough data to calculate EMA. Needed 5, got 0.
2025-11-11 11:13:30,329 [INFO] Not enough data to calculate EMA. Needed 5, got 0.
2025-11-11 11:13:40,332 [INFO] Checking trade setups at 2025-11-11 11:13:40
2025-11-11 11:13:40,332 [INFO] Applying EMA strategy to 6 stocks.
2025-11-11 11:13:40,335 [INFO] Not enough data to calculate EMA. Needed 5, got 0.
2025-11-11 11:13:40,342 [INFO] Not enough data to calculate EMA. Needed 5, got 0.
2025-11-11 11:13:40,348 [INFO] Not enough data to calculate EMA. Needed 5, got 0.
2025-11-11 11:13:40,348 [INFO] Not enough data to calculate EMA. Needed 5, got 0.
2025-11-11 11:13:40,358 [INFO] Not enough data to calculate EMA. Needed 5, got 0.
2025-11-11 11:13:40,362 [INFO] Not enough data to calculate EMA. Needed 5, got 0.
2025-11-11 11:13:50,365 [INFO] Checking trade setups at 2025-11-11 11:13:50
2025-11-11 11:13:50,366 [INFO] Applying EMA strategy to 6 stocks.
2025-11-11 11:13:50,370 [INFO] Not enough data to calculate EMA. Needed 5, got 0.
2025-11-11 11:13:50,378 [INFO] Not enough data to calculate EMA. Needed 5, got 0.
2025-11-11 11:13:50,383 [INFO] Not enough data to calculate EMA. Needed 5, got 0.
2025-11-11 11:13:50,389 [INFO] Not enough data to calculate EMA. Needed 5, got 0.
2025-11-11 11:13:50,391 [INFO] Not enough data to calculate EMA. Needed 5, got 0.
2025-11-11 11:13:50,396 [INFO] Not enough data to calculate EMA. Needed 5, got 0.
2025-11-11 11:14:00,400 [INFO] Checking trade setups at 2025-11-11 11:14:00
2025-11-11 11:14:00,400 [INFO] Applying EMA strategy to 6 stocks.
2025-11-11 11:14:00,402 [INFO] Not enough data to calculate EMA. Needed 5, got 0.
2025-11-11 11:14:00,409 [INFO] Not enough data to calculate EMA. Needed 5, got 0.
2025-11-11 11:14:00,415 [INFO] Not enough data to calculate EMA. Needed 5, got 0.
2025-11-11 11:14:00,421 [INFO] Not enough data to calculate EMA. Needed 5, got 0.
2025-11-11 11:14:00,425 [INFO] Not enough data to calculate EMA. Needed 5, got 0.
2025-11-11 11:14:00,429 [INFO] Not enough data to calculate EMA. Needed 5, got 0.
2025-11-11 11:14:10,433 [INFO] Checking trade setups at 2025-11-11 11:14:10
2025-11-11 11:14:10,433 [INFO] Applying EMA strategy to 6 stocks.
2025-11-11 11:14:10,438 [INFO] Not enough data to calculate EMA. Needed 5, got 0.
2025-11-11 11:14:10,443 [INFO] Not enough data to calculate EMA. Needed 5, got 0.
2025-11-11 11:14:10,449 [INFO] Not enough data to calculate EMA. Needed 5, got 0.
2025-11-11 11:14:10,453 [INFO] Not enough data to calculate EMA. Needed 5, got 0.
2025-11-11 11:14:10,458 [INFO] Not enough data to calculate EMA. Needed 5, got 0.
2025-11-11 11:14:10,461 [INFO] Not enough data to calculate EMA. Needed 5, got 0.
2025-11-11 11:14:20,465 [INFO] Checking trade setups at 2025-11-11 11:14:20
2025-11-11 11:14:20,465 [INFO] Applying EMA strategy to 6 stocks.
2025-11-11 11:14:20,471 [INFO] Not enough data to calculate EMA. Needed 5, got 0.
2025-11-11 11:14:20,478 [INFO] Not enough data to calculate EMA. Needed 5, got 0.
2025-11-11 11:14:20,484 [INFO] Not enough data to calculate EMA. Needed 5, got 0.
2025-11-11 11:14:20,488 [INFO] Not enough data to calculate EMA. Needed 5, got 0.
2025-11-11 11:14:20,494 [INFO] Not enough data to calculate EMA. Needed 5, got 0.
2025-11-11 11:14:20,500 [INFO] Not enough data to calculate EMA. Needed 5, got 0.
2025-11-11 11:14:30,504 [INFO] Checking trade setups at 2025-11-11 11:14:30
2025-11-11 11:14:30,504 [INFO] Applying EMA strategy to 6 stocks.
2025-11-11 11:14:30,512 [INFO] Not enough data to calculate EMA. Needed 5, got 0.
2025-11-11 11:14:30,521 [INFO] Not enough data to calculate EMA. Needed 5, got 0.
2025-11-11 11:14:30,529 [INFO] Not enough data to calculate EMA. Needed 5, got 0.
2025-11-11 11:14:30,533 [INFO] Not enough data to calculate EMA. Needed 5, got 0.
2025-11-11 11:14:30,545 [INFO] Not enough data to calculate EMA. Needed 5, got 0.
2025-11-11 11:14:30,547 [INFO] Not enough data to calculate EMA. Needed 5, got 0.
2025-11-11 11:14:40,551 [INFO] Checking trade setups at 2025-11-11 11:14:40
2025-11-11 11:14:40,551 [INFO] Applying EMA strategy to 6 stocks.
2025-11-11 11:14:40,553 [INFO] Not enough data to calculate EMA. Needed 5, got 0.
2025-11-11 11:14:40,561 [INFO] Not enough data to calculate EMA. Needed 5, got 0.
2025-11-11 11:14:40,571 [INFO] Not enough data to calculate EMA. Needed 5, got 0.
2025-11-11 11:14:40,575 [INFO] Not enough data to calculate EMA. Needed 5, got 0.
2025-11-11 11:14:40,582 [INFO] Not enough data to calculate EMA. Needed 5, got 0.
2025-11-11 11:14:40,589 [INFO] Not enough data to calculate EMA. Needed 5, got 0.
2025-11-11 11:14:50,591 [INFO] Checking trade setups at 2025-11-11 11:14:50
2025-11-11 11:14:50,592 [INFO] Applying EMA strategy to 6 stocks.
2025-11-11 11:14:50,595 [INFO] Not enough data to calculate EMA. Needed 5, got 0.
2025-11-11 11:14:50,603 [INFO] Not enough data to calculate EMA. Needed 5, got 0.
2025-11-11 11:14:50,612 [INFO] Not enough data to calculate EMA. Needed 5, got 0.
2025-11-11 11:14:50,617 [INFO] Not enough data to calculate EMA. Needed 5, got 0.
2025-11-11 11:14:50,624 [INFO] Not enough data to calculate EMA. Needed 5, got 0.
2025-11-11 11:14:50,629 [INFO] Not enough data to calculate EMA. Needed 5, got 0.
2025-11-11 11:15:00,633 [INFO] Checking trade setups at 2025-11-11 11:15:00
2025-11-11 11:15:00,633 [INFO] Applying EMA strategy to 6 stocks.
2025-11-11 11:15:00,635 [INFO] Not enough data to calculate EMA. Needed 5, got 0.
2025-11-11 11:15:00,644 [INFO] Not enough data to calculate EMA. Needed 5, got 0.
2025-11-11 11:15:00,650 [INFO] Not enough data to calculate EMA. Needed 5, got 0.
2025-11-11 11:15:00,650 [INFO] Not enough data to calculate EMA. Needed 5, got 0.
2025-11-11 11:15:00,658 [INFO] Not enough data to calculate EMA. Needed 5, got 0.
2025-11-11 11:15:00,661 [INFO] Not enough data to calculate EMA. Needed 5, got 0.
2025-11-11 11:15:10,667 [INFO] Checking trade setups at 2025-11-11 11:15:10
2025-11-11 11:15:10,667 [INFO] Applying EMA strategy to 6 stocks.
2025-11-11 11:15:10,669 [INFO] Not enough data to calculate EMA. Needed 5, got 0.
2025-11-11 11:15:10,675 [INFO] Not enough data to calculate EMA. Needed 5, got 0.
2025-11-11 11:15:10,689 [INFO] Not enough data to calculate EMA. Needed 5, got 0.
2025-11-11 11:15:10,693 [INFO] Not enough data to calculate EMA. Needed 5, got 0.
2025-11-11 11:15:10,698 [INFO] Not enough data to calculate EMA. Needed 5, got 0.
2025-11-11 11:15:10,703 [INFO] Not enough data to calculate EMA. Needed 5, got 0.
2025-11-11 11:15:20,707 [INFO] Checking trade setups at 2025-11-11 11:15:20
2025-11-11 11:15:20,707 [INFO] Applying EMA strategy to 6 stocks.
2025-11-11 11:15:20,710 [INFO] Not enough data to calculate EMA. Needed 5, got 0.
2025-11-11 11:15:20,718 [INFO] Not enough data to calculate EMA. Needed 5, got 0.
2025-11-11 11:15:20,722 [INFO] Not enough data to calculate EMA. Needed 5, got 0.
2025-11-11 11:15:20,728 [INFO] Not enough data to calculate EMA. Needed 5, got 0.
2025-11-11 11:15:20,728 [INFO] Not enough data to calculate EMA. Needed 5, got 0.
2025-11-11 11:15:20,736 [INFO] Not enough data to calculate EMA. Needed 5, got 0.
2025-11-11 11:15:30,740 [INFO] Checking trade setups at 2025-11-11 11:15:30
2025-11-11 11:15:30,740 [INFO] Applying EMA strategy to 6 stocks.
2025-11-11 11:15:30,744 [INFO] Not enough data to calculate EMA. Needed 5, got 0.
2025-11-11 11:15:30,756 [INFO] Not enough data to calculate EMA. Needed 5, got 0.
2025-11-11 11:15:30,764 [INFO] Not enough data to calculate EMA. Needed 5, got 0.
2025-11-11 11:15:30,770 [INFO] Not enough data to calculate EMA. Needed 5, got 0.
2025-11-11 11:15:30,778 [INFO] Not enough data to calculate EMA. Needed 5, got 0.
2025-11-11 11:15:30,786 [INFO] Not enough data to calculate EMA. Needed 5, got 0.
2025-11-11 11:15:40,788 [INFO] Checking trade setups at 2025-11-11 11:15:40
2025-11-11 11:15:40,788 [INFO] Applying EMA strategy to 6 stocks.
2025-11-11 11:15:40,790 [INFO] Not enough data to calculate EMA. Needed 5, got 0.
2025-11-11 11:15:40,800 [INFO] Not enough data to calculate EMA. Needed 5, got 0.
2025-11-11 11:15:40,809 [INFO] Not enough data to calculate EMA. Needed 5, got 0.
2025-11-11 11:15:40,813 [INFO] Not enough data to calculate EMA. Needed 5, got 0.
2025-11-11 11:15:40,820 [INFO] Not enough data to calculate EMA. Needed 5, got 0.
2025-11-11 11:15:40,822 [INFO] Not enough data to calculate EMA. Needed 5, got 0.
2025-11-11 11:15:50,828 [INFO] Checking trade setups at 2025-11-11 11:15:50
2025-11-11 11:15:50,828 [INFO] Applying EMA strategy to 6 stocks.
2025-11-11 11:15:50,828 [INFO] Not enough data to calculate EMA. Needed 5, got 0.
2025-11-11 11:15:50,838 [INFO] Not enough data to calculate EMA. Needed 5, got 0.
2025-11-11 11:15:50,846 [INFO] Not enough data to calculate EMA. Needed 5, got 0.
2025-11-11 11:15:50,852 [INFO] Not enough data to calculate EMA. Needed 5, got 0.
2025-11-11 11:15:50,853 [INFO] Not enough data to calculate EMA. Needed 5, got 0.
2025-11-11 11:15:50,863 [INFO] Not enough data to calculate EMA. Needed 5, got 0.
2025-11-11 11:16:00,866 [INFO] Checking trade setups at 2025-11-11 11:16:00
2025-11-11 11:16:00,866 [INFO] Applying EMA strategy to 6 stocks.
2025-11-11 11:16:00,870 [INFO] Not enough data to calculate EMA. Needed 5, got 0.
2025-11-11 11:16:00,876 [INFO] Not enough data to calculate EMA. Needed 5, got 0.
2025-11-11 11:16:00,882 [INFO] Not enough data to calculate EMA. Needed 5, got 0.
2025-11-11 11:16:00,887 [INFO] Not enough data to calculate EMA. Needed 5, got 0.
2025-11-11 11:16:00,892 [INFO] Not enough data to calculate EMA. Needed 5, got 0.
2025-11-11 11:16:00,896 [INFO] Not enough data to calculate EMA. Needed 5, got 0.
2025-11-11 11:16:10,901 [INFO] Checking trade setups at 2025-11-11 11:16:10
2025-11-11 11:16:10,901 [INFO] Applying EMA strategy to 6 stocks.
2025-11-11 11:16:10,903 [INFO] Not enough data to calculate EMA. Needed 5, got 0.
2025-11-11 11:16:10,907 [INFO] Not enough data to calculate EMA. Needed 5, got 0.
2025-11-11 11:16:10,915 [INFO] Not enough data to calculate EMA. Needed 5, got 0.
2025-11-11 11:16:10,922 [INFO] Not enough data to calculate EMA. Needed 5, got 0.
2025-11-11 11:16:10,925 [INFO] Not enough data to calculate EMA. Needed 5, got 0.
2025-11-11 11:16:10,932 [INFO] Not enough data to calculate EMA. Needed 5, got 0.
2025-11-11 11:16:20,934 [INFO] Checking trade setups at 2025-11-11 11:16:20
2025-11-11 11:16:20,934 [INFO] Applying EMA strategy to 6 stocks.
2025-11-11 11:16:20,936 [INFO] Not enough data to calculate EMA. Needed 5, got 0.
2025-11-11 11:16:20,942 [INFO] Not enough data to calculate EMA. Needed 5, got 0.
2025-11-11 11:16:20,951 [INFO] Not enough data to calculate EMA. Needed 5, got 0.
2025-11-11 11:16:20,954 [INFO] Not enough data to calculate EMA. Needed 5, got 0.
2025-11-11 11:16:20,959 [INFO] Not enough data to calculate EMA. Needed 5, got 0.
2025-11-11 11:16:20,963 [INFO] Not enough data to calculate EMA. Needed 5, got 0.
2025-11-11 11:16:30,967 [INFO] Checking trade setups at 2025-11-11 11:16:30
2025-11-11 11:16:30,967 [INFO] Applying EMA strategy to 6 stocks.
2025-11-11 11:16:30,976 [INFO] Not enough data to calculate EMA. Needed 5, got 0.
2025-11-11 11:16:30,981 [INFO] Not enough data to calculate EMA. Needed 5, got 0.
2025-11-11 11:16:30,993 [INFO] Not enough data to calculate EMA. Needed 5, got 0.
2025-11-11 11:16:30,997 [INFO] Not enough data to calculate EMA. Needed 5, got 0.
2025-11-11 11:16:31,002 [INFO] Not enough data to calculate EMA. Needed 5, got 0.
2025-11-11 11:16:31,012 [INFO] Not enough data to calculate EMA. Needed 5, got 0.
2025-11-11 11:16:41,016 [INFO] Checking trade setups at 2025-11-11 11:16:41
2025-11-11 11:16:41,016 [INFO] Applying EMA strategy to 6 stocks.
2025-11-11 11:16:41,020 [INFO] Not enough data to calculate EMA. Needed 5, got 0.
2025-11-11 11:16:41,028 [INFO] Not enough data to calculate EMA. Needed 5, got 0.
2025-11-11 11:16:41,036 [INFO] Not enough data to calculate EMA. Needed 5, got 0.
2025-11-11 11:16:41,039 [INFO] Not enough data to calculate EMA. Needed 5, got 0.
2025-11-11 11:16:41,046 [INFO] Not enough data to calculate EMA. Needed 5, got 0.
2025-11-11 11:16:41,051 [INFO] Not enough data to calculate EMA. Needed 5, got 0.
2025-11-11 11:16:51,057 [INFO] Checking trade setups at 2025-11-11 11:16:51
2025-11-11 11:16:51,057 [INFO] Applying EMA strategy to 6 stocks.
2025-11-11 11:16:51,059 [INFO] Not enough data to calculate EMA. Needed 5, got 0.
2025-11-11 11:16:51,067 [INFO] Not enough data to calculate EMA. Needed 5, got 0.
2025-11-11 11:16:51,073 [INFO] Not enough data to calculate EMA. Needed 5, got 0.
2025-11-11 11:16:51,075 [INFO] Not enough data to calculate EMA. Needed 5, got 0.
2025-11-11 11:16:51,081 [INFO] Not enough data to calculate EMA. Needed 5, got 0.
2025-11-11 11:16:51,086 [INFO] Not enough data to calculate EMA. Needed 5, got 0.
2025-11-11 11:17:01,089 [INFO] Checking trade setups at 2025-11-11 11:17:01
2025-11-11 11:17:01,089 [INFO] Applying EMA strategy to 6 stocks.
2025-11-11 11:17:01,103 [INFO] Not enough data to calculate EMA. Needed 5, got 0.
2025-11-11 11:17:01,116 [INFO] Not enough data to calculate EMA. Needed 5, got 0.
2025-11-11 11:17:01,123 [INFO] Not enough data to calculate EMA. Needed 5, got 0.
2025-11-11 11:17:01,130 [INFO] Not enough data to calculate EMA. Needed 5, got 0.
2025-11-11 11:17:01,141 [INFO] Not enough data to calculate EMA. Needed 5, got 0.
2025-11-11 11:17:01,147 [INFO] Not enough data to calculate EMA. Needed 5, got 0.
2025-11-11 11:17:11,151 [INFO] Checking trade setups at 2025-11-11 11:17:11
2025-11-11 11:17:11,151 [INFO] Applying EMA strategy to 6 stocks.
2025-11-11 11:17:11,154 [INFO] Not enough data to calculate EMA. Needed 5, got 0.
2025-11-11 11:17:11,156 [INFO] Not enough data to calculate EMA. Needed 5, got 0.
2025-11-11 11:17:11,170 [INFO] Not enough data to calculate EMA. Needed 5, got 0.
2025-11-11 11:17:11,172 [INFO] Not enough data to calculate EMA. Needed 5, got 0.
2025-11-11 11:17:11,181 [INFO] Not enough data to calculate EMA. Needed 5, got 0.
2025-11-11 11:17:11,191 [INFO] Not enough data to calculate EMA. Needed 5, got 0.
2025-11-11 11:17:21,194 [INFO] Checking trade setups at 2025-11-11 11:17:21
2025-11-11 11:17:21,194 [INFO] Applying EMA strategy to 6 stocks.
2025-11-11 11:17:21,196 [INFO] Not enough data to calculate EMA. Needed 5, got 0.
2025-11-11 11:17:21,199 [INFO] Not enough data to calculate EMA. Needed 5, got 0.
2025-11-11 11:17:21,208 [INFO] Not enough data to calculate EMA. Needed 5, got 0.
2025-11-11 11:17:21,213 [INFO] Not enough data to calculate EMA. Needed 5, got 0.
2025-11-11 11:17:21,216 [INFO] Not enough data to calculate EMA. Needed 5, got 0.
2025-11-11 11:17:21,223 [INFO] Not enough data to calculate EMA. Needed 5, got 0.
2025-11-11 11:17:31,226 [INFO] Checking trade setups at 2025-11-11 11:17:31
2025-11-11 11:17:31,226 [INFO] Applying EMA strategy to 6 stocks.
2025-11-11 11:17:31,238 [INFO] Not enough data to calculate EMA. Needed 5, got 0.
2025-11-11 11:17:31,243 [INFO] Not enough data to calculate EMA. Needed 5, got 0.
2025-11-11 11:17:31,250 [INFO] Not enough data to calculate EMA. Needed 5, got 0.
2025-11-11 11:17:31,256 [INFO] Not enough data to calculate EMA. Needed 5, got 0.
2025-11-11 11:17:31,263 [INFO] Not enough data to calculate EMA. Needed 5, got 0.
2025-11-11 11:17:31,266 [INFO] Not enough data to calculate EMA. Needed 5, got 0.
2025-11-11 11:17:41,270 [INFO] Checking trade setups at 2025-11-11 11:17:41
2025-11-11 11:17:41,270 [INFO] Applying EMA strategy to 6 stocks.
2025-11-11 11:17:41,270 [INFO] Not enough data to calculate EMA. Needed 5, got 0.
2025-11-11 11:17:41,280 [INFO] Not enough data to calculate EMA. Needed 5, got 0.
2025-11-11 11:17:41,288 [INFO] Not enough data to calculate EMA. Needed 5, got 0.
2025-11-11 11:17:41,293 [INFO] Not enough data to calculate EMA. Needed 5, got 0.
2025-11-11 11:17:41,294 [INFO] Not enough data to calculate EMA. Needed 5, got 0.
2025-11-11 11:17:41,302 [INFO] Not enough data to calculate EMA. Needed 5, got 0.
2025-11-11 11:17:51,306 [INFO] Checking trade setups at 2025-11-11 11:17:51
2025-11-11 11:17:51,306 [INFO] Applying EMA strategy to 6 stocks.
2025-11-11 11:17:51,308 [INFO] Not enough data to calculate EMA. Needed 5, got 0.
2025-11-11 11:17:51,316 [INFO] Not enough data to calculate EMA. Needed 5, got 0.
2025-11-11 11:17:51,322 [INFO] Not enough data to calculate EMA. Needed 5, got 0.
2025-11-11 11:17:51,322 [INFO] Not enough data to calculate EMA. Needed 5, got 0.
2025-11-11 11:17:51,330 [INFO] Not enough data to calculate EMA. Needed 5, got 0.
2025-11-11 11:17:51,333 [INFO] Not enough data to calculate EMA. Needed 5, got 0.
2025-11-11 11:18:01,339 [INFO] Checking trade setups at 2025-11-11 11:18:01
2025-11-11 11:18:01,339 [INFO] Applying EMA strategy to 6 stocks.
2025-11-11 11:18:01,349 [INFO] Not enough data to calculate EMA. Needed 5, got 0.
2025-11-11 11:18:01,357 [INFO] Not enough data to calculate EMA. Needed 5, got 0.
2025-11-11 11:18:01,363 [INFO] Not enough data to calculate EMA. Needed 5, got 0.
2025-11-11 11:18:01,367 [INFO] Not enough data to calculate EMA. Needed 5, got 0.
2025-11-11 11:18:01,372 [INFO] Not enough data to calculate EMA. Needed 5, got 0.
2025-11-11 11:18:01,376 [INFO] Not enough data to calculate EMA. Needed 5, got 0.
2025-11-11 11:18:11,380 [INFO] Checking trade setups at 2025-11-11 11:18:11
2025-11-11 11:18:11,380 [INFO] Applying EMA strategy to 6 stocks.
2025-11-11 11:18:11,383 [INFO] Not enough data to calculate EMA. Needed 5, got 0.
2025-11-11 11:18:11,391 [INFO] Not enough data to calculate EMA. Needed 5, got 0.
2025-11-11 11:18:11,396 [INFO] Not enough data to calculate EMA. Needed 5, got 0.
2025-11-11 11:18:11,400 [INFO] Not enough data to calculate EMA. Needed 5, got 0.
2025-11-11 11:18:11,402 [INFO] Not enough data to calculate EMA. Needed 5, got 0.
2025-11-11 11:18:11,412 [INFO] Not enough data to calculate EMA. Needed 5, got 0.
2025-11-11 11:18:21,414 [INFO] Checking trade setups at 2025-11-11 11:18:21
2025-11-11 11:18:21,414 [INFO] Applying EMA strategy to 6 stocks.
2025-11-11 11:18:21,417 [INFO] Not enough data to calculate EMA. Needed 5, got 0.
2025-11-11 11:18:21,425 [INFO] Not enough data to calculate EMA. Needed 5, got 0.
2025-11-11 11:18:21,430 [INFO] Not enough data to calculate EMA. Needed 5, got 0.
2025-11-11 11:18:21,434 [INFO] Not enough data to calculate EMA. Needed 5, got 0.
2025-11-11 11:18:21,439 [INFO] Not enough data to calculate EMA. Needed 5, got 0.
2025-11-11 11:18:21,442 [INFO] Not enough data to calculate EMA. Needed 5, got 0.
2025-11-11 11:18:31,446 [INFO] Checking trade setups at 2025-11-11 11:18:31
2025-11-11 11:18:31,446 [INFO] Applying EMA strategy to 6 stocks.
2025-11-11 11:18:31,450 [INFO] Not enough data to calculate EMA. Needed 5, got 0.
2025-11-11 11:18:31,458 [INFO] Not enough data to calculate EMA. Needed 5, got 0.
2025-11-11 11:18:31,462 [INFO] Not enough data to calculate EMA. Needed 5, got 0.
2025-11-11 11:18:31,468 [INFO] Not enough data to calculate EMA. Needed 5, got 0.
2025-11-11 11:18:31,470 [INFO] Not enough data to calculate EMA. Needed 5, got 0.
2025-11-11 11:18:31,480 [INFO] Not enough data to calculate EMA. Needed 5, got 0.
2025-11-11 11:18:41,483 [INFO] Checking trade setups at 2025-11-11 11:18:41
2025-11-11 11:18:41,483 [INFO] Applying EMA strategy to 6 stocks.
2025-11-11 11:18:41,485 [INFO] Not enough data to calculate EMA. Needed 5, got 0.
2025-11-11 11:18:41,490 [INFO] Not enough data to calculate EMA. Needed 5, got 0.
2025-11-11 11:18:41,497 [INFO] Not enough data to calculate EMA. Needed 5, got 0.
2025-11-11 11:18:41,505 [INFO] Not enough data to calculate EMA. Needed 5, got 0.
2025-11-11 11:18:41,513 [INFO] Not enough data to calculate EMA. Needed 5, got 0.
2025-11-11 11:18:41,521 [INFO] Not enough data to calculate EMA. Needed 5, got 0.
2025-11-11 11:18:51,525 [INFO] Checking trade setups at 2025-11-11 11:18:51
2025-11-11 11:18:51,525 [INFO] Applying EMA strategy to 6 stocks.
2025-11-11 11:18:51,529 [INFO] Not enough data to calculate EMA. Needed 5, got 0.
2025-11-11 11:18:51,537 [INFO] Not enough data to calculate EMA. Needed 5, got 0.
2025-11-11 11:18:51,547 [INFO] Not enough data to calculate EMA. Needed 5, got 0.
2025-11-11 11:18:51,553 [INFO] Not enough data to calculate EMA. Needed 5, got 0.
2025-11-11 11:18:51,559 [INFO] Not enough data to calculate EMA. Needed 5, got 0.
2025-11-11 11:18:51,567 [INFO] Not enough data to calculate EMA. Needed 5, got 0.
2025-11-11 11:19:01,569 [INFO] Checking trade setups at 2025-11-11 11:19:01
2025-11-11 11:19:01,569 [INFO] Applying EMA strategy to 6 stocks.
2025-11-11 11:19:01,569 [INFO] Not enough data to calculate EMA. Needed 5, got 0.
2025-11-11 11:19:01,579 [INFO] Not enough data to calculate EMA. Needed 5, got 0.
2025-11-11 11:19:01,586 [INFO] Not enough data to calculate EMA. Needed 5, got 0.
2025-11-11 11:19:01,589 [INFO] Not enough data to calculate EMA. Needed 5, got 0.
2025-11-11 11:19:01,595 [INFO] Not enough data to calculate EMA. Needed 5, got 0.
2025-11-11 11:19:01,600 [INFO] Not enough data to calculate EMA. Needed 5, got 0.
2025-11-11 11:19:11,603 [INFO] Checking trade setups at 2025-11-11 11:19:11
2025-11-11 11:19:11,603 [INFO] Applying EMA strategy to 6 stocks.
2025-11-11 11:19:11,607 [INFO] Not enough data to calculate EMA. Needed 5, got 0.
2025-11-11 11:19:11,613 [INFO] Not enough data to calculate EMA. Needed 5, got 0.
2025-11-11 11:19:11,622 [INFO] Not enough data to calculate EMA. Needed 5, got 0.
2025-11-11 11:19:11,626 [INFO] Not enough data to calculate EMA. Needed 5, got 0.
2025-11-11 11:19:11,634 [INFO] Not enough data to calculate EMA. Needed 5, got 0.
2025-11-11 11:19:11,639 [INFO] Not enough data to calculate EMA. Needed 5, got 0.
2025-11-11 11:19:21,643 [INFO] Checking trade setups at 2025-11-11 11:19:21
2025-11-11 11:19:21,643 [INFO] Applying EMA strategy to 6 stocks.
2025-11-11 11:19:21,646 [INFO] Not enough data to calculate EMA. Needed 5, got 0.
2025-11-11 11:19:21,650 [INFO] Not enough data to calculate EMA. Needed 5, got 0.
2025-11-11 11:19:21,660 [INFO] Not enough data to calculate EMA. Needed 5, got 0.
2025-11-11 11:19:21,660 [INFO] Not enough data to calculate EMA. Needed 5, got 0.
2025-11-11 11:19:21,668 [INFO] Not enough data to calculate EMA. Needed 5, got 0.
2025-11-11 11:19:21,672 [INFO] Not enough data to calculate EMA. Needed 5, got 0.
2025-11-11 11:19:31,679 [INFO] Checking trade setups at 2025-11-11 11:19:31
2025-11-11 11:19:31,679 [INFO] Applying EMA strategy to 6 stocks.
2025-11-11 11:19:31,682 [INFO] Not enough data to calculate EMA. Needed 5, got 0.
2025-11-11 11:19:31,690 [INFO] Not enough data to calculate EMA. Needed 5, got 0.
2025-11-11 11:19:31,695 [INFO] Not enough data to calculate EMA. Needed 5, got 0.
2025-11-11 11:19:31,699 [INFO] Not enough data to calculate EMA. Needed 5, got 0.
2025-11-11 11:19:31,705 [INFO] Not enough data to calculate EMA. Needed 5, got 0.
2025-11-11 11:19:31,709 [INFO] Not enough data to calculate EMA. Needed 5, got 0.
2025-11-11 11:19:41,712 [INFO] Checking trade setups at 2025-11-11 11:19:41
2025-11-11 11:19:41,712 [INFO] Applying EMA strategy to 6 stocks.
2025-11-11 11:19:41,714 [INFO] Not enough data to calculate EMA. Needed 5, got 0.
2025-11-11 11:19:41,723 [INFO] Not enough data to calculate EMA. Needed 5, got 0.
2025-11-11 11:19:41,728 [INFO] Not enough data to calculate EMA. Needed 5, got 0.
2025-11-11 11:19:41,729 [INFO] Not enough data to calculate EMA. Needed 5, got 0.
2025-11-11 11:19:41,736 [INFO] Not enough data to calculate EMA. Needed 5, got 0.
2025-11-11 11:19:41,738 [INFO] Not enough data to calculate EMA. Needed 5, got 0.
2025-11-11 11:19:51,745 [INFO] Checking trade setups at 2025-11-11 11:19:51
2025-11-11 11:19:51,745 [INFO] Applying EMA strategy to 6 stocks.
2025-11-11 11:19:51,747 [INFO] Not enough data to calculate EMA. Needed 5, got 0.
2025-11-11 11:19:51,754 [INFO] Not enough data to calculate EMA. Needed 5, got 0.
2025-11-11 11:19:51,760 [INFO] Not enough data to calculate EMA. Needed 5, got 0.
2025-11-11 11:19:51,768 [INFO] Not enough data to calculate EMA. Needed 5, got 0.
2025-11-11 11:19:51,779 [INFO] Not enough data to calculate EMA. Needed 5, got 0.
2025-11-11 11:19:51,781 [INFO] Not enough data to calculate EMA. Needed 5, got 0.
2025-11-11 11:20:01,785 [INFO] Checking trade setups at 2025-11-11 11:20:01
2025-11-11 11:20:01,785 [INFO] Applying EMA strategy to 6 stocks.
2025-11-11 11:20:01,789 [INFO] Not enough data to calculate EMA. Needed 5, got 0.
2025-11-11 11:20:01,789 [INFO] Not enough data to calculate EMA. Needed 5, got 0.
2025-11-11 11:20:01,800 [INFO] Not enough data to calculate EMA. Needed 5, got 0.
2025-11-11 11:20:01,804 [INFO] Not enough data to calculate EMA. Needed 5, got 0.
2025-11-11 11:20:01,808 [INFO] Not enough data to calculate EMA. Needed 5, got 0.
2025-11-11 11:20:01,814 [INFO] Not enough data to calculate EMA. Needed 5, got 0.
2025-11-11 11:20:11,818 [INFO] Checking trade setups at 2025-11-11 11:20:11
2025-11-11 11:20:11,818 [INFO] Applying EMA strategy to 6 stocks.
2025-11-11 11:20:11,818 [INFO] Not enough data to calculate EMA. Needed 5, got 0.
2025-11-11 11:20:11,825 [INFO] Not enough data to calculate EMA. Needed 5, got 0.
2025-11-11 11:20:11,833 [INFO] Not enough data to calculate EMA. Needed 5, got 0.
2025-11-11 11:20:11,833 [INFO] Not enough data to calculate EMA. Needed 5, got 0.
2025-11-11 11:20:11,841 [INFO] Not enough data to calculate EMA. Needed 5, got 0.
2025-11-11 11:20:11,851 [INFO] Not enough data to calculate EMA. Needed 5, got 0.
2025-11-11 11:20:21,854 [INFO] Checking trade setups at 2025-11-11 11:20:21
2025-11-11 11:20:21,854 [INFO] Applying EMA strategy to 6 stocks.
2025-11-11 11:20:21,856 [INFO] Not enough data to calculate EMA. Needed 5, got 0.
2025-11-11 11:20:21,864 [INFO] Not enough data to calculate EMA. Needed 5, got 0.
2025-11-11 11:20:21,873 [INFO] Not enough data to calculate EMA. Needed 5, got 0.
2025-11-11 11:20:21,876 [INFO] Not enough data to calculate EMA. Needed 5, got 0.
2025-11-11 11:20:21,881 [INFO] Not enough data to calculate EMA. Needed 5, got 0.
2025-11-11 11:20:21,886 [INFO] Not enough data to calculate EMA. Needed 5, got 0.
2025-11-11 11:20:31,888 [INFO] Checking trade setups at 2025-11-11 11:20:31
2025-11-11 11:20:31,888 [INFO] Applying EMA strategy to 6 stocks.
2025-11-11 11:20:31,891 [INFO] Not enough data to calculate EMA. Needed 5, got 0.
2025-11-11 11:20:31,897 [INFO] Not enough data to calculate EMA. Needed 5, got 0.
2025-11-11 11:20:31,903 [INFO] Not enough data to calculate EMA. Needed 5, got 0.
2025-11-11 11:20:31,903 [INFO] Not enough data to calculate EMA. Needed 5, got 0.
2025-11-11 11:20:31,913 [INFO] Not enough data to calculate EMA. Needed 5, got 0.
2025-11-11 11:20:31,915 [INFO] Not enough data to calculate EMA. Needed 5, got 0.
2025-11-11 11:20:41,920 [INFO] Checking trade setups at 2025-11-11 11:20:41
2025-11-11 11:20:41,920 [INFO] Applying EMA strategy to 6 stocks.
2025-11-11 11:20:41,926 [INFO] Not enough data to calculate EMA. Needed 5, got 0.
2025-11-11 11:20:41,930 [INFO] Not enough data to calculate EMA. Needed 5, got 0.
2025-11-11 11:20:41,937 [INFO] Not enough data to calculate EMA. Needed 5, got 0.
2025-11-11 11:20:41,939 [INFO] Not enough data to calculate EMA. Needed 5, got 0.
2025-11-11 11:20:41,945 [INFO] Not enough data to calculate EMA. Needed 5, got 0.
2025-11-11 11:20:41,947 [INFO] Not enough data to calculate EMA. Needed 5, got 0.
2025-11-11 11:20:51,953 [INFO] Checking trade setups at 2025-11-11 11:20:51
2025-11-11 11:20:51,953 [INFO] Applying EMA strategy to 6 stocks.
2025-11-11 11:20:51,955 [INFO] Not enough data to calculate EMA. Needed 5, got 0.
2025-11-11 11:20:51,964 [INFO] Not enough data to calculate EMA. Needed 5, got 0.
2025-11-11 11:20:51,972 [INFO] Not enough data to calculate EMA. Needed 5, got 0.
2025-11-11 11:20:51,976 [INFO] Not enough data to calculate EMA. Needed 5, got 0.
2025-11-11 11:20:51,978 [INFO] Not enough data to calculate EMA. Needed 5, got 0.
2025-11-11 11:20:51,987 [INFO] Not enough data to calculate EMA. Needed 5, got 0.
2025-11-11 11:21:01,992 [INFO] Checking trade setups at 2025-11-11 11:21:01
2025-11-11 11:21:01,992 [INFO] Applying EMA strategy to 6 stocks.
2025-11-11 11:21:01,994 [INFO] Not enough data to calculate EMA. Needed 5, got 0.
2025-11-11 11:21:02,002 [INFO] Not enough data to calculate EMA. Needed 5, got 0.
2025-11-11 11:21:02,012 [INFO] Not enough data to calculate EMA. Needed 5, got 0.
2025-11-11 11:21:02,016 [INFO] Not enough data to calculate EMA. Needed 5, got 0.
2025-11-11 11:21:02,022 [INFO] Not enough data to calculate EMA. Needed 5, got 0.
2025-11-11 11:21:02,026 [INFO] Not enough data to calculate EMA. Needed 5, got 0.
2025-11-11 11:21:12,031 [INFO] Checking trade setups at 2025-11-11 11:21:12
2025-11-11 11:21:12,031 [INFO] Applying EMA strategy to 6 stocks.
2025-11-11 11:21:12,031 [INFO] Not enough data to calculate EMA. Needed 5, got 0.
2025-11-11 11:21:12,040 [INFO] Not enough data to calculate EMA. Needed 5, got 0.
2025-11-11 11:21:12,048 [INFO] Not enough data to calculate EMA. Needed 5, got 0.
2025-11-11 11:21:12,054 [INFO] Not enough data to calculate EMA. Needed 5, got 0.
2025-11-11 11:21:12,059 [INFO] Not enough data to calculate EMA. Needed 5, got 0.
2025-11-11 11:21:12,065 [INFO] Not enough data to calculate EMA. Needed 5, got 0.
2025-11-11 11:21:22,068 [INFO] Checking trade setups at 2025-11-11 11:21:22
2025-11-11 11:21:22,068 [INFO] Applying EMA strategy to 6 stocks.
2025-11-11 11:21:22,071 [INFO] Not enough data to calculate EMA. Needed 5, got 0.
2025-11-11 11:21:22,077 [INFO] Not enough data to calculate EMA. Needed 5, got 0.
2025-11-11 11:21:22,083 [INFO] Not enough data to calculate EMA. Needed 5, got 0.
2025-11-11 11:21:22,093 [INFO] Not enough data to calculate EMA. Needed 5, got 0.
2025-11-11 11:21:22,102 [INFO] Not enough data to calculate EMA. Needed 5, got 0.
2025-11-11 11:21:22,109 [INFO] Not enough data to calculate EMA. Needed 5, got 0.
2025-11-11 11:21:32,114 [INFO] Checking trade setups at 2025-11-11 11:21:32
2025-11-11 11:21:32,114 [INFO] Applying EMA strategy to 6 stocks.
2025-11-11 11:21:43,219 [INFO] Not enough data to calculate EMA. Needed 5, got 0.
2025-11-11 11:21:54,351 [INFO] Not enough data to calculate EMA. Needed 5, got 0.
2025-11-11 11:21:54,351 [INFO] Not enough data to calculate EMA. Needed 5, got 0.
2025-11-11 11:21:54,362 [INFO] Not enough data to calculate EMA. Needed 5, got 0.
2025-11-11 11:21:55,158 [INFO] Executing trade for NSE:HEG-EQ: {'timestamp': '2025-11-11 11:00', 'action': 'SELL', 'entry_price': 578.45, 'stop_loss': 580.8, 'target': 571.4000000000003}
2025-11-11 11:21:55,161 [INFO] Trade for NSE:HEG-EQ is outside trading window. Skipping.
2025-11-11 11:22:05,750 [INFO] Checking trade setups at 2025-11-11 11:22:05
2025-11-11 11:22:05,750 [INFO] Applying EMA strategy to 6 stocks.
2025-11-11 11:22:06,535 [INFO] Executing trade for NSE:JSL-EQ: {'timestamp': '2025-11-11 11:10', 'action': 'SELL', 'entry_price': 739, 'stop_loss': 740.3, 'target': 735.1000000000001}
2025-11-11 11:22:06,537 [INFO] Trade for NSE:JSL-EQ is outside trading window. Skipping.
2025-11-11 11:22:19,636 [INFO] Checking trade setups at 2025-11-11 11:22:19
2025-11-11 11:22:19,636 [INFO] Applying EMA strategy to 6 stocks.
2025-11-11 11:22:34,013 [INFO] Checking trade setups at 2025-11-11 11:22:34
2025-11-11 11:22:34,013 [INFO] Applying EMA strategy to 6 stocks.
2025-11-11 11:22:47,912 [INFO] Checking trade setups at 2025-11-11 11:22:47
2025-11-11 11:22:47,913 [INFO] Applying EMA strategy to 6 stocks.
2025-11-11 11:23:04,788 [INFO] Checking trade setups at 2025-11-11 11:23:04
2025-11-11 11:23:04,788 [INFO] Applying EMA strategy to 6 stocks.
2025-11-11 11:23:19,645 [INFO] Checking trade setups at 2025-11-11 11:23:19
2025-11-11 11:23:19,645 [INFO] Applying EMA strategy to 6 stocks.
2025-11-11 11:23:33,372 [INFO] Checking trade setups at 2025-11-11 11:23:33
2025-11-11 11:23:33,372 [INFO] Applying EMA strategy to 6 stocks.
2025-11-11 11:23:47,697 [INFO] Checking trade setups at 2025-11-11 11:23:47
2025-11-11 11:23:47,697 [INFO] Applying EMA strategy to 6 stocks.
2025-11-11 11:24:02,552 [INFO] Checking trade setups at 2025-11-11 11:24:02
2025-11-11 11:24:02,552 [INFO] Applying EMA strategy to 6 stocks.
2025-11-11 11:24:17,396 [INFO] Checking trade setups at 2025-11-11 11:24:17
2025-11-11 11:24:17,396 [INFO] Applying EMA strategy to 6 stocks.
2025-11-11 11:24:31,534 [INFO] Checking trade setups at 2025-11-11 11:24:31
2025-11-11 11:24:31,534 [INFO] Applying EMA strategy to 6 stocks.
2025-11-11 11:24:46,105 [INFO] Checking trade setups at 2025-11-11 11:24:46
2025-11-11 11:24:46,106 [INFO] Applying EMA strategy to 6 stocks.
2025-11-11 11:24:59,803 [INFO] Checking trade setups at 2025-11-11 11:24:59
2025-11-11 11:24:59,803 [INFO] Applying EMA strategy to 6 stocks.
2025-11-11 11:25:14,025 [INFO] Checking trade setups at 2025-11-11 11:25:14
2025-11-11 11:25:14,025 [INFO] Applying EMA strategy to 6 stocks.
2025-11-11 11:25:27,957 [INFO] Checking trade setups at 2025-11-11 11:25:27
2025-11-11 11:25:27,957 [INFO] Applying EMA strategy to 6 stocks.
2025-11-11 11:25:44,272 [INFO] Checking trade setups at 2025-11-11 11:25:44
2025-11-11 11:25:44,272 [INFO] Applying EMA strategy to 6 stocks.
2025-11-11 11:25:58,061 [INFO] Checking trade setups at 2025-11-11 11:25:58
2025-11-11 11:25:58,061 [INFO] Applying EMA strategy to 6 stocks.
2025-11-11 11:26:14,956 [INFO] Checking trade setups at 2025-11-11 11:26:14
2025-11-11 11:26:14,956 [INFO] Applying EMA strategy to 6 stocks.
2025-11-11 11:26:18,269 [INFO] Executing trade for NSE:KEC-EQ: {'timestamp': '2025-11-11 11:25', 'action': 'SELL', 'entry_price': 744.55, 'stop_loss': 750.9, 'target': 725.4999999999999}
2025-11-11 11:26:18,269 [INFO] after SL after filtering the final SL:6.35, final_target:725.5, qty:15
2025-11-11 11:26:18,284 [INFO] Max trades reached. Skipping new orders.
2025-11-11 11:26:29,295 [INFO] Checking trade setups at 2025-11-11 11:26:29
2025-11-11 11:26:29,296 [INFO] Applying EMA strategy to 6 stocks.
2025-11-11 11:26:43,671 [INFO] Checking trade setups at 2025-11-11 11:26:43
2025-11-11 11:26:43,671 [INFO] Applying EMA strategy to 6 stocks.
2025-11-11 11:26:56,853 [INFO] Checking trade setups at 2025-11-11 11:26:56
2025-11-11 11:26:56,853 [INFO] Applying EMA strategy to 6 stocks.
2025-11-11 11:27:10,686 [INFO] Checking trade setups at 2025-11-11 11:27:10
2025-11-11 11:27:10,686 [INFO] Applying EMA strategy to 6 stocks.
2025-11-11 11:27:24,484 [INFO] Checking trade setups at 2025-11-11 11:27:24
2025-11-11 11:27:24,484 [INFO] Applying EMA strategy to 6 stocks.
2025-11-11 11:27:38,825 [INFO] Checking trade setups at 2025-11-11 11:27:38
2025-11-11 11:27:38,825 [INFO] Applying EMA strategy to 6 stocks.
2025-11-11 11:27:52,773 [INFO] Checking trade setups at 2025-11-11 11:27:52
2025-11-11 11:27:52,773 [INFO] Applying EMA strategy to 6 stocks.
2025-11-11 11:28:07,619 [INFO] Checking trade setups at 2025-11-11 11:28:07
2025-11-11 11:28:07,619 [INFO] Applying EMA strategy to 6 stocks.
2025-11-11 11:28:21,329 [INFO] Checking trade setups at 2025-11-11 11:28:21
2025-11-11 11:28:21,329 [INFO] Applying EMA strategy to 6 stocks.
2025-11-11 11:28:35,667 [INFO] Checking trade setups at 2025-11-11 11:28:35
2025-11-11 11:28:35,669 [INFO] Applying EMA strategy to 6 stocks.
2025-11-11 11:28:49,293 [INFO] Checking trade setups at 2025-11-11 11:28:49
2025-11-11 11:28:49,293 [INFO] Applying EMA strategy to 6 stocks.
2025-11-11 11:29:03,622 [INFO] Checking trade setups at 2025-11-11 11:29:03
2025-11-11 11:29:03,623 [INFO] Applying EMA strategy to 6 stocks.
2025-11-11 11:29:17,347 [INFO] Checking trade setups at 2025-11-11 11:29:17
2025-11-11 11:29:17,347 [INFO] Applying EMA strategy to 6 stocks.
2025-11-11 11:29:31,268 [INFO] Checking trade setups at 2025-11-11 11:29:31
2025-11-11 11:29:31,268 [INFO] Applying EMA strategy to 6 stocks.
2025-11-11 11:29:45,132 [INFO] Checking trade setups at 2025-11-11 11:29:45
2025-11-11 11:29:45,132 [INFO] Applying EMA strategy to 6 stocks.
2025-11-11 11:29:59,029 [INFO] Checking trade setups at 2025-11-11 11:29:59
2025-11-11 11:29:59,029 [INFO] Applying EMA strategy to 6 stocks.
2025-11-11 11:30:13,421 [INFO] Checking trade setups at 2025-11-11 11:30:13
2025-11-11 11:30:13,421 [INFO] Applying EMA strategy to 6 stocks.
2025-11-11 11:30:27,601 [INFO] Checking trade setups at 2025-11-11 11:30:27
2025-11-11 11:30:27,601 [INFO] Applying EMA strategy to 6 stocks.
2025-11-11 11:30:41,741 [INFO] Checking trade setups at 2025-11-11 11:30:41
2025-11-11 11:30:41,741 [INFO] Applying EMA strategy to 6 stocks.
2025-11-11 11:30:55,235 [INFO] Checking trade setups at 2025-11-11 11:30:55
2025-11-11 11:30:55,235 [INFO] Applying EMA strategy to 6 stocks.
2025-11-11 11:31:10,084 [INFO] Checking trade setups at 2025-11-11 11:31:10
2025-11-11 11:31:10,085 [INFO] Applying EMA strategy to 6 stocks.
2025-11-11 11:31:23,944 [INFO] Checking trade setups at 2025-11-11 11:31:23
2025-11-11 11:31:23,944 [INFO] Applying EMA strategy to 6 stocks.
2025-11-11 11:31:39,272 [INFO] Checking trade setups at 2025-11-11 11:31:39
2025-11-11 11:31:39,272 [INFO] Applying EMA strategy to 6 stocks.
2025-11-11 11:31:52,581 [INFO] Checking trade setups at 2025-11-11 11:31:52
2025-11-11 11:31:52,581 [INFO] Applying EMA strategy to 6 stocks.
2025-11-11 11:32:09,997 [INFO] Checking trade setups at 2025-11-11 11:32:09
2025-11-11 11:32:09,997 [INFO] Applying EMA strategy to 6 stocks.
2025-11-11 11:32:24,536 [INFO] Checking trade setups at 2025-11-11 11:32:24
2025-11-11 11:32:24,536 [INFO] Applying EMA strategy to 6 stocks.
2025-11-11 11:32:38,890 [INFO] Checking trade setups at 2025-11-11 11:32:38
2025-11-11 11:32:38,890 [INFO] Applying EMA strategy to 6 stocks.
2025-11-11 11:32:53,104 [INFO] Checking trade setups at 2025-11-11 11:32:53
2025-11-11 11:32:53,104 [INFO] Applying EMA strategy to 6 stocks.
2025-11-11 11:33:08,463 [INFO] Checking trade setups at 2025-11-11 11:33:08
2025-11-11 11:33:08,463 [INFO] Applying EMA strategy to 6 stocks.
2025-11-11 11:33:21,880 [INFO] Checking trade setups at 2025-11-11 11:33:21
2025-11-11 11:33:21,880 [INFO] Applying EMA strategy to 6 stocks.
2025-11-11 11:33:37,450 [INFO] Checking trade setups at 2025-11-11 11:33:37
2025-11-11 11:33:37,450 [INFO] Applying EMA strategy to 6 stocks.
2025-11-11 11:33:53,632 [INFO] Checking trade setups at 2025-11-11 11:33:53
2025-11-11 11:33:53,632 [INFO] Applying EMA strategy to 6 stocks.
2025-11-11 11:34:08,266 [INFO] Checking trade setups at 2025-11-11 11:34:08
2025-11-11 11:34:08,266 [INFO] Applying EMA strategy to 6 stocks.
2025-11-11 11:34:21,992 [INFO] Checking trade setups at 2025-11-11 11:34:21
2025-11-11 11:34:21,992 [INFO] Applying EMA strategy to 6 stocks.
2025-11-11 11:34:36,427 [INFO] Checking trade setups at 2025-11-11 11:34:36
2025-11-11 11:34:36,427 [INFO] Applying EMA strategy to 6 stocks.
2025-11-11 11:34:50,159 [INFO] Checking trade setups at 2025-11-11 11:34:50
2025-11-11 11:34:50,159 [INFO] Applying EMA strategy to 6 stocks.
2025-11-11 11:35:05,955 [INFO] Checking trade setups at 2025-11-11 11:35:05
2025-11-11 11:35:05,955 [INFO] Applying EMA strategy to 6 stocks.
2025-11-11 11:35:19,650 [INFO] Checking trade setups at 2025-11-11 11:35:19
2025-11-11 11:35:19,650 [INFO] Applying EMA strategy to 6 stocks.
2025-11-11 11:35:33,363 [INFO] Checking trade setups at 2025-11-11 11:35:33
2025-11-11 11:35:33,363 [INFO] Applying EMA strategy to 6 stocks.
2025-11-11 11:35:46,674 [INFO] Checking trade setups at 2025-11-11 11:35:46
2025-11-11 11:35:46,674 [INFO] Applying EMA strategy to 6 stocks.
2025-11-11 11:36:00,201 [INFO] Checking trade setups at 2025-11-11 11:36:00
2025-11-11 11:36:00,201 [INFO] Applying EMA strategy to 6 stocks.
2025-11-11 11:36:14,323 [INFO] Checking trade setups at 2025-11-11 11:36:14
2025-11-11 11:36:14,323 [INFO] Applying EMA strategy to 6 stocks.
2025-11-11 11:36:29,272 [INFO] Checking trade setups at 2025-11-11 11:36:29
2025-11-11 11:36:29,272 [INFO] Applying EMA strategy to 6 stocks.
2025-11-11 11:36:42,998 [INFO] Checking trade setups at 2025-11-11 11:36:42
2025-11-11 11:36:42,998 [INFO] Applying EMA strategy to 6 stocks.
2025-11-11 11:36:57,148 [INFO] Checking trade setups at 2025-11-11 11:36:57
2025-11-11 11:36:57,148 [INFO] Applying EMA strategy to 6 stocks.
2025-11-11 11:37:11,675 [INFO] Checking trade setups at 2025-11-11 11:37:11
2025-11-11 11:37:11,675 [INFO] Applying EMA strategy to 6 stocks.
2025-11-11 11:37:26,313 [INFO] Checking trade setups at 2025-11-11 11:37:26
2025-11-11 11:37:26,313 [INFO] Applying EMA strategy to 6 stocks.
2025-11-11 11:37:40,351 [INFO] Checking trade setups at 2025-11-11 11:37:40
2025-11-11 11:37:40,352 [INFO] Applying EMA strategy to 6 stocks.
2025-11-11 11:37:54,279 [INFO] Checking trade setups at 2025-11-11 11:37:54
2025-11-11 11:37:54,279 [INFO] Applying EMA strategy to 6 stocks.
2025-11-11 11:38:08,613 [INFO] Checking trade setups at 2025-11-11 11:38:08
2025-11-11 11:38:08,613 [INFO] Applying EMA strategy to 6 stocks.
2025-11-11 11:38:22,535 [INFO] Checking trade setups at 2025-11-11 11:38:22
2025-11-11 11:38:22,535 [INFO] Applying EMA strategy to 6 stocks.
2025-11-11 11:38:37,086 [INFO] Checking trade setups at 2025-11-11 11:38:37
2025-11-11 11:38:37,086 [INFO] Applying EMA strategy to 6 stocks.
2025-11-11 11:38:50,825 [INFO] Checking trade setups at 2025-11-11 11:38:50
2025-11-11 11:38:50,825 [INFO] Applying EMA strategy to 6 stocks.
2025-11-11 11:39:05,442 [INFO] Checking trade setups at 2025-11-11 11:39:05
2025-11-11 11:39:05,442 [INFO] Applying EMA strategy to 6 stocks.
2025-11-11 11:39:19,579 [INFO] Checking trade setups at 2025-11-11 11:39:19
2025-11-11 11:39:19,579 [INFO] Applying EMA strategy to 6 stocks.
2025-11-11 11:39:34,526 [INFO] Checking trade setups at 2025-11-11 11:39:34
2025-11-11 11:39:34,526 [INFO] Applying EMA strategy to 6 stocks.
2025-11-11 11:39:48,155 [INFO] Checking trade setups at 2025-11-11 11:39:48
2025-11-11 11:39:48,155 [INFO] Applying EMA strategy to 6 stocks.
2025-11-11 11:40:02,520 [INFO] Checking trade setups at 2025-11-11 11:40:02
2025-11-11 11:40:02,520 [INFO] Applying EMA strategy to 6 stocks.
2025-11-11 11:40:16,203 [INFO] Checking trade setups at 2025-11-11 11:40:16
2025-11-11 11:40:16,203 [INFO] Applying EMA strategy to 6 stocks.
2025-11-11 11:40:30,172 [INFO] Checking trade setups at 2025-11-11 11:40:30
2025-11-11 11:40:30,172 [INFO] Applying EMA strategy to 6 stocks.
2025-11-11 11:40:43,756 [INFO] Checking trade setups at 2025-11-11 11:40:43
2025-11-11 11:40:43,756 [INFO] Applying EMA strategy to 6 stocks.
2025-11-11 11:40:58,100 [INFO] Checking trade setups at 2025-11-11 11:40:58
2025-11-11 11:40:58,100 [INFO] Applying EMA strategy to 6 stocks.
2025-11-11 11:41:11,710 [INFO] Checking trade setups at 2025-11-11 11:41:11
2025-11-11 11:41:11,710 [INFO] Applying EMA strategy to 6 stocks.
2025-11-11 11:41:25,341 [INFO] Checking trade setups at 2025-11-11 11:41:25
2025-11-11 11:41:25,341 [INFO] Applying EMA strategy to 6 stocks.
2025-11-11 11:41:39,045 [INFO] Checking trade setups at 2025-11-11 11:41:39
2025-11-11 11:41:39,045 [INFO] Applying EMA strategy to 6 stocks.
2025-11-11 11:41:52,981 [INFO] Checking trade setups at 2025-11-11 11:41:52
2025-11-11 11:41:52,981 [INFO] Applying EMA strategy to 6 stocks.
2025-11-11 11:42:08,026 [INFO] Checking trade setups at 2025-11-11 11:42:08
2025-11-11 11:42:08,026 [INFO] Applying EMA strategy to 6 stocks.
2025-11-11 11:42:22,590 [INFO] Checking trade setups at 2025-11-11 11:42:22
2025-11-11 11:42:22,593 [INFO] Applying EMA strategy to 6 stocks.
2025-11-11 11:42:37,233 [INFO] Checking trade setups at 2025-11-11 11:42:37
2025-11-11 11:42:37,233 [INFO] Applying EMA strategy to 6 stocks.
2025-11-11 11:42:51,161 [INFO] Checking trade setups at 2025-11-11 11:42:51
2025-11-11 11:42:51,161 [INFO] Applying EMA strategy to 6 stocks.
2025-11-11 11:43:04,660 [INFO] Checking trade setups at 2025-11-11 11:43:04
2025-11-11 11:43:04,660 [INFO] Applying EMA strategy to 6 stocks.
2025-11-11 11:43:18,388 [INFO] Checking trade setups at 2025-11-11 11:43:18
2025-11-11 11:43:18,388 [INFO] Applying EMA strategy to 6 stocks.
2025-11-11 11:43:31,588 [INFO] Checking trade setups at 2025-11-11 11:43:31
2025-11-11 11:43:31,588 [INFO] Applying EMA strategy to 6 stocks.
2025-11-11 11:43:46,130 [INFO] Checking trade setups at 2025-11-11 11:43:46
2025-11-11 11:43:46,130 [INFO] Applying EMA strategy to 6 stocks.
2025-11-11 11:43:59,704 [INFO] Checking trade setups at 2025-11-11 11:43:59
2025-11-11 11:43:59,704 [INFO] Applying EMA strategy to 6 stocks.
2025-11-11 11:44:14,093 [INFO] Checking trade setups at 2025-11-11 11:44:14
2025-11-11 11:44:14,093 [INFO] Applying EMA strategy to 6 stocks.
2025-11-11 11:44:28,222 [INFO] Checking trade setups at 2025-11-11 11:44:28
2025-11-11 11:44:28,222 [INFO] Applying EMA strategy to 6 stocks.
2025-11-11 11:44:42,078 [INFO] Checking trade setups at 2025-11-11 11:44:42
2025-11-11 11:44:42,078 [INFO] Applying EMA strategy to 6 stocks.
2025-11-11 11:44:56,178 [INFO] Checking trade setups at 2025-11-11 11:44:56
2025-11-11 11:44:56,178 [INFO] Applying EMA strategy to 6 stocks.
2025-11-11 11:45:10,935 [INFO] Checking trade setups at 2025-11-11 11:45:10
2025-11-11 11:45:10,935 [INFO] Applying EMA strategy to 6 stocks.
2025-11-11 11:45:25,046 [INFO] Checking trade setups at 2025-11-11 11:45:25
2025-11-11 11:45:25,046 [INFO] Applying EMA strategy to 6 stocks.
2025-11-11 11:45:39,095 [INFO] Checking trade setups at 2025-11-11 11:45:39
2025-11-11 11:45:39,096 [INFO] Applying EMA strategy to 6 stocks.
2025-11-11 11:45:53,215 [INFO] Checking trade setups at 2025-11-11 11:45:53
2025-11-11 11:45:53,215 [INFO] Applying EMA strategy to 6 stocks.
2025-11-11 11:46:08,609 [INFO] Checking trade setups at 2025-11-11 11:46:08
2025-11-11 11:46:08,609 [INFO] Applying EMA strategy to 6 stocks.
2025-11-11 11:46:23,131 [INFO] Checking trade setups at 2025-11-11 11:46:23
2025-11-11 11:46:23,131 [INFO] Applying EMA strategy to 6 stocks.
2025-11-11 11:46:38,068 [INFO] Checking trade setups at 2025-11-11 11:46:38
2025-11-11 11:46:38,068 [INFO] Applying EMA strategy to 6 stocks.
2025-11-11 11:46:51,667 [INFO] Checking trade setups at 2025-11-11 11:46:51
2025-11-11 11:46:51,667 [INFO] Applying EMA strategy to 6 stocks.
2025-11-11 11:47:07,274 [INFO] Checking trade setups at 2025-11-11 11:47:07
2025-11-11 11:47:07,274 [INFO] Applying EMA strategy to 6 stocks.
2025-11-11 11:47:21,480 [INFO] Checking trade setups at 2025-11-11 11:47:21
2025-11-11 11:47:21,480 [INFO] Applying EMA strategy to 6 stocks.
2025-11-11 11:47:35,740 [INFO] Checking trade setups at 2025-11-11 11:47:35
2025-11-11 11:47:35,740 [INFO] Applying EMA strategy to 6 stocks.
2025-11-11 11:47:49,956 [INFO] Checking trade setups at 2025-11-11 11:47:49
2025-11-11 11:47:49,958 [INFO] Applying EMA strategy to 6 stocks.
2025-11-11 11:48:03,677 [INFO] Checking trade setups at 2025-11-11 11:48:03
2025-11-11 11:48:03,677 [INFO] Applying EMA strategy to 6 stocks.
2025-11-11 11:48:18,855 [INFO] Checking trade setups at 2025-11-11 11:48:18
2025-11-11 11:48:18,855 [INFO] Applying EMA strategy to 6 stocks.
2025-11-11 11:48:33,887 [INFO] Checking trade setups at 2025-11-11 11:48:33
2025-11-11 11:48:33,887 [INFO] Applying EMA strategy to 6 stocks.
2025-11-11 11:48:48,790 [INFO] Checking trade setups at 2025-11-11 11:48:48
2025-11-11 11:48:48,790 [INFO] Applying EMA strategy to 6 stocks.
2025-11-11 11:49:02,966 [INFO] Checking trade setups at 2025-11-11 11:49:02
2025-11-11 11:49:02,966 [INFO] Applying EMA strategy to 6 stocks.
2025-11-11 11:49:18,304 [INFO] Checking trade setups at 2025-11-11 11:49:18
2025-11-11 11:49:18,304 [INFO] Applying EMA strategy to 6 stocks.
2025-11-11 11:49:33,997 [INFO] Checking trade setups at 2025-11-11 11:49:33
2025-11-11 11:49:33,997 [INFO] Applying EMA strategy to 6 stocks.
2025-11-11 11:49:47,511 [INFO] Checking trade setups at 2025-11-11 11:49:47
2025-11-11 11:49:47,511 [INFO] Applying EMA strategy to 6 stocks.
2025-11-11 11:50:01,538 [INFO] Checking trade setups at 2025-11-11 11:50:01
2025-11-11 11:50:01,538 [INFO] Applying EMA strategy to 6 stocks.
2025-11-11 11:50:16,090 [INFO] Checking trade setups at 2025-11-11 11:50:16
2025-11-11 11:50:16,090 [INFO] Applying EMA strategy to 6 stocks.
2025-11-11 11:50:30,640 [INFO] Checking trade setups at 2025-11-11 11:50:30
2025-11-11 11:50:30,640 [INFO] Applying EMA strategy to 6 stocks.
2025-11-11 11:50:44,350 [INFO] Checking trade setups at 2025-11-11 11:50:44
2025-11-11 11:50:44,352 [INFO] Applying EMA strategy to 6 stocks.
2025-11-11 11:50:58,186 [INFO] Checking trade setups at 2025-11-11 11:50:58
2025-11-11 11:50:58,186 [INFO] Applying EMA strategy to 6 stocks.
2025-11-11 11:51:11,894 [INFO] Checking trade setups at 2025-11-11 11:51:11
2025-11-11 11:51:11,894 [INFO] Applying EMA strategy to 6 stocks.
2025-11-11 11:51:25,820 [INFO] Checking trade setups at 2025-11-11 11:51:25
2025-11-11 11:51:25,820 [INFO] Applying EMA strategy to 6 stocks.
2025-11-11 11:51:39,752 [INFO] Checking trade setups at 2025-11-11 11:51:39
2025-11-11 11:51:39,752 [INFO] Applying EMA strategy to 6 stocks.
2025-11-11 11:51:54,603 [INFO] Checking trade setups at 2025-11-11 11:51:54
2025-11-11 11:51:54,603 [INFO] Applying EMA strategy to 6 stocks.
2025-11-11 11:52:08,974 [INFO] Checking trade setups at 2025-11-11 11:52:08
2025-11-11 11:52:08,974 [INFO] Applying EMA strategy to 6 stocks.
2025-11-11 11:52:24,006 [INFO] Checking trade setups at 2025-11-11 11:52:24
2025-11-11 11:52:24,006 [INFO] Applying EMA strategy to 6 stocks.
2025-11-11 11:52:38,528 [INFO] Checking trade setups at 2025-11-11 11:52:38
2025-11-11 11:52:38,528 [INFO] Applying EMA strategy to 6 stocks.
2025-11-11 11:52:52,572 [INFO] Checking trade setups at 2025-11-11 11:52:52
2025-11-11 11:52:52,572 [INFO] Applying EMA strategy to 6 stocks.
2025-11-11 11:53:06,802 [INFO] Checking trade setups at 2025-11-11 11:53:06
2025-11-11 11:53:06,802 [INFO] Applying EMA strategy to 6 stocks.
2025-11-11 11:53:24,301 [INFO] Checking trade setups at 2025-11-11 11:53:24
2025-11-11 11:53:24,301 [INFO] Applying EMA strategy to 6 stocks.
2025-11-11 11:53:37,820 [INFO] Checking trade setups at 2025-11-11 11:53:37
2025-11-11 11:53:37,820 [INFO] Applying EMA strategy to 6 stocks.
2025-11-11 11:53:52,050 [INFO] Checking trade setups at 2025-11-11 11:53:52
2025-11-11 11:53:52,050 [INFO] Applying EMA strategy to 6 stocks.
2025-11-11 11:54:06,812 [INFO] Checking trade setups at 2025-11-11 11:54:06
2025-11-11 11:54:06,812 [INFO] Applying EMA strategy to 6 stocks.
2025-11-11 11:54:20,113 [INFO] Checking trade setups at 2025-11-11 11:54:20
2025-11-11 11:54:20,113 [INFO] Applying EMA strategy to 6 stocks.
2025-11-11 11:54:33,526 [INFO] Checking trade setups at 2025-11-11 11:54:33
2025-11-11 11:54:33,527 [INFO] Applying EMA strategy to 6 stocks.
2025-11-11 11:54:47,657 [INFO] Checking trade setups at 2025-11-11 11:54:47
2025-11-11 11:54:47,657 [INFO] Applying EMA strategy to 6 stocks.
2025-11-11 11:55:03,344 [INFO] Checking trade setups at 2025-11-11 11:55:03
2025-11-11 11:55:03,344 [INFO] Applying EMA strategy to 6 stocks.
2025-11-11 11:55:17,572 [INFO] Checking trade setups at 2025-11-11 11:55:17
2025-11-11 11:55:17,572 [INFO] Applying EMA strategy to 6 stocks.
2025-11-11 11:55:32,919 [INFO] Checking trade setups at 2025-11-11 11:55:32
2025-11-11 11:55:32,919 [INFO] Applying EMA strategy to 6 stocks.
2025-11-11 11:55:46,554 [INFO] Checking trade setups at 2025-11-11 11:55:46
2025-11-11 11:55:46,555 [INFO] Applying EMA strategy to 6 stocks.
2025-11-11 11:56:00,262 [INFO] Checking trade setups at 2025-11-11 11:56:00
2025-11-11 11:56:00,262 [INFO] Applying EMA strategy to 6 stocks.
2025-11-11 11:56:14,388 [INFO] Checking trade setups at 2025-11-11 11:56:14
2025-11-11 11:56:14,388 [INFO] Applying EMA strategy to 6 stocks.
2025-11-11 11:56:30,384 [INFO] Checking trade setups at 2025-11-11 11:56:30
2025-11-11 11:56:30,384 [INFO] Applying EMA strategy to 6 stocks.
2025-11-11 11:56:31,729 [INFO] Executing trade for NSE:MMTC-EQ: {'timestamp': '2025-11-11 11:55', 'action': 'SELL', 'entry_price': 66.2, 'stop_loss': 66.34, 'target': 65.78}
2025-11-11 11:56:31,729 [INFO] after SL after filtering the final SL:0.51, final_target:64.67, qty:196
2025-11-11 11:56:31,742 [INFO] Max trades reached. Skipping new orders.
2025-11-11 11:56:46,051 [INFO] Checking trade setups at 2025-11-11 11:56:46
2025-11-11 11:56:46,051 [INFO] Applying EMA strategy to 6 stocks.
2025-11-11 11:57:01,097 [INFO] Checking trade setups at 2025-11-11 11:57:01
2025-11-11 11:57:01,097 [INFO] Applying EMA strategy to 6 stocks.
2025-11-11 11:57:14,934 [INFO] Checking trade setups at 2025-11-11 11:57:14
2025-11-11 11:57:14,934 [INFO] Applying EMA strategy to 6 stocks.
2025-11-11 11:57:29,458 [INFO] Checking trade setups at 2025-11-11 11:57:29
2025-11-11 11:57:29,458 [INFO] Applying EMA strategy to 6 stocks.
2025-11-11 11:57:44,618 [INFO] Checking trade setups at 2025-11-11 11:57:44
2025-11-11 11:57:44,618 [INFO] Applying EMA strategy to 6 stocks.
2025-11-11 11:58:01,608 [INFO] Checking trade setups at 2025-11-11 11:58:01
2025-11-11 11:58:01,608 [INFO] Applying EMA strategy to 6 stocks.
2025-11-11 11:58:15,435 [INFO] Checking trade setups at 2025-11-11 11:58:15
2025-11-11 11:58:15,435 [INFO] Applying EMA strategy to 6 stocks.
2025-11-11 11:58:29,156 [INFO] Checking trade setups at 2025-11-11 11:58:29
2025-11-11 11:58:29,156 [INFO] Applying EMA strategy to 6 stocks.
2025-11-11 11:58:42,981 [INFO] Checking trade setups at 2025-11-11 11:58:42
2025-11-11 11:58:42,982 [INFO] Applying EMA strategy to 6 stocks.
2025-11-11 11:58:57,423 [INFO] Checking trade setups at 2025-11-11 11:58:57
2025-11-11 11:58:57,423 [INFO] Applying EMA strategy to 6 stocks.
2025-11-11 11:59:11,348 [INFO] Checking trade setups at 2025-11-11 11:59:11
2025-11-11 11:59:11,348 [INFO] Applying EMA strategy to 6 stocks.
2025-11-11 11:59:25,583 [INFO] Checking trade setups at 2025-11-11 11:59:25
2025-11-11 11:59:25,583 [INFO] Applying EMA strategy to 6 stocks.
2025-11-11 11:59:38,893 [INFO] Checking trade setups at 2025-11-11 11:59:38
2025-11-11 11:59:38,893 [INFO] Applying EMA strategy to 6 stocks.
2025-11-11 11:59:52,727 [INFO] Checking trade setups at 2025-11-11 11:59:52
2025-11-11 11:59:52,727 [INFO] Applying EMA strategy to 6 stocks.
2025-11-11 12:00:07,667 [INFO] Checking trade setups at 2025-11-11 12:00:07
2025-11-11 12:00:07,667 [INFO] Applying EMA strategy to 6 stocks.
2025-11-11 12:00:21,903 [INFO] Checking trade setups at 2025-11-11 12:00:21
2025-11-11 12:00:21,903 [INFO] Applying EMA strategy to 6 stocks.
2025-11-11 12:00:35,839 [INFO] Checking trade setups at 2025-11-11 12:00:35
2025-11-11 12:00:35,839 [INFO] Applying EMA strategy to 6 stocks.
2025-11-11 12:00:50,267 [INFO] Checking trade setups at 2025-11-11 12:00:50
2025-11-11 12:00:50,267 [INFO] Applying EMA strategy to 6 stocks.
2025-11-11 12:01:04,526 [INFO] Checking trade setups at 2025-11-11 12:01:04
2025-11-11 12:01:04,526 [INFO] Applying EMA strategy to 6 stocks.
2025-11-11 12:01:18,327 [INFO] Checking trade setups at 2025-11-11 12:01:18
2025-11-11 12:01:18,327 [INFO] Applying EMA strategy to 6 stocks.
2025-11-11 12:01:31,690 [INFO] Checking trade setups at 2025-11-11 12:01:31
2025-11-11 12:01:31,690 [INFO] Applying EMA strategy to 6 stocks.
2025-11-11 12:01:45,885 [INFO] Checking trade setups at 2025-11-11 12:01:45
2025-11-11 12:01:45,885 [INFO] Applying EMA strategy to 6 stocks.
2025-11-11 12:02:00,921 [INFO] Checking trade setups at 2025-11-11 12:02:00
2025-11-11 12:02:00,921 [INFO] Applying EMA strategy to 6 stocks.
2025-11-11 12:02:18,136 [INFO] Checking trade setups at 2025-11-11 12:02:18
2025-11-11 12:02:18,136 [INFO] Applying EMA strategy to 6 stocks.
2025-11-11 12:02:32,976 [INFO] Checking trade setups at 2025-11-11 12:02:32
2025-11-11 12:02:32,976 [INFO] Applying EMA strategy to 6 stocks.
2025-11-11 12:02:47,164 [INFO] Checking trade setups at 2025-11-11 12:02:47
2025-11-11 12:02:47,164 [INFO] Applying EMA strategy to 6 stocks.
2025-11-11 12:03:03,496 [INFO] Checking trade setups at 2025-11-11 12:03:03
2025-11-11 12:03:03,496 [INFO] Applying EMA strategy to 6 stocks.
2025-11-11 12:03:17,626 [INFO] Checking trade setups at 2025-11-11 12:03:17
2025-11-11 12:03:17,628 [INFO] Applying EMA strategy to 6 stocks.
2025-11-11 12:03:31,151 [INFO] Checking trade setups at 2025-11-11 12:03:31
2025-11-11 12:03:31,151 [INFO] Applying EMA strategy to 6 stocks.
2025-11-11 12:03:46,823 [INFO] Checking trade setups at 2025-11-11 12:03:46
2025-11-11 12:03:46,823 [INFO] Applying EMA strategy to 6 stocks.
2025-11-11 12:04:02,207 [INFO] Checking trade setups at 2025-11-11 12:04:02
2025-11-11 12:04:02,207 [INFO] Applying EMA strategy to 6 stocks.
2025-11-11 12:04:16,288 [INFO] Checking trade setups at 2025-11-11 12:04:16
2025-11-11 12:04:16,288 [INFO] Applying EMA strategy to 6 stocks.
2025-11-11 12:04:30,741 [INFO] Checking trade setups at 2025-11-11 12:04:30
2025-11-11 12:04:30,741 [INFO] Applying EMA strategy to 6 stocks.
2025-11-11 12:04:44,366 [INFO] Checking trade setups at 2025-11-11 12:04:44
2025-11-11 12:04:44,367 [INFO] Applying EMA strategy to 6 stocks.
2025-11-11 12:04:59,632 [INFO] Checking trade setups at 2025-11-11 12:04:59
2025-11-11 12:04:59,632 [INFO] Applying EMA strategy to 6 stocks.
2025-11-11 12:05:14,318 [INFO] Checking trade setups at 2025-11-11 12:05:14
2025-11-11 12:05:14,319 [INFO] Applying EMA strategy to 6 stocks.
2025-11-11 12:05:28,912 [INFO] Checking trade setups at 2025-11-11 12:05:28
2025-11-11 12:05:28,912 [INFO] Applying EMA strategy to 6 stocks.
2025-11-11 12:05:50,825 [INFO] Checking trade setups at 2025-11-11 12:05:50
2025-11-11 12:05:50,825 [INFO] Applying EMA strategy to 6 stocks.
2025-11-11 12:06:04,751 [INFO] Checking trade setups at 2025-11-11 12:06:04
2025-11-11 12:06:04,751 [INFO] Applying EMA strategy to 6 stocks.
2025-11-11 12:06:19,289 [INFO] Checking trade setups at 2025-11-11 12:06:19
2025-11-11 12:06:19,289 [INFO] Applying EMA strategy to 6 stocks.
2025-11-11 12:06:33,190 [INFO] Checking trade setups at 2025-11-11 12:06:33
2025-11-11 12:06:33,190 [INFO] Applying EMA strategy to 6 stocks.
2025-11-11 12:06:47,726 [INFO] Checking trade setups at 2025-11-11 12:06:47
2025-11-11 12:06:47,726 [INFO] Applying EMA strategy to 6 stocks.
2025-11-11 12:07:02,001 [INFO] Checking trade setups at 2025-11-11 12:07:02
2025-11-11 12:07:02,001 [INFO] Applying EMA strategy to 6 stocks.
2025-11-11 12:07:16,639 [INFO] Checking trade setups at 2025-11-11 12:07:16
2025-11-11 12:07:16,641 [INFO] Applying EMA strategy to 6 stocks.
2025-11-11 12:07:30,784 [INFO] Checking trade setups at 2025-11-11 12:07:30
2025-11-11 12:07:30,784 [INFO] Applying EMA strategy to 6 stocks.
2025-11-11 12:07:45,413 [INFO] Checking trade setups at 2025-11-11 12:07:45
2025-11-11 12:07:45,413 [INFO] Applying EMA strategy to 6 stocks.
2025-11-11 12:07:59,442 [INFO] Checking trade setups at 2025-11-11 12:07:59
2025-11-11 12:07:59,442 [INFO] Applying EMA strategy to 6 stocks.
2025-11-11 12:08:15,317 [INFO] Checking trade setups at 2025-11-11 12:08:15
2025-11-11 12:08:15,319 [INFO] Applying EMA strategy to 6 stocks.
2025-11-11 12:08:31,796 [INFO] Checking trade setups at 2025-11-11 12:08:31
2025-11-11 12:08:31,796 [INFO] Applying EMA strategy to 6 stocks.
2025-11-11 12:08:47,273 [INFO] Checking trade setups at 2025-11-11 12:08:47
2025-11-11 12:08:47,273 [INFO] Applying EMA strategy to 6 stocks.
2025-11-11 12:09:00,778 [INFO] Checking trade setups at 2025-11-11 12:09:00
2025-11-11 12:09:00,778 [INFO] Applying EMA strategy to 6 stocks.
2025-11-11 12:09:14,917 [INFO] Checking trade setups at 2025-11-11 12:09:14
2025-11-11 12:09:14,917 [INFO] Applying EMA strategy to 6 stocks.
2025-11-11 12:09:17,095 [INFO] Executing trade for NSE:IDEA-EQ: {'timestamp': '2025-11-11 12:05', 'action': 'SELL', 'entry_price': 10.05, 'stop_loss': 10.07, 'target': 9.990000000000002}
2025-11-11 12:09:17,097 [INFO] after SL after filtering the final SL:0.51, final_target:8.52, qty:196
2025-11-11 12:09:17,109 [INFO] Max trades reached. Skipping new orders.
2025-11-11 12:09:28,757 [INFO] Checking trade setups at 2025-11-11 12:09:28
2025-11-11 12:09:28,758 [INFO] Applying EMA strategy to 6 stocks.
2025-11-11 12:09:42,800 [INFO] Checking trade setups at 2025-11-11 12:09:42
2025-11-11 12:09:42,800 [INFO] Applying EMA strategy to 6 stocks.
2025-11-11 12:09:58,430 [INFO] Checking trade setups at 2025-11-11 12:09:58
2025-11-11 12:09:58,430 [INFO] Applying EMA strategy to 6 stocks.
2025-11-11 12:10:12,669 [INFO] Checking trade setups at 2025-11-11 12:10:12
2025-11-11 12:10:12,669 [INFO] Applying EMA strategy to 6 stocks.
2025-11-11 12:10:26,411 [INFO] Checking trade setups at 2025-11-11 12:10:26
2025-11-11 12:10:26,411 [INFO] Applying EMA strategy to 6 stocks.
2025-11-11 12:10:42,774 [INFO] Checking trade setups at 2025-11-11 12:10:42
2025-11-11 12:10:42,774 [INFO] Applying EMA strategy to 6 stocks.
2025-11-11 12:10:59,363 [INFO] Checking trade setups at 2025-11-11 12:10:59
2025-11-11 12:10:59,363 [INFO] Applying EMA strategy to 6 stocks.
2025-11-11 12:11:19,538 [INFO] Checking trade setups at 2025-11-11 12:11:19
2025-11-11 12:11:19,538 [INFO] Applying EMA strategy to 6 stocks.
2025-11-11 12:11:36,538 [INFO] Checking trade setups at 2025-11-11 12:11:36
2025-11-11 12:11:36,538 [INFO] Applying EMA strategy to 6 stocks.
2025-11-11 12:11:49,975 [INFO] Checking trade setups at 2025-11-11 12:11:49
2025-11-11 12:11:49,975 [INFO] Applying EMA strategy to 6 stocks.
2025-11-11 12:12:03,775 [INFO] Checking trade setups at 2025-11-11 12:12:03
2025-11-11 12:12:03,775 [INFO] Applying EMA strategy to 6 stocks.
2025-11-11 12:12:17,511 [INFO] Checking trade setups at 2025-11-11 12:12:17
2025-11-11 12:12:17,511 [INFO] Applying EMA strategy to 6 stocks.
2025-11-11 12:12:31,531 [INFO] Checking trade setups at 2025-11-11 12:12:31
2025-11-11 12:12:31,531 [INFO] Applying EMA strategy to 6 stocks.
2025-11-11 12:12:45,866 [INFO] Checking trade setups at 2025-11-11 12:12:45
2025-11-11 12:12:45,866 [INFO] Applying EMA strategy to 6 stocks.
2025-11-11 12:12:59,174 [INFO] Checking trade setups at 2025-11-11 12:12:59
2025-11-11 12:12:59,174 [INFO] Applying EMA strategy to 6 stocks.
2025-11-11 12:13:13,010 [INFO] Checking trade setups at 2025-11-11 12:13:13
2025-11-11 12:13:13,010 [INFO] Applying EMA strategy to 6 stocks.
2025-11-11 12:13:26,776 [INFO] Checking trade setups at 2025-11-11 12:13:26
2025-11-11 12:13:26,776 [INFO] Applying EMA strategy to 6 stocks.
2025-11-11 12:13:40,860 [INFO] Checking trade setups at 2025-11-11 12:13:40
2025-11-11 12:13:40,860 [INFO] Applying EMA strategy to 6 stocks.
2025-11-11 12:13:55,805 [INFO] Checking trade setups at 2025-11-11 12:13:55
2025-11-11 12:13:55,805 [INFO] Applying EMA strategy to 6 stocks.
2025-11-11 12:14:09,534 [INFO] Checking trade setups at 2025-11-11 12:14:09
2025-11-11 12:14:09,534 [INFO] Applying EMA strategy to 6 stocks.
2025-11-11 12:14:24,073 [INFO] Checking trade setups at 2025-11-11 12:14:24
2025-11-11 12:14:24,073 [INFO] Applying EMA strategy to 6 stocks.
2025-11-11 12:14:40,909 [INFO] Checking trade setups at 2025-11-11 12:14:40
2025-11-11 12:14:40,909 [INFO] Applying EMA strategy to 6 stocks.
2025-11-11 12:14:57,707 [INFO] Checking trade setups at 2025-11-11 12:14:57
2025-11-11 12:14:57,707 [INFO] Applying EMA strategy to 6 stocks.
2025-11-11 12:15:20,954 [INFO] Checking trade setups at 2025-11-11 12:15:20
2025-11-11 12:15:20,954 [INFO] Applying EMA strategy to 6 stocks.
2025-11-11 12:15:34,520 [INFO] Checking trade setups at 2025-11-11 12:15:34
2025-11-11 12:15:34,520 [INFO] Applying EMA strategy to 6 stocks.
2025-11-11 12:15:47,952 [INFO] Checking trade setups at 2025-11-11 12:15:47
2025-11-11 12:15:47,952 [INFO] Applying EMA strategy to 6 stocks.
2025-11-11 12:16:02,697 [INFO] Checking trade setups at 2025-11-11 12:16:02
2025-11-11 12:16:02,697 [INFO] Applying EMA strategy to 6 stocks.
2025-11-11 12:16:16,928 [INFO] Checking trade setups at 2025-11-11 12:16:16
2025-11-11 12:16:16,928 [INFO] Applying EMA strategy to 6 stocks.
2025-11-11 12:16:30,844 [INFO] Checking trade setups at 2025-11-11 12:16:30
2025-11-11 12:16:30,844 [INFO] Applying EMA strategy to 6 stocks.
2025-11-11 12:16:45,492 [INFO] Checking trade setups at 2025-11-11 12:16:45
2025-11-11 12:16:45,493 [INFO] Applying EMA strategy to 6 stocks.
2025-11-11 12:16:58,905 [INFO] Checking trade setups at 2025-11-11 12:16:58
2025-11-11 12:16:58,906 [INFO] Applying EMA strategy to 6 stocks.
2025-11-11 12:17:14,396 [INFO] Checking trade setups at 2025-11-11 12:17:14
2025-11-11 12:17:14,396 [INFO] Applying EMA strategy to 6 stocks.
2025-11-11 12:17:28,906 [INFO] Checking trade setups at 2025-11-11 12:17:28
2025-11-11 12:17:28,906 [INFO] Applying EMA strategy to 6 stocks.
2025-11-11 12:17:47,038 [INFO] Checking trade setups at 2025-11-11 12:17:47
2025-11-11 12:17:47,038 [INFO] Applying EMA strategy to 6 stocks.
2025-11-11 12:18:04,544 [INFO] Checking trade setups at 2025-11-11 12:18:04
2025-11-11 12:18:04,544 [INFO] Applying EMA strategy to 6 stocks.
2025-11-11 12:18:20,222 [INFO] Checking trade setups at 2025-11-11 12:18:20
2025-11-11 12:18:20,222 [INFO] Applying EMA strategy to 6 stocks.
2025-11-11 12:18:34,871 [INFO] Checking trade setups at 2025-11-11 12:18:34
2025-11-11 12:18:34,871 [INFO] Applying EMA strategy to 6 stocks.
2025-11-11 12:18:48,992 [INFO] Checking trade setups at 2025-11-11 12:18:48
2025-11-11 12:18:48,992 [INFO] Applying EMA strategy to 6 stocks.
2025-11-11 12:19:03,947 [INFO] Checking trade setups at 2025-11-11 12:19:03
2025-11-11 12:19:03,947 [INFO] Applying EMA strategy to 6 stocks.
2025-11-11 12:19:19,011 [INFO] Checking trade setups at 2025-11-11 12:19:19
2025-11-11 12:19:19,011 [INFO] Applying EMA strategy to 6 stocks.
2025-11-11 12:19:33,256 [INFO] Checking trade setups at 2025-11-11 12:19:33
2025-11-11 12:19:33,256 [INFO] Applying EMA strategy to 6 stocks.
2025-11-11 12:19:48,387 [INFO] Checking trade setups at 2025-11-11 12:19:48
2025-11-11 12:19:48,387 [INFO] Applying EMA strategy to 6 stocks.
2025-11-11 12:20:02,928 [INFO] Checking trade setups at 2025-11-11 12:20:02
2025-11-11 12:20:02,928 [INFO] Applying EMA strategy to 6 stocks.
2025-11-11 12:20:17,885 [INFO] Checking trade setups at 2025-11-11 12:20:17
2025-11-11 12:20:17,885 [INFO] Applying EMA strategy to 6 stocks.
2025-11-11 12:20:33,241 [INFO] Checking trade setups at 2025-11-11 12:20:33
2025-11-11 12:20:33,241 [INFO] Applying EMA strategy to 6 stocks.
2025-11-11 12:20:47,579 [INFO] Checking trade setups at 2025-11-11 12:20:47
2025-11-11 12:20:47,579 [INFO] Applying EMA strategy to 6 stocks.
2025-11-11 12:21:03,054 [INFO] Checking trade setups at 2025-11-11 12:21:03
2025-11-11 12:21:03,055 [INFO] Applying EMA strategy to 6 stocks.
2025-11-11 12:21:16,862 [INFO] Checking trade setups at 2025-11-11 12:21:16
2025-11-11 12:21:16,862 [INFO] Applying EMA strategy to 6 stocks.
2025-11-11 12:21:30,700 [INFO] Checking trade setups at 2025-11-11 12:21:30
2025-11-11 12:21:30,700 [INFO] Applying EMA strategy to 6 stocks.
2025-11-11 12:21:46,264 [INFO] Checking trade setups at 2025-11-11 12:21:46
2025-11-11 12:21:46,264 [INFO] Applying EMA strategy to 6 stocks.
2025-11-11 12:22:00,789 [INFO] Checking trade setups at 2025-11-11 12:22:00
2025-11-11 12:22:00,798 [INFO] Applying EMA strategy to 6 stocks.
2025-11-11 12:22:15,032 [INFO] Checking trade setups at 2025-11-11 12:22:15
2025-11-11 12:22:15,032 [INFO] Applying EMA strategy to 6 stocks.
2025-11-11 12:22:29,843 [INFO] Checking trade setups at 2025-11-11 12:22:29
2025-11-11 12:22:29,843 [INFO] Applying EMA strategy to 6 stocks.
2025-11-11 12:22:45,258 [INFO] Checking trade setups at 2025-11-11 12:22:45
2025-11-11 12:22:45,258 [INFO] Applying EMA strategy to 6 stocks.
2025-11-11 12:22:59,597 [INFO] Checking trade setups at 2025-11-11 12:22:59
2025-11-11 12:22:59,597 [INFO] Applying EMA strategy to 6 stocks.
2025-11-11 12:23:15,032 [INFO] Checking trade setups at 2025-11-11 12:23:15
2025-11-11 12:23:15,032 [INFO] Applying EMA strategy to 6 stocks.
2025-11-11 12:23:29,066 [INFO] Checking trade setups at 2025-11-11 12:23:29
2025-11-11 12:23:29,066 [INFO] Applying EMA strategy to 6 stocks.
2025-11-11 12:23:43,808 [INFO] Checking trade setups at 2025-11-11 12:23:43
2025-11-11 12:23:43,808 [INFO] Applying EMA strategy to 6 stocks.
2025-11-11 12:23:58,352 [INFO] Checking trade setups at 2025-11-11 12:23:58
2025-11-11 12:23:58,352 [INFO] Applying EMA strategy to 6 stocks.
2025-11-11 12:24:14,637 [INFO] Checking trade setups at 2025-11-11 12:24:14
2025-11-11 12:24:14,637 [INFO] Applying EMA strategy to 6 stocks.
2025-11-11 12:24:29,383 [INFO] Checking trade setups at 2025-11-11 12:24:29
2025-11-11 12:24:29,383 [INFO] Applying EMA strategy to 6 stocks.
2025-11-11 12:24:44,124 [INFO] Checking trade setups at 2025-11-11 12:24:44
2025-11-11 12:24:44,124 [INFO] Applying EMA strategy to 6 stocks.
2025-11-11 12:24:58,783 [INFO] Checking trade setups at 2025-11-11 12:24:58
2025-11-11 12:24:58,783 [INFO] Applying EMA strategy to 6 stocks.
2025-11-11 12:25:13,110 [INFO] Checking trade setups at 2025-11-11 12:25:13
2025-11-11 12:25:13,110 [INFO] Applying EMA strategy to 6 stocks.
2025-11-11 12:25:27,471 [INFO] Checking trade setups at 2025-11-11 12:25:27
2025-11-11 12:25:27,471 [INFO] Applying EMA strategy to 6 stocks.
2025-11-11 12:25:45,974 [INFO] Checking trade setups at 2025-11-11 12:25:45
2025-11-11 12:25:45,974 [INFO] Applying EMA strategy to 6 stocks.
2025-11-11 12:26:00,946 [INFO] Checking trade setups at 2025-11-11 12:26:00
2025-11-11 12:26:00,946 [INFO] Applying EMA strategy to 6 stocks.
2025-11-11 12:26:15,991 [INFO] Checking trade setups at 2025-11-11 12:26:15
2025-11-11 12:26:15,993 [INFO] Applying EMA strategy to 6 stocks.
2025-11-11 12:26:30,224 [INFO] Checking trade setups at 2025-11-11 12:26:30
2025-11-11 12:26:30,224 [INFO] Applying EMA strategy to 6 stocks.
2025-11-11 12:26:46,815 [INFO] Checking trade setups at 2025-11-11 12:26:46
2025-11-11 12:26:46,817 [INFO] Applying EMA strategy to 6 stocks.
2025-11-11 12:27:01,450 [INFO] Checking trade setups at 2025-11-11 12:27:01
2025-11-11 12:27:01,450 [INFO] Applying EMA strategy to 6 stocks.
2025-11-11 12:27:17,941 [INFO] Checking trade setups at 2025-11-11 12:27:17
2025-11-11 12:27:17,941 [INFO] Applying EMA strategy to 6 stocks.
2025-11-11 12:27:31,969 [INFO] Checking trade setups at 2025-11-11 12:27:31
2025-11-11 12:27:31,969 [INFO] Applying EMA strategy to 6 stocks.
2025-11-11 12:27:46,443 [INFO] Checking trade setups at 2025-11-11 12:27:46
2025-11-11 12:27:46,443 [INFO] Applying EMA strategy to 6 stocks.
2025-11-11 12:28:00,949 [INFO] Checking trade setups at 2025-11-11 12:28:00
2025-11-11 12:28:00,949 [INFO] Applying EMA strategy to 6 stocks.
2025-11-11 12:28:15,640 [INFO] Checking trade setups at 2025-11-11 12:28:15
2025-11-11 12:28:15,640 [INFO] Applying EMA strategy to 6 stocks.
2025-11-11 12:28:31,371 [INFO] Checking trade setups at 2025-11-11 12:28:31
2025-11-11 12:28:31,371 [INFO] Applying EMA strategy to 6 stocks.
2025-11-11 12:28:45,472 [INFO] Checking trade setups at 2025-11-11 12:28:45
2025-11-11 12:28:45,472 [INFO] Applying EMA strategy to 6 stocks.
2025-11-11 12:28:59,623 [INFO] Checking trade setups at 2025-11-11 12:28:59
2025-11-11 12:28:59,623 [INFO] Applying EMA strategy to 6 stocks.
2025-11-11 12:29:13,958 [INFO] Checking trade setups at 2025-11-11 12:29:13
2025-11-11 12:29:13,958 [INFO] Applying EMA strategy to 6 stocks.
2025-11-11 12:29:28,503 [INFO] Checking trade setups at 2025-11-11 12:29:28
2025-11-11 12:29:28,503 [INFO] Applying EMA strategy to 6 stocks.
2025-11-11 12:29:43,556 [INFO] Checking trade setups at 2025-11-11 12:29:43
2025-11-11 12:29:43,556 [INFO] Applying EMA strategy to 6 stocks.
2025-11-11 12:29:57,791 [INFO] Checking trade setups at 2025-11-11 12:29:57
2025-11-11 12:29:57,791 [INFO] Applying EMA strategy to 6 stocks.
2025-11-11 12:30:12,029 [INFO] Checking trade setups at 2025-11-11 12:30:12
2025-11-11 12:30:12,029 [INFO] Applying EMA strategy to 6 stocks.
2025-11-11 12:30:26,566 [INFO] Checking trade setups at 2025-11-11 12:30:26
2025-11-11 12:30:26,566 [INFO] Applying EMA strategy to 6 stocks.
2025-11-11 12:30:42,851 [INFO] Checking trade setups at 2025-11-11 12:30:42
2025-11-11 12:30:42,851 [INFO] Applying EMA strategy to 6 stocks.
2025-11-11 12:30:57,078 [INFO] Checking trade setups at 2025-11-11 12:30:57
2025-11-11 12:30:57,078 [INFO] Applying EMA strategy to 6 stocks.
2025-11-11 12:31:13,773 [INFO] Checking trade setups at 2025-11-11 12:31:13
2025-11-11 12:31:13,773 [INFO] Applying EMA strategy to 6 stocks.
2025-11-11 12:31:29,548 [INFO] Checking trade setups at 2025-11-11 12:31:29
2025-11-11 12:31:29,548 [INFO] Applying EMA strategy to 6 stocks.
2025-11-11 12:31:43,772 [INFO] Checking trade setups at 2025-11-11 12:31:43
2025-11-11 12:31:43,772 [INFO] Applying EMA strategy to 6 stocks.
2025-11-11 12:31:59,347 [INFO] Checking trade setups at 2025-11-11 12:31:59
2025-11-11 12:31:59,347 [INFO] Applying EMA strategy to 6 stocks.
2025-11-11 12:32:14,501 [INFO] Checking trade setups at 2025-11-11 12:32:14
2025-11-11 12:32:14,501 [INFO] Applying EMA strategy to 6 stocks.
2025-11-11 12:32:29,963 [INFO] Checking trade setups at 2025-11-11 12:32:29
2025-11-11 12:32:29,965 [INFO] Applying EMA strategy to 6 stocks.
2025-11-11 12:32:45,022 [INFO] Checking trade setups at 2025-11-11 12:32:45
2025-11-11 12:32:45,022 [INFO] Applying EMA strategy to 6 stocks.
2025-11-11 12:32:58,947 [INFO] Checking trade setups at 2025-11-11 12:32:58
2025-11-11 12:32:58,949 [INFO] Applying EMA strategy to 6 stocks.
2025-11-11 12:33:13,180 [INFO] Checking trade setups at 2025-11-11 12:33:13
2025-11-11 12:33:13,180 [INFO] Applying EMA strategy to 6 stocks.
2025-11-11 12:33:28,456 [INFO] Checking trade setups at 2025-11-11 12:33:28
2025-11-11 12:33:28,456 [INFO] Applying EMA strategy to 6 stocks.
2025-11-11 12:33:42,939 [INFO] Checking trade setups at 2025-11-11 12:33:42
2025-11-11 12:33:42,939 [INFO] Applying EMA strategy to 6 stocks.
2025-11-11 12:33:57,218 [INFO] Checking trade setups at 2025-11-11 12:33:57
2025-11-11 12:33:57,218 [INFO] Applying EMA strategy to 6 stocks.
2025-11-11 12:34:11,755 [INFO] Checking trade setups at 2025-11-11 12:34:11
2025-11-11 12:34:11,755 [INFO] Applying EMA strategy to 6 stocks.
2025-11-11 12:34:26,400 [INFO] Checking trade setups at 2025-11-11 12:34:26
2025-11-11 12:34:26,400 [INFO] Applying EMA strategy to 6 stocks.
2025-11-11 12:34:40,939 [INFO] Checking trade setups at 2025-11-11 12:34:40
2025-11-11 12:34:40,939 [INFO] Applying EMA strategy to 6 stocks.
2025-11-11 12:34:54,880 [INFO] Checking trade setups at 2025-11-11 12:34:54
2025-11-11 12:34:54,880 [INFO] Applying EMA strategy to 6 stocks.
2025-11-11 12:35:09,408 [INFO] Checking trade setups at 2025-11-11 12:35:09
2025-11-11 12:35:09,408 [INFO] Applying EMA strategy to 6 stocks.
2025-11-11 12:35:24,771 [INFO] Checking trade setups at 2025-11-11 12:35:24
2025-11-11 12:35:24,771 [INFO] Applying EMA strategy to 6 stocks.
2025-11-11 12:35:39,626 [INFO] Checking trade setups at 2025-11-11 12:35:39
2025-11-11 12:35:39,626 [INFO] Applying EMA strategy to 6 stocks.
2025-11-11 12:35:54,787 [INFO] Checking trade setups at 2025-11-11 12:35:54
2025-11-11 12:35:54,787 [INFO] Applying EMA strategy to 6 stocks.
2025-11-11 12:36:08,900 [INFO] Checking trade setups at 2025-11-11 12:36:08
2025-11-11 12:36:08,900 [INFO] Applying EMA strategy to 6 stocks.
2025-11-11 12:36:23,144 [INFO] Checking trade setups at 2025-11-11 12:36:23
2025-11-11 12:36:23,146 [INFO] Applying EMA strategy to 6 stocks.
2025-11-11 12:36:37,469 [INFO] Checking trade setups at 2025-11-11 12:36:37
2025-11-11 12:36:37,469 [INFO] Applying EMA strategy to 6 stocks.
2025-11-11 12:36:53,242 [INFO] Checking trade setups at 2025-11-11 12:36:53
2025-11-11 12:36:53,242 [INFO] Applying EMA strategy to 6 stocks.
2025-11-11 12:37:07,582 [INFO] Checking trade setups at 2025-11-11 12:37:07
2025-11-11 12:37:07,584 [INFO] Applying EMA strategy to 6 stocks.
2025-11-11 12:37:21,515 [INFO] Checking trade setups at 2025-11-11 12:37:21
2025-11-11 12:37:21,515 [INFO] Applying EMA strategy to 6 stocks.
2025-11-11 12:37:35,841 [INFO] Checking trade setups at 2025-11-11 12:37:35
2025-11-11 12:37:35,841 [INFO] Applying EMA strategy to 6 stocks.
2025-11-11 12:37:50,380 [INFO] Checking trade setups at 2025-11-11 12:37:50
2025-11-11 12:37:50,380 [INFO] Applying EMA strategy to 6 stocks.
2025-11-11 12:37:55,086 [INFO] Executing trade for NSE:INTELLECT-EQ: {'timestamp': '2025-11-11 12:35', 'action': 'SELL', 'entry_price': 1099.7, 'stop_loss': 1100.3, 'target': 1097.9000000000003}
2025-11-11 12:37:55,086 [INFO] after SL after filtering the final SL:0.6, final_target:1097.9, qty:166
2025-11-11 12:37:55,087 [INFO] Max trades reached. Skipping new orders.
2025-11-11 12:38:05,102 [INFO] Checking trade setups at 2025-11-11 12:38:05
2025-11-11 12:38:05,102 [INFO] Applying EMA strategy to 6 stocks.
2025-11-11 12:38:19,154 [INFO] Checking trade setups at 2025-11-11 12:38:19
2025-11-11 12:38:19,154 [INFO] Applying EMA strategy to 6 stocks.
2025-11-11 12:38:34,569 [INFO] Checking trade setups at 2025-11-11 12:38:34
2025-11-11 12:38:34,569 [INFO] Applying EMA strategy to 6 stocks.
2025-11-11 12:38:50,798 [INFO] Checking trade setups at 2025-11-11 12:38:50
2025-11-11 12:38:50,798 [INFO] Applying EMA strategy to 6 stocks.
2025-11-11 12:39:05,965 [INFO] Checking trade setups at 2025-11-11 12:39:05
2025-11-11 12:39:05,965 [INFO] Applying EMA strategy to 6 stocks.
2025-11-11 12:39:20,600 [INFO] Checking trade setups at 2025-11-11 12:39:20
2025-11-11 12:39:20,600 [INFO] Applying EMA strategy to 6 stocks.
2025-11-11 12:39:34,994 [INFO] Checking trade setups at 2025-11-11 12:39:34
2025-11-11 12:39:34,994 [INFO] Applying EMA strategy to 6 stocks.
2025-11-11 12:39:49,578 [INFO] Checking trade setups at 2025-11-11 12:39:49
2025-11-11 12:39:49,578 [INFO] Applying EMA strategy to 6 stocks.
2025-11-11 12:40:04,118 [INFO] Checking trade setups at 2025-11-11 12:40:04
2025-11-11 12:40:04,118 [INFO] Applying EMA strategy to 6 stocks.
2025-11-11 12:40:05,486 [INFO] Executing trade for NSE:MMTC-EQ: {'timestamp': '2025-11-11 12:35', 'action': 'SELL', 'entry_price': 66.32, 'stop_loss': 66.56, 'target': 65.59999999999997}
2025-11-11 12:40:05,486 [INFO] Trade for NSE:MMTC-EQ is outside trading window. Skipping.
2025-11-11 12:40:19,700 [INFO] Checking trade setups at 2025-11-11 12:40:19
2025-11-11 12:40:19,700 [INFO] Applying EMA strategy to 6 stocks.
2025-11-11 12:40:34,740 [INFO] Checking trade setups at 2025-11-11 12:40:34
2025-11-11 12:40:34,740 [INFO] Applying EMA strategy to 6 stocks.
2025-11-11 12:40:49,031 [INFO] Checking trade setups at 2025-11-11 12:40:49
2025-11-11 12:40:49,031 [INFO] Applying EMA strategy to 6 stocks.
2025-11-11 12:41:03,946 [INFO] Checking trade setups at 2025-11-11 12:41:03
2025-11-11 12:41:03,947 [INFO] Applying EMA strategy to 6 stocks.
2025-11-11 12:41:18,567 [INFO] Checking trade setups at 2025-11-11 12:41:18
2025-11-11 12:41:18,567 [INFO] Applying EMA strategy to 6 stocks.
2025-11-11 12:41:33,749 [INFO] Checking trade setups at 2025-11-11 12:41:33
2025-11-11 12:41:33,749 [INFO] Applying EMA strategy to 6 stocks.
2025-11-11 12:41:48,470 [INFO] Checking trade setups at 2025-11-11 12:41:48
2025-11-11 12:41:48,470 [INFO] Applying EMA strategy to 6 stocks.
2025-11-11 12:42:03,757 [INFO] Checking trade setups at 2025-11-11 12:42:03
2025-11-11 12:42:03,758 [INFO] Applying EMA strategy to 6 stocks.
2025-11-11 12:42:17,555 [INFO] Checking trade setups at 2025-11-11 12:42:17
2025-11-11 12:42:17,555 [INFO] Applying EMA strategy to 6 stocks.
2025-11-11 12:42:32,129 [INFO] Checking trade setups at 2025-11-11 12:42:32
2025-11-11 12:42:32,129 [INFO] Applying EMA strategy to 6 stocks.
2025-11-11 12:42:46,636 [INFO] Checking trade setups at 2025-11-11 12:42:46
2025-11-11 12:42:46,636 [INFO] Applying EMA strategy to 6 stocks.
2025-11-11 12:43:01,590 [INFO] Checking trade setups at 2025-11-11 12:43:01
2025-11-11 12:43:01,590 [INFO] Applying EMA strategy to 6 stocks.
2025-11-11 12:43:17,150 [INFO] Checking trade setups at 2025-11-11 12:43:17
2025-11-11 12:43:17,150 [INFO] Applying EMA strategy to 6 stocks.
2025-11-11 12:43:31,793 [INFO] Checking trade setups at 2025-11-11 12:43:31
2025-11-11 12:43:31,793 [INFO] Applying EMA strategy to 6 stocks.
2025-11-11 12:43:47,464 [INFO] Checking trade setups at 2025-11-11 12:43:47
2025-11-11 12:43:47,464 [INFO] Applying EMA strategy to 6 stocks.
2025-11-11 12:44:03,748 [INFO] Checking trade setups at 2025-11-11 12:44:03
2025-11-11 12:44:03,748 [INFO] Applying EMA strategy to 6 stocks.
2025-11-11 12:44:18,412 [INFO] Checking trade setups at 2025-11-11 12:44:18
2025-11-11 12:44:18,412 [INFO] Applying EMA strategy to 6 stocks.
2025-11-11 12:44:33,955 [INFO] Checking trade setups at 2025-11-11 12:44:33
2025-11-11 12:44:33,955 [INFO] Applying EMA strategy to 6 stocks.
2025-11-11 12:44:48,416 [INFO] Checking trade setups at 2025-11-11 12:44:48
2025-11-11 12:44:48,416 [INFO] Applying EMA strategy to 6 stocks.
2025-11-11 12:45:06,738 [INFO] Checking trade setups at 2025-11-11 12:45:06
2025-11-11 12:45:06,738 [INFO] Applying EMA strategy to 6 stocks.
2025-11-11 12:45:21,693 [INFO] Checking trade setups at 2025-11-11 12:45:21
2025-11-11 12:45:21,693 [INFO] Applying EMA strategy to 6 stocks.
2025-11-11 12:45:36,322 [INFO] Checking trade setups at 2025-11-11 12:45:36
2025-11-11 12:45:36,322 [INFO] Applying EMA strategy to 6 stocks.
2025-11-11 12:45:51,812 [INFO] Checking trade setups at 2025-11-11 12:45:51
2025-11-11 12:45:51,812 [INFO] Applying EMA strategy to 6 stocks.
2025-11-11 12:46:06,855 [INFO] Checking trade setups at 2025-11-11 12:46:06
2025-11-11 12:46:06,855 [INFO] Applying EMA strategy to 6 stocks.
2025-11-11 12:46:21,931 [INFO] Checking trade setups at 2025-11-11 12:46:21
2025-11-11 12:46:21,931 [INFO] Applying EMA strategy to 6 stocks.
2025-11-11 12:46:38,372 [INFO] Checking trade setups at 2025-11-11 12:46:38
2025-11-11 12:46:38,372 [INFO] Applying EMA strategy to 6 stocks.
2025-11-11 12:46:41,173 [INFO] Executing trade for NSE:IDEA-EQ: {'timestamp': '2025-11-11 12:45', 'action': 'SELL', 'entry_price': 10.27, 'stop_loss': 10.33, 'target': 10.089999999999998}
2025-11-11 12:46:41,173 [INFO] after SL after filtering the final SL:0.51, final_target:8.74, qty:196
2025-11-11 12:46:41,186 [INFO] Max trades reached. Skipping new orders.
2025-11-11 12:46:55,169 [INFO] Checking trade setups at 2025-11-11 12:46:55
2025-11-11 12:46:55,169 [INFO] Applying EMA strategy to 6 stocks.
2025-11-11 12:47:10,118 [INFO] Checking trade setups at 2025-11-11 12:47:10
2025-11-11 12:47:10,118 [INFO] Applying EMA strategy to 6 stocks.
2025-11-11 12:47:24,461 [INFO] Checking trade setups at 2025-11-11 12:47:24
2025-11-11 12:47:24,461 [INFO] Applying EMA strategy to 6 stocks.
2025-11-11 12:47:39,102 [INFO] Checking trade setups at 2025-11-11 12:47:39
2025-11-11 12:47:39,102 [INFO] Applying EMA strategy to 6 stocks.
2025-11-11 12:47:53,740 [INFO] Checking trade setups at 2025-11-11 12:47:53
2025-11-11 12:47:53,740 [INFO] Applying EMA strategy to 6 stocks.
2025-11-11 12:48:08,626 [INFO] Checking trade setups at 2025-11-11 12:48:08
2025-11-11 12:48:08,626 [INFO] Applying EMA strategy to 6 stocks.
2025-11-11 12:48:24,258 [INFO] Checking trade setups at 2025-11-11 12:48:24
2025-11-11 12:48:24,258 [INFO] Applying EMA strategy to 6 stocks.
2025-11-11 12:48:38,388 [INFO] Checking trade setups at 2025-11-11 12:48:38
2025-11-11 12:48:38,388 [INFO] Applying EMA strategy to 6 stocks.
2025-11-11 12:48:52,794 [INFO] Checking trade setups at 2025-11-11 12:48:52
2025-11-11 12:48:52,794 [INFO] Applying EMA strategy to 6 stocks.
2025-11-11 12:49:08,104 [INFO] Checking trade setups at 2025-11-11 12:49:08
2025-11-11 12:49:08,104 [INFO] Applying EMA strategy to 6 stocks.
2025-11-11 12:49:24,299 [INFO] Checking trade setups at 2025-11-11 12:49:24
2025-11-11 12:49:24,299 [INFO] Applying EMA strategy to 6 stocks.
2025-11-11 12:49:38,953 [INFO] Checking trade setups at 2025-11-11 12:49:38
2025-11-11 12:49:38,953 [INFO] Applying EMA strategy to 6 stocks.
2025-11-11 12:49:53,061 [INFO] Checking trade setups at 2025-11-11 12:49:53
2025-11-11 12:49:53,061 [INFO] Applying EMA strategy to 6 stocks.
2025-11-11 12:49:54,337 [INFO] Executing trade for NSE:MMTC-EQ: {'timestamp': '2025-11-11 12:45', 'action': 'SELL', 'entry_price': 66.42, 'stop_loss': 66.54, 'target': 66.05999999999999}
2025-11-11 12:49:54,337 [INFO] after SL after filtering the final SL:0.51, final_target:64.89, qty:196
2025-11-11 12:49:54,354 [INFO] Max trades reached. Skipping new orders.
2025-11-11 12:50:07,993 [INFO] Checking trade setups at 2025-11-11 12:50:07
2025-11-11 12:50:07,993 [INFO] Applying EMA strategy to 6 stocks.
2025-11-11 12:50:25,018 [INFO] Checking trade setups at 2025-11-11 12:50:25
2025-11-11 12:50:25,018 [INFO] Applying EMA strategy to 6 stocks.
2025-11-11 12:50:39,638 [INFO] Checking trade setups at 2025-11-11 12:50:39
2025-11-11 12:50:39,638 [INFO] Applying EMA strategy to 6 stocks.
2025-11-11 12:50:54,919 [INFO] Checking trade setups at 2025-11-11 12:50:54
2025-11-11 12:50:54,919 [INFO] Applying EMA strategy to 6 stocks.
2025-11-11 12:51:09,520 [INFO] Checking trade setups at 2025-11-11 12:51:09
2025-11-11 12:51:09,520 [INFO] Applying EMA strategy to 6 stocks.
2025-11-11 12:51:23,994 [INFO] Checking trade setups at 2025-11-11 12:51:23
2025-11-11 12:51:23,994 [INFO] Applying EMA strategy to 6 stocks.
2025-11-11 12:51:38,835 [INFO] Checking trade setups at 2025-11-11 12:51:38
2025-11-11 12:51:38,835 [INFO] Applying EMA strategy to 6 stocks.
2025-11-11 12:51:55,239 [INFO] Checking trade setups at 2025-11-11 12:51:55
2025-11-11 12:51:55,239 [INFO] Applying EMA strategy to 6 stocks.
2025-11-11 12:52:10,568 [INFO] Checking trade setups at 2025-11-11 12:52:10
2025-11-11 12:52:10,568 [INFO] Applying EMA strategy to 6 stocks.
2025-11-11 12:52:24,632 [INFO] Checking trade setups at 2025-11-11 12:52:24
2025-11-11 12:52:24,632 [INFO] Applying EMA strategy to 6 stocks.
2025-11-11 12:52:38,734 [INFO] Checking trade setups at 2025-11-11 12:52:38
2025-11-11 12:52:38,734 [INFO] Applying EMA strategy to 6 stocks.
2025-11-11 12:52:55,633 [INFO] Checking trade setups at 2025-11-11 12:52:55
2025-11-11 12:52:55,633 [INFO] Applying EMA strategy to 6 stocks.
2025-11-11 12:53:10,836 [INFO] Checking trade setups at 2025-11-11 12:53:10
2025-11-11 12:53:10,836 [INFO] Applying EMA strategy to 6 stocks.
2025-11-11 12:53:24,816 [INFO] Checking trade setups at 2025-11-11 12:53:24
2025-11-11 12:53:24,816 [INFO] Applying EMA strategy to 6 stocks.
2025-11-11 12:53:40,898 [INFO] Checking trade setups at 2025-11-11 12:53:40
2025-11-11 12:53:40,898 [INFO] Applying EMA strategy to 6 stocks.
2025-11-11 12:53:55,534 [INFO] Checking trade setups at 2025-11-11 12:53:55
2025-11-11 12:53:55,534 [INFO] Applying EMA strategy to 6 stocks.
2025-11-11 12:54:09,981 [INFO] Checking trade setups at 2025-11-11 12:54:09
2025-11-11 12:54:09,981 [INFO] Applying EMA strategy to 6 stocks.
2025-11-11 12:54:26,479 [INFO] Checking trade setups at 2025-11-11 12:54:26
2025-11-11 12:54:26,479 [INFO] Applying EMA strategy to 6 stocks.
2025-11-11 12:54:40,387 [INFO] Checking trade setups at 2025-11-11 12:54:40
2025-11-11 12:54:40,387 [INFO] Applying EMA strategy to 6 stocks.
2025-11-11 12:54:54,719 [INFO] Checking trade setups at 2025-11-11 12:54:54
2025-11-11 12:54:54,720 [INFO] Applying EMA strategy to 6 stocks.
2025-11-11 12:55:09,569 [INFO] Checking trade setups at 2025-11-11 12:55:09
2025-11-11 12:55:09,569 [INFO] Applying EMA strategy to 6 stocks.
2025-11-11 12:55:25,345 [INFO] Checking trade setups at 2025-11-11 12:55:25
2025-11-11 12:55:25,345 [INFO] Applying EMA strategy to 6 stocks.
2025-11-11 12:55:27,742 [INFO] Executing trade for NSE:IDEA-EQ: {'timestamp': '2025-11-11 12:55', 'action': 'SELL', 'entry_price': 10.25, 'stop_loss': 10.3, 'target': 10.099999999999998}
2025-11-11 12:55:27,742 [INFO] after SL after filtering the final SL:0.51, final_target:8.72, qty:196
2025-11-11 12:55:27,758 [INFO] Max trades reached. Skipping new orders.
2025-11-11 12:55:40,504 [INFO] Checking trade setups at 2025-11-11 12:55:40
2025-11-11 12:55:40,504 [INFO] Applying EMA strategy to 6 stocks.
2025-11-11 12:55:55,862 [INFO] Checking trade setups at 2025-11-11 12:55:55
2025-11-11 12:55:55,862 [INFO] Applying EMA strategy to 6 stocks.
2025-11-11 12:56:10,913 [INFO] Checking trade setups at 2025-11-11 12:56:10
2025-11-11 12:56:10,913 [INFO] Applying EMA strategy to 6 stocks.
2025-11-11 12:56:25,354 [INFO] Checking trade setups at 2025-11-11 12:56:25
2025-11-11 12:56:25,354 [INFO] Applying EMA strategy to 6 stocks.
2025-11-11 12:56:42,152 [INFO] Checking trade setups at 2025-11-11 12:56:42
2025-11-11 12:56:42,152 [INFO] Applying EMA strategy to 6 stocks.
2025-11-11 12:56:56,279 [INFO] Checking trade setups at 2025-11-11 12:56:56
2025-11-11 12:56:56,279 [INFO] Applying EMA strategy to 6 stocks.
2025-11-11 12:57:10,918 [INFO] Checking trade setups at 2025-11-11 12:57:10
2025-11-11 12:57:10,918 [INFO] Applying EMA strategy to 6 stocks.
2025-11-11 12:57:25,879 [INFO] Checking trade setups at 2025-11-11 12:57:25
2025-11-11 12:57:25,879 [INFO] Applying EMA strategy to 6 stocks.
2025-11-11 12:57:41,479 [INFO] Checking trade setups at 2025-11-11 12:57:41
2025-11-11 12:57:41,479 [INFO] Applying EMA strategy to 6 stocks.
2025-11-11 12:57:58,034 [INFO] Checking trade setups at 2025-11-11 12:57:58
2025-11-11 12:57:58,034 [INFO] Applying EMA strategy to 6 stocks.
2025-11-11 12:58:12,874 [INFO] Checking trade setups at 2025-11-11 12:58:12
2025-11-11 12:58:12,877 [INFO] Applying EMA strategy to 6 stocks.
2025-11-11 12:58:30,491 [INFO] Checking trade setups at 2025-11-11 12:58:30
2025-11-11 12:58:30,491 [INFO] Applying EMA strategy to 6 stocks.
2025-11-11 12:58:52,560 [INFO] Checking trade setups at 2025-11-11 12:58:52
2025-11-11 12:58:52,560 [INFO] Applying EMA strategy to 6 stocks.
2025-11-11 12:59:23,769 [INFO] Checking trade setups at 2025-11-11 12:59:23
2025-11-11 12:59:23,769 [INFO] Applying EMA strategy to 6 stocks.
2025-11-11 12:59:38,175 [INFO] Checking trade setups at 2025-11-11 12:59:38
2025-11-11 12:59:38,175 [INFO] Applying EMA strategy to 6 stocks.
2025-11-11 13:00:07,501 [INFO] Checking trade setups at 2025-11-11 13:00:07
2025-11-11 13:00:07,501 [INFO] Applying EMA strategy to 6 stocks.
2025-11-11 13:00:23,848 [INFO] Checking trade setups at 2025-11-11 13:00:23
2025-11-11 13:00:23,848 [INFO] Applying EMA strategy to 6 stocks.
2025-11-11 13:00:38,493 [INFO] Checking trade setups at 2025-11-11 13:00:38
2025-11-11 13:00:38,493 [INFO] Applying EMA strategy to 6 stocks.
2025-11-11 13:01:06,425 [INFO] Checking trade setups at 2025-11-11 13:01:06
2025-11-11 13:01:06,425 [INFO] Applying EMA strategy to 6 stocks.
2025-11-11 13:01:23,150 [INFO] Checking trade setups at 2025-11-11 13:01:23
2025-11-11 13:01:23,150 [INFO] Applying EMA strategy to 6 stocks.
2025-11-11 13:01:39,938 [INFO] Checking trade setups at 2025-11-11 13:01:39
2025-11-11 13:01:39,938 [INFO] Applying EMA strategy to 6 stocks.
2025-11-11 13:01:57,886 [INFO] Checking trade setups at 2025-11-11 13:01:57
2025-11-11 13:01:57,886 [INFO] Applying EMA strategy to 6 stocks.
2025-11-11 13:02:20,085 [INFO] Checking trade setups at 2025-11-11 13:02:20
2025-11-11 13:02:20,085 [INFO] Applying EMA strategy to 6 stocks.
2025-11-11 13:02:34,433 [INFO] Checking trade setups at 2025-11-11 13:02:34
2025-11-11 13:02:34,433 [INFO] Applying EMA strategy to 6 stocks.
2025-11-11 13:02:48,880 [INFO] Checking trade setups at 2025-11-11 13:02:48
2025-11-11 13:02:48,880 [INFO] Applying EMA strategy to 6 stocks.
2025-11-11 13:03:02,887 [INFO] Checking trade setups at 2025-11-11 13:03:02
2025-11-11 13:03:02,887 [INFO] Applying EMA strategy to 6 stocks.
2025-11-11 13:03:18,251 [INFO] Checking trade setups at 2025-11-11 13:03:18
2025-11-11 13:03:18,251 [INFO] Applying EMA strategy to 6 stocks.
2025-11-11 13:03:32,077 [INFO] Checking trade setups at 2025-11-11 13:03:32
2025-11-11 13:03:32,077 [INFO] Applying EMA strategy to 6 stocks.
2025-11-11 13:03:46,096 [INFO] Checking trade setups at 2025-11-11 13:03:46
2025-11-11 13:03:46,096 [INFO] Applying EMA strategy to 6 stocks.
2025-11-11 13:04:01,219 [INFO] Checking trade setups at 2025-11-11 13:04:01
2025-11-11 13:04:01,219 [INFO] Applying EMA strategy to 6 stocks.
2025-11-11 13:04:16,050 [INFO] Checking trade setups at 2025-11-11 13:04:16
2025-11-11 13:04:16,050 [INFO] Applying EMA strategy to 6 stocks.
2025-11-11 13:04:30,032 [INFO] Checking trade setups at 2025-11-11 13:04:30
2025-11-11 13:04:30,032 [INFO] Applying EMA strategy to 6 stocks.
2025-11-11 13:04:32,857 [INFO] Executing trade for NSE:KEC-EQ: {'timestamp': '2025-11-11 13:00', 'action': 'SELL', 'entry_price': 748, 'stop_loss': 754.1, 'target': 729.6999999999999}
2025-11-11 13:04:32,861 [INFO] after SL after filtering the final SL:6.1, final_target:729.7, qty:16
2025-11-11 13:04:32,878 [INFO] Max trades reached. Skipping new orders.
2025-11-11 13:04:44,468 [INFO] Checking trade setups at 2025-11-11 13:04:44
2025-11-11 13:04:44,468 [INFO] Applying EMA strategy to 6 stocks.
2025-11-11 13:04:59,646 [INFO] Checking trade setups at 2025-11-11 13:04:59
2025-11-11 13:04:59,646 [INFO] Applying EMA strategy to 6 stocks.
2025-11-11 13:05:16,421 [INFO] Checking trade setups at 2025-11-11 13:05:16
2025-11-11 13:05:16,421 [INFO] Applying EMA strategy to 6 stocks.
2025-11-11 13:05:34,956 [INFO] Checking trade setups at 2025-11-11 13:05:34
2025-11-11 13:05:34,956 [INFO] Applying EMA strategy to 6 stocks.
2025-11-11 13:05:54,515 [INFO] Checking trade setups at 2025-11-11 13:05:54
2025-11-11 13:05:54,517 [INFO] Applying EMA strategy to 6 stocks.
2025-11-11 13:06:14,097 [INFO] Checking trade setups at 2025-11-11 13:06:14
2025-11-11 13:06:14,097 [INFO] Applying EMA strategy to 6 stocks.
2025-11-11 13:06:30,884 [INFO] Checking trade setups at 2025-11-11 13:06:30
2025-11-11 13:06:30,884 [INFO] Applying EMA strategy to 6 stocks.
2025-11-11 13:06:44,895 [INFO] Checking trade setups at 2025-11-11 13:06:44
2025-11-11 13:06:44,895 [INFO] Applying EMA strategy to 6 stocks.
2025-11-11 13:06:59,646 [INFO] Checking trade setups at 2025-11-11 13:06:59
2025-11-11 13:06:59,646 [INFO] Applying EMA strategy to 6 stocks.
2025-11-11 13:07:18,411 [INFO] Checking trade setups at 2025-11-11 13:07:18
2025-11-11 13:07:18,411 [INFO] Applying EMA strategy to 6 stocks.
2025-11-11 13:07:33,836 [INFO] Checking trade setups at 2025-11-11 13:07:33
2025-11-11 13:07:33,836 [INFO] Applying EMA strategy to 6 stocks.
2025-11-11 13:07:48,181 [INFO] Checking trade setups at 2025-11-11 13:07:48
2025-11-11 13:07:48,181 [INFO] Applying EMA strategy to 6 stocks.
2025-11-11 13:08:02,313 [INFO] Checking trade setups at 2025-11-11 13:08:02
2025-11-11 13:08:02,313 [INFO] Applying EMA strategy to 6 stocks.
2025-11-11 13:08:16,257 [INFO] Checking trade setups at 2025-11-11 13:08:16
2025-11-11 13:08:16,257 [INFO] Applying EMA strategy to 6 stocks.
2025-11-11 13:08:30,797 [INFO] Checking trade setups at 2025-11-11 13:08:30
2025-11-11 13:08:30,797 [INFO] Applying EMA strategy to 6 stocks.
2025-11-11 13:08:45,331 [INFO] Checking trade setups at 2025-11-11 13:08:45
2025-11-11 13:08:45,331 [INFO] Applying EMA strategy to 6 stocks.
2025-11-11 13:08:59,866 [INFO] Checking trade setups at 2025-11-11 13:08:59
2025-11-11 13:08:59,866 [INFO] Applying EMA strategy to 6 stocks.
2025-11-11 13:09:14,811 [INFO] Checking trade setups at 2025-11-11 13:09:14
2025-11-11 13:09:14,812 [INFO] Applying EMA strategy to 6 stocks.
2025-11-11 13:09:30,486 [INFO] Checking trade setups at 2025-11-11 13:09:30
2025-11-11 13:09:30,486 [INFO] Applying EMA strategy to 6 stocks.
2025-11-11 13:09:46,765 [INFO] Checking trade setups at 2025-11-11 13:09:46
2025-11-11 13:09:46,765 [INFO] Applying EMA strategy to 6 stocks.
2025-11-11 13:10:08,055 [INFO] Checking trade setups at 2025-11-11 13:10:08
2025-11-11 13:10:08,055 [INFO] Applying EMA strategy to 6 stocks.
2025-11-11 13:10:26,906 [INFO] Checking trade setups at 2025-11-11 13:10:26
2025-11-11 13:10:26,906 [INFO] Applying EMA strategy to 6 stocks.
2025-11-11 13:10:41,368 [INFO] Checking trade setups at 2025-11-11 13:10:41
2025-11-11 13:10:41,368 [INFO] Applying EMA strategy to 6 stocks.
2025-11-11 13:10:56,197 [INFO] Checking trade setups at 2025-11-11 13:10:56
2025-11-11 13:10:56,197 [INFO] Applying EMA strategy to 6 stocks.
2025-11-11 13:11:16,167 [INFO] Checking trade setups at 2025-11-11 13:11:16
2025-11-11 13:11:16,167 [INFO] Applying EMA strategy to 6 stocks.
2025-11-11 13:11:38,914 [INFO] Checking trade setups at 2025-11-11 13:11:38
2025-11-11 13:11:38,914 [INFO] Applying EMA strategy to 6 stocks.
2025-11-11 13:11:56,748 [INFO] Checking trade setups at 2025-11-11 13:11:56
2025-11-11 13:11:56,748 [INFO] Applying EMA strategy to 6 stocks.
2025-11-11 13:12:19,449 [INFO] Checking trade setups at 2025-11-11 13:12:19
2025-11-11 13:12:19,449 [INFO] Applying EMA strategy to 6 stocks.
2025-11-11 13:12:33,269 [INFO] Checking trade setups at 2025-11-11 13:12:33
2025-11-11 13:12:33,269 [INFO] Applying EMA strategy to 6 stocks.
2025-11-11 13:12:52,216 [INFO] Checking trade setups at 2025-11-11 13:12:52
2025-11-11 13:12:52,216 [INFO] Applying EMA strategy to 6 stocks.
2025-11-11 13:13:08,431 [INFO] Checking trade setups at 2025-11-11 13:13:08
2025-11-11 13:13:08,431 [INFO] Applying EMA strategy to 6 stocks.
2025-11-11 13:13:22,530 [INFO] Checking trade setups at 2025-11-11 13:13:22
2025-11-11 13:13:22,530 [INFO] Applying EMA strategy to 6 stocks.
2025-11-11 13:13:37,899 [INFO] Checking trade setups at 2025-11-11 13:13:37
2025-11-11 13:13:37,899 [INFO] Applying EMA strategy to 6 stocks.
2025-11-11 13:13:52,941 [INFO] Checking trade setups at 2025-11-11 13:13:52
2025-11-11 13:13:52,941 [INFO] Applying EMA strategy to 6 stocks.
2025-11-11 13:14:08,114 [INFO] Checking trade setups at 2025-11-11 13:14:08
2025-11-11 13:14:08,114 [INFO] Applying EMA strategy to 6 stocks.
2025-11-11 13:14:23,053 [INFO] Checking trade setups at 2025-11-11 13:14:23
2025-11-11 13:14:23,053 [INFO] Applying EMA strategy to 6 stocks.
2025-11-11 13:14:37,718 [INFO] Checking trade setups at 2025-11-11 13:14:37
2025-11-11 13:14:37,718 [INFO] Applying EMA strategy to 6 stocks.
2025-11-11 13:14:54,693 [INFO] Checking trade setups at 2025-11-11 13:14:54
2025-11-11 13:14:54,693 [INFO] Applying EMA strategy to 6 stocks.
2025-11-11 13:15:09,133 [INFO] Checking trade setups at 2025-11-11 13:15:09
2025-11-11 13:15:09,133 [INFO] Applying EMA strategy to 6 stocks.
2025-11-11 13:15:24,499 [INFO] Checking trade setups at 2025-11-11 13:15:24
2025-11-11 13:15:24,499 [INFO] Applying EMA strategy to 6 stocks.
2025-11-11 13:15:39,345 [INFO] Checking trade setups at 2025-11-11 13:15:39
2025-11-11 13:15:39,345 [INFO] Applying EMA strategy to 6 stocks.
2025-11-11 13:15:53,903 [INFO] Checking trade setups at 2025-11-11 13:15:53
2025-11-11 13:15:53,903 [INFO] Applying EMA strategy to 6 stocks.
2025-11-11 13:16:08,419 [INFO] Checking trade setups at 2025-11-11 13:16:08
2025-11-11 13:16:08,419 [INFO] Applying EMA strategy to 6 stocks.
2025-11-11 13:16:22,866 [INFO] Checking trade setups at 2025-11-11 13:16:22
2025-11-11 13:16:22,866 [INFO] Applying EMA strategy to 6 stocks.
2025-11-11 13:16:37,820 [INFO] Checking trade setups at 2025-11-11 13:16:37
2025-11-11 13:16:37,820 [INFO] Applying EMA strategy to 6 stocks.
2025-11-11 13:16:52,152 [INFO] Checking trade setups at 2025-11-11 13:16:52
2025-11-11 13:16:52,152 [INFO] Applying EMA strategy to 6 stocks.
2025-11-11 13:17:06,224 [INFO] Checking trade setups at 2025-11-11 13:17:06
2025-11-11 13:17:06,224 [INFO] Applying EMA strategy to 6 stocks.
2025-11-11 13:17:21,469 [INFO] Checking trade setups at 2025-11-11 13:17:21
2025-11-11 13:17:21,469 [INFO] Applying EMA strategy to 6 stocks.
2025-11-11 13:17:37,170 [INFO] Checking trade setups at 2025-11-11 13:17:37
2025-11-11 13:17:37,170 [INFO] Applying EMA strategy to 6 stocks.
2025-11-11 13:17:51,340 [INFO] Checking trade setups at 2025-11-11 13:17:51
2025-11-11 13:17:51,340 [INFO] Applying EMA strategy to 6 stocks.
2025-11-11 13:18:05,882 [INFO] Checking trade setups at 2025-11-11 13:18:05
2025-11-11 13:18:05,884 [INFO] Applying EMA strategy to 6 stocks.
2025-11-11 13:18:25,748 [INFO] Checking trade setups at 2025-11-11 13:18:25
2025-11-11 13:18:25,748 [INFO] Applying EMA strategy to 6 stocks.
2025-11-11 13:18:39,774 [INFO] Checking trade setups at 2025-11-11 13:18:39
2025-11-11 13:18:39,774 [INFO] Applying EMA strategy to 6 stocks.
2025-11-11 13:18:55,358 [INFO] Checking trade setups at 2025-11-11 13:18:55
2025-11-11 13:18:55,358 [INFO] Applying EMA strategy to 6 stocks.
2025-11-11 13:19:11,221 [INFO] Checking trade setups at 2025-11-11 13:19:11
2025-11-11 13:19:11,221 [INFO] Applying EMA strategy to 6 stocks.
2025-11-11 13:19:28,009 [INFO] Checking trade setups at 2025-11-11 13:19:28
2025-11-11 13:19:28,009 [INFO] Applying EMA strategy to 6 stocks.
2025-11-11 13:19:43,073 [INFO] Checking trade setups at 2025-11-11 13:19:43
2025-11-11 13:19:43,073 [INFO] Applying EMA strategy to 6 stocks.
2025-11-11 13:19:57,702 [INFO] Checking trade setups at 2025-11-11 13:19:57
2025-11-11 13:19:57,702 [INFO] Applying EMA strategy to 6 stocks.
2025-11-11 13:20:14,806 [INFO] Checking trade setups at 2025-11-11 13:20:14
2025-11-11 13:20:14,806 [INFO] Applying EMA strategy to 6 stocks.
2025-11-11 13:20:31,804 [INFO] Checking trade setups at 2025-11-11 13:20:31
2025-11-11 13:20:31,804 [INFO] Applying EMA strategy to 6 stocks.
2025-11-11 13:20:48,807 [INFO] Checking trade setups at 2025-11-11 13:20:48
2025-11-11 13:20:48,807 [INFO] Applying EMA strategy to 6 stocks.
2025-11-11 13:21:04,571 [INFO] Checking trade setups at 2025-11-11 13:21:04
2025-11-11 13:21:04,571 [INFO] Applying EMA strategy to 6 stocks.
2025-11-11 13:21:19,145 [INFO] Checking trade setups at 2025-11-11 13:21:19
2025-11-11 13:21:19,145 [INFO] Applying EMA strategy to 6 stocks.
2025-11-11 13:21:33,401 [INFO] Checking trade setups at 2025-11-11 13:21:33
2025-11-11 13:21:33,401 [INFO] Applying EMA strategy to 6 stocks.
2025-11-11 13:21:47,886 [INFO] Checking trade setups at 2025-11-11 13:21:47
2025-11-11 13:21:47,886 [INFO] Applying EMA strategy to 6 stocks.
2025-11-11 13:22:02,124 [INFO] Checking trade setups at 2025-11-11 13:22:02
2025-11-11 13:22:02,124 [INFO] Applying EMA strategy to 6 stocks.
2025-11-11 13:22:17,383 [INFO] Checking trade setups at 2025-11-11 13:22:17
2025-11-11 13:22:17,383 [INFO] Applying EMA strategy to 6 stocks.
2025-11-11 13:22:32,105 [INFO] Checking trade setups at 2025-11-11 13:22:32
2025-11-11 13:22:32,105 [INFO] Applying EMA strategy to 6 stocks.
2025-11-11 13:22:46,259 [INFO] Checking trade setups at 2025-11-11 13:22:46
2025-11-11 13:22:46,259 [INFO] Applying EMA strategy to 6 stocks.
2025-11-11 13:23:01,123 [INFO] Checking trade setups at 2025-11-11 13:23:01
2025-11-11 13:23:01,123 [INFO] Applying EMA strategy to 6 stocks.
2025-11-11 13:23:16,062 [INFO] Checking trade setups at 2025-11-11 13:23:16
2025-11-11 13:23:16,062 [INFO] Applying EMA strategy to 6 stocks.
2025-11-11 13:23:33,176 [INFO] Checking trade setups at 2025-11-11 13:23:33
2025-11-11 13:23:33,176 [INFO] Applying EMA strategy to 6 stocks.
2025-11-11 13:23:48,219 [INFO] Checking trade setups at 2025-11-11 13:23:48
2025-11-11 13:23:48,219 [INFO] Applying EMA strategy to 6 stocks.
2025-11-11 13:24:02,752 [INFO] Checking trade setups at 2025-11-11 13:24:02
2025-11-11 13:24:02,753 [INFO] Applying EMA strategy to 6 stocks.
2025-11-11 13:24:17,317 [INFO] Checking trade setups at 2025-11-11 13:24:17
2025-11-11 13:24:17,317 [INFO] Applying EMA strategy to 6 stocks.
2025-11-11 13:24:31,967 [INFO] Checking trade setups at 2025-11-11 13:24:31
2025-11-11 13:24:31,967 [INFO] Applying EMA strategy to 6 stocks.
2025-11-11 13:24:46,991 [INFO] Checking trade setups at 2025-11-11 13:24:46
2025-11-11 13:24:46,991 [INFO] Applying EMA strategy to 6 stocks.
2025-11-11 13:25:00,930 [INFO] Checking trade setups at 2025-11-11 13:25:00
2025-11-11 13:25:00,930 [INFO] Applying EMA strategy to 6 stocks.
2025-11-11 13:25:16,851 [INFO] Checking trade setups at 2025-11-11 13:25:16
2025-11-11 13:25:16,851 [INFO] Applying EMA strategy to 6 stocks.
2025-11-11 13:25:31,245 [INFO] Checking trade setups at 2025-11-11 13:25:31
2025-11-11 13:25:31,245 [INFO] Applying EMA strategy to 6 stocks.
2025-11-11 13:25:45,268 [INFO] Checking trade setups at 2025-11-11 13:25:45
2025-11-11 13:25:45,268 [INFO] Applying EMA strategy to 6 stocks.
2025-11-11 13:25:59,804 [INFO] Checking trade setups at 2025-11-11 13:25:59
2025-11-11 13:25:59,804 [INFO] Applying EMA strategy to 6 stocks.
2025-11-11 13:26:15,373 [INFO] Checking trade setups at 2025-11-11 13:26:15
2025-11-11 13:26:15,374 [INFO] Applying EMA strategy to 6 stocks.
2025-11-11 13:26:30,638 [INFO] Checking trade setups at 2025-11-11 13:26:30
2025-11-11 13:26:30,638 [INFO] Applying EMA strategy to 6 stocks.
2025-11-11 13:26:44,669 [INFO] Checking trade setups at 2025-11-11 13:26:44
2025-11-11 13:26:44,669 [INFO] Applying EMA strategy to 6 stocks.
2025-11-11 13:26:58,606 [INFO] Checking trade setups at 2025-11-11 13:26:58
2025-11-11 13:26:58,606 [INFO] Applying EMA strategy to 6 stocks.
2025-11-11 13:26:59,335 [INFO] Executing trade for NSE:JSL-EQ: {'timestamp': '2025-11-11 13:25', 'action': 'SELL', 'entry_price': 739, 'stop_loss': 739.95, 'target': 736.1499999999999}
2025-11-11 13:26:59,335 [INFO] after SL after filtering the final SL:0.95, final_target:736.15, qty:105
2025-11-11 13:26:59,344 [INFO] Max trades reached. Skipping new orders.
2025-11-11 13:27:15,184 [INFO] Checking trade setups at 2025-11-11 13:27:15
2025-11-11 13:27:15,184 [INFO] Applying EMA strategy to 6 stocks.
2025-11-11 13:27:30,469 [INFO] Checking trade setups at 2025-11-11 13:27:30
2025-11-11 13:27:30,469 [INFO] Applying EMA strategy to 6 stocks.
2025-11-11 13:27:44,766 [INFO] Checking trade setups at 2025-11-11 13:27:44
2025-11-11 13:27:44,766 [INFO] Applying EMA strategy to 6 stocks.
2025-11-11 13:28:00,338 [INFO] Checking trade setups at 2025-11-11 13:28:00
2025-11-11 13:28:00,338 [INFO] Applying EMA strategy to 6 stocks.
2025-11-11 13:28:14,671 [INFO] Checking trade setups at 2025-11-11 13:28:14
2025-11-11 13:28:14,671 [INFO] Applying EMA strategy to 6 stocks.
2025-11-11 13:28:30,560 [INFO] Checking trade setups at 2025-11-11 13:28:30
2025-11-11 13:28:30,560 [INFO] Applying EMA strategy to 6 stocks.
2025-11-11 13:28:44,980 [INFO] Checking trade setups at 2025-11-11 13:28:44
2025-11-11 13:28:44,980 [INFO] Applying EMA strategy to 6 stocks.
2025-11-11 13:29:01,467 [INFO] Checking trade setups at 2025-11-11 13:29:01
2025-11-11 13:29:01,467 [INFO] Applying EMA strategy to 6 stocks.
2025-11-11 13:29:16,215 [INFO] Checking trade setups at 2025-11-11 13:29:16
2025-11-11 13:29:16,215 [INFO] Applying EMA strategy to 6 stocks.
2025-11-11 13:29:31,720 [INFO] Checking trade setups at 2025-11-11 13:29:31
2025-11-11 13:29:31,720 [INFO] Applying EMA strategy to 6 stocks.
2025-11-11 13:29:46,950 [INFO] Checking trade setups at 2025-11-11 13:29:46
2025-11-11 13:29:46,950 [INFO] Applying EMA strategy to 6 stocks.
2025-11-11 13:30:02,301 [INFO] Checking trade setups at 2025-11-11 13:30:02
2025-11-11 13:30:02,302 [INFO] Applying EMA strategy to 6 stocks.
2025-11-11 13:30:16,343 [INFO] Checking trade setups at 2025-11-11 13:30:16
2025-11-11 13:30:16,343 [INFO] Applying EMA strategy to 6 stocks.
2025-11-11 13:30:30,570 [INFO] Checking trade setups at 2025-11-11 13:30:30
2025-11-11 13:30:30,570 [INFO] Applying EMA strategy to 6 stocks.
2025-11-11 13:30:46,642 [INFO] Checking trade setups at 2025-11-11 13:30:46
2025-11-11 13:30:46,642 [INFO] Applying EMA strategy to 6 stocks.
2025-11-11 13:31:00,880 [INFO] Checking trade setups at 2025-11-11 13:31:00
2025-11-11 13:31:00,880 [INFO] Applying EMA strategy to 6 stocks.
2025-11-11 13:31:16,159 [INFO] Checking trade setups at 2025-11-11 13:31:16
2025-11-11 13:31:16,160 [INFO] Applying EMA strategy to 6 stocks.
2025-11-11 13:31:30,476 [INFO] Checking trade setups at 2025-11-11 13:31:30
2025-11-11 13:31:30,476 [INFO] Applying EMA strategy to 6 stocks.
2025-11-11 13:31:45,729 [INFO] Checking trade setups at 2025-11-11 13:31:45
2025-11-11 13:31:45,729 [INFO] Applying EMA strategy to 6 stocks.
2025-11-11 13:32:01,106 [INFO] Checking trade setups at 2025-11-11 13:32:01
2025-11-11 13:32:01,106 [INFO] Applying EMA strategy to 6 stocks.
2025-11-11 13:32:16,737 [INFO] Checking trade setups at 2025-11-11 13:32:16
2025-11-11 13:32:16,737 [INFO] Applying EMA strategy to 6 stocks.
2025-11-11 13:32:32,008 [INFO] Checking trade setups at 2025-11-11 13:32:32
2025-11-11 13:32:32,008 [INFO] Applying EMA strategy to 6 stocks.
2025-11-11 13:32:47,076 [INFO] Checking trade setups at 2025-11-11 13:32:47
2025-11-11 13:32:47,076 [INFO] Applying EMA strategy to 6 stocks.
2025-11-11 13:33:01,401 [INFO] Checking trade setups at 2025-11-11 13:33:01
2025-11-11 13:33:01,401 [INFO] Applying EMA strategy to 6 stocks.
2025-11-11 13:33:15,364 [INFO] Checking trade setups at 2025-11-11 13:33:15
2025-11-11 13:33:15,364 [INFO] Applying EMA strategy to 6 stocks.
2025-11-11 13:33:31,915 [INFO] Checking trade setups at 2025-11-11 13:33:31
2025-11-11 13:33:31,915 [INFO] Applying EMA strategy to 6 stocks.
2025-11-11 13:33:48,731 [INFO] Checking trade setups at 2025-11-11 13:33:48
2025-11-11 13:33:48,731 [INFO] Applying EMA strategy to 6 stocks.
2025-11-11 13:34:03,583 [INFO] Checking trade setups at 2025-11-11 13:34:03
2025-11-11 13:34:03,583 [INFO] Applying EMA strategy to 6 stocks.
2025-11-11 13:34:19,343 [INFO] Checking trade setups at 2025-11-11 13:34:19
2025-11-11 13:34:19,343 [INFO] Applying EMA strategy to 6 stocks.
2025-11-11 13:34:33,874 [INFO] Checking trade setups at 2025-11-11 13:34:33
2025-11-11 13:34:33,876 [INFO] Applying EMA strategy to 6 stocks.
2025-11-11 13:34:48,734 [INFO] Checking trade setups at 2025-11-11 13:34:48
2025-11-11 13:34:48,736 [INFO] Applying EMA strategy to 6 stocks.
2025-11-11 13:35:03,267 [INFO] Checking trade setups at 2025-11-11 13:35:03
2025-11-11 13:35:03,267 [INFO] Applying EMA strategy to 6 stocks.
2025-11-11 13:35:19,298 [INFO] Checking trade setups at 2025-11-11 13:35:19
2025-11-11 13:35:19,298 [INFO] Applying EMA strategy to 6 stocks.
2025-11-11 13:35:34,289 [INFO] Checking trade setups at 2025-11-11 13:35:34
2025-11-11 13:35:34,291 [INFO] Applying EMA strategy to 6 stocks.
2025-11-11 13:35:49,641 [INFO] Checking trade setups at 2025-11-11 13:35:49
2025-11-11 13:35:49,641 [INFO] Applying EMA strategy to 6 stocks.
2025-11-11 13:36:06,160 [INFO] Checking trade setups at 2025-11-11 13:36:06
2025-11-11 13:36:06,160 [INFO] Applying EMA strategy to 6 stocks.
2025-11-11 13:36:20,884 [INFO] Checking trade setups at 2025-11-11 13:36:20
2025-11-11 13:36:20,884 [INFO] Applying EMA strategy to 6 stocks.
2025-11-11 13:36:37,353 [INFO] Checking trade setups at 2025-11-11 13:36:37
2025-11-11 13:36:37,353 [INFO] Applying EMA strategy to 6 stocks.
2025-11-11 13:36:52,139 [INFO] Checking trade setups at 2025-11-11 13:36:52
2025-11-11 13:36:52,139 [INFO] Applying EMA strategy to 6 stocks.
2025-11-11 13:37:07,692 [INFO] Checking trade setups at 2025-11-11 13:37:07
2025-11-11 13:37:07,692 [INFO] Applying EMA strategy to 6 stocks.
2025-11-11 13:37:23,654 [INFO] Checking trade setups at 2025-11-11 13:37:23
2025-11-11 13:37:23,655 [INFO] Applying EMA strategy to 6 stocks.
2025-11-11 13:37:39,217 [INFO] Checking trade setups at 2025-11-11 13:37:39
2025-11-11 13:37:39,217 [INFO] Applying EMA strategy to 6 stocks.
2025-11-11 13:37:56,083 [INFO] Checking trade setups at 2025-11-11 13:37:56
2025-11-11 13:37:56,083 [INFO] Applying EMA strategy to 6 stocks.
2025-11-11 13:38:11,273 [INFO] Checking trade setups at 2025-11-11 13:38:11
2025-11-11 13:38:11,273 [INFO] Applying EMA strategy to 6 stocks.
2025-11-11 13:38:25,925 [INFO] Checking trade setups at 2025-11-11 13:38:25
2025-11-11 13:38:25,925 [INFO] Applying EMA strategy to 6 stocks.
2025-11-11 13:38:40,979 [INFO] Checking trade setups at 2025-11-11 13:38:40
2025-11-11 13:38:40,979 [INFO] Applying EMA strategy to 6 stocks.
2025-11-11 13:38:55,206 [INFO] Checking trade setups at 2025-11-11 13:38:55
2025-11-11 13:38:55,206 [INFO] Applying EMA strategy to 6 stocks.
2025-11-11 13:39:09,338 [INFO] Checking trade setups at 2025-11-11 13:39:09
2025-11-11 13:39:09,338 [INFO] Applying EMA strategy to 6 stocks.
2025-11-11 13:39:23,772 [INFO] Checking trade setups at 2025-11-11 13:39:23
2025-11-11 13:39:23,772 [INFO] Applying EMA strategy to 6 stocks.
2025-11-11 13:39:42,927 [INFO] Checking trade setups at 2025-11-11 13:39:42
2025-11-11 13:39:42,927 [INFO] Applying EMA strategy to 6 stocks.
2025-11-11 13:39:57,290 [INFO] Checking trade setups at 2025-11-11 13:39:57
2025-11-11 13:39:57,290 [INFO] Applying EMA strategy to 6 stocks.
2025-11-11 13:40:12,640 [INFO] Checking trade setups at 2025-11-11 13:40:12
2025-11-11 13:40:12,640 [INFO] Applying EMA strategy to 6 stocks.
2025-11-11 13:40:27,268 [INFO] Checking trade setups at 2025-11-11 13:40:27
2025-11-11 13:40:27,268 [INFO] Applying EMA strategy to 6 stocks.
2025-11-11 13:40:41,822 [INFO] Checking trade setups at 2025-11-11 13:40:41
2025-11-11 13:40:41,822 [INFO] Applying EMA strategy to 6 stocks.
2025-11-11 13:40:57,382 [INFO] Checking trade setups at 2025-11-11 13:40:57
2025-11-11 13:40:57,382 [INFO] Applying EMA strategy to 6 stocks.
2025-11-11 13:41:11,306 [INFO] Checking trade setups at 2025-11-11 13:41:11
2025-11-11 13:41:11,306 [INFO] Applying EMA strategy to 6 stocks.
2025-11-11 13:41:25,880 [INFO] Checking trade setups at 2025-11-11 13:41:25
2025-11-11 13:41:25,881 [INFO] Applying EMA strategy to 6 stocks.
2025-11-11 13:41:41,102 [INFO] Checking trade setups at 2025-11-11 13:41:41
2025-11-11 13:41:41,102 [INFO] Applying EMA strategy to 6 stocks.
2025-11-11 13:41:56,263 [INFO] Checking trade setups at 2025-11-11 13:41:56
2025-11-11 13:41:56,263 [INFO] Applying EMA strategy to 6 stocks.
2025-11-11 13:42:11,100 [INFO] Checking trade setups at 2025-11-11 13:42:11
2025-11-11 13:42:11,100 [INFO] Applying EMA strategy to 6 stocks.
2025-11-11 13:42:25,448 [INFO] Checking trade setups at 2025-11-11 13:42:25
2025-11-11 13:42:25,448 [INFO] Applying EMA strategy to 6 stocks.
2025-11-11 13:42:42,134 [INFO] Checking trade setups at 2025-11-11 13:42:42
2025-11-11 13:42:42,134 [INFO] Applying EMA strategy to 6 stocks.
2025-11-11 13:42:57,188 [INFO] Checking trade setups at 2025-11-11 13:42:57
2025-11-11 13:42:57,188 [INFO] Applying EMA strategy to 6 stocks.
2025-11-11 13:43:11,648 [INFO] Checking trade setups at 2025-11-11 13:43:11
2025-11-11 13:43:11,648 [INFO] Applying EMA strategy to 6 stocks.
2025-11-11 13:43:26,059 [INFO] Checking trade setups at 2025-11-11 13:43:26
2025-11-11 13:43:26,060 [INFO] Applying EMA strategy to 6 stocks.
2025-11-11 13:43:40,414 [INFO] Checking trade setups at 2025-11-11 13:43:40
2025-11-11 13:43:40,414 [INFO] Applying EMA strategy to 6 stocks.
2025-11-11 13:43:55,859 [INFO] Checking trade setups at 2025-11-11 13:43:55
2025-11-11 13:43:55,859 [INFO] Applying EMA strategy to 6 stocks.
2025-11-11 13:44:11,548 [INFO] Checking trade setups at 2025-11-11 13:44:11
2025-11-11 13:44:11,548 [INFO] Applying EMA strategy to 6 stocks.
2025-11-11 13:44:12,897 [INFO] Executing trade for NSE:MMTC-EQ: {'timestamp': '2025-11-11 13:40', 'action': 'SELL', 'entry_price': 66.41, 'stop_loss': 66.58, 'target': 65.89999999999999}
2025-11-11 13:44:12,897 [INFO] after SL after filtering the final SL:0.51, final_target:64.88, qty:196
2025-11-11 13:44:12,909 [INFO] Max trades reached. Skipping new orders.
2025-11-11 13:44:26,176 [INFO] Checking trade setups at 2025-11-11 13:44:26
2025-11-11 13:44:26,176 [INFO] Applying EMA strategy to 6 stocks.
2025-11-11 13:44:41,846 [INFO] Checking trade setups at 2025-11-11 13:44:41
2025-11-11 13:44:41,847 [INFO] Applying EMA strategy to 6 stocks.
2025-11-11 13:44:57,521 [INFO] Checking trade setups at 2025-11-11 13:44:57
2025-11-11 13:44:57,521 [INFO] Applying EMA strategy to 6 stocks.
2025-11-11 13:45:11,953 [INFO] Checking trade setups at 2025-11-11 13:45:11
2025-11-11 13:45:11,953 [INFO] Applying EMA strategy to 6 stocks.
2025-11-11 13:45:25,872 [INFO] Checking trade setups at 2025-11-11 13:45:25
2025-11-11 13:45:25,872 [INFO] Applying EMA strategy to 6 stocks.
2025-11-11 13:45:39,800 [INFO] Checking trade setups at 2025-11-11 13:45:39
2025-11-11 13:45:39,800 [INFO] Applying EMA strategy to 6 stocks.
2025-11-11 13:45:54,649 [INFO] Checking trade setups at 2025-11-11 13:45:54
2025-11-11 13:45:54,649 [INFO] Applying EMA strategy to 6 stocks.
2025-11-11 13:46:09,504 [INFO] Checking trade setups at 2025-11-11 13:46:09
2025-11-11 13:46:09,504 [INFO] Applying EMA strategy to 6 stocks.
2025-11-11 13:46:23,631 [INFO] Checking trade setups at 2025-11-11 13:46:23
2025-11-11 13:46:23,631 [INFO] Applying EMA strategy to 6 stocks.
2025-11-11 13:46:39,000 [INFO] Checking trade setups at 2025-11-11 13:46:39
2025-11-11 13:46:39,000 [INFO] Applying EMA strategy to 6 stocks.
2025-11-11 13:46:53,632 [INFO] Checking trade setups at 2025-11-11 13:46:53
2025-11-11 13:46:53,632 [INFO] Applying EMA strategy to 6 stocks.
2025-11-11 13:47:08,588 [INFO] Checking trade setups at 2025-11-11 13:47:08
2025-11-11 13:47:08,588 [INFO] Applying EMA strategy to 6 stocks.
2025-11-11 13:47:23,563 [INFO] Checking trade setups at 2025-11-11 13:47:23
2025-11-11 13:47:23,563 [INFO] Applying EMA strategy to 6 stocks.
2025-11-11 13:47:37,466 [INFO] Checking trade setups at 2025-11-11 13:47:37
2025-11-11 13:47:37,466 [INFO] Applying EMA strategy to 6 stocks.
2025-11-11 13:47:51,842 [INFO] Checking trade setups at 2025-11-11 13:47:51
2025-11-11 13:47:51,842 [INFO] Applying EMA strategy to 6 stocks.
2025-11-11 13:48:05,929 [INFO] Checking trade setups at 2025-11-11 13:48:05
2025-11-11 13:48:05,929 [INFO] Applying EMA strategy to 6 stocks.
2025-11-11 13:48:20,929 [INFO] Checking trade setups at 2025-11-11 13:48:20
2025-11-11 13:48:20,929 [INFO] Applying EMA strategy to 6 stocks.
2025-11-11 13:48:35,229 [INFO] Checking trade setups at 2025-11-11 13:48:35
2025-11-11 13:48:35,230 [INFO] Applying EMA strategy to 6 stocks.
2025-11-11 13:48:51,917 [INFO] Checking trade setups at 2025-11-11 13:48:51
2025-11-11 13:48:51,917 [INFO] Applying EMA strategy to 6 stocks.
2025-11-11 13:49:06,152 [INFO] Checking trade setups at 2025-11-11 13:49:06
2025-11-11 13:49:06,152 [INFO] Applying EMA strategy to 6 stocks.
2025-11-11 13:49:20,690 [INFO] Checking trade setups at 2025-11-11 13:49:20
2025-11-11 13:49:20,690 [INFO] Applying EMA strategy to 6 stocks.
2025-11-11 13:49:35,920 [INFO] Checking trade setups at 2025-11-11 13:49:35
2025-11-11 13:49:35,920 [INFO] Applying EMA strategy to 6 stocks.
2025-11-11 13:49:50,180 [INFO] Checking trade setups at 2025-11-11 13:49:50
2025-11-11 13:49:50,180 [INFO] Applying EMA strategy to 6 stocks.
2025-11-11 13:50:06,360 [INFO] Checking trade setups at 2025-11-11 13:50:06
2025-11-11 13:50:06,360 [INFO] Applying EMA strategy to 6 stocks.
2025-11-11 13:50:24,006 [INFO] Checking trade setups at 2025-11-11 13:50:24
2025-11-11 13:50:24,006 [INFO] Applying EMA strategy to 6 stocks.
2025-11-11 13:50:38,516 [INFO] Checking trade setups at 2025-11-11 13:50:38
2025-11-11 13:50:38,516 [INFO] Applying EMA strategy to 6 stocks.
2025-11-11 13:50:53,979 [INFO] Checking trade setups at 2025-11-11 13:50:53
2025-11-11 13:50:53,979 [INFO] Applying EMA strategy to 6 stocks.
2025-11-11 13:51:09,762 [INFO] Checking trade setups at 2025-11-11 13:51:09
2025-11-11 13:51:09,762 [INFO] Applying EMA strategy to 6 stocks.
2025-11-11 13:51:23,574 [INFO] Checking trade setups at 2025-11-11 13:51:23
2025-11-11 13:51:23,574 [INFO] Applying EMA strategy to 6 stocks.
2025-11-11 13:51:38,839 [INFO] Checking trade setups at 2025-11-11 13:51:38
2025-11-11 13:51:38,840 [INFO] Applying EMA strategy to 6 stocks.
2025-11-11 13:51:52,963 [INFO] Checking trade setups at 2025-11-11 13:51:52
2025-11-11 13:51:52,963 [INFO] Applying EMA strategy to 6 stocks.
2025-11-11 13:52:09,075 [INFO] Checking trade setups at 2025-11-11 13:52:09
2025-11-11 13:52:09,075 [INFO] Applying EMA strategy to 6 stocks.
2025-11-11 13:52:23,892 [INFO] Checking trade setups at 2025-11-11 13:52:23
2025-11-11 13:52:23,892 [INFO] Applying EMA strategy to 6 stocks.
2025-11-11 13:52:40,318 [INFO] Checking trade setups at 2025-11-11 13:52:40
2025-11-11 13:52:40,318 [INFO] Applying EMA strategy to 6 stocks.
2025-11-11 13:52:54,505 [INFO] Checking trade setups at 2025-11-11 13:52:54
2025-11-11 13:52:54,505 [INFO] Applying EMA strategy to 6 stocks.
2025-11-11 13:53:10,383 [INFO] Checking trade setups at 2025-11-11 13:53:10
2025-11-11 13:53:10,384 [INFO] Applying EMA strategy to 6 stocks.
2025-11-11 13:53:24,418 [INFO] Checking trade setups at 2025-11-11 13:53:24
2025-11-11 13:53:24,418 [INFO] Applying EMA strategy to 6 stocks.
2025-11-11 13:53:38,755 [INFO] Checking trade setups at 2025-11-11 13:53:38
2025-11-11 13:53:38,755 [INFO] Applying EMA strategy to 6 stocks.
2025-11-11 13:53:54,211 [INFO] Checking trade setups at 2025-11-11 13:53:54
2025-11-11 13:53:54,211 [INFO] Applying EMA strategy to 6 stocks.
2025-11-11 13:54:09,915 [INFO] Checking trade setups at 2025-11-11 13:54:09
2025-11-11 13:54:09,915 [INFO] Applying EMA strategy to 6 stocks.
2025-11-11 13:54:24,618 [INFO] Checking trade setups at 2025-11-11 13:54:24
2025-11-11 13:54:24,618 [INFO] Applying EMA strategy to 6 stocks.
2025-11-11 13:54:39,515 [INFO] Checking trade setups at 2025-11-11 13:54:39
2025-11-11 13:54:39,515 [INFO] Applying EMA strategy to 6 stocks.
2025-11-11 13:54:54,010 [INFO] Checking trade setups at 2025-11-11 13:54:54
2025-11-11 13:54:54,010 [INFO] Applying EMA strategy to 6 stocks.
2025-11-11 13:55:10,193 [INFO] Checking trade setups at 2025-11-11 13:55:10
2025-11-11 13:55:10,193 [INFO] Applying EMA strategy to 6 stocks.
2025-11-11 13:55:24,321 [INFO] Checking trade setups at 2025-11-11 13:55:24
2025-11-11 13:55:24,321 [INFO] Applying EMA strategy to 6 stocks.
2025-11-11 13:55:38,692 [INFO] Checking trade setups at 2025-11-11 13:55:38
2025-11-11 13:55:38,692 [INFO] Applying EMA strategy to 6 stocks.
2025-11-11 13:55:53,101 [INFO] Checking trade setups at 2025-11-11 13:55:53
2025-11-11 13:55:53,101 [INFO] Applying EMA strategy to 6 stocks.
2025-11-11 13:56:07,646 [INFO] Checking trade setups at 2025-11-11 13:56:07
2025-11-11 13:56:07,646 [INFO] Applying EMA strategy to 6 stocks.
2025-11-11 13:56:21,880 [INFO] Checking trade setups at 2025-11-11 13:56:21
2025-11-11 13:56:21,880 [INFO] Applying EMA strategy to 6 stocks.
2025-11-11 13:56:36,204 [INFO] Checking trade setups at 2025-11-11 13:56:36
2025-11-11 13:56:36,204 [INFO] Applying EMA strategy to 6 stocks.
2025-11-11 13:56:50,769 [INFO] Checking trade setups at 2025-11-11 13:56:50
2025-11-11 13:56:50,769 [INFO] Applying EMA strategy to 6 stocks.
2025-11-11 13:57:05,394 [INFO] Checking trade setups at 2025-11-11 13:57:05
2025-11-11 13:57:05,394 [INFO] Applying EMA strategy to 6 stocks.
2025-11-11 13:57:20,150 [INFO] Checking trade setups at 2025-11-11 13:57:20
2025-11-11 13:57:20,150 [INFO] Applying EMA strategy to 6 stocks.
2025-11-11 13:57:34,416 [INFO] Checking trade setups at 2025-11-11 13:57:34
2025-11-11 13:57:34,416 [INFO] Applying EMA strategy to 6 stocks.
2025-11-11 13:57:55,771 [INFO] Checking trade setups at 2025-11-11 13:57:55
2025-11-11 13:57:55,771 [INFO] Applying EMA strategy to 6 stocks.
2025-11-11 13:58:11,565 [INFO] Checking trade setups at 2025-11-11 13:58:11
2025-11-11 13:58:11,565 [INFO] Applying EMA strategy to 6 stocks.
2025-11-11 13:58:25,789 [INFO] Checking trade setups at 2025-11-11 13:58:25
2025-11-11 13:58:25,789 [INFO] Applying EMA strategy to 6 stocks.
2025-11-11 13:58:39,835 [INFO] Checking trade setups at 2025-11-11 13:58:39
2025-11-11 13:58:39,835 [INFO] Applying EMA strategy to 6 stocks.
2025-11-11 13:58:54,148 [INFO] Checking trade setups at 2025-11-11 13:58:54
2025-11-11 13:58:54,148 [INFO] Applying EMA strategy to 6 stocks.
2025-11-11 13:59:10,839 [INFO] Checking trade setups at 2025-11-11 13:59:10
2025-11-11 13:59:10,839 [INFO] Applying EMA strategy to 6 stocks.
2025-11-11 13:59:24,682 [INFO] Checking trade setups at 2025-11-11 13:59:24
2025-11-11 13:59:24,682 [INFO] Applying EMA strategy to 6 stocks.
2025-11-11 13:59:50,165 [INFO] Checking trade setups at 2025-11-11 13:59:50
2025-11-11 13:59:50,165 [INFO] Applying EMA strategy to 6 stocks.
2025-11-11 14:00:04,290 [INFO] Checking trade setups at 2025-11-11 14:00:04
2025-11-11 14:00:04,290 [INFO] Applying EMA strategy to 6 stocks.
2025-11-11 14:00:19,346 [INFO] Checking trade setups at 2025-11-11 14:00:19
2025-11-11 14:00:19,346 [INFO] Applying EMA strategy to 6 stocks.
2025-11-11 14:00:34,923 [INFO] Checking trade setups at 2025-11-11 14:00:34
2025-11-11 14:00:34,923 [INFO] Applying EMA strategy to 6 stocks.
2025-11-11 14:00:52,331 [INFO] Checking trade setups at 2025-11-11 14:00:52
2025-11-11 14:00:52,332 [INFO] Applying EMA strategy to 6 stocks.
2025-11-11 14:01:08,500 [INFO] Checking trade setups at 2025-11-11 14:01:08
2025-11-11 14:01:08,500 [INFO] Applying EMA strategy to 6 stocks.
2025-11-11 14:01:23,754 [INFO] Checking trade setups at 2025-11-11 14:01:23
2025-11-11 14:01:23,754 [INFO] Applying EMA strategy to 6 stocks.
2025-11-11 14:01:40,040 [INFO] Checking trade setups at 2025-11-11 14:01:40
2025-11-11 14:01:40,040 [INFO] Applying EMA strategy to 6 stocks.
2025-11-11 14:01:54,695 [INFO] Checking trade setups at 2025-11-11 14:01:54
2025-11-11 14:01:54,695 [INFO] Applying EMA strategy to 6 stocks.
2025-11-11 14:02:09,966 [INFO] Checking trade setups at 2025-11-11 14:02:09
2025-11-11 14:02:09,967 [INFO] Applying EMA strategy to 6 stocks.
2025-11-11 14:02:26,753 [INFO] Checking trade setups at 2025-11-11 14:02:26
2025-11-11 14:02:26,753 [INFO] Applying EMA strategy to 6 stocks.
2025-11-11 14:02:42,110 [INFO] Checking trade setups at 2025-11-11 14:02:42
2025-11-11 14:02:42,110 [INFO] Applying EMA strategy to 6 stocks.
2025-11-11 14:02:57,563 [INFO] Checking trade setups at 2025-11-11 14:02:57
2025-11-11 14:02:57,563 [INFO] Applying EMA strategy to 6 stocks.
2025-11-11 14:03:12,447 [INFO] Checking trade setups at 2025-11-11 14:03:12
2025-11-11 14:03:12,448 [INFO] Applying EMA strategy to 6 stocks.
2025-11-11 14:03:26,750 [INFO] Checking trade setups at 2025-11-11 14:03:26
2025-11-11 14:03:26,753 [INFO] Applying EMA strategy to 6 stocks.
2025-11-11 14:03:41,946 [INFO] Checking trade setups at 2025-11-11 14:03:41
2025-11-11 14:03:41,946 [INFO] Applying EMA strategy to 6 stocks.
2025-11-11 14:03:57,475 [INFO] Checking trade setups at 2025-11-11 14:03:57
2025-11-11 14:03:57,475 [INFO] Applying EMA strategy to 6 stocks.
2025-11-11 14:04:12,009 [INFO] Checking trade setups at 2025-11-11 14:04:12
2025-11-11 14:04:12,009 [INFO] Applying EMA strategy to 6 stocks.
2025-11-11 14:04:27,164 [INFO] Checking trade setups at 2025-11-11 14:04:27
2025-11-11 14:04:27,164 [INFO] Applying EMA strategy to 6 stocks.
2025-11-11 14:04:42,220 [INFO] Checking trade setups at 2025-11-11 14:04:42
2025-11-11 14:04:42,220 [INFO] Applying EMA strategy to 6 stocks.
2025-11-11 14:04:57,075 [INFO] Checking trade setups at 2025-11-11 14:04:57
2025-11-11 14:04:57,075 [INFO] Applying EMA strategy to 6 stocks.
2025-11-11 14:05:12,333 [INFO] Checking trade setups at 2025-11-11 14:05:12
2025-11-11 14:05:12,333 [INFO] Applying EMA strategy to 6 stocks.
2025-11-11 14:05:27,492 [INFO] Checking trade setups at 2025-11-11 14:05:27
2025-11-11 14:05:27,492 [INFO] Applying EMA strategy to 6 stocks.
2025-11-11 14:05:43,249 [INFO] Checking trade setups at 2025-11-11 14:05:43
2025-11-11 14:05:43,249 [INFO] Applying EMA strategy to 6 stocks.
2025-11-11 14:05:57,901 [INFO] Checking trade setups at 2025-11-11 14:05:57
2025-11-11 14:05:57,901 [INFO] Applying EMA strategy to 6 stocks.
2025-11-11 14:06:13,572 [INFO] Checking trade setups at 2025-11-11 14:06:13
2025-11-11 14:06:13,572 [INFO] Applying EMA strategy to 6 stocks.
2025-11-11 14:06:31,790 [INFO] Checking trade setups at 2025-11-11 14:06:31
2025-11-11 14:06:31,790 [INFO] Applying EMA strategy to 6 stocks.
2025-11-11 14:06:45,919 [INFO] Checking trade setups at 2025-11-11 14:06:45
2025-11-11 14:06:45,919 [INFO] Applying EMA strategy to 6 stocks.
2025-11-11 14:07:00,281 [INFO] Checking trade setups at 2025-11-11 14:07:00
2025-11-11 14:07:00,281 [INFO] Applying EMA strategy to 6 stocks.
2025-11-11 14:07:15,518 [INFO] Checking trade setups at 2025-11-11 14:07:15
2025-11-11 14:07:15,518 [INFO] Applying EMA strategy to 6 stocks.
2025-11-11 14:07:30,672 [INFO] Checking trade setups at 2025-11-11 14:07:30
2025-11-11 14:07:30,672 [INFO] Applying EMA strategy to 6 stocks.
2025-11-11 14:07:45,836 [INFO] Checking trade setups at 2025-11-11 14:07:45
2025-11-11 14:07:45,836 [INFO] Applying EMA strategy to 6 stocks.
2025-11-11 14:08:02,329 [INFO] Checking trade setups at 2025-11-11 14:08:02
2025-11-11 14:08:02,331 [INFO] Applying EMA strategy to 6 stocks.
2025-11-11 14:08:18,185 [INFO] Checking trade setups at 2025-11-11 14:08:18
2025-11-11 14:08:18,185 [INFO] Applying EMA strategy to 6 stocks.
2025-11-11 14:08:33,701 [INFO] Checking trade setups at 2025-11-11 14:08:33
2025-11-11 14:08:33,701 [INFO] Applying EMA strategy to 6 stocks.
2025-11-11 14:08:50,282 [INFO] Checking trade setups at 2025-11-11 14:08:50
2025-11-11 14:08:50,282 [INFO] Applying EMA strategy to 6 stocks.
2025-11-11 14:09:05,503 [INFO] Checking trade setups at 2025-11-11 14:09:05
2025-11-11 14:09:05,503 [INFO] Applying EMA strategy to 6 stocks.
2025-11-11 14:09:23,515 [INFO] Checking trade setups at 2025-11-11 14:09:23
2025-11-11 14:09:23,515 [INFO] Applying EMA strategy to 6 stocks.
2025-11-11 14:09:39,619 [INFO] Checking trade setups at 2025-11-11 14:09:39
2025-11-11 14:09:39,619 [INFO] Applying EMA strategy to 6 stocks.
2025-11-11 14:09:56,905 [INFO] Checking trade setups at 2025-11-11 14:09:56
2025-11-11 14:09:56,905 [INFO] Applying EMA strategy to 6 stocks.
2025-11-11 14:10:13,403 [INFO] Checking trade setups at 2025-11-11 14:10:13
2025-11-11 14:10:13,403 [INFO] Applying EMA strategy to 6 stocks.
2025-11-11 14:10:29,368 [INFO] Checking trade setups at 2025-11-11 14:10:29
2025-11-11 14:10:29,368 [INFO] Applying EMA strategy to 6 stocks.
2025-11-11 14:10:46,592 [INFO] Checking trade setups at 2025-11-11 14:10:46
2025-11-11 14:10:46,592 [INFO] Applying EMA strategy to 6 stocks.
2025-11-11 14:11:02,644 [INFO] Checking trade setups at 2025-11-11 14:11:02
2025-11-11 14:11:02,644 [INFO] Applying EMA strategy to 6 stocks.
2025-11-11 14:11:18,580 [INFO] Checking trade setups at 2025-11-11 14:11:18
2025-11-11 14:11:18,580 [INFO] Applying EMA strategy to 6 stocks.
2025-11-11 14:11:32,960 [INFO] Checking trade setups at 2025-11-11 14:11:32
2025-11-11 14:11:32,960 [INFO] Applying EMA strategy to 6 stocks.
2025-11-11 14:11:49,348 [INFO] Checking trade setups at 2025-11-11 14:11:49
2025-11-11 14:11:49,348 [INFO] Applying EMA strategy to 6 stocks.
2025-11-11 14:12:05,750 [INFO] Checking trade setups at 2025-11-11 14:12:05
2025-11-11 14:12:05,750 [INFO] Applying EMA strategy to 6 stocks.
2025-11-11 14:12:20,370 [INFO] Checking trade setups at 2025-11-11 14:12:20
2025-11-11 14:12:20,370 [INFO] Applying EMA strategy to 6 stocks.
2025-11-11 14:12:34,717 [INFO] Checking trade setups at 2025-11-11 14:12:34
2025-11-11 14:12:34,717 [INFO] Applying EMA strategy to 6 stocks.
2025-11-11 14:12:49,253 [INFO] Checking trade setups at 2025-11-11 14:12:49
2025-11-11 14:12:49,253 [INFO] Applying EMA strategy to 6 stocks.
2025-11-11 14:13:05,032 [INFO] Checking trade setups at 2025-11-11 14:13:05
2025-11-11 14:13:05,032 [INFO] Applying EMA strategy to 6 stocks.
2025-11-11 14:13:22,539 [INFO] Checking trade setups at 2025-11-11 14:13:22
2025-11-11 14:13:22,539 [INFO] Applying EMA strategy to 6 stocks.
2025-11-11 14:13:37,996 [INFO] Checking trade setups at 2025-11-11 14:13:37
2025-11-11 14:13:37,996 [INFO] Applying EMA strategy to 6 stocks.
2025-11-11 14:13:52,441 [INFO] Checking trade setups at 2025-11-11 14:13:52
2025-11-11 14:13:52,442 [INFO] Applying EMA strategy to 6 stocks.
2025-11-11 14:14:07,689 [INFO] Checking trade setups at 2025-11-11 14:14:07
2025-11-11 14:14:07,689 [INFO] Applying EMA strategy to 6 stocks.
2025-11-11 14:14:22,674 [INFO] Checking trade setups at 2025-11-11 14:14:22
2025-11-11 14:14:22,674 [INFO] Applying EMA strategy to 6 stocks.
2025-11-11 14:14:37,520 [INFO] Checking trade setups at 2025-11-11 14:14:37
2025-11-11 14:14:37,520 [INFO] Applying EMA strategy to 6 stocks.
2025-11-11 14:14:51,621 [INFO] Checking trade setups at 2025-11-11 14:14:51
2025-11-11 14:14:51,621 [INFO] Applying EMA strategy to 6 stocks.
2025-11-11 14:15:11,084 [INFO] Checking trade setups at 2025-11-11 14:15:11
2025-11-11 14:15:11,086 [INFO] Applying EMA strategy to 6 stocks.
2025-11-11 14:15:28,292 [INFO] Checking trade setups at 2025-11-11 14:15:28
2025-11-11 14:15:28,292 [INFO] Applying EMA strategy to 6 stocks.
2025-11-11 14:15:43,383 [INFO] Checking trade setups at 2025-11-11 14:15:43
2025-11-11 14:15:43,383 [INFO] Applying EMA strategy to 6 stocks.
2025-11-11 14:15:59,515 [INFO] Checking trade setups at 2025-11-11 14:15:59
2025-11-11 14:15:59,515 [INFO] Applying EMA strategy to 6 stocks.
2025-11-11 14:16:14,976 [INFO] Checking trade setups at 2025-11-11 14:16:14
2025-11-11 14:16:14,978 [INFO] Applying EMA strategy to 6 stocks.
2025-11-11 14:16:28,802 [INFO] Checking trade setups at 2025-11-11 14:16:28
2025-11-11 14:16:28,802 [INFO] Applying EMA strategy to 6 stocks.
2025-11-11 14:16:44,763 [INFO] Checking trade setups at 2025-11-11 14:16:44
2025-11-11 14:16:44,763 [INFO] Applying EMA strategy to 6 stocks.
2025-11-11 14:16:59,346 [INFO] Checking trade setups at 2025-11-11 14:16:59
2025-11-11 14:16:59,346 [INFO] Applying EMA strategy to 6 stocks.
2025-11-11 14:17:13,755 [INFO] Checking trade setups at 2025-11-11 14:17:13
2025-11-11 14:17:13,755 [INFO] Applying EMA strategy to 6 stocks.
2025-11-11 14:17:29,326 [INFO] Checking trade setups at 2025-11-11 14:17:29
2025-11-11 14:17:29,326 [INFO] Applying EMA strategy to 6 stocks.
2025-11-11 14:17:46,838 [INFO] Checking trade setups at 2025-11-11 14:17:46
2025-11-11 14:17:46,838 [INFO] Applying EMA strategy to 6 stocks.
2025-11-11 14:18:02,523 [INFO] Checking trade setups at 2025-11-11 14:18:02
2025-11-11 14:18:02,524 [INFO] Applying EMA strategy to 6 stocks.
2025-11-11 14:18:18,680 [INFO] Checking trade setups at 2025-11-11 14:18:18
2025-11-11 14:18:18,680 [INFO] Applying EMA strategy to 6 stocks.
2025-11-11 14:18:34,261 [INFO] Checking trade setups at 2025-11-11 14:18:34
2025-11-11 14:18:34,261 [INFO] Applying EMA strategy to 6 stocks.
2025-11-11 14:18:53,396 [INFO] Checking trade setups at 2025-11-11 14:18:53
2025-11-11 14:18:53,396 [INFO] Applying EMA strategy to 6 stocks.
2025-11-11 14:19:08,857 [INFO] Checking trade setups at 2025-11-11 14:19:08
2025-11-11 14:19:08,857 [INFO] Applying EMA strategy to 6 stocks.
2025-11-11 14:19:24,117 [INFO] Checking trade setups at 2025-11-11 14:19:24
2025-11-11 14:19:24,117 [INFO] Applying EMA strategy to 6 stocks.
2025-11-11 14:19:39,380 [INFO] Checking trade setups at 2025-11-11 14:19:39
2025-11-11 14:19:39,380 [INFO] Applying EMA strategy to 6 stocks.
2025-11-11 14:19:55,097 [INFO] Checking trade setups at 2025-11-11 14:19:55
2025-11-11 14:19:55,097 [INFO] Applying EMA strategy to 6 stocks.
2025-11-11 14:20:12,056 [INFO] Checking trade setups at 2025-11-11 14:20:12
2025-11-11 14:20:12,056 [INFO] Applying EMA strategy to 6 stocks.
2025-11-11 14:20:27,609 [INFO] Checking trade setups at 2025-11-11 14:20:27
2025-11-11 14:20:27,609 [INFO] Applying EMA strategy to 6 stocks.
2025-11-11 14:20:42,052 [INFO] Checking trade setups at 2025-11-11 14:20:42
2025-11-11 14:20:42,052 [INFO] Applying EMA strategy to 6 stocks.
2025-11-11 14:20:56,316 [INFO] Checking trade setups at 2025-11-11 14:20:56
2025-11-11 14:20:56,316 [INFO] Applying EMA strategy to 6 stocks.
2025-11-11 14:21:10,817 [INFO] Checking trade setups at 2025-11-11 14:21:10
2025-11-11 14:21:10,817 [INFO] Applying EMA strategy to 6 stocks.
2025-11-11 14:21:24,854 [INFO] Checking trade setups at 2025-11-11 14:21:24
2025-11-11 14:21:24,854 [INFO] Applying EMA strategy to 6 stocks.
2025-11-11 14:21:41,741 [INFO] Checking trade setups at 2025-11-11 14:21:41
2025-11-11 14:21:41,741 [INFO] Applying EMA strategy to 6 stocks.
2025-11-11 14:21:56,818 [INFO] Checking trade setups at 2025-11-11 14:21:56
2025-11-11 14:21:56,818 [INFO] Applying EMA strategy to 6 stocks.
2025-11-11 14:22:23,465 [INFO] Checking trade setups at 2025-11-11 14:22:23
2025-11-11 14:22:23,465 [INFO] Applying EMA strategy to 6 stocks.
2025-11-11 14:22:42,584 [INFO] Checking trade setups at 2025-11-11 14:22:42
2025-11-11 14:22:42,584 [INFO] Applying EMA strategy to 6 stocks.
2025-11-11 14:22:59,166 [INFO] Checking trade setups at 2025-11-11 14:22:59
2025-11-11 14:22:59,166 [INFO] Applying EMA strategy to 6 stocks.
2025-11-11 14:23:02,098 [INFO] Executing trade for NSE:KEC-EQ: {'timestamp': '2025-11-11 14:20', 'action': 'SELL', 'entry_price': 760.4, 'stop_loss': 762.9, 'target': 752.9}
2025-11-11 14:23:02,098 [INFO] after SL after filtering the final SL:2.5, final_target:752.9, qty:40
2025-11-11 14:23:02,113 [INFO] Max trades reached. Skipping new orders.
2025-11-11 14:23:14,252 [INFO] Checking trade setups at 2025-11-11 14:23:14
2025-11-11 14:23:14,252 [INFO] Applying EMA strategy to 6 stocks.
2025-11-11 14:23:29,614 [INFO] Checking trade setups at 2025-11-11 14:23:29
2025-11-11 14:23:29,614 [INFO] Applying EMA strategy to 6 stocks.
2025-11-11 14:23:44,538 [INFO] Checking trade setups at 2025-11-11 14:23:44
2025-11-11 14:23:44,538 [INFO] Applying EMA strategy to 6 stocks.
2025-11-11 14:23:59,381 [INFO] Checking trade setups at 2025-11-11 14:23:59
2025-11-11 14:23:59,381 [INFO] Applying EMA strategy to 6 stocks.
2025-11-11 14:24:14,864 [INFO] Checking trade setups at 2025-11-11 14:24:14
2025-11-11 14:24:14,864 [INFO] Applying EMA strategy to 6 stocks.
2025-11-11 14:24:31,427 [INFO] Checking trade setups at 2025-11-11 14:24:31
2025-11-11 14:24:31,427 [INFO] Applying EMA strategy to 6 stocks.
2025-11-11 14:24:46,591 [INFO] Checking trade setups at 2025-11-11 14:24:46
2025-11-11 14:24:46,591 [INFO] Applying EMA strategy to 6 stocks.
2025-11-11 14:25:03,173 [INFO] Checking trade setups at 2025-11-11 14:25:03
2025-11-11 14:25:03,173 [INFO] Applying EMA strategy to 6 stocks.
2025-11-11 14:25:18,066 [INFO] Checking trade setups at 2025-11-11 14:25:18
2025-11-11 14:25:18,066 [INFO] Applying EMA strategy to 6 stocks.
2025-11-11 14:25:33,700 [INFO] Checking trade setups at 2025-11-11 14:25:33
2025-11-11 14:25:33,704 [INFO] Applying EMA strategy to 6 stocks.
2025-11-11 14:25:49,155 [INFO] Checking trade setups at 2025-11-11 14:25:49
2025-11-11 14:25:49,155 [INFO] Applying EMA strategy to 6 stocks.
2025-11-11 14:26:03,498 [INFO] Checking trade setups at 2025-11-11 14:26:03
2025-11-11 14:26:03,499 [INFO] Applying EMA strategy to 6 stocks.
2025-11-11 14:26:18,443 [INFO] Checking trade setups at 2025-11-11 14:26:18
2025-11-11 14:26:18,443 [INFO] Applying EMA strategy to 6 stocks.
2025-11-11 14:26:37,983 [INFO] Checking trade setups at 2025-11-11 14:26:37
2025-11-11 14:26:37,983 [INFO] Applying EMA strategy to 6 stocks.
2025-11-11 14:26:53,284 [INFO] Checking trade setups at 2025-11-11 14:26:53
2025-11-11 14:26:53,284 [INFO] Applying EMA strategy to 6 stocks.
2025-11-11 14:26:54,629 [INFO] Executing trade for NSE:MMTC-EQ: {'timestamp': '2025-11-11 14:25', 'action': 'SELL', 'entry_price': 66.71, 'stop_loss': 66.85, 'target': 66.28999999999999}
2025-11-11 14:26:54,629 [INFO] after SL after filtering the final SL:0.51, final_target:65.18, qty:196
2025-11-11 14:26:54,643 [INFO] Max trades reached. Skipping new orders.
2025-11-11 14:27:07,918 [INFO] Checking trade setups at 2025-11-11 14:27:07
2025-11-11 14:27:07,918 [INFO] Applying EMA strategy to 6 stocks.
2025-11-11 14:27:22,444 [INFO] Checking trade setups at 2025-11-11 14:27:22
2025-11-11 14:27:22,445 [INFO] Applying EMA strategy to 6 stocks.
2025-11-11 14:27:37,203 [INFO] Checking trade setups at 2025-11-11 14:27:37
2025-11-11 14:27:37,203 [INFO] Applying EMA strategy to 6 stocks.
2025-11-11 14:27:53,782 [INFO] Checking trade setups at 2025-11-11 14:27:53
2025-11-11 14:27:53,782 [INFO] Applying EMA strategy to 6 stocks.
2025-11-11 14:28:09,781 [INFO] Checking trade setups at 2025-11-11 14:28:09
2025-11-11 14:28:09,781 [INFO] Applying EMA strategy to 6 stocks.
2025-11-11 14:28:24,343 [INFO] Checking trade setups at 2025-11-11 14:28:24
2025-11-11 14:28:24,343 [INFO] Applying EMA strategy to 6 stocks.
2025-11-11 14:28:39,366 [INFO] Checking trade setups at 2025-11-11 14:28:39
2025-11-11 14:28:39,366 [INFO] Applying EMA strategy to 6 stocks.
2025-11-11 14:28:54,948 [INFO] Checking trade setups at 2025-11-11 14:28:54
2025-11-11 14:28:54,948 [INFO] Applying EMA strategy to 6 stocks.
2025-11-11 14:29:11,107 [INFO] Checking trade setups at 2025-11-11 14:29:11
2025-11-11 14:29:11,107 [INFO] Applying EMA strategy to 6 stocks.
2025-11-11 14:29:27,178 [INFO] Checking trade setups at 2025-11-11 14:29:27
2025-11-11 14:29:27,178 [INFO] Applying EMA strategy to 6 stocks.
2025-11-11 14:29:42,065 [INFO] Checking trade setups at 2025-11-11 14:29:42
2025-11-11 14:29:42,065 [INFO] Applying EMA strategy to 6 stocks.
2025-11-11 14:29:58,567 [INFO] Checking trade setups at 2025-11-11 14:29:58
2025-11-11 14:29:58,568 [INFO] Applying EMA strategy to 6 stocks.
2025-11-11 14:30:14,998 [INFO] Checking trade setups at 2025-11-11 14:30:14
2025-11-11 14:30:14,998 [INFO] Applying EMA strategy to 6 stocks.
2025-11-11 14:30:29,446 [INFO] Checking trade setups at 2025-11-11 14:30:29
2025-11-11 14:30:29,446 [INFO] Applying EMA strategy to 6 stocks.
2025-11-11 14:30:45,308 [INFO] Checking trade setups at 2025-11-11 14:30:45
2025-11-11 14:30:45,308 [INFO] Applying EMA strategy to 6 stocks.
2025-11-11 14:31:01,303 [INFO] Checking trade setups at 2025-11-11 14:31:01
2025-11-11 14:31:01,303 [INFO] Applying EMA strategy to 6 stocks.
2025-11-11 14:31:15,928 [INFO] Checking trade setups at 2025-11-11 14:31:15
2025-11-11 14:31:15,928 [INFO] Applying EMA strategy to 6 stocks.
2025-11-11 14:31:40,713 [INFO] Checking trade setups at 2025-11-11 14:31:40
2025-11-11 14:31:40,713 [INFO] Applying EMA strategy to 6 stocks.
2025-11-11 14:31:55,249 [INFO] Checking trade setups at 2025-11-11 14:31:55
2025-11-11 14:31:55,249 [INFO] Applying EMA strategy to 6 stocks.
2025-11-11 14:32:12,160 [INFO] Checking trade setups at 2025-11-11 14:32:12
2025-11-11 14:32:12,160 [INFO] Applying EMA strategy to 6 stocks.
2025-11-11 14:32:27,414 [INFO] Checking trade setups at 2025-11-11 14:32:27
2025-11-11 14:32:27,414 [INFO] Applying EMA strategy to 6 stocks.
2025-11-11 14:32:42,667 [INFO] Checking trade setups at 2025-11-11 14:32:42
2025-11-11 14:32:42,667 [INFO] Applying EMA strategy to 6 stocks.
2025-11-11 14:32:57,413 [INFO] Checking trade setups at 2025-11-11 14:32:57
2025-11-11 14:32:57,413 [INFO] Applying EMA strategy to 6 stocks.
2025-11-11 14:33:12,360 [INFO] Checking trade setups at 2025-11-11 14:33:12
2025-11-11 14:33:12,360 [INFO] Applying EMA strategy to 6 stocks.
2025-11-11 14:33:30,608 [INFO] Checking trade setups at 2025-11-11 14:33:30
2025-11-11 14:33:30,608 [INFO] Applying EMA strategy to 6 stocks.
2025-11-11 14:33:46,080 [INFO] Checking trade setups at 2025-11-11 14:33:46
2025-11-11 14:33:46,080 [INFO] Applying EMA strategy to 6 stocks.
2025-11-11 14:34:00,630 [INFO] Checking trade setups at 2025-11-11 14:34:00
2025-11-11 14:34:00,630 [INFO] Applying EMA strategy to 6 stocks.
2025-11-11 14:34:15,984 [INFO] Checking trade setups at 2025-11-11 14:34:15
2025-11-11 14:34:15,984 [INFO] Applying EMA strategy to 6 stocks.
2025-11-11 14:34:31,930 [INFO] Checking trade setups at 2025-11-11 14:34:31
2025-11-11 14:34:31,930 [INFO] Applying EMA strategy to 6 stocks.
2025-11-11 14:34:46,468 [INFO] Checking trade setups at 2025-11-11 14:34:46
2025-11-11 14:34:46,468 [INFO] Applying EMA strategy to 6 stocks.
2025-11-11 14:35:02,355 [INFO] Checking trade setups at 2025-11-11 14:35:02
2025-11-11 14:35:02,357 [INFO] Applying EMA strategy to 6 stocks.
2025-11-11 14:35:19,873 [INFO] Checking trade setups at 2025-11-11 14:35:19
2025-11-11 14:35:19,873 [INFO] Applying EMA strategy to 6 stocks.
2025-11-11 14:35:34,531 [INFO] Checking trade setups at 2025-11-11 14:35:34
2025-11-11 14:35:34,531 [INFO] Applying EMA strategy to 6 stocks.
2025-11-11 14:35:52,729 [INFO] Checking trade setups at 2025-11-11 14:35:52
2025-11-11 14:35:52,729 [INFO] Applying EMA strategy to 6 stocks.
2025-11-11 14:36:07,784 [INFO] Checking trade setups at 2025-11-11 14:36:07
2025-11-11 14:36:07,784 [INFO] Applying EMA strategy to 6 stocks.
2025-11-11 14:36:24,389 [INFO] Checking trade setups at 2025-11-11 14:36:24
2025-11-11 14:36:24,389 [INFO] Applying EMA strategy to 6 stocks.
2025-11-11 14:36:38,504 [INFO] Checking trade setups at 2025-11-11 14:36:38
2025-11-11 14:36:38,504 [INFO] Applying EMA strategy to 6 stocks.
2025-11-11 14:36:53,453 [INFO] Checking trade setups at 2025-11-11 14:36:53
2025-11-11 14:36:53,453 [INFO] Applying EMA strategy to 6 stocks.
2025-11-11 14:36:58,124 [INFO] Executing trade for NSE:INTELLECT-EQ: {'timestamp': '2025-11-11 14:35', 'action': 'SELL', 'entry_price': 1099.7, 'stop_loss': 1100.4, 'target': 1097.6}
2025-11-11 14:36:58,125 [INFO] after SL after filtering the final SL:0.7, final_target:1097.6, qty:142
2025-11-11 14:36:58,139 [INFO] Max trades reached. Skipping new orders.
2025-11-11 14:37:08,143 [INFO] Checking trade setups at 2025-11-11 14:37:08
2025-11-11 14:37:08,143 [INFO] Applying EMA strategy to 6 stocks.
2025-11-11 14:37:22,534 [INFO] Checking trade setups at 2025-11-11 14:37:22
2025-11-11 14:37:22,534 [INFO] Applying EMA strategy to 6 stocks.
2025-11-11 14:37:37,688 [INFO] Checking trade setups at 2025-11-11 14:37:37
2025-11-11 14:37:37,688 [INFO] Applying EMA strategy to 6 stocks.
2025-11-11 14:37:52,944 [INFO] Checking trade setups at 2025-11-11 14:37:52
2025-11-11 14:37:52,944 [INFO] Applying EMA strategy to 6 stocks.
2025-11-11 14:38:07,709 [INFO] Checking trade setups at 2025-11-11 14:38:07
2025-11-11 14:38:07,709 [INFO] Applying EMA strategy to 6 stocks.
2025-11-11 14:38:22,693 [INFO] Checking trade setups at 2025-11-11 14:38:22
2025-11-11 14:38:22,693 [INFO] Applying EMA strategy to 6 stocks.
2025-11-11 14:38:47,557 [INFO] Checking trade setups at 2025-11-11 14:38:47
2025-11-11 14:38:47,557 [INFO] Applying EMA strategy to 6 stocks.
2025-11-11 14:39:01,574 [INFO] Checking trade setups at 2025-11-11 14:39:01
2025-11-11 14:39:01,574 [INFO] Applying EMA strategy to 6 stocks.
2025-11-11 14:39:19,131 [INFO] Checking trade setups at 2025-11-11 14:39:19
2025-11-11 14:39:19,131 [INFO] Applying EMA strategy to 6 stocks.
2025-11-11 14:39:35,761 [INFO] Checking trade setups at 2025-11-11 14:39:35
2025-11-11 14:39:35,761 [INFO] Applying EMA strategy to 6 stocks.
2025-11-11 14:39:53,886 [INFO] Checking trade setups at 2025-11-11 14:39:53
2025-11-11 14:39:53,886 [INFO] Applying EMA strategy to 6 stocks.
2025-11-11 14:40:09,368 [INFO] Checking trade setups at 2025-11-11 14:40:09
2025-11-11 14:40:09,368 [INFO] Applying EMA strategy to 6 stocks.
2025-11-11 14:40:31,058 [INFO] Checking trade setups at 2025-11-11 14:40:31
2025-11-11 14:40:31,058 [INFO] Applying EMA strategy to 6 stocks.
2025-11-11 14:40:46,453 [INFO] Checking trade setups at 2025-11-11 14:40:46
2025-11-11 14:40:46,453 [INFO] Applying EMA strategy to 6 stocks.
2025-11-11 14:41:03,518 [INFO] Checking trade setups at 2025-11-11 14:41:03
2025-11-11 14:41:03,518 [INFO] Applying EMA strategy to 6 stocks.
2025-11-11 14:41:06,258 [INFO] Executing trade for NSE:IDEA-EQ: {'timestamp': '2025-11-11 14:40', 'action': 'SELL', 'entry_price': 10.23, 'stop_loss': 10.28, 'target': 10.080000000000004}
2025-11-11 14:41:06,258 [INFO] after SL after filtering the final SL:0.51, final_target:8.7, qty:196
2025-11-11 14:41:06,271 [INFO] Max trades reached. Skipping new orders.
2025-11-11 14:41:21,448 [INFO] Checking trade setups at 2025-11-11 14:41:21
2025-11-11 14:41:21,448 [INFO] Applying EMA strategy to 6 stocks.
2025-11-11 14:41:36,358 [INFO] Checking trade setups at 2025-11-11 14:41:36
2025-11-11 14:41:36,358 [INFO] Applying EMA strategy to 6 stocks.
2025-11-11 14:41:52,892 [INFO] Checking trade setups at 2025-11-11 14:41:52
2025-11-11 14:41:52,892 [INFO] Applying EMA strategy to 6 stocks.
2025-11-11 14:42:08,242 [INFO] Checking trade setups at 2025-11-11 14:42:08
2025-11-11 14:42:08,242 [INFO] Applying EMA strategy to 6 stocks.
2025-11-11 14:42:23,418 [INFO] Checking trade setups at 2025-11-11 14:42:23
2025-11-11 14:42:23,418 [INFO] Applying EMA strategy to 6 stocks.
2025-11-11 14:42:42,553 [INFO] Checking trade setups at 2025-11-11 14:42:42
2025-11-11 14:42:42,553 [INFO] Applying EMA strategy to 6 stocks.
2025-11-11 14:42:57,914 [INFO] Checking trade setups at 2025-11-11 14:42:57
2025-11-11 14:42:57,914 [INFO] Applying EMA strategy to 6 stocks.
2025-11-11 14:43:12,241 [INFO] Checking trade setups at 2025-11-11 14:43:12
2025-11-11 14:43:12,241 [INFO] Applying EMA strategy to 6 stocks.
2025-11-11 14:43:28,116 [INFO] Checking trade setups at 2025-11-11 14:43:28
2025-11-11 14:43:28,116 [INFO] Applying EMA strategy to 6 stocks.
2025-11-11 14:43:43,680 [INFO] Checking trade setups at 2025-11-11 14:43:43
2025-11-11 14:43:43,680 [INFO] Applying EMA strategy to 6 stocks.
2025-11-11 14:43:58,215 [INFO] Checking trade setups at 2025-11-11 14:43:58
2025-11-11 14:43:58,215 [INFO] Applying EMA strategy to 6 stocks.
2025-11-11 14:44:13,783 [INFO] Checking trade setups at 2025-11-11 14:44:13
2025-11-11 14:44:13,783 [INFO] Applying EMA strategy to 6 stocks.
2025-11-11 14:44:28,325 [INFO] Checking trade setups at 2025-11-11 14:44:28
2025-11-11 14:44:28,325 [INFO] Applying EMA strategy to 6 stocks.
2025-11-11 14:44:43,074 [INFO] Checking trade setups at 2025-11-11 14:44:43
2025-11-11 14:44:43,074 [INFO] Applying EMA strategy to 6 stocks.
2025-11-11 14:45:00,505 [INFO] Checking trade setups at 2025-11-11 14:45:00
2025-11-11 14:45:00,505 [INFO] Applying EMA strategy to 6 stocks.
2025-11-11 14:45:16,049 [INFO] Checking trade setups at 2025-11-11 14:45:16
2025-11-11 14:45:16,049 [INFO] Applying EMA strategy to 6 stocks.
2025-11-11 14:45:31,307 [INFO] Checking trade setups at 2025-11-11 14:45:31
2025-11-11 14:45:31,307 [INFO] Applying EMA strategy to 6 stocks.
2025-11-11 14:45:46,085 [INFO] Checking trade setups at 2025-11-11 14:45:46
2025-11-11 14:45:46,085 [INFO] Applying EMA strategy to 6 stocks.
2025-11-11 14:46:01,250 [INFO] Checking trade setups at 2025-11-11 14:46:01
2025-11-11 14:46:01,250 [INFO] Applying EMA strategy to 6 stocks.
2025-11-11 14:46:15,569 [INFO] Checking trade setups at 2025-11-11 14:46:15
2025-11-11 14:46:15,569 [INFO] Applying EMA strategy to 6 stocks.
2025-11-11 14:46:31,750 [INFO] Checking trade setups at 2025-11-11 14:46:31
2025-11-11 14:46:31,751 [INFO] Applying EMA strategy to 6 stocks.
2025-11-11 14:46:47,024 [INFO] Checking trade setups at 2025-11-11 14:46:47
2025-11-11 14:46:47,024 [INFO] Applying EMA strategy to 6 stocks.
2025-11-11 14:47:01,849 [INFO] Checking trade setups at 2025-11-11 14:47:01
2025-11-11 14:47:01,849 [INFO] Applying EMA strategy to 6 stocks.
2025-11-11 14:47:18,532 [INFO] Checking trade setups at 2025-11-11 14:47:18
2025-11-11 14:47:18,532 [INFO] Applying EMA strategy to 6 stocks.
2025-11-11 14:47:33,370 [INFO] Checking trade setups at 2025-11-11 14:47:33
2025-11-11 14:47:33,370 [INFO] Applying EMA strategy to 6 stocks.
2025-11-11 14:47:48,344 [INFO] Checking trade setups at 2025-11-11 14:47:48
2025-11-11 14:47:48,344 [INFO] Applying EMA strategy to 6 stocks.
2025-11-11 14:48:06,348 [INFO] Checking trade setups at 2025-11-11 14:48:06
2025-11-11 14:48:06,348 [INFO] Applying EMA strategy to 6 stocks.
2025-11-11 14:48:21,200 [INFO] Checking trade setups at 2025-11-11 14:48:21
2025-11-11 14:48:21,200 [INFO] Applying EMA strategy to 6 stocks.
2025-11-11 14:48:36,782 [INFO] Checking trade setups at 2025-11-11 14:48:36
2025-11-11 14:48:36,782 [INFO] Applying EMA strategy to 6 stocks.
2025-11-11 14:48:51,098 [INFO] Checking trade setups at 2025-11-11 14:48:51
2025-11-11 14:48:51,098 [INFO] Applying EMA strategy to 6 stocks.
2025-11-11 14:49:06,563 [INFO] Checking trade setups at 2025-11-11 14:49:06
2025-11-11 14:49:06,563 [INFO] Applying EMA strategy to 6 stocks.
2025-11-11 14:49:21,608 [INFO] Checking trade setups at 2025-11-11 14:49:21
2025-11-11 14:49:21,608 [INFO] Applying EMA strategy to 6 stocks.
2025-11-11 14:49:36,335 [INFO] Checking trade setups at 2025-11-11 14:49:36
2025-11-11 14:49:36,335 [INFO] Applying EMA strategy to 6 stocks.
2025-11-11 14:49:51,832 [INFO] Checking trade setups at 2025-11-11 14:49:51
2025-11-11 14:49:51,832 [INFO] Applying EMA strategy to 6 stocks.
2025-11-11 14:50:09,044 [INFO] Checking trade setups at 2025-11-11 14:50:09
2025-11-11 14:50:09,044 [INFO] Applying EMA strategy to 6 stocks.
2025-11-11 14:50:26,024 [INFO] Checking trade setups at 2025-11-11 14:50:26
2025-11-11 14:50:26,024 [INFO] Applying EMA strategy to 6 stocks.
2025-11-11 14:50:44,170 [INFO] Checking trade setups at 2025-11-11 14:50:44
2025-11-11 14:50:44,170 [INFO] Applying EMA strategy to 6 stocks.
2025-11-11 14:50:45,522 [INFO] Executing trade for NSE:MMTC-EQ: {'timestamp': '2025-11-11 14:50', 'action': 'SELL', 'entry_price': 66.75, 'stop_loss': 66.89, 'target': 66.33}
2025-11-11 14:50:45,522 [INFO] after SL after filtering the final SL:0.51, final_target:65.22, qty:196
2025-11-11 14:50:45,537 [INFO] Max trades reached. Skipping new orders.
2025-11-11 14:50:58,693 [INFO] Checking trade setups at 2025-11-11 14:50:58
2025-11-11 14:50:58,693 [INFO] Applying EMA strategy to 6 stocks.
2025-11-11 14:51:14,373 [INFO] Checking trade setups at 2025-11-11 14:51:14
2025-11-11 14:51:14,373 [INFO] Applying EMA strategy to 6 stocks.
2025-11-11 14:51:29,308 [INFO] Checking trade setups at 2025-11-11 14:51:29
2025-11-11 14:51:29,308 [INFO] Applying EMA strategy to 6 stocks.
2025-11-11 14:51:43,749 [INFO] Checking trade setups at 2025-11-11 14:51:43
2025-11-11 14:51:43,749 [INFO] Applying EMA strategy to 6 stocks.
2025-11-11 14:52:00,358 [INFO] Checking trade setups at 2025-11-11 14:52:00
2025-11-11 14:52:00,358 [INFO] Applying EMA strategy to 6 stocks.
2025-11-11 14:52:14,772 [INFO] Checking trade setups at 2025-11-11 14:52:14
2025-11-11 14:52:14,772 [INFO] Applying EMA strategy to 6 stocks.
2025-11-11 14:52:31,985 [INFO] Checking trade setups at 2025-11-11 14:52:31
2025-11-11 14:52:31,985 [INFO] Applying EMA strategy to 6 stocks.
2025-11-11 14:52:47,569 [INFO] Checking trade setups at 2025-11-11 14:52:47
2025-11-11 14:52:47,569 [INFO] Applying EMA strategy to 6 stocks.
2025-11-11 14:53:03,003 [INFO] Checking trade setups at 2025-11-11 14:53:03
2025-11-11 14:53:03,003 [INFO] Applying EMA strategy to 6 stocks.
2025-11-11 14:53:18,059 [INFO] Checking trade setups at 2025-11-11 14:53:18
2025-11-11 14:53:18,059 [INFO] Applying EMA strategy to 6 stocks.
2025-11-11 14:53:34,142 [INFO] Checking trade setups at 2025-11-11 14:53:34
2025-11-11 14:53:34,142 [INFO] Applying EMA strategy to 6 stocks.
2025-11-11 14:53:49,004 [INFO] Checking trade setups at 2025-11-11 14:53:49
2025-11-11 14:53:49,004 [INFO] Applying EMA strategy to 6 stocks.
2025-11-11 14:54:04,041 [INFO] Checking trade setups at 2025-11-11 14:54:04
2025-11-11 14:54:04,041 [INFO] Applying EMA strategy to 6 stocks.
2025-11-11 14:54:18,483 [INFO] Checking trade setups at 2025-11-11 14:54:18
2025-11-11 14:54:18,483 [INFO] Applying EMA strategy to 6 stocks.
2025-11-11 14:54:33,953 [INFO] Checking trade setups at 2025-11-11 14:54:33
2025-11-11 14:54:33,953 [INFO] Applying EMA strategy to 6 stocks.
2025-11-11 14:54:48,903 [INFO] Checking trade setups at 2025-11-11 14:54:48
2025-11-11 14:54:48,903 [INFO] Applying EMA strategy to 6 stocks.
2025-11-11 14:55:03,430 [INFO] Checking trade setups at 2025-11-11 14:55:03
2025-11-11 14:55:03,430 [INFO] Applying EMA strategy to 6 stocks.
2025-11-11 14:55:19,403 [INFO] Checking trade setups at 2025-11-11 14:55:19
2025-11-11 14:55:19,403 [INFO] Applying EMA strategy to 6 stocks.
2025-11-11 14:55:33,564 [INFO] Checking trade setups at 2025-11-11 14:55:33
2025-11-11 14:55:33,564 [INFO] Applying EMA strategy to 6 stocks.
2025-11-11 14:55:47,854 [INFO] Checking trade setups at 2025-11-11 14:55:47
2025-11-11 14:55:47,855 [INFO] Applying EMA strategy to 6 stocks.
2025-11-11 14:56:04,326 [INFO] Checking trade setups at 2025-11-11 14:56:04
2025-11-11 14:56:04,326 [INFO] Applying EMA strategy to 6 stocks.
2025-11-11 14:56:18,705 [INFO] Checking trade setups at 2025-11-11 14:56:18
2025-11-11 14:56:18,705 [INFO] Applying EMA strategy to 6 stocks.
2025-11-11 14:56:32,937 [INFO] Checking trade setups at 2025-11-11 14:56:32
2025-11-11 14:56:32,937 [INFO] Applying EMA strategy to 6 stocks.
2025-11-11 14:56:47,787 [INFO] Checking trade setups at 2025-11-11 14:56:47
2025-11-11 14:56:47,787 [INFO] Applying EMA strategy to 6 stocks.
2025-11-11 14:57:02,020 [INFO] Checking trade setups at 2025-11-11 14:57:02
2025-11-11 14:57:02,020 [INFO] Applying EMA strategy to 6 stocks.
2025-11-11 14:57:18,328 [INFO] Checking trade setups at 2025-11-11 14:57:18
2025-11-11 14:57:18,328 [INFO] Applying EMA strategy to 6 stocks.
2025-11-11 14:57:32,659 [INFO] Checking trade setups at 2025-11-11 14:57:32
2025-11-11 14:57:32,659 [INFO] Applying EMA strategy to 6 stocks.
2025-11-11 14:57:47,491 [INFO] Checking trade setups at 2025-11-11 14:57:47
2025-11-11 14:57:47,491 [INFO] Applying EMA strategy to 6 stocks.
2025-11-11 14:58:01,716 [INFO] Checking trade setups at 2025-11-11 14:58:01
2025-11-11 14:58:01,718 [INFO] Applying EMA strategy to 6 stocks.
2025-11-11 14:58:16,153 [INFO] Checking trade setups at 2025-11-11 14:58:16
2025-11-11 14:58:16,153 [INFO] Applying EMA strategy to 6 stocks.
2025-11-11 14:58:30,093 [INFO] Checking trade setups at 2025-11-11 14:58:30
2025-11-11 14:58:30,093 [INFO] Applying EMA strategy to 6 stocks.
2025-11-11 14:58:44,113 [INFO] Checking trade setups at 2025-11-11 14:58:44
2025-11-11 14:58:44,113 [INFO] Applying EMA strategy to 6 stocks.
2025-11-11 14:58:59,789 [INFO] Checking trade setups at 2025-11-11 14:58:59
2025-11-11 14:58:59,789 [INFO] Applying EMA strategy to 6 stocks.
2025-11-11 14:59:19,048 [INFO] Checking trade setups at 2025-11-11 14:59:19
2025-11-11 14:59:19,048 [INFO] Applying EMA strategy to 6 stocks.
2025-11-11 14:59:33,778 [INFO] Checking trade setups at 2025-11-11 14:59:33
2025-11-11 14:59:33,778 [INFO] Applying EMA strategy to 6 stocks.
2025-11-11 14:59:48,018 [INFO] Checking trade setups at 2025-11-11 14:59:48
2025-11-11 14:59:48,018 [INFO] Applying EMA strategy to 6 stocks.
2025-11-11 15:00:07,267 [INFO] Market closed. Sleeping for 60 seconds.
2025-11-11 15:01:07,268 [INFO] Market closed. Sleeping for 60 seconds.
2025-11-11 15:02:07,270 [INFO] Market closed. Sleeping for 60 seconds.
2025-11-11 15:03:07,272 [INFO] file filtered_stocks.csv deleted successfully
2025-11-11 15:03:07,272 [INFO] file filtered_stocks.json deleted successfully
2025-11-11 15:03:07,272 [INFO] file gapup_data.csv deleted successfully
2025-11-11 15:03:07,272 [INFO] file gapup_data.json does not exist
2025-11-11 15:03:07,272 [INFO] file trades.txt deleted successfully
2025-11-11 15:03:07,272 [INFO] file GapUp_stocks.json deleted successfully
2025-11-11 15:03:07,281 [INFO] file tamo.txt deleted successfully
2025-11-11 15:03:07,283 [INFO] Market closed for the day. Exiting...
