2025-11-17 08:54:17,185 [INFO] 🔹 Starting trading script...
2025-11-17 08:54:17,187 [INFO] file filtered_stocks.csv deleted successfully
2025-11-17 08:54:17,188 [INFO] file filtered_stocks.json does not exist
2025-11-17 08:54:17,190 [INFO] file gapup_data.csv deleted successfully
2025-11-17 08:54:17,190 [INFO] file gapup_data.json does not exist
2025-11-17 08:54:17,192 [INFO] file trades.txt deleted successfully
2025-11-17 08:54:17,196 [INFO] file GapUp_stocks.json deleted successfully
2025-11-17 08:54:17,199 [INFO] file tamo.txt does not exist
2025-11-17 08:54:17,200 [INFO] Authenticating with Fyers API...
2025-11-17 08:54:18,025 [INFO] Access token is not valid.
2025-11-17 08:54:18,943 [INFO] verify_client_id success
2025-11-17 08:54:18,946 [INFO] generate_totp success
2025-11-17 08:54:20,754 [INFO] verify_totp_result success
2025-11-17 08:54:22,214 [INFO] verify_pin_result success
2025-11-17 08:54:22,923 [INFO] token_result success
2025-11-17 08:54:23,638 [INFO] validate_authcode success
2025-11-17 08:54:23,681 [INFO] Authentication successful
2025-11-17 08:54:23,687 [INFO] Authentication successful.
2025-11-17 08:54:26,692 [INFO] Creating FyersModel instance with access token...
2025-11-17 08:54:26,692 [INFO] Authenticated Fyers instance created.
2025-11-17 08:54:26,692 [INFO] Fetching new gap-up stocks using WebSocket...
2025-11-17 08:54:27,464 [INFO] Loaded 209 symbols from Stock_list.xlsx.
2025-11-17 08:54:28,249 [INFO] Websocket connected
2025-11-17 08:54:28,459 [INFO] Response: {'type': 'cn', 'code': 200, 'message': 'Authentication done', 's': 'ok'}
2025-11-17 08:54:28,560 [INFO] Response: {'type': 'ful', 'code': 200, 'message': 'Full Mode On', 's': 'ok'}
2025-11-17 08:54:29,496 [INFO] WebSocket connection opened. Subscribing to data...
2025-11-17 08:54:30,726 [INFO] Response: {'type': 'sub', 'code': 200, 'message': 'Subscribed', 's': 'ok'}
2025-11-17 08:54:45,854 [INFO] Connection closed: {'code': 200, 'message': 'Connection Closed', 's': 'ok'}
2025-11-17 08:54:48,254 [INFO] Evaluating for gap-up stocks...
2025-11-17 08:54:48,254 [INFO] No gap-up stocks found.
2025-11-17 08:54:48,256 [INFO] Gap-up stocks found: 0
2025-11-17 08:54:48,258 [INFO] Symbol              Gap Up %    Avg Volume  Status
2025-11-17 08:54:48,258 [INFO] ------------------------------------------------------------
2025-11-17 08:54:48,276 [INFO] No stocks passed volume filter. Retrying (1)...
2025-11-17 08:54:51,286 [INFO] Symbol              Gap Up %    Avg Volume  Status
2025-11-17 08:54:51,286 [INFO] ------------------------------------------------------------
2025-11-17 08:54:51,291 [INFO] No stocks passed volume filter. Retrying (0)...
2025-11-17 08:54:54,295 [INFO] No stocks passed after retries. Exiting.
2025-11-17 09:15:45,103 [INFO] 🔹 Starting trading script...
2025-11-17 09:15:45,106 [INFO] file filtered_stocks.csv deleted successfully
2025-11-17 09:15:45,107 [INFO] file filtered_stocks.json does not exist
2025-11-17 09:15:45,107 [INFO] file gapup_data.csv does not exist
2025-11-17 09:15:45,108 [INFO] file gapup_data.json does not exist
2025-11-17 09:15:45,108 [INFO] file trades.txt does not exist
2025-11-17 09:15:45,111 [INFO] file GapUp_stocks.json deleted successfully
2025-11-17 09:15:45,112 [INFO] file tamo.txt does not exist
2025-11-17 09:15:45,112 [INFO] Authenticating with Fyers API...
2025-11-17 09:15:45,856 [INFO] Access token is valid.
2025-11-17 09:15:45,856 [INFO] Authentication successful.
2025-11-17 09:15:48,857 [INFO] Creating FyersModel instance with access token...
2025-11-17 09:15:48,857 [INFO] Authenticated Fyers instance created.
2025-11-17 09:15:48,859 [INFO] Fetching new gap-up stocks using WebSocket...
2025-11-17 09:15:49,354 [INFO] Loaded 209 symbols from Stock_list.xlsx.
2025-11-17 09:15:50,260 [INFO] Websocket connected
2025-11-17 09:15:50,359 [INFO] Response: {'type': 'cn', 'code': 200, 'message': 'Authentication done', 's': 'ok'}
2025-11-17 09:15:50,600 [INFO] Response: {'type': 'ful', 'code': 200, 'message': 'Full Mode On', 's': 'ok'}
2025-11-17 09:15:51,364 [INFO] WebSocket connection opened. Subscribing to data...
2025-11-17 09:15:52,709 [INFO] Response: {'type': 'sub', 'code': 200, 'message': 'Subscribed', 's': 'ok'}
2025-11-17 09:16:07,842 [INFO] Connection closed: {'code': 200, 'message': 'Connection Closed', 's': 'ok'}
2025-11-17 09:16:10,268 [INFO] Evaluating for gap-up stocks...
2025-11-17 09:16:10,284 [INFO] Gap-up stocks saved to gapup_data.csv with 1 entries.
2025-11-17 09:16:10,284 [INFO] Total gap-up stocks found: 1
2025-11-17 09:16:10,312 [INFO] Gap-up stocks found: 1
2025-11-17 09:16:10,934 [INFO] Symbol              Gap Up %    Avg Volume  Status
2025-11-17 09:16:10,934 [INFO] ------------------------------------------------------------
2025-11-17 09:16:10,934 [INFO] Included NSE:MARICO-EQ | Volume: 1713833
2025-11-17 09:16:10,961 [INFO] Entering monitoring loop...
2025-11-17 09:16:10,961 [INFO] Checking trade setups at 2025-11-17 09:16:10
2025-11-17 09:16:10,965 [INFO] Applying EMA strategy to 1 stocks.
2025-11-17 09:16:21,660 [INFO] Checking trade setups at 2025-11-17 09:16:21
2025-11-17 09:16:21,660 [INFO] Applying EMA strategy to 1 stocks.
2025-11-17 09:16:32,655 [INFO] Checking trade setups at 2025-11-17 09:16:32
2025-11-17 09:16:32,655 [INFO] Applying EMA strategy to 1 stocks.
2025-11-17 09:16:43,272 [INFO] Checking trade setups at 2025-11-17 09:16:43
2025-11-17 09:16:43,272 [INFO] Applying EMA strategy to 1 stocks.
2025-11-17 09:16:54,453 [INFO] Checking trade setups at 2025-11-17 09:16:54
2025-11-17 09:16:54,453 [INFO] Applying EMA strategy to 1 stocks.
2025-11-17 09:17:05,224 [INFO] Checking trade setups at 2025-11-17 09:17:05
2025-11-17 09:17:05,224 [INFO] Applying EMA strategy to 1 stocks.
2025-11-17 09:17:15,933 [INFO] Checking trade setups at 2025-11-17 09:17:15
2025-11-17 09:17:15,933 [INFO] Applying EMA strategy to 1 stocks.
2025-11-17 09:17:26,881 [INFO] Checking trade setups at 2025-11-17 09:17:26
2025-11-17 09:17:26,881 [INFO] Applying EMA strategy to 1 stocks.
2025-11-17 09:17:37,568 [INFO] Checking trade setups at 2025-11-17 09:17:37
2025-11-17 09:17:37,568 [INFO] Applying EMA strategy to 1 stocks.
2025-11-17 09:17:48,295 [INFO] Checking trade setups at 2025-11-17 09:17:48
2025-11-17 09:17:48,295 [INFO] Applying EMA strategy to 1 stocks.
2025-11-17 09:17:58,951 [INFO] Checking trade setups at 2025-11-17 09:17:58
2025-11-17 09:17:58,951 [INFO] Applying EMA strategy to 1 stocks.
2025-11-17 09:18:09,696 [INFO] Checking trade setups at 2025-11-17 09:18:09
2025-11-17 09:18:09,696 [INFO] Applying EMA strategy to 1 stocks.
2025-11-17 09:18:20,363 [INFO] Checking trade setups at 2025-11-17 09:18:20
2025-11-17 09:18:20,363 [INFO] Applying EMA strategy to 1 stocks.
2025-11-17 09:18:31,157 [INFO] Checking trade setups at 2025-11-17 09:18:31
2025-11-17 09:18:31,157 [INFO] Applying EMA strategy to 1 stocks.
2025-11-17 09:18:42,158 [INFO] Checking trade setups at 2025-11-17 09:18:42
2025-11-17 09:18:42,158 [INFO] Applying EMA strategy to 1 stocks.
2025-11-17 09:18:53,010 [INFO] Checking trade setups at 2025-11-17 09:18:53
2025-11-17 09:18:53,010 [INFO] Applying EMA strategy to 1 stocks.
2025-11-17 09:19:04,277 [INFO] Checking trade setups at 2025-11-17 09:19:04
2025-11-17 09:19:04,277 [INFO] Applying EMA strategy to 1 stocks.
2025-11-17 09:19:14,928 [INFO] Checking trade setups at 2025-11-17 09:19:14
2025-11-17 09:19:14,928 [INFO] Applying EMA strategy to 1 stocks.
2025-11-17 09:19:25,684 [INFO] Checking trade setups at 2025-11-17 09:19:25
2025-11-17 09:19:25,684 [INFO] Applying EMA strategy to 1 stocks.
2025-11-17 09:19:36,490 [INFO] Checking trade setups at 2025-11-17 09:19:36
2025-11-17 09:19:36,490 [INFO] Applying EMA strategy to 1 stocks.
2025-11-17 09:19:47,232 [INFO] Checking trade setups at 2025-11-17 09:19:47
2025-11-17 09:19:47,232 [INFO] Applying EMA strategy to 1 stocks.
2025-11-17 09:19:58,412 [INFO] Checking trade setups at 2025-11-17 09:19:58
2025-11-17 09:19:58,412 [INFO] Applying EMA strategy to 1 stocks.
2025-11-17 09:20:09,317 [INFO] Checking trade setups at 2025-11-17 09:20:09
2025-11-17 09:20:09,317 [INFO] Applying EMA strategy to 1 stocks.
2025-11-17 09:20:20,164 [INFO] Checking trade setups at 2025-11-17 09:20:20
2025-11-17 09:20:20,164 [INFO] Applying EMA strategy to 1 stocks.
2025-11-17 09:20:30,910 [INFO] Checking trade setups at 2025-11-17 09:20:30
2025-11-17 09:20:30,910 [INFO] Applying EMA strategy to 1 stocks.
2025-11-17 09:20:41,563 [INFO] Checking trade setups at 2025-11-17 09:20:41
2025-11-17 09:20:41,563 [INFO] Applying EMA strategy to 1 stocks.
2025-11-17 09:20:52,411 [INFO] Checking trade setups at 2025-11-17 09:20:52
2025-11-17 09:20:52,411 [INFO] Applying EMA strategy to 1 stocks.
2025-11-17 09:21:03,294 [INFO] Checking trade setups at 2025-11-17 09:21:03
2025-11-17 09:21:03,294 [INFO] Applying EMA strategy to 1 stocks.
2025-11-17 09:21:14,068 [INFO] Checking trade setups at 2025-11-17 09:21:14
2025-11-17 09:21:14,068 [INFO] Applying EMA strategy to 1 stocks.
2025-11-17 09:21:24,782 [INFO] Checking trade setups at 2025-11-17 09:21:24
2025-11-17 09:21:24,782 [INFO] Applying EMA strategy to 1 stocks.
2025-11-17 09:21:35,631 [INFO] Checking trade setups at 2025-11-17 09:21:35
2025-11-17 09:21:35,631 [INFO] Applying EMA strategy to 1 stocks.
2025-11-17 09:21:46,281 [INFO] Checking trade setups at 2025-11-17 09:21:46
2025-11-17 09:21:46,281 [INFO] Applying EMA strategy to 1 stocks.
2025-11-17 09:21:57,037 [INFO] Checking trade setups at 2025-11-17 09:21:57
2025-11-17 09:21:57,037 [INFO] Applying EMA strategy to 1 stocks.
2025-11-17 09:22:07,805 [INFO] Checking trade setups at 2025-11-17 09:22:07
2025-11-17 09:22:07,805 [INFO] Applying EMA strategy to 1 stocks.
2025-11-17 09:22:18,637 [INFO] Checking trade setups at 2025-11-17 09:22:18
2025-11-17 09:22:18,637 [INFO] Applying EMA strategy to 1 stocks.
2025-11-17 09:22:30,106 [INFO] Checking trade setups at 2025-11-17 09:22:30
2025-11-17 09:22:30,106 [INFO] Applying EMA strategy to 1 stocks.
2025-11-17 09:22:40,865 [INFO] Checking trade setups at 2025-11-17 09:22:40
2025-11-17 09:22:40,865 [INFO] Applying EMA strategy to 1 stocks.
2025-11-17 09:22:51,517 [INFO] Checking trade setups at 2025-11-17 09:22:51
2025-11-17 09:22:51,517 [INFO] Applying EMA strategy to 1 stocks.
2025-11-17 09:23:02,497 [INFO] Checking trade setups at 2025-11-17 09:23:02
2025-11-17 09:23:02,497 [INFO] Applying EMA strategy to 1 stocks.
2025-11-17 09:23:14,263 [INFO] Checking trade setups at 2025-11-17 09:23:14
2025-11-17 09:23:14,264 [INFO] Applying EMA strategy to 1 stocks.
2025-11-17 09:23:24,920 [INFO] Checking trade setups at 2025-11-17 09:23:24
2025-11-17 09:23:24,920 [INFO] Applying EMA strategy to 1 stocks.
2025-11-17 09:23:35,621 [INFO] Checking trade setups at 2025-11-17 09:23:35
2025-11-17 09:23:35,621 [INFO] Applying EMA strategy to 1 stocks.
2025-11-17 09:23:46,363 [INFO] Checking trade setups at 2025-11-17 09:23:46
2025-11-17 09:23:46,363 [INFO] Applying EMA strategy to 1 stocks.
2025-11-17 09:23:57,285 [INFO] Checking trade setups at 2025-11-17 09:23:57
2025-11-17 09:23:57,285 [INFO] Applying EMA strategy to 1 stocks.
2025-11-17 09:24:08,109 [INFO] Checking trade setups at 2025-11-17 09:24:08
2025-11-17 09:24:08,109 [INFO] Applying EMA strategy to 1 stocks.
2025-11-17 09:24:18,961 [INFO] Checking trade setups at 2025-11-17 09:24:18
2025-11-17 09:24:18,961 [INFO] Applying EMA strategy to 1 stocks.
2025-11-17 09:24:29,608 [INFO] Checking trade setups at 2025-11-17 09:24:29
2025-11-17 09:24:29,608 [INFO] Applying EMA strategy to 1 stocks.
2025-11-17 09:24:40,566 [INFO] Checking trade setups at 2025-11-17 09:24:40
2025-11-17 09:24:40,567 [INFO] Applying EMA strategy to 1 stocks.
2025-11-17 09:24:51,425 [INFO] Checking trade setups at 2025-11-17 09:24:51
2025-11-17 09:24:51,425 [INFO] Applying EMA strategy to 1 stocks.
2025-11-17 09:25:02,132 [INFO] Checking trade setups at 2025-11-17 09:25:02
2025-11-17 09:25:02,132 [INFO] Applying EMA strategy to 1 stocks.
2025-11-17 09:25:12,824 [INFO] Checking trade setups at 2025-11-17 09:25:12
2025-11-17 09:25:12,824 [INFO] Applying EMA strategy to 1 stocks.
2025-11-17 09:25:23,685 [INFO] Checking trade setups at 2025-11-17 09:25:23
2025-11-17 09:25:23,685 [INFO] Applying EMA strategy to 1 stocks.
2025-11-17 09:25:34,557 [INFO] Checking trade setups at 2025-11-17 09:25:34
2025-11-17 09:25:34,557 [INFO] Applying EMA strategy to 1 stocks.
2025-11-17 09:25:45,394 [INFO] Checking trade setups at 2025-11-17 09:25:45
2025-11-17 09:25:45,394 [INFO] Applying EMA strategy to 1 stocks.
2025-11-17 09:25:56,039 [INFO] Checking trade setups at 2025-11-17 09:25:56
2025-11-17 09:25:56,039 [INFO] Applying EMA strategy to 1 stocks.
2025-11-17 09:26:06,898 [INFO] Checking trade setups at 2025-11-17 09:26:06
2025-11-17 09:26:06,899 [INFO] Applying EMA strategy to 1 stocks.
2025-11-17 09:26:17,761 [INFO] Checking trade setups at 2025-11-17 09:26:17
2025-11-17 09:26:17,761 [INFO] Applying EMA strategy to 1 stocks.
2025-11-17 09:26:28,551 [INFO] Checking trade setups at 2025-11-17 09:26:28
2025-11-17 09:26:28,551 [INFO] Applying EMA strategy to 1 stocks.
2025-11-17 09:26:40,383 [INFO] Checking trade setups at 2025-11-17 09:26:40
2025-11-17 09:26:40,383 [INFO] Applying EMA strategy to 1 stocks.
2025-11-17 09:26:51,029 [INFO] Checking trade setups at 2025-11-17 09:26:51
2025-11-17 09:26:51,029 [INFO] Applying EMA strategy to 1 stocks.
2025-11-17 09:27:01,676 [INFO] Checking trade setups at 2025-11-17 09:27:01
2025-11-17 09:27:01,676 [INFO] Applying EMA strategy to 1 stocks.
2025-11-17 09:27:12,650 [INFO] Checking trade setups at 2025-11-17 09:27:12
2025-11-17 09:27:12,651 [INFO] Applying EMA strategy to 1 stocks.
2025-11-17 09:27:23,536 [INFO] Checking trade setups at 2025-11-17 09:27:23
2025-11-17 09:27:23,536 [INFO] Applying EMA strategy to 1 stocks.
2025-11-17 09:27:34,136 [INFO] Checking trade setups at 2025-11-17 09:27:34
2025-11-17 09:27:34,136 [INFO] Applying EMA strategy to 1 stocks.
2025-11-17 09:27:44,907 [INFO] Checking trade setups at 2025-11-17 09:27:44
2025-11-17 09:27:44,907 [INFO] Applying EMA strategy to 1 stocks.
2025-11-17 09:27:55,645 [INFO] Checking trade setups at 2025-11-17 09:27:55
2025-11-17 09:27:55,645 [INFO] Applying EMA strategy to 1 stocks.
2025-11-17 09:28:06,368 [INFO] Checking trade setups at 2025-11-17 09:28:06
2025-11-17 09:28:06,368 [INFO] Applying EMA strategy to 1 stocks.
2025-11-17 09:28:17,062 [INFO] Checking trade setups at 2025-11-17 09:28:17
2025-11-17 09:28:17,062 [INFO] Applying EMA strategy to 1 stocks.
2025-11-17 09:28:27,949 [INFO] Checking trade setups at 2025-11-17 09:28:27
2025-11-17 09:28:27,949 [INFO] Applying EMA strategy to 1 stocks.
2025-11-17 09:28:38,722 [INFO] Checking trade setups at 2025-11-17 09:28:38
2025-11-17 09:28:38,722 [INFO] Applying EMA strategy to 1 stocks.
2025-11-17 09:28:49,316 [INFO] Checking trade setups at 2025-11-17 09:28:49
2025-11-17 09:28:49,316 [INFO] Applying EMA strategy to 1 stocks.
2025-11-17 09:29:00,103 [INFO] Checking trade setups at 2025-11-17 09:29:00
2025-11-17 09:29:00,103 [INFO] Applying EMA strategy to 1 stocks.
2025-11-17 09:29:10,955 [INFO] Checking trade setups at 2025-11-17 09:29:10
2025-11-17 09:29:10,955 [INFO] Applying EMA strategy to 1 stocks.
2025-11-17 09:29:21,774 [INFO] Checking trade setups at 2025-11-17 09:29:21
2025-11-17 09:29:21,774 [INFO] Applying EMA strategy to 1 stocks.
2025-11-17 09:29:33,648 [INFO] Checking trade setups at 2025-11-17 09:29:33
2025-11-17 09:29:33,648 [INFO] Applying EMA strategy to 1 stocks.
2025-11-17 09:29:44,299 [INFO] Checking trade setups at 2025-11-17 09:29:44
2025-11-17 09:29:44,299 [INFO] Applying EMA strategy to 1 stocks.
2025-11-17 09:29:56,072 [INFO] Checking trade setups at 2025-11-17 09:29:56
2025-11-17 09:29:56,072 [INFO] Applying EMA strategy to 1 stocks.
2025-11-17 09:30:06,730 [INFO] Checking trade setups at 2025-11-17 09:30:06
2025-11-17 09:30:06,733 [INFO] Applying EMA strategy to 1 stocks.
2025-11-17 09:30:07,378 [INFO] Executing trade for NSE:MARICO-EQ: {'timestamp': '2025-11-17 09:30', 'action': 'SELL', 'entry_price': 759.3, 'stop_loss': 763.3, 'target': 747.3}
2025-11-17 09:30:07,378 [INFO] after SL after filtering the final SL:4.0, final_target:747.3, qty:25
2025-11-17 09:30:08,179 [INFO] Order Response: {'code': 1101, 'message': 'Successfully placed order', 's': 'ok', 'id': '25111700039326-BO-1'}
2025-11-17 09:30:08,182 [INFO] Trades taken today: 1
2025-11-17 09:30:08,182 [INFO] Remaining trades for the day: 5
2025-11-17 09:30:08,182 [INFO] ✅ Order placed successfully for NSE:MARICO-EQ
2025-11-17 09:30:18,189 [INFO] Checking trade setups at 2025-11-17 09:30:18
2025-11-17 09:30:18,189 [INFO] Applying EMA strategy to 1 stocks.
2025-11-17 09:30:28,951 [INFO] Checking trade setups at 2025-11-17 09:30:28
2025-11-17 09:30:28,951 [INFO] Applying EMA strategy to 1 stocks.
2025-11-17 09:30:39,709 [INFO] Checking trade setups at 2025-11-17 09:30:39
2025-11-17 09:30:39,709 [INFO] Applying EMA strategy to 1 stocks.
2025-11-17 09:30:50,482 [INFO] Checking trade setups at 2025-11-17 09:30:50
2025-11-17 09:30:50,482 [INFO] Applying EMA strategy to 1 stocks.
2025-11-17 09:31:01,211 [INFO] Checking trade setups at 2025-11-17 09:31:01
2025-11-17 09:31:01,211 [INFO] Applying EMA strategy to 1 stocks.
2025-11-17 09:31:11,973 [INFO] Checking trade setups at 2025-11-17 09:31:11
2025-11-17 09:31:11,973 [INFO] Applying EMA strategy to 1 stocks.
2025-11-17 09:31:22,695 [INFO] Checking trade setups at 2025-11-17 09:31:22
2025-11-17 09:31:22,695 [INFO] Applying EMA strategy to 1 stocks.
2025-11-17 09:31:33,766 [INFO] Checking trade setups at 2025-11-17 09:31:33
2025-11-17 09:31:33,766 [INFO] Applying EMA strategy to 1 stocks.
2025-11-17 09:31:44,519 [INFO] Checking trade setups at 2025-11-17 09:31:44
2025-11-17 09:31:44,519 [INFO] Applying EMA strategy to 1 stocks.
2025-11-17 09:31:55,175 [INFO] Checking trade setups at 2025-11-17 09:31:55
2025-11-17 09:31:55,175 [INFO] Applying EMA strategy to 1 stocks.
2025-11-17 09:32:05,980 [INFO] Checking trade setups at 2025-11-17 09:32:05
2025-11-17 09:32:05,980 [INFO] Applying EMA strategy to 1 stocks.
2025-11-17 09:32:16,572 [INFO] Checking trade setups at 2025-11-17 09:32:16
2025-11-17 09:32:16,572 [INFO] Applying EMA strategy to 1 stocks.
2025-11-17 09:32:27,243 [INFO] Checking trade setups at 2025-11-17 09:32:27
2025-11-17 09:32:27,243 [INFO] Applying EMA strategy to 1 stocks.
2025-11-17 09:32:37,970 [INFO] Checking trade setups at 2025-11-17 09:32:37
2025-11-17 09:32:37,971 [INFO] Applying EMA strategy to 1 stocks.
2025-11-17 09:32:48,632 [INFO] Checking trade setups at 2025-11-17 09:32:48
2025-11-17 09:32:48,632 [INFO] Applying EMA strategy to 1 stocks.
2025-11-17 09:32:59,277 [INFO] Checking trade setups at 2025-11-17 09:32:59
2025-11-17 09:32:59,277 [INFO] Applying EMA strategy to 1 stocks.
2025-11-17 09:33:09,931 [INFO] Checking trade setups at 2025-11-17 09:33:09
2025-11-17 09:33:09,931 [INFO] Applying EMA strategy to 1 stocks.
2025-11-17 09:33:20,806 [INFO] Checking trade setups at 2025-11-17 09:33:20
2025-11-17 09:33:20,806 [INFO] Applying EMA strategy to 1 stocks.
2025-11-17 09:33:31,452 [INFO] Checking trade setups at 2025-11-17 09:33:31
2025-11-17 09:33:31,452 [INFO] Applying EMA strategy to 1 stocks.
2025-11-17 09:33:42,085 [INFO] Checking trade setups at 2025-11-17 09:33:42
2025-11-17 09:33:42,085 [INFO] Applying EMA strategy to 1 stocks.
2025-11-17 09:33:52,973 [INFO] Checking trade setups at 2025-11-17 09:33:52
2025-11-17 09:33:52,973 [INFO] Applying EMA strategy to 1 stocks.
2025-11-17 09:34:03,714 [INFO] Checking trade setups at 2025-11-17 09:34:03
2025-11-17 09:34:03,714 [INFO] Applying EMA strategy to 1 stocks.
2025-11-17 09:34:14,345 [INFO] Checking trade setups at 2025-11-17 09:34:14
2025-11-17 09:34:14,346 [INFO] Applying EMA strategy to 1 stocks.
2025-11-17 09:34:24,990 [INFO] Checking trade setups at 2025-11-17 09:34:24
2025-11-17 09:34:24,993 [INFO] Applying EMA strategy to 1 stocks.
2025-11-17 09:34:35,802 [INFO] Checking trade setups at 2025-11-17 09:34:35
2025-11-17 09:34:35,802 [INFO] Applying EMA strategy to 1 stocks.
2025-11-17 09:34:46,696 [INFO] Checking trade setups at 2025-11-17 09:34:46
2025-11-17 09:34:46,697 [INFO] Applying EMA strategy to 1 stocks.
2025-11-17 09:34:57,377 [INFO] Checking trade setups at 2025-11-17 09:34:57
2025-11-17 09:34:57,378 [INFO] Applying EMA strategy to 1 stocks.
2025-11-17 09:35:08,100 [INFO] Checking trade setups at 2025-11-17 09:35:08
2025-11-17 09:35:08,100 [INFO] Applying EMA strategy to 1 stocks.
2025-11-17 09:35:18,747 [INFO] Checking trade setups at 2025-11-17 09:35:18
2025-11-17 09:35:18,747 [INFO] Applying EMA strategy to 1 stocks.
2025-11-17 09:35:29,420 [INFO] Checking trade setups at 2025-11-17 09:35:29
2025-11-17 09:35:29,420 [INFO] Applying EMA strategy to 1 stocks.
2025-11-17 09:35:40,311 [INFO] Checking trade setups at 2025-11-17 09:35:40
2025-11-17 09:35:40,311 [INFO] Applying EMA strategy to 1 stocks.
2025-11-17 09:35:51,343 [INFO] Checking trade setups at 2025-11-17 09:35:51
2025-11-17 09:35:51,343 [INFO] Applying EMA strategy to 1 stocks.
2025-11-17 09:36:02,174 [INFO] Checking trade setups at 2025-11-17 09:36:02
2025-11-17 09:36:02,182 [INFO] Applying EMA strategy to 1 stocks.
2025-11-17 09:36:12,935 [INFO] Checking trade setups at 2025-11-17 09:36:12
2025-11-17 09:36:12,935 [INFO] Applying EMA strategy to 1 stocks.
2025-11-17 09:36:23,880 [INFO] Checking trade setups at 2025-11-17 09:36:23
2025-11-17 09:36:23,880 [INFO] Applying EMA strategy to 1 stocks.
2025-11-17 09:36:34,638 [INFO] Checking trade setups at 2025-11-17 09:36:34
2025-11-17 09:36:34,638 [INFO] Applying EMA strategy to 1 stocks.
2025-11-17 09:36:45,396 [INFO] Checking trade setups at 2025-11-17 09:36:45
2025-11-17 09:36:45,396 [INFO] Applying EMA strategy to 1 stocks.
2025-11-17 09:36:56,153 [INFO] Checking trade setups at 2025-11-17 09:36:56
2025-11-17 09:36:56,153 [INFO] Applying EMA strategy to 1 stocks.
2025-11-17 09:37:06,781 [INFO] Checking trade setups at 2025-11-17 09:37:06
2025-11-17 09:37:06,781 [INFO] Applying EMA strategy to 1 stocks.
2025-11-17 09:37:17,433 [INFO] Checking trade setups at 2025-11-17 09:37:17
2025-11-17 09:37:17,433 [INFO] Applying EMA strategy to 1 stocks.
2025-11-17 09:37:28,209 [INFO] Checking trade setups at 2025-11-17 09:37:28
2025-11-17 09:37:28,210 [INFO] Applying EMA strategy to 1 stocks.
2025-11-17 09:37:38,939 [INFO] Checking trade setups at 2025-11-17 09:37:38
2025-11-17 09:37:38,940 [INFO] Applying EMA strategy to 1 stocks.
2025-11-17 09:37:49,689 [INFO] Checking trade setups at 2025-11-17 09:37:49
2025-11-17 09:37:49,689 [INFO] Applying EMA strategy to 1 stocks.
2025-11-17 09:38:00,339 [INFO] Checking trade setups at 2025-11-17 09:38:00
2025-11-17 09:38:00,340 [INFO] Applying EMA strategy to 1 stocks.
2025-11-17 09:38:10,989 [INFO] Checking trade setups at 2025-11-17 09:38:10
2025-11-17 09:38:10,989 [INFO] Applying EMA strategy to 1 stocks.
2025-11-17 09:38:21,646 [INFO] Checking trade setups at 2025-11-17 09:38:21
2025-11-17 09:38:21,647 [INFO] Applying EMA strategy to 1 stocks.
2025-11-17 09:38:32,324 [INFO] Checking trade setups at 2025-11-17 09:38:32
2025-11-17 09:38:32,324 [INFO] Applying EMA strategy to 1 stocks.
2025-11-17 09:38:43,320 [INFO] Checking trade setups at 2025-11-17 09:38:43
2025-11-17 09:38:43,320 [INFO] Applying EMA strategy to 1 stocks.
2025-11-17 09:38:54,282 [INFO] Checking trade setups at 2025-11-17 09:38:54
2025-11-17 09:38:54,282 [INFO] Applying EMA strategy to 1 stocks.
2025-11-17 09:39:05,166 [INFO] Checking trade setups at 2025-11-17 09:39:05
2025-11-17 09:39:05,167 [INFO] Applying EMA strategy to 1 stocks.
2025-11-17 09:39:15,829 [INFO] Checking trade setups at 2025-11-17 09:39:15
2025-11-17 09:39:15,829 [INFO] Applying EMA strategy to 1 stocks.
2025-11-17 09:39:26,476 [INFO] Checking trade setups at 2025-11-17 09:39:26
2025-11-17 09:39:26,476 [INFO] Applying EMA strategy to 1 stocks.
2025-11-17 09:39:37,055 [INFO] Checking trade setups at 2025-11-17 09:39:37
2025-11-17 09:39:37,055 [INFO] Applying EMA strategy to 1 stocks.
2025-11-17 09:39:47,669 [INFO] Checking trade setups at 2025-11-17 09:39:47
2025-11-17 09:39:47,669 [INFO] Applying EMA strategy to 1 stocks.
2025-11-17 09:39:58,414 [INFO] Checking trade setups at 2025-11-17 09:39:58
2025-11-17 09:39:58,414 [INFO] Applying EMA strategy to 1 stocks.
2025-11-17 09:40:09,067 [INFO] Checking trade setups at 2025-11-17 09:40:09
2025-11-17 09:40:09,067 [INFO] Applying EMA strategy to 1 stocks.
2025-11-17 09:40:19,655 [INFO] Checking trade setups at 2025-11-17 09:40:19
2025-11-17 09:40:19,656 [INFO] Applying EMA strategy to 1 stocks.
2025-11-17 09:40:30,374 [INFO] Checking trade setups at 2025-11-17 09:40:30
2025-11-17 09:40:30,374 [INFO] Applying EMA strategy to 1 stocks.
2025-11-17 09:40:41,209 [INFO] Checking trade setups at 2025-11-17 09:40:41
2025-11-17 09:40:41,209 [INFO] Applying EMA strategy to 1 stocks.
2025-11-17 09:40:51,870 [INFO] Checking trade setups at 2025-11-17 09:40:51
2025-11-17 09:40:51,870 [INFO] Applying EMA strategy to 1 stocks.
2025-11-17 09:41:02,533 [INFO] Checking trade setups at 2025-11-17 09:41:02
2025-11-17 09:41:02,533 [INFO] Applying EMA strategy to 1 stocks.
2025-11-17 09:41:13,275 [INFO] Checking trade setups at 2025-11-17 09:41:13
2025-11-17 09:41:13,276 [INFO] Applying EMA strategy to 1 stocks.
2025-11-17 09:41:24,334 [INFO] Checking trade setups at 2025-11-17 09:41:24
2025-11-17 09:41:24,334 [INFO] Applying EMA strategy to 1 stocks.
2025-11-17 09:41:35,190 [INFO] Checking trade setups at 2025-11-17 09:41:35
2025-11-17 09:41:35,190 [INFO] Applying EMA strategy to 1 stocks.
2025-11-17 09:41:45,945 [INFO] Checking trade setups at 2025-11-17 09:41:45
2025-11-17 09:41:45,945 [INFO] Applying EMA strategy to 1 stocks.
2025-11-17 09:41:56,799 [INFO] Checking trade setups at 2025-11-17 09:41:56
2025-11-17 09:41:56,799 [INFO] Applying EMA strategy to 1 stocks.
2025-11-17 09:42:07,542 [INFO] Checking trade setups at 2025-11-17 09:42:07
2025-11-17 09:42:07,542 [INFO] Applying EMA strategy to 1 stocks.
2025-11-17 09:42:18,189 [INFO] Checking trade setups at 2025-11-17 09:42:18
2025-11-17 09:42:18,189 [INFO] Applying EMA strategy to 1 stocks.
2025-11-17 09:42:28,842 [INFO] Checking trade setups at 2025-11-17 09:42:28
2025-11-17 09:42:28,842 [INFO] Applying EMA strategy to 1 stocks.
2025-11-17 09:42:39,625 [INFO] Checking trade setups at 2025-11-17 09:42:39
2025-11-17 09:42:39,626 [INFO] Applying EMA strategy to 1 stocks.
2025-11-17 09:42:50,206 [INFO] Checking trade setups at 2025-11-17 09:42:50
2025-11-17 09:42:50,206 [INFO] Applying EMA strategy to 1 stocks.
2025-11-17 09:43:00,898 [INFO] Checking trade setups at 2025-11-17 09:43:00
2025-11-17 09:43:00,899 [INFO] Applying EMA strategy to 1 stocks.
2025-11-17 09:43:11,544 [INFO] Checking trade setups at 2025-11-17 09:43:11
2025-11-17 09:43:11,544 [INFO] Applying EMA strategy to 1 stocks.
2025-11-17 09:43:22,197 [INFO] Checking trade setups at 2025-11-17 09:43:22
2025-11-17 09:43:22,197 [INFO] Applying EMA strategy to 1 stocks.
2025-11-17 09:43:32,951 [INFO] Checking trade setups at 2025-11-17 09:43:32
2025-11-17 09:43:32,951 [INFO] Applying EMA strategy to 1 stocks.
2025-11-17 09:43:44,821 [INFO] Checking trade setups at 2025-11-17 09:43:44
2025-11-17 09:43:44,821 [INFO] Applying EMA strategy to 1 stocks.
2025-11-17 09:43:55,584 [INFO] Checking trade setups at 2025-11-17 09:43:55
2025-11-17 09:43:55,584 [INFO] Applying EMA strategy to 1 stocks.
2025-11-17 09:44:06,473 [INFO] Checking trade setups at 2025-11-17 09:44:06
2025-11-17 09:44:06,473 [INFO] Applying EMA strategy to 1 stocks.
2025-11-17 09:44:07,386 [INFO] Executing trade for NSE:MARICO-EQ: {'timestamp': '2025-11-17 09:40', 'action': 'SELL', 'entry_price': 756.55, 'stop_loss': 759, 'target': 749.1999999999998}
2025-11-17 09:44:07,386 [INFO] after SL after filtering the final SL:2.45, final_target:749.2, qty:40
2025-11-17 09:44:09,126 [INFO] Order Response: {'code': 1101, 'message': 'Successfully placed order', 's': 'ok', 'id': '25111700062949-BO-1'}
2025-11-17 09:44:09,126 [INFO] Trades taken today: 2
2025-11-17 09:44:09,133 [INFO] Remaining trades for the day: 4
2025-11-17 09:44:09,136 [INFO] ✅ Order placed successfully for NSE:MARICO-EQ
2025-11-17 09:44:19,139 [INFO] Checking trade setups at 2025-11-17 09:44:19
2025-11-17 09:44:19,139 [INFO] Applying EMA strategy to 1 stocks.
2025-11-17 09:44:29,784 [INFO] Checking trade setups at 2025-11-17 09:44:29
2025-11-17 09:44:29,784 [INFO] Applying EMA strategy to 1 stocks.
2025-11-17 09:44:40,434 [INFO] Checking trade setups at 2025-11-17 09:44:40
2025-11-17 09:44:40,434 [INFO] Applying EMA strategy to 1 stocks.
2025-11-17 09:44:51,703 [INFO] Checking trade setups at 2025-11-17 09:44:51
2025-11-17 09:44:51,703 [INFO] Applying EMA strategy to 1 stocks.
2025-11-17 09:45:02,859 [INFO] Checking trade setups at 2025-11-17 09:45:02
2025-11-17 09:45:02,859 [INFO] Applying EMA strategy to 1 stocks.
2025-11-17 09:45:13,618 [INFO] Checking trade setups at 2025-11-17 09:45:13
2025-11-17 09:45:13,618 [INFO] Applying EMA strategy to 1 stocks.
2025-11-17 09:45:24,681 [INFO] Checking trade setups at 2025-11-17 09:45:24
2025-11-17 09:45:24,682 [INFO] Applying EMA strategy to 1 stocks.
2025-11-17 09:45:35,544 [INFO] Checking trade setups at 2025-11-17 09:45:35
2025-11-17 09:45:35,544 [INFO] Applying EMA strategy to 1 stocks.
2025-11-17 09:45:46,205 [INFO] Checking trade setups at 2025-11-17 09:45:46
2025-11-17 09:45:46,205 [INFO] Applying EMA strategy to 1 stocks.
2025-11-17 09:45:57,041 [INFO] Checking trade setups at 2025-11-17 09:45:57
2025-11-17 09:45:57,041 [INFO] Applying EMA strategy to 1 stocks.
2025-11-17 09:46:07,678 [INFO] Checking trade setups at 2025-11-17 09:46:07
2025-11-17 09:46:07,678 [INFO] Applying EMA strategy to 1 stocks.
2025-11-17 09:46:18,338 [INFO] Checking trade setups at 2025-11-17 09:46:18
2025-11-17 09:46:18,340 [INFO] Applying EMA strategy to 1 stocks.
2025-11-17 09:46:29,104 [INFO] Checking trade setups at 2025-11-17 09:46:29
2025-11-17 09:46:29,104 [INFO] Applying EMA strategy to 1 stocks.
2025-11-17 09:46:39,849 [INFO] Checking trade setups at 2025-11-17 09:46:39
2025-11-17 09:46:39,849 [INFO] Applying EMA strategy to 1 stocks.
2025-11-17 09:46:50,584 [INFO] Checking trade setups at 2025-11-17 09:46:50
2025-11-17 09:46:50,584 [INFO] Applying EMA strategy to 1 stocks.
2025-11-17 09:47:01,478 [INFO] Checking trade setups at 2025-11-17 09:47:01
2025-11-17 09:47:01,478 [INFO] Applying EMA strategy to 1 stocks.
2025-11-17 09:47:12,232 [INFO] Checking trade setups at 2025-11-17 09:47:12
2025-11-17 09:47:12,232 [INFO] Applying EMA strategy to 1 stocks.
2025-11-17 09:47:22,960 [INFO] Checking trade setups at 2025-11-17 09:47:22
2025-11-17 09:47:22,960 [INFO] Applying EMA strategy to 1 stocks.
2025-11-17 09:47:33,699 [INFO] Checking trade setups at 2025-11-17 09:47:33
2025-11-17 09:47:33,699 [INFO] Applying EMA strategy to 1 stocks.
2025-11-17 09:47:44,456 [INFO] Checking trade setups at 2025-11-17 09:47:44
2025-11-17 09:47:44,456 [INFO] Applying EMA strategy to 1 stocks.
2025-11-17 09:47:55,098 [INFO] Checking trade setups at 2025-11-17 09:47:55
2025-11-17 09:47:55,098 [INFO] Applying EMA strategy to 1 stocks.
2025-11-17 09:48:05,947 [INFO] Checking trade setups at 2025-11-17 09:48:05
2025-11-17 09:48:05,947 [INFO] Applying EMA strategy to 1 stocks.
2025-11-17 09:48:17,631 [INFO] Checking trade setups at 2025-11-17 09:48:17
2025-11-17 09:48:17,631 [INFO] Applying EMA strategy to 1 stocks.
2025-11-17 09:48:28,471 [INFO] Checking trade setups at 2025-11-17 09:48:28
2025-11-17 09:48:28,471 [INFO] Applying EMA strategy to 1 stocks.
2025-11-17 09:48:39,341 [INFO] Checking trade setups at 2025-11-17 09:48:39
2025-11-17 09:48:39,341 [INFO] Applying EMA strategy to 1 stocks.
2025-11-17 09:48:50,048 [INFO] Checking trade setups at 2025-11-17 09:48:50
2025-11-17 09:48:50,048 [INFO] Applying EMA strategy to 1 stocks.
2025-11-17 09:49:00,842 [INFO] Checking trade setups at 2025-11-17 09:49:00
2025-11-17 09:49:00,842 [INFO] Applying EMA strategy to 1 stocks.
2025-11-17 09:49:11,719 [INFO] Checking trade setups at 2025-11-17 09:49:11
2025-11-17 09:49:11,719 [INFO] Applying EMA strategy to 1 stocks.
2025-11-17 09:49:22,354 [INFO] Checking trade setups at 2025-11-17 09:49:22
2025-11-17 09:49:22,354 [INFO] Applying EMA strategy to 1 stocks.
2025-11-17 09:49:33,102 [INFO] Checking trade setups at 2025-11-17 09:49:33
2025-11-17 09:49:33,102 [INFO] Applying EMA strategy to 1 stocks.
2025-11-17 09:49:43,771 [INFO] Checking trade setups at 2025-11-17 09:49:43
2025-11-17 09:49:43,771 [INFO] Applying EMA strategy to 1 stocks.
2025-11-17 09:49:54,709 [INFO] Checking trade setups at 2025-11-17 09:49:54
2025-11-17 09:49:54,709 [INFO] Applying EMA strategy to 1 stocks.
2025-11-17 09:50:05,458 [INFO] Checking trade setups at 2025-11-17 09:50:05
2025-11-17 09:50:05,458 [INFO] Applying EMA strategy to 1 stocks.
2025-11-17 09:50:16,261 [INFO] Checking trade setups at 2025-11-17 09:50:16
2025-11-17 09:50:16,261 [INFO] Applying EMA strategy to 1 stocks.
2025-11-17 09:50:26,964 [INFO] Checking trade setups at 2025-11-17 09:50:26
2025-11-17 09:50:26,964 [INFO] Applying EMA strategy to 1 stocks.
2025-11-17 09:50:37,641 [INFO] Checking trade setups at 2025-11-17 09:50:37
2025-11-17 09:50:37,641 [INFO] Applying EMA strategy to 1 stocks.
2025-11-17 09:50:48,270 [INFO] Checking trade setups at 2025-11-17 09:50:48
2025-11-17 09:50:48,270 [INFO] Applying EMA strategy to 1 stocks.
2025-11-17 09:50:58,925 [INFO] Checking trade setups at 2025-11-17 09:50:58
2025-11-17 09:50:58,934 [INFO] Applying EMA strategy to 1 stocks.
2025-11-17 09:51:09,682 [INFO] Checking trade setups at 2025-11-17 09:51:09
2025-11-17 09:51:09,682 [INFO] Applying EMA strategy to 1 stocks.
2025-11-17 09:51:20,836 [INFO] Checking trade setups at 2025-11-17 09:51:20
2025-11-17 09:51:20,836 [INFO] Applying EMA strategy to 1 stocks.
2025-11-17 09:51:31,488 [INFO] Checking trade setups at 2025-11-17 09:51:31
2025-11-17 09:51:31,489 [INFO] Applying EMA strategy to 1 stocks.
2025-11-17 09:51:42,539 [INFO] Checking trade setups at 2025-11-17 09:51:42
2025-11-17 09:51:42,539 [INFO] Applying EMA strategy to 1 stocks.
2025-11-17 09:51:53,194 [INFO] Checking trade setups at 2025-11-17 09:51:53
2025-11-17 09:51:53,194 [INFO] Applying EMA strategy to 1 stocks.
2025-11-17 09:52:03,841 [INFO] Checking trade setups at 2025-11-17 09:52:03
2025-11-17 09:52:03,841 [INFO] Applying EMA strategy to 1 stocks.
2025-11-17 09:52:14,900 [INFO] Checking trade setups at 2025-11-17 09:52:14
2025-11-17 09:52:14,900 [INFO] Applying EMA strategy to 1 stocks.
2025-11-17 09:52:25,556 [INFO] Checking trade setups at 2025-11-17 09:52:25
2025-11-17 09:52:25,556 [INFO] Applying EMA strategy to 1 stocks.
2025-11-17 09:52:36,205 [INFO] Checking trade setups at 2025-11-17 09:52:36
2025-11-17 09:52:36,205 [INFO] Applying EMA strategy to 1 stocks.
2025-11-17 09:52:47,886 [INFO] Checking trade setups at 2025-11-17 09:52:47
2025-11-17 09:52:47,886 [INFO] Applying EMA strategy to 1 stocks.
2025-11-17 09:52:58,744 [INFO] Checking trade setups at 2025-11-17 09:52:58
2025-11-17 09:52:58,744 [INFO] Applying EMA strategy to 1 stocks.
2025-11-17 09:53:19,429 [INFO] Checking trade setups at 2025-11-17 09:53:19
2025-11-17 09:53:19,429 [INFO] Applying EMA strategy to 1 stocks.
2025-11-17 09:53:30,145 [INFO] Checking trade setups at 2025-11-17 09:53:30
2025-11-17 09:53:30,145 [INFO] Applying EMA strategy to 1 stocks.
2025-11-17 09:53:41,042 [INFO] Checking trade setups at 2025-11-17 09:53:41
2025-11-17 09:53:41,042 [INFO] Applying EMA strategy to 1 stocks.
2025-11-17 09:53:51,576 [INFO] Checking trade setups at 2025-11-17 09:53:51
2025-11-17 09:53:51,576 [INFO] Applying EMA strategy to 1 stocks.
2025-11-17 09:54:02,222 [INFO] Checking trade setups at 2025-11-17 09:54:02
2025-11-17 09:54:02,222 [INFO] Applying EMA strategy to 1 stocks.
2025-11-17 09:54:12,875 [INFO] Checking trade setups at 2025-11-17 09:54:12
2025-11-17 09:54:12,875 [INFO] Applying EMA strategy to 1 stocks.
2025-11-17 09:54:23,748 [INFO] Checking trade setups at 2025-11-17 09:54:23
2025-11-17 09:54:23,748 [INFO] Applying EMA strategy to 1 stocks.
2025-11-17 09:54:34,590 [INFO] Checking trade setups at 2025-11-17 09:54:34
2025-11-17 09:54:34,590 [INFO] Applying EMA strategy to 1 stocks.
2025-11-17 09:54:45,350 [INFO] Checking trade setups at 2025-11-17 09:54:45
2025-11-17 09:54:45,350 [INFO] Applying EMA strategy to 1 stocks.
2025-11-17 09:54:55,986 [INFO] Checking trade setups at 2025-11-17 09:54:55
2025-11-17 09:54:55,986 [INFO] Applying EMA strategy to 1 stocks.
2025-11-17 09:55:06,745 [INFO] Checking trade setups at 2025-11-17 09:55:06
2025-11-17 09:55:06,745 [INFO] Applying EMA strategy to 1 stocks.
2025-11-17 09:55:17,603 [INFO] Checking trade setups at 2025-11-17 09:55:17
2025-11-17 09:55:17,603 [INFO] Applying EMA strategy to 1 stocks.
2025-11-17 09:55:28,535 [INFO] Checking trade setups at 2025-11-17 09:55:28
2025-11-17 09:55:28,535 [INFO] Applying EMA strategy to 1 stocks.
2025-11-17 09:55:39,190 [INFO] Checking trade setups at 2025-11-17 09:55:39
2025-11-17 09:55:39,190 [INFO] Applying EMA strategy to 1 stocks.
2025-11-17 09:55:50,668 [INFO] Checking trade setups at 2025-11-17 09:55:50
2025-11-17 09:55:50,668 [INFO] Applying EMA strategy to 1 stocks.
2025-11-17 09:56:01,624 [INFO] Checking trade setups at 2025-11-17 09:56:01
2025-11-17 09:56:01,624 [INFO] Applying EMA strategy to 1 stocks.
2025-11-17 09:56:12,376 [INFO] Checking trade setups at 2025-11-17 09:56:12
2025-11-17 09:56:12,376 [INFO] Applying EMA strategy to 1 stocks.
2025-11-17 09:56:23,056 [INFO] Checking trade setups at 2025-11-17 09:56:23
2025-11-17 09:56:23,056 [INFO] Applying EMA strategy to 1 stocks.
2025-11-17 09:56:24,170 [INFO] Executing trade for NSE:MARICO-EQ: {'timestamp': '2025-11-17 09:55', 'action': 'SELL', 'entry_price': 757.85, 'stop_loss': 760, 'target': 751.4000000000001}
2025-11-17 09:56:24,170 [INFO] after SL after filtering the final SL:2.15, final_target:751.4, qty:46
2025-11-17 09:56:24,211 [INFO] NSE:MARICO-EQ already traded today. Skipping.
2025-11-17 09:56:34,213 [INFO] Checking trade setups at 2025-11-17 09:56:34
2025-11-17 09:56:34,213 [INFO] Applying EMA strategy to 1 stocks.
2025-11-17 09:56:44,942 [INFO] Checking trade setups at 2025-11-17 09:56:44
2025-11-17 09:56:44,942 [INFO] Applying EMA strategy to 1 stocks.
2025-11-17 09:56:55,832 [INFO] Checking trade setups at 2025-11-17 09:56:55
2025-11-17 09:56:55,832 [INFO] Applying EMA strategy to 1 stocks.
2025-11-17 09:57:06,874 [INFO] Checking trade setups at 2025-11-17 09:57:06
2025-11-17 09:57:06,882 [INFO] Applying EMA strategy to 1 stocks.
2025-11-17 09:57:17,818 [INFO] Checking trade setups at 2025-11-17 09:57:17
2025-11-17 09:57:17,818 [INFO] Applying EMA strategy to 1 stocks.
2025-11-17 09:57:28,656 [INFO] Checking trade setups at 2025-11-17 09:57:28
2025-11-17 09:57:28,657 [INFO] Applying EMA strategy to 1 stocks.
2025-11-17 09:57:39,761 [INFO] Checking trade setups at 2025-11-17 09:57:39
2025-11-17 09:57:39,761 [INFO] Applying EMA strategy to 1 stocks.
2025-11-17 09:57:50,475 [INFO] Checking trade setups at 2025-11-17 09:57:50
2025-11-17 09:57:50,475 [INFO] Applying EMA strategy to 1 stocks.
2025-11-17 09:58:01,236 [INFO] Checking trade setups at 2025-11-17 09:58:01
2025-11-17 09:58:01,236 [INFO] Applying EMA strategy to 1 stocks.
2025-11-17 09:58:02,087 [INFO] Fetching candles for NSE:TMPV-EQ...
2025-11-17 09:58:03,699 [INFO] No candles fetched for NSE:TMPV-EQ. Skipping evaluation.
2025-11-17 09:58:03,707 [INFO] Error in trading logic:
Traceback (most recent call last):
  File "D:\Datascience\TradingBot\main.py", line 149, in main
    tamo_signal, side = tamo_strategy.evaluate_trade_signal()
    ^^^^^^^^^^^^^^^^^
TypeError: cannot unpack non-iterable bool object

2025-11-17 09:58:13,708 [INFO] Checking trade setups at 2025-11-17 09:58:13
2025-11-17 09:58:13,709 [INFO] Applying EMA strategy to 1 stocks.
2025-11-17 09:58:14,613 [INFO] Fetching candles for NSE:TMPV-EQ...
2025-11-17 09:58:15,891 [INFO] No candles fetched for NSE:TMPV-EQ. Skipping evaluation.
2025-11-17 09:58:15,893 [INFO] Error in trading logic:
Traceback (most recent call last):
  File "D:\Datascience\TradingBot\main.py", line 149, in main
    tamo_signal, side = tamo_strategy.evaluate_trade_signal()
    ^^^^^^^^^^^^^^^^^
TypeError: cannot unpack non-iterable bool object

2025-11-17 09:58:25,897 [INFO] Checking trade setups at 2025-11-17 09:58:25
2025-11-17 09:58:25,901 [INFO] Applying EMA strategy to 1 stocks.
2025-11-17 09:58:26,725 [INFO] Fetching candles for NSE:TMPV-EQ...
2025-11-17 09:58:28,600 [INFO] No candles fetched for NSE:TMPV-EQ. Skipping evaluation.
2025-11-17 09:58:28,600 [INFO] Error in trading logic:
Traceback (most recent call last):
  File "D:\Datascience\TradingBot\main.py", line 149, in main
    tamo_signal, side = tamo_strategy.evaluate_trade_signal()
    ^^^^^^^^^^^^^^^^^
TypeError: cannot unpack non-iterable bool object

2025-11-17 09:58:38,603 [INFO] Checking trade setups at 2025-11-17 09:58:38
2025-11-17 09:58:38,603 [INFO] Applying EMA strategy to 1 stocks.
2025-11-17 09:58:41,413 [INFO] Fetching candles for NSE:TMPV-EQ...
2025-11-17 09:58:42,322 [INFO] No candles fetched for NSE:TMPV-EQ. Skipping evaluation.
2025-11-17 09:58:42,324 [INFO] Error in trading logic:
Traceback (most recent call last):
  File "D:\Datascience\TradingBot\main.py", line 149, in main
    tamo_signal, side = tamo_strategy.evaluate_trade_signal()
    ^^^^^^^^^^^^^^^^^
TypeError: cannot unpack non-iterable bool object

2025-11-17 09:58:52,325 [INFO] Checking trade setups at 2025-11-17 09:58:52
2025-11-17 09:58:52,325 [INFO] Applying EMA strategy to 1 stocks.
2025-11-17 09:58:53,080 [INFO] Fetching candles for NSE:TMPV-EQ...
2025-11-17 09:58:53,895 [INFO] No candles fetched for NSE:TMPV-EQ. Skipping evaluation.
2025-11-17 09:58:53,897 [INFO] Error in trading logic:
Traceback (most recent call last):
  File "D:\Datascience\TradingBot\main.py", line 149, in main
    tamo_signal, side = tamo_strategy.evaluate_trade_signal()
    ^^^^^^^^^^^^^^^^^
TypeError: cannot unpack non-iterable bool object

2025-11-17 09:59:03,899 [INFO] Checking trade setups at 2025-11-17 09:59:03
2025-11-17 09:59:03,901 [INFO] Applying EMA strategy to 1 stocks.
2025-11-17 09:59:04,652 [INFO] Fetching candles for NSE:TMPV-EQ...
2025-11-17 09:59:05,251 [INFO] No candles fetched for NSE:TMPV-EQ. Skipping evaluation.
2025-11-17 09:59:05,251 [INFO] Error in trading logic:
Traceback (most recent call last):
  File "D:\Datascience\TradingBot\main.py", line 149, in main
    tamo_signal, side = tamo_strategy.evaluate_trade_signal()
    ^^^^^^^^^^^^^^^^^
TypeError: cannot unpack non-iterable bool object

2025-11-17 09:59:15,255 [INFO] Checking trade setups at 2025-11-17 09:59:15
2025-11-17 09:59:15,255 [INFO] Applying EMA strategy to 1 stocks.
2025-11-17 09:59:16,012 [INFO] Fetching candles for NSE:TMPV-EQ...
2025-11-17 09:59:16,576 [INFO] No candles fetched for NSE:TMPV-EQ. Skipping evaluation.
2025-11-17 09:59:16,578 [INFO] Error in trading logic:
Traceback (most recent call last):
  File "D:\Datascience\TradingBot\main.py", line 149, in main
    tamo_signal, side = tamo_strategy.evaluate_trade_signal()
    ^^^^^^^^^^^^^^^^^
TypeError: cannot unpack non-iterable bool object

2025-11-17 09:59:26,580 [INFO] Checking trade setups at 2025-11-17 09:59:26
2025-11-17 09:59:26,580 [INFO] Applying EMA strategy to 1 stocks.
2025-11-17 09:59:27,376 [INFO] Fetching candles for NSE:TMPV-EQ...
2025-11-17 09:59:27,982 [INFO] No candles fetched for NSE:TMPV-EQ. Skipping evaluation.
2025-11-17 09:59:27,986 [INFO] Error in trading logic:
Traceback (most recent call last):
  File "D:\Datascience\TradingBot\main.py", line 149, in main
    tamo_signal, side = tamo_strategy.evaluate_trade_signal()
    ^^^^^^^^^^^^^^^^^
TypeError: cannot unpack non-iterable bool object

2025-11-17 09:59:37,988 [INFO] Checking trade setups at 2025-11-17 09:59:37
2025-11-17 09:59:37,988 [INFO] Applying EMA strategy to 1 stocks.
2025-11-17 09:59:38,934 [INFO] Fetching candles for NSE:TMPV-EQ...
2025-11-17 09:59:39,658 [INFO] No candles fetched for NSE:TMPV-EQ. Skipping evaluation.
2025-11-17 09:59:39,658 [INFO] Error in trading logic:
Traceback (most recent call last):
  File "D:\Datascience\TradingBot\main.py", line 149, in main
    tamo_signal, side = tamo_strategy.evaluate_trade_signal()
    ^^^^^^^^^^^^^^^^^
TypeError: cannot unpack non-iterable bool object

2025-11-17 09:59:49,661 [INFO] Checking trade setups at 2025-11-17 09:59:49
2025-11-17 09:59:49,661 [INFO] Applying EMA strategy to 1 stocks.
2025-11-17 09:59:50,435 [INFO] Fetching candles for NSE:TMPV-EQ...
2025-11-17 09:59:52,152 [INFO] No candles fetched for NSE:TMPV-EQ. Skipping evaluation.
2025-11-17 09:59:52,152 [INFO] Error in trading logic:
Traceback (most recent call last):
  File "D:\Datascience\TradingBot\main.py", line 149, in main
    tamo_signal, side = tamo_strategy.evaluate_trade_signal()
    ^^^^^^^^^^^^^^^^^
TypeError: cannot unpack non-iterable bool object

2025-11-17 10:00:02,154 [INFO] Checking trade setups at 2025-11-17 10:00:02
2025-11-17 10:00:02,154 [INFO] Applying EMA strategy to 1 stocks.
2025-11-17 10:00:02,913 [INFO] Fetching candles for NSE:TMPV-EQ...
2025-11-17 10:00:03,613 [INFO] Trigger candle found for NSE:TMPV-EQ - High: 374.9, Low: 374.7
2025-11-17 10:00:03,613 [INFO] Candle 10:00 evaluated. High: 374.9, Low: 374.7
2025-11-17 10:00:03,613 [INFO] No breakout yet. Watching further candles...
2025-11-17 10:00:03,613 [INFO] Error in trading logic:
Traceback (most recent call last):
  File "D:\Datascience\TradingBot\main.py", line 149, in main
    tamo_signal, side = tamo_strategy.evaluate_trade_signal()
    ^^^^^^^^^^^^^^^^^
TypeError: cannot unpack non-iterable NoneType object

2025-11-17 10:00:13,619 [INFO] Checking trade setups at 2025-11-17 10:00:13
2025-11-17 10:00:13,619 [INFO] Applying EMA strategy to 1 stocks.
2025-11-17 10:00:14,595 [INFO] Fetching candles for NSE:TMPV-EQ...
2025-11-17 10:00:15,632 [INFO] Trigger candle found for NSE:TMPV-EQ - High: 375, Low: 374.85
2025-11-17 10:00:15,632 [INFO] Candle 10:00 evaluated. High: 375, Low: 374.85
2025-11-17 10:00:15,632 [INFO] No breakout yet. Watching further candles...
2025-11-17 10:00:15,635 [INFO] Error in trading logic:
Traceback (most recent call last):
  File "D:\Datascience\TradingBot\main.py", line 149, in main
    tamo_signal, side = tamo_strategy.evaluate_trade_signal()
    ^^^^^^^^^^^^^^^^^
TypeError: cannot unpack non-iterable NoneType object

2025-11-17 10:00:25,636 [INFO] Checking trade setups at 2025-11-17 10:00:25
2025-11-17 10:00:25,636 [INFO] Applying EMA strategy to 1 stocks.
2025-11-17 10:00:26,564 [INFO] Fetching candles for NSE:TMPV-EQ...
2025-11-17 10:00:27,279 [INFO] Trigger candle found for NSE:TMPV-EQ - High: 375, Low: 374.8
2025-11-17 10:00:27,280 [INFO] Candle 10:00 evaluated. High: 375, Low: 374.8
2025-11-17 10:00:27,281 [INFO] No breakout yet. Watching further candles...
2025-11-17 10:00:27,281 [INFO] Error in trading logic:
Traceback (most recent call last):
  File "D:\Datascience\TradingBot\main.py", line 149, in main
    tamo_signal, side = tamo_strategy.evaluate_trade_signal()
    ^^^^^^^^^^^^^^^^^
TypeError: cannot unpack non-iterable NoneType object

2025-11-17 10:00:37,283 [INFO] Checking trade setups at 2025-11-17 10:00:37
2025-11-17 10:00:37,283 [INFO] Applying EMA strategy to 1 stocks.
2025-11-17 10:00:38,154 [INFO] Fetching candles for NSE:TMPV-EQ...
2025-11-17 10:00:38,957 [INFO] Trigger candle found for NSE:TMPV-EQ - High: 375, Low: 374.8
2025-11-17 10:00:38,957 [INFO] Candle 10:00 evaluated. High: 375, Low: 374.8
2025-11-17 10:00:38,957 [INFO] No breakout yet. Watching further candles...
2025-11-17 10:00:38,959 [INFO] Error in trading logic:
Traceback (most recent call last):
  File "D:\Datascience\TradingBot\main.py", line 149, in main
    tamo_signal, side = tamo_strategy.evaluate_trade_signal()
    ^^^^^^^^^^^^^^^^^
TypeError: cannot unpack non-iterable NoneType object

2025-11-17 10:00:48,960 [INFO] Checking trade setups at 2025-11-17 10:00:48
2025-11-17 10:00:48,960 [INFO] Applying EMA strategy to 1 stocks.
2025-11-17 10:00:49,750 [INFO] Fetching candles for NSE:TMPV-EQ...
2025-11-17 10:00:52,059 [INFO] Trigger candle found for NSE:TMPV-EQ - High: 375, Low: 374.8
2025-11-17 10:00:52,062 [INFO] Candle 10:00 evaluated. High: 375, Low: 374.8
2025-11-17 10:00:52,064 [INFO] No breakout yet. Watching further candles...
2025-11-17 10:00:52,064 [INFO] Error in trading logic:
Traceback (most recent call last):
  File "D:\Datascience\TradingBot\main.py", line 149, in main
    tamo_signal, side = tamo_strategy.evaluate_trade_signal()
    ^^^^^^^^^^^^^^^^^
TypeError: cannot unpack non-iterable NoneType object

2025-11-17 10:01:02,067 [INFO] Checking trade setups at 2025-11-17 10:01:02
2025-11-17 10:01:02,067 [INFO] Applying EMA strategy to 1 stocks.
2025-11-17 10:01:02,824 [INFO] Fetching candles for NSE:TMPV-EQ...
2025-11-17 10:01:03,423 [INFO] Trigger candle found for NSE:TMPV-EQ - High: 375, Low: 374.75
2025-11-17 10:01:03,425 [INFO] Candle 10:00 evaluated. High: 375, Low: 374.75
2025-11-17 10:01:03,425 [INFO] No breakout yet. Watching further candles...
2025-11-17 10:01:03,427 [INFO] Error in trading logic:
Traceback (most recent call last):
  File "D:\Datascience\TradingBot\main.py", line 149, in main
    tamo_signal, side = tamo_strategy.evaluate_trade_signal()
    ^^^^^^^^^^^^^^^^^
TypeError: cannot unpack non-iterable NoneType object

2025-11-17 10:01:13,428 [INFO] Checking trade setups at 2025-11-17 10:01:13
2025-11-17 10:01:13,428 [INFO] Applying EMA strategy to 1 stocks.
2025-11-17 10:01:15,317 [INFO] Fetching candles for NSE:TMPV-EQ...
2025-11-17 10:01:16,147 [INFO] Trigger candle found for NSE:TMPV-EQ - High: 375, Low: 374.75
2025-11-17 10:01:16,150 [INFO] Candle 10:00 evaluated. High: 375, Low: 374.75
2025-11-17 10:01:16,150 [INFO] No breakout yet. Watching further candles...
2025-11-17 10:01:16,150 [INFO] Error in trading logic:
Traceback (most recent call last):
  File "D:\Datascience\TradingBot\main.py", line 149, in main
    tamo_signal, side = tamo_strategy.evaluate_trade_signal()
    ^^^^^^^^^^^^^^^^^
TypeError: cannot unpack non-iterable NoneType object

2025-11-17 10:01:26,153 [INFO] Checking trade setups at 2025-11-17 10:01:26
2025-11-17 10:01:26,155 [INFO] Applying EMA strategy to 1 stocks.
2025-11-17 10:01:26,983 [INFO] Fetching candles for NSE:TMPV-EQ...
2025-11-17 10:01:27,813 [INFO] Trigger candle found for NSE:TMPV-EQ - High: 375, Low: 374.75
2025-11-17 10:01:27,813 [INFO] Candle 10:00 evaluated. High: 375, Low: 374.75
2025-11-17 10:01:27,813 [INFO] No breakout yet. Watching further candles...
2025-11-17 10:01:27,813 [INFO] Error in trading logic:
Traceback (most recent call last):
  File "D:\Datascience\TradingBot\main.py", line 149, in main
    tamo_signal, side = tamo_strategy.evaluate_trade_signal()
    ^^^^^^^^^^^^^^^^^
TypeError: cannot unpack non-iterable NoneType object

2025-11-17 10:01:37,818 [INFO] Checking trade setups at 2025-11-17 10:01:37
2025-11-17 10:01:37,819 [INFO] Applying EMA strategy to 1 stocks.
2025-11-17 10:01:38,674 [INFO] Fetching candles for NSE:TMPV-EQ...
2025-11-17 10:01:39,366 [INFO] Trigger candle found for NSE:TMPV-EQ - High: 375, Low: 374.75
2025-11-17 10:01:39,367 [INFO] Candle 10:00 evaluated. High: 375, Low: 374.75
2025-11-17 10:01:39,367 [INFO] No breakout yet. Watching further candles...
2025-11-17 10:01:39,368 [INFO] Error in trading logic:
Traceback (most recent call last):
  File "D:\Datascience\TradingBot\main.py", line 149, in main
    tamo_signal, side = tamo_strategy.evaluate_trade_signal()
    ^^^^^^^^^^^^^^^^^
TypeError: cannot unpack non-iterable NoneType object

2025-11-17 10:01:49,370 [INFO] Checking trade setups at 2025-11-17 10:01:49
2025-11-17 10:01:49,370 [INFO] Applying EMA strategy to 1 stocks.
2025-11-17 10:01:50,144 [INFO] Fetching candles for NSE:TMPV-EQ...
2025-11-17 10:01:50,965 [INFO] Trigger candle found for NSE:TMPV-EQ - High: 375, Low: 374.75
2025-11-17 10:01:50,965 [INFO] Candle 10:00 evaluated. High: 375, Low: 374.75
2025-11-17 10:01:50,965 [INFO] No breakout yet. Watching further candles...
2025-11-17 10:01:50,965 [INFO] Error in trading logic:
Traceback (most recent call last):
  File "D:\Datascience\TradingBot\main.py", line 149, in main
    tamo_signal, side = tamo_strategy.evaluate_trade_signal()
    ^^^^^^^^^^^^^^^^^
TypeError: cannot unpack non-iterable NoneType object

2025-11-17 10:02:00,974 [INFO] Checking trade setups at 2025-11-17 10:02:00
2025-11-17 10:02:00,974 [INFO] Applying EMA strategy to 1 stocks.
2025-11-17 10:02:01,708 [INFO] Fetching candles for NSE:TMPV-EQ...
2025-11-17 10:02:03,333 [INFO] Trigger candle found for NSE:TMPV-EQ - High: 375, Low: 374.7
2025-11-17 10:02:03,333 [INFO] Candle 10:00 evaluated. High: 375, Low: 374.7
2025-11-17 10:02:03,333 [INFO] No breakout yet. Watching further candles...
2025-11-17 10:02:03,335 [INFO] Error in trading logic:
Traceback (most recent call last):
  File "D:\Datascience\TradingBot\main.py", line 149, in main
    tamo_signal, side = tamo_strategy.evaluate_trade_signal()
    ^^^^^^^^^^^^^^^^^
TypeError: cannot unpack non-iterable NoneType object

2025-11-17 10:02:13,336 [INFO] Checking trade setups at 2025-11-17 10:02:13
2025-11-17 10:02:13,337 [INFO] Applying EMA strategy to 1 stocks.
2025-11-17 10:02:14,307 [INFO] Fetching candles for NSE:TMPV-EQ...
2025-11-17 10:02:15,460 [INFO] Trigger candle found for NSE:TMPV-EQ - High: 375, Low: 374.7
2025-11-17 10:02:15,460 [INFO] Candle 10:00 evaluated. High: 375, Low: 374.7
2025-11-17 10:02:15,460 [INFO] No breakout yet. Watching further candles...
2025-11-17 10:02:15,462 [INFO] Error in trading logic:
Traceback (most recent call last):
  File "D:\Datascience\TradingBot\main.py", line 149, in main
    tamo_signal, side = tamo_strategy.evaluate_trade_signal()
    ^^^^^^^^^^^^^^^^^
TypeError: cannot unpack non-iterable NoneType object

2025-11-17 10:02:25,464 [INFO] Checking trade setups at 2025-11-17 10:02:25
2025-11-17 10:02:25,464 [INFO] Applying EMA strategy to 1 stocks.
2025-11-17 10:02:26,099 [INFO] Fetching candles for NSE:TMPV-EQ...
2025-11-17 10:02:26,785 [INFO] Trigger candle found for NSE:TMPV-EQ - High: 375, Low: 374.7
2025-11-17 10:02:26,785 [INFO] Candle 10:00 evaluated. High: 375, Low: 374.7
2025-11-17 10:02:26,793 [INFO] No breakout yet. Watching further candles...
2025-11-17 10:02:26,795 [INFO] Error in trading logic:
Traceback (most recent call last):
  File "D:\Datascience\TradingBot\main.py", line 149, in main
    tamo_signal, side = tamo_strategy.evaluate_trade_signal()
    ^^^^^^^^^^^^^^^^^
TypeError: cannot unpack non-iterable NoneType object

2025-11-17 10:02:36,798 [INFO] Checking trade setups at 2025-11-17 10:02:36
2025-11-17 10:02:36,798 [INFO] Applying EMA strategy to 1 stocks.
2025-11-17 10:02:37,955 [INFO] Fetching candles for NSE:TMPV-EQ...
2025-11-17 10:02:41,971 [INFO] Trigger candle found for NSE:TMPV-EQ - High: 375, Low: 374.7
2025-11-17 10:02:41,971 [INFO] Candle 10:00 evaluated. High: 375, Low: 374.7
2025-11-17 10:02:41,971 [INFO] No breakout yet. Watching further candles...
2025-11-17 10:02:41,971 [INFO] Error in trading logic:
Traceback (most recent call last):
  File "D:\Datascience\TradingBot\main.py", line 149, in main
    tamo_signal, side = tamo_strategy.evaluate_trade_signal()
    ^^^^^^^^^^^^^^^^^
TypeError: cannot unpack non-iterable NoneType object

2025-11-17 10:02:51,976 [INFO] Checking trade setups at 2025-11-17 10:02:51
2025-11-17 10:02:51,976 [INFO] Applying EMA strategy to 1 stocks.
2025-11-17 10:02:52,945 [INFO] Fetching candles for NSE:TMPV-EQ...
2025-11-17 10:02:54,222 [INFO] Trigger candle found for NSE:TMPV-EQ - High: 375.15, Low: 374.7
2025-11-17 10:02:54,225 [INFO] Candle 10:00 evaluated. High: 375.15, Low: 374.7
2025-11-17 10:02:54,225 [INFO] No breakout yet. Watching further candles...
2025-11-17 10:02:54,227 [INFO] Error in trading logic:
Traceback (most recent call last):
  File "D:\Datascience\TradingBot\main.py", line 149, in main
    tamo_signal, side = tamo_strategy.evaluate_trade_signal()
    ^^^^^^^^^^^^^^^^^
TypeError: cannot unpack non-iterable NoneType object

2025-11-17 10:03:04,228 [INFO] Checking trade setups at 2025-11-17 10:03:04
2025-11-17 10:03:04,228 [INFO] Applying EMA strategy to 1 stocks.
2025-11-17 10:03:05,012 [INFO] Fetching candles for NSE:TMPV-EQ...
2025-11-17 10:03:05,904 [INFO] Trigger candle found for NSE:TMPV-EQ - High: 375.15, Low: 374.65
2025-11-17 10:03:05,906 [INFO] Candle 10:00 evaluated. High: 375.15, Low: 374.65
2025-11-17 10:03:05,906 [INFO] No breakout yet. Watching further candles...
2025-11-17 10:03:05,907 [INFO] Error in trading logic:
Traceback (most recent call last):
  File "D:\Datascience\TradingBot\main.py", line 149, in main
    tamo_signal, side = tamo_strategy.evaluate_trade_signal()
    ^^^^^^^^^^^^^^^^^
TypeError: cannot unpack non-iterable NoneType object

2025-11-17 10:03:15,909 [INFO] Checking trade setups at 2025-11-17 10:03:15
2025-11-17 10:03:15,910 [INFO] Applying EMA strategy to 1 stocks.
2025-11-17 10:03:16,888 [INFO] Fetching candles for NSE:TMPV-EQ...
2025-11-17 10:03:18,228 [INFO] Trigger candle found for NSE:TMPV-EQ - High: 375.15, Low: 374.6
2025-11-17 10:03:18,232 [INFO] Candle 10:00 evaluated. High: 375.15, Low: 374.6
2025-11-17 10:03:18,232 [INFO] No breakout yet. Watching further candles...
2025-11-17 10:03:18,232 [INFO] Error in trading logic:
Traceback (most recent call last):
  File "D:\Datascience\TradingBot\main.py", line 149, in main
    tamo_signal, side = tamo_strategy.evaluate_trade_signal()
    ^^^^^^^^^^^^^^^^^
TypeError: cannot unpack non-iterable NoneType object

2025-11-17 10:03:28,235 [INFO] Checking trade setups at 2025-11-17 10:03:28
2025-11-17 10:03:28,235 [INFO] Applying EMA strategy to 1 stocks.
2025-11-17 10:03:29,026 [INFO] Fetching candles for NSE:TMPV-EQ...
2025-11-17 10:03:30,165 [INFO] Trigger candle found for NSE:TMPV-EQ - High: 375.15, Low: 374.6
2025-11-17 10:03:30,165 [INFO] Candle 10:00 evaluated. High: 375.15, Low: 374.6
2025-11-17 10:03:30,165 [INFO] No breakout yet. Watching further candles...
2025-11-17 10:03:30,167 [INFO] Error in trading logic:
Traceback (most recent call last):
  File "D:\Datascience\TradingBot\main.py", line 149, in main
    tamo_signal, side = tamo_strategy.evaluate_trade_signal()
    ^^^^^^^^^^^^^^^^^
TypeError: cannot unpack non-iterable NoneType object

2025-11-17 10:03:40,168 [INFO] Checking trade setups at 2025-11-17 10:03:40
2025-11-17 10:03:40,168 [INFO] Applying EMA strategy to 1 stocks.
2025-11-17 10:03:40,984 [INFO] Fetching candles for NSE:TMPV-EQ...
2025-11-17 10:03:41,954 [INFO] Trigger candle found for NSE:TMPV-EQ - High: 375.15, Low: 374.6
2025-11-17 10:03:41,954 [INFO] Candle 10:00 evaluated. High: 375.15, Low: 374.6
2025-11-17 10:03:41,954 [INFO] No breakout yet. Watching further candles...
2025-11-17 10:03:41,956 [INFO] Error in trading logic:
Traceback (most recent call last):
  File "D:\Datascience\TradingBot\main.py", line 149, in main
    tamo_signal, side = tamo_strategy.evaluate_trade_signal()
    ^^^^^^^^^^^^^^^^^
TypeError: cannot unpack non-iterable NoneType object

2025-11-17 10:03:51,957 [INFO] Checking trade setups at 2025-11-17 10:03:51
2025-11-17 10:03:51,957 [INFO] Applying EMA strategy to 1 stocks.
2025-11-17 10:03:52,716 [INFO] Fetching candles for NSE:TMPV-EQ...
2025-11-17 10:03:53,546 [INFO] Trigger candle found for NSE:TMPV-EQ - High: 375.15, Low: 374.6
2025-11-17 10:03:53,549 [INFO] Candle 10:00 evaluated. High: 375.15, Low: 374.6
2025-11-17 10:03:53,549 [INFO] No breakout yet. Watching further candles...
2025-11-17 10:03:53,549 [INFO] Error in trading logic:
Traceback (most recent call last):
  File "D:\Datascience\TradingBot\main.py", line 149, in main
    tamo_signal, side = tamo_strategy.evaluate_trade_signal()
    ^^^^^^^^^^^^^^^^^
TypeError: cannot unpack non-iterable NoneType object

2025-11-17 10:04:03,551 [INFO] Checking trade setups at 2025-11-17 10:04:03
2025-11-17 10:04:03,552 [INFO] Applying EMA strategy to 1 stocks.
2025-11-17 10:04:04,310 [INFO] Fetching candles for NSE:TMPV-EQ...
2025-11-17 10:04:05,533 [INFO] Trigger candle found for NSE:TMPV-EQ - High: 375.15, Low: 374.6
2025-11-17 10:04:05,533 [INFO] Candle 10:00 evaluated. High: 375.15, Low: 374.6
2025-11-17 10:04:05,533 [INFO] No breakout yet. Watching further candles...
2025-11-17 10:04:05,533 [INFO] Error in trading logic:
Traceback (most recent call last):
  File "D:\Datascience\TradingBot\main.py", line 149, in main
    tamo_signal, side = tamo_strategy.evaluate_trade_signal()
    ^^^^^^^^^^^^^^^^^
TypeError: cannot unpack non-iterable NoneType object

2025-11-17 10:04:15,538 [INFO] Checking trade setups at 2025-11-17 10:04:15
2025-11-17 10:04:15,541 [INFO] Applying EMA strategy to 1 stocks.
2025-11-17 10:04:16,398 [INFO] Fetching candles for NSE:TMPV-EQ...
2025-11-17 10:04:18,114 [INFO] Trigger candle found for NSE:TMPV-EQ - High: 375.15, Low: 374.6
2025-11-17 10:04:18,114 [INFO] Candle 10:00 evaluated. High: 375.15, Low: 374.6
2025-11-17 10:04:18,114 [INFO] No breakout yet. Watching further candles...
2025-11-17 10:04:18,119 [INFO] Error in trading logic:
Traceback (most recent call last):
  File "D:\Datascience\TradingBot\main.py", line 149, in main
    tamo_signal, side = tamo_strategy.evaluate_trade_signal()
    ^^^^^^^^^^^^^^^^^
TypeError: cannot unpack non-iterable NoneType object

2025-11-17 10:04:28,124 [INFO] Checking trade setups at 2025-11-17 10:04:28
2025-11-17 10:04:28,124 [INFO] Applying EMA strategy to 1 stocks.
2025-11-17 10:04:28,832 [INFO] Fetching candles for NSE:TMPV-EQ...
2025-11-17 10:04:29,968 [INFO] Trigger candle found for NSE:TMPV-EQ - High: 375.15, Low: 374.6
2025-11-17 10:04:29,968 [INFO] Candle 10:00 evaluated. High: 375.15, Low: 374.6
2025-11-17 10:04:29,968 [INFO] No breakout yet. Watching further candles...
2025-11-17 10:04:29,970 [INFO] Error in trading logic:
Traceback (most recent call last):
  File "D:\Datascience\TradingBot\main.py", line 149, in main
    tamo_signal, side = tamo_strategy.evaluate_trade_signal()
    ^^^^^^^^^^^^^^^^^
TypeError: cannot unpack non-iterable NoneType object

2025-11-17 10:04:39,972 [INFO] Checking trade setups at 2025-11-17 10:04:39
2025-11-17 10:04:39,972 [INFO] Applying EMA strategy to 1 stocks.
2025-11-17 10:04:40,735 [INFO] Fetching candles for NSE:TMPV-EQ...
2025-11-17 10:04:41,339 [INFO] Trigger candle found for NSE:TMPV-EQ - High: 375.15, Low: 374.6
2025-11-17 10:04:41,343 [INFO] Candle 10:00 evaluated. High: 375.15, Low: 374.6
2025-11-17 10:04:41,343 [INFO] No breakout yet. Watching further candles...
2025-11-17 10:04:41,343 [INFO] Error in trading logic:
Traceback (most recent call last):
  File "D:\Datascience\TradingBot\main.py", line 149, in main
    tamo_signal, side = tamo_strategy.evaluate_trade_signal()
    ^^^^^^^^^^^^^^^^^
TypeError: cannot unpack non-iterable NoneType object

2025-11-17 10:04:51,346 [INFO] Checking trade setups at 2025-11-17 10:04:51
2025-11-17 10:04:51,346 [INFO] Applying EMA strategy to 1 stocks.
2025-11-17 10:04:52,173 [INFO] Fetching candles for NSE:TMPV-EQ...
2025-11-17 10:04:53,048 [INFO] Trigger candle found for NSE:TMPV-EQ - High: 375.3, Low: 374.6
2025-11-17 10:04:53,054 [INFO] Candle 10:00 evaluated. High: 375.3, Low: 374.6
2025-11-17 10:04:53,054 [INFO] No breakout yet. Watching further candles...
2025-11-17 10:04:53,055 [INFO] Error in trading logic:
Traceback (most recent call last):
  File "D:\Datascience\TradingBot\main.py", line 149, in main
    tamo_signal, side = tamo_strategy.evaluate_trade_signal()
    ^^^^^^^^^^^^^^^^^
TypeError: cannot unpack non-iterable NoneType object

2025-11-17 10:05:03,056 [INFO] Checking trade setups at 2025-11-17 10:05:03
2025-11-17 10:05:03,056 [INFO] Applying EMA strategy to 1 stocks.
2025-11-17 10:05:05,046 [INFO] Fetching candles for NSE:TMPV-EQ...
2025-11-17 10:05:05,637 [INFO] Trigger candle found for NSE:TMPV-EQ - High: 375.3, Low: 374.6
2025-11-17 10:05:05,637 [INFO] Candle 10:00 evaluated. High: 375.3, Low: 374.6
2025-11-17 10:05:05,637 [INFO] No breakout yet. Watching further candles...
2025-11-17 10:05:05,637 [INFO] Candle 10:05 evaluated. High: 375.3, Low: 375
2025-11-17 10:05:05,637 [INFO] No breakout yet. Watching further candles...
2025-11-17 10:05:05,637 [INFO] Error in trading logic:
Traceback (most recent call last):
  File "D:\Datascience\TradingBot\main.py", line 149, in main
    tamo_signal, side = tamo_strategy.evaluate_trade_signal()
    ^^^^^^^^^^^^^^^^^
TypeError: cannot unpack non-iterable NoneType object

2025-11-17 10:05:15,642 [INFO] Checking trade setups at 2025-11-17 10:05:15
2025-11-17 10:05:15,642 [INFO] Applying EMA strategy to 1 stocks.
2025-11-17 10:05:16,478 [INFO] Fetching candles for NSE:TMPV-EQ...
2025-11-17 10:05:17,177 [INFO] Trigger candle found for NSE:TMPV-EQ - High: 375.3, Low: 374.6
2025-11-17 10:05:17,177 [INFO] Candle 10:00 evaluated. High: 375.3, Low: 374.6
2025-11-17 10:05:17,177 [INFO] No breakout yet. Watching further candles...
2025-11-17 10:05:17,177 [INFO] Candle 10:05 evaluated. High: 375.3, Low: 375
2025-11-17 10:05:17,177 [INFO] No breakout yet. Watching further candles...
2025-11-17 10:05:17,177 [INFO] Error in trading logic:
Traceback (most recent call last):
  File "D:\Datascience\TradingBot\main.py", line 149, in main
    tamo_signal, side = tamo_strategy.evaluate_trade_signal()
    ^^^^^^^^^^^^^^^^^
TypeError: cannot unpack non-iterable NoneType object

2025-11-17 10:05:27,182 [INFO] Checking trade setups at 2025-11-17 10:05:27
2025-11-17 10:05:27,182 [INFO] Applying EMA strategy to 1 stocks.
2025-11-17 10:05:28,294 [INFO] Fetching candles for NSE:TMPV-EQ...
2025-11-17 10:05:29,369 [INFO] Trigger candle found for NSE:TMPV-EQ - High: 375.3, Low: 374.6
2025-11-17 10:05:29,372 [INFO] Candle 10:00 evaluated. High: 375.3, Low: 374.6
2025-11-17 10:05:29,372 [INFO] No breakout yet. Watching further candles...
2025-11-17 10:05:29,373 [INFO] Candle 10:05 evaluated. High: 375.7, Low: 375
2025-11-17 10:05:29,373 [INFO] Trade signal evaluated as Buy.
2025-11-17 10:05:29,373 [INFO] Buy Triggered for NSE:TMPV-EQ SETUP at 2025-11-17 10:05
2025-11-17 10:05:30,115 [INFO] Order Response: {'code': 1101, 'message': 'Successfully placed order', 's': 'ok', 'id': '25111700092260-BO-1'}
2025-11-17 10:05:30,115 [INFO] Trades taken today: 3
2025-11-17 10:05:30,115 [INFO] Remaining trades for the day: 3
2025-11-17 10:05:30,119 [INFO] ✅ Order placed successfully for NSE:TMPV-EQ
2025-11-17 10:05:30,121 [INFO] TAMO trade executed successfully at 2025-11-17 10:05
2025-11-17 10:05:40,124 [INFO] Checking trade setups at 2025-11-17 10:05:40
2025-11-17 10:05:40,124 [INFO] Applying EMA strategy to 1 stocks.
2025-11-17 10:05:51,846 [INFO] Checking trade setups at 2025-11-17 10:05:51
2025-11-17 10:05:51,846 [INFO] Applying EMA strategy to 1 stocks.
2025-11-17 10:06:02,636 [INFO] Checking trade setups at 2025-11-17 10:06:02
2025-11-17 10:06:02,636 [INFO] Applying EMA strategy to 1 stocks.
2025-11-17 10:06:13,389 [INFO] Checking trade setups at 2025-11-17 10:06:13
2025-11-17 10:06:13,389 [INFO] Applying EMA strategy to 1 stocks.
2025-11-17 10:06:24,452 [INFO] Checking trade setups at 2025-11-17 10:06:24
2025-11-17 10:06:24,452 [INFO] Applying EMA strategy to 1 stocks.
2025-11-17 10:06:35,393 [INFO] Checking trade setups at 2025-11-17 10:06:35
2025-11-17 10:06:35,393 [INFO] Applying EMA strategy to 1 stocks.
2025-11-17 10:06:46,214 [INFO] Checking trade setups at 2025-11-17 10:06:46
2025-11-17 10:06:46,214 [INFO] Applying EMA strategy to 1 stocks.
2025-11-17 10:06:57,266 [INFO] Checking trade setups at 2025-11-17 10:06:57
2025-11-17 10:06:57,266 [INFO] Applying EMA strategy to 1 stocks.
2025-11-17 10:07:07,969 [INFO] Checking trade setups at 2025-11-17 10:07:07
2025-11-17 10:07:07,969 [INFO] Applying EMA strategy to 1 stocks.
2025-11-17 10:07:18,821 [INFO] Checking trade setups at 2025-11-17 10:07:18
2025-11-17 10:07:18,821 [INFO] Applying EMA strategy to 1 stocks.
2025-11-17 10:07:29,695 [INFO] Checking trade setups at 2025-11-17 10:07:29
2025-11-17 10:07:29,696 [INFO] Applying EMA strategy to 1 stocks.
2025-11-17 10:07:40,439 [INFO] Checking trade setups at 2025-11-17 10:07:40
2025-11-17 10:07:40,439 [INFO] Applying EMA strategy to 1 stocks.
2025-11-17 10:07:51,205 [INFO] Checking trade setups at 2025-11-17 10:07:51
2025-11-17 10:07:51,205 [INFO] Applying EMA strategy to 1 stocks.
2025-11-17 10:08:01,937 [INFO] Checking trade setups at 2025-11-17 10:08:01
2025-11-17 10:08:01,937 [INFO] Applying EMA strategy to 1 stocks.
2025-11-17 10:08:12,575 [INFO] Checking trade setups at 2025-11-17 10:08:12
2025-11-17 10:08:12,575 [INFO] Applying EMA strategy to 1 stocks.
2025-11-17 10:08:23,232 [INFO] Checking trade setups at 2025-11-17 10:08:23
2025-11-17 10:08:23,234 [INFO] Applying EMA strategy to 1 stocks.
2025-11-17 10:08:34,183 [INFO] Checking trade setups at 2025-11-17 10:08:34
2025-11-17 10:08:34,183 [INFO] Applying EMA strategy to 1 stocks.
2025-11-17 10:08:44,939 [INFO] Checking trade setups at 2025-11-17 10:08:44
2025-11-17 10:08:44,942 [INFO] Applying EMA strategy to 1 stocks.
2025-11-17 10:08:56,204 [INFO] Checking trade setups at 2025-11-17 10:08:56
2025-11-17 10:08:56,204 [INFO] Applying EMA strategy to 1 stocks.
2025-11-17 10:09:06,847 [INFO] Checking trade setups at 2025-11-17 10:09:06
2025-11-17 10:09:06,850 [INFO] Applying EMA strategy to 1 stocks.
2025-11-17 10:09:17,708 [INFO] Checking trade setups at 2025-11-17 10:09:17
2025-11-17 10:09:17,708 [INFO] Applying EMA strategy to 1 stocks.
2025-11-17 10:09:28,363 [INFO] Checking trade setups at 2025-11-17 10:09:28
2025-11-17 10:09:28,363 [INFO] Applying EMA strategy to 1 stocks.
2025-11-17 10:09:39,010 [INFO] Checking trade setups at 2025-11-17 10:09:39
2025-11-17 10:09:39,010 [INFO] Applying EMA strategy to 1 stocks.
2025-11-17 10:09:50,190 [INFO] Checking trade setups at 2025-11-17 10:09:50
2025-11-17 10:09:50,190 [INFO] Applying EMA strategy to 1 stocks.
2025-11-17 10:10:01,125 [INFO] Checking trade setups at 2025-11-17 10:10:01
2025-11-17 10:10:01,125 [INFO] Applying EMA strategy to 1 stocks.
2025-11-17 10:10:11,986 [INFO] Checking trade setups at 2025-11-17 10:10:11
2025-11-17 10:10:11,986 [INFO] Applying EMA strategy to 1 stocks.
2025-11-17 10:10:23,058 [INFO] Checking trade setups at 2025-11-17 10:10:23
2025-11-17 10:10:23,058 [INFO] Applying EMA strategy to 1 stocks.
2025-11-17 10:10:33,792 [INFO] Checking trade setups at 2025-11-17 10:10:33
2025-11-17 10:10:33,792 [INFO] Applying EMA strategy to 1 stocks.
2025-11-17 10:10:44,864 [INFO] Checking trade setups at 2025-11-17 10:10:44
2025-11-17 10:10:44,864 [INFO] Applying EMA strategy to 1 stocks.
2025-11-17 10:10:55,601 [INFO] Checking trade setups at 2025-11-17 10:10:55
2025-11-17 10:10:55,601 [INFO] Applying EMA strategy to 1 stocks.
2025-11-17 10:11:06,252 [INFO] Checking trade setups at 2025-11-17 10:11:06
2025-11-17 10:11:06,252 [INFO] Applying EMA strategy to 1 stocks.
2025-11-17 10:11:17,204 [INFO] Checking trade setups at 2025-11-17 10:11:17
2025-11-17 10:11:17,205 [INFO] Applying EMA strategy to 1 stocks.
2025-11-17 10:11:28,285 [INFO] Checking trade setups at 2025-11-17 10:11:28
2025-11-17 10:11:28,285 [INFO] Applying EMA strategy to 1 stocks.
2025-11-17 10:11:38,935 [INFO] Checking trade setups at 2025-11-17 10:11:38
2025-11-17 10:11:38,935 [INFO] Applying EMA strategy to 1 stocks.
2025-11-17 10:11:49,666 [INFO] Checking trade setups at 2025-11-17 10:11:49
2025-11-17 10:11:49,666 [INFO] Applying EMA strategy to 1 stocks.
2025-11-17 10:12:00,426 [INFO] Checking trade setups at 2025-11-17 10:12:00
2025-11-17 10:12:00,426 [INFO] Applying EMA strategy to 1 stocks.
2025-11-17 10:12:11,097 [INFO] Checking trade setups at 2025-11-17 10:12:11
2025-11-17 10:12:11,097 [INFO] Applying EMA strategy to 1 stocks.
2025-11-17 10:12:21,934 [INFO] Checking trade setups at 2025-11-17 10:12:21
2025-11-17 10:12:21,934 [INFO] Applying EMA strategy to 1 stocks.
2025-11-17 10:12:32,685 [INFO] Checking trade setups at 2025-11-17 10:12:32
2025-11-17 10:12:32,686 [INFO] Applying EMA strategy to 1 stocks.
2025-11-17 10:12:43,787 [INFO] Checking trade setups at 2025-11-17 10:12:43
2025-11-17 10:12:43,789 [INFO] Applying EMA strategy to 1 stocks.
2025-11-17 10:12:54,607 [INFO] Checking trade setups at 2025-11-17 10:12:54
2025-11-17 10:12:54,608 [INFO] Applying EMA strategy to 1 stocks.
2025-11-17 10:13:05,472 [INFO] Checking trade setups at 2025-11-17 10:13:05
2025-11-17 10:13:05,472 [INFO] Applying EMA strategy to 1 stocks.
2025-11-17 10:13:16,138 [INFO] Checking trade setups at 2025-11-17 10:13:16
2025-11-17 10:13:16,138 [INFO] Applying EMA strategy to 1 stocks.
2025-11-17 10:13:28,100 [INFO] Checking trade setups at 2025-11-17 10:13:28
2025-11-17 10:13:28,101 [INFO] Applying EMA strategy to 1 stocks.
2025-11-17 10:13:38,739 [INFO] Checking trade setups at 2025-11-17 10:13:38
2025-11-17 10:13:38,739 [INFO] Applying EMA strategy to 1 stocks.
2025-11-17 10:13:49,734 [INFO] Checking trade setups at 2025-11-17 10:13:49
2025-11-17 10:13:49,734 [INFO] Applying EMA strategy to 1 stocks.
2025-11-17 10:14:00,352 [INFO] Checking trade setups at 2025-11-17 10:14:00
2025-11-17 10:14:00,352 [INFO] Applying EMA strategy to 1 stocks.
2025-11-17 10:14:10,988 [INFO] Checking trade setups at 2025-11-17 10:14:10
2025-11-17 10:14:10,988 [INFO] Applying EMA strategy to 1 stocks.
2025-11-17 10:14:21,637 [INFO] Checking trade setups at 2025-11-17 10:14:21
2025-11-17 10:14:21,637 [INFO] Applying EMA strategy to 1 stocks.
2025-11-17 10:14:32,290 [INFO] Checking trade setups at 2025-11-17 10:14:32
2025-11-17 10:14:32,291 [INFO] Applying EMA strategy to 1 stocks.
2025-11-17 10:14:43,077 [INFO] Checking trade setups at 2025-11-17 10:14:43
2025-11-17 10:14:43,077 [INFO] Applying EMA strategy to 1 stocks.
2025-11-17 10:14:53,698 [INFO] Checking trade setups at 2025-11-17 10:14:53
2025-11-17 10:14:53,698 [INFO] Applying EMA strategy to 1 stocks.
2025-11-17 10:15:04,687 [INFO] Checking trade setups at 2025-11-17 10:15:04
2025-11-17 10:15:04,687 [INFO] Applying EMA strategy to 1 stocks.
2025-11-17 10:15:15,646 [INFO] Checking trade setups at 2025-11-17 10:15:15
2025-11-17 10:15:15,646 [INFO] Applying EMA strategy to 1 stocks.
2025-11-17 10:15:26,358 [INFO] Checking trade setups at 2025-11-17 10:15:26
2025-11-17 10:15:26,359 [INFO] Applying EMA strategy to 1 stocks.
2025-11-17 10:15:37,533 [INFO] Checking trade setups at 2025-11-17 10:15:37
2025-11-17 10:15:37,534 [INFO] Applying EMA strategy to 1 stocks.
2025-11-17 10:15:48,382 [INFO] Checking trade setups at 2025-11-17 10:15:48
2025-11-17 10:15:48,382 [INFO] Applying EMA strategy to 1 stocks.
2025-11-17 10:15:59,145 [INFO] Checking trade setups at 2025-11-17 10:15:59
2025-11-17 10:15:59,146 [INFO] Applying EMA strategy to 1 stocks.
2025-11-17 10:16:10,322 [INFO] Checking trade setups at 2025-11-17 10:16:10
2025-11-17 10:16:10,323 [INFO] Applying EMA strategy to 1 stocks.
2025-11-17 10:16:20,985 [INFO] Checking trade setups at 2025-11-17 10:16:20
2025-11-17 10:16:20,985 [INFO] Applying EMA strategy to 1 stocks.
2025-11-17 10:16:32,412 [INFO] Checking trade setups at 2025-11-17 10:16:32
2025-11-17 10:16:32,412 [INFO] Applying EMA strategy to 1 stocks.
2025-11-17 10:16:43,145 [INFO] Checking trade setups at 2025-11-17 10:16:43
2025-11-17 10:16:43,169 [INFO] Applying EMA strategy to 1 stocks.
2025-11-17 10:16:53,909 [INFO] Checking trade setups at 2025-11-17 10:16:53
2025-11-17 10:16:53,909 [INFO] Applying EMA strategy to 1 stocks.
2025-11-17 10:17:04,682 [INFO] Checking trade setups at 2025-11-17 10:17:04
2025-11-17 10:17:04,682 [INFO] Applying EMA strategy to 1 stocks.
2025-11-17 10:17:15,514 [INFO] Checking trade setups at 2025-11-17 10:17:15
2025-11-17 10:17:15,514 [INFO] Applying EMA strategy to 1 stocks.
2025-11-17 10:17:26,167 [INFO] Checking trade setups at 2025-11-17 10:17:26
2025-11-17 10:17:26,167 [INFO] Applying EMA strategy to 1 stocks.
2025-11-17 10:17:37,036 [INFO] Checking trade setups at 2025-11-17 10:17:37
2025-11-17 10:17:37,036 [INFO] Applying EMA strategy to 1 stocks.
2025-11-17 10:17:47,867 [INFO] Checking trade setups at 2025-11-17 10:17:47
2025-11-17 10:17:47,867 [INFO] Applying EMA strategy to 1 stocks.
2025-11-17 10:17:58,635 [INFO] Checking trade setups at 2025-11-17 10:17:58
2025-11-17 10:17:58,635 [INFO] Applying EMA strategy to 1 stocks.
2025-11-17 10:18:09,380 [INFO] Checking trade setups at 2025-11-17 10:18:09
2025-11-17 10:18:09,380 [INFO] Applying EMA strategy to 1 stocks.
2025-11-17 10:18:20,044 [INFO] Checking trade setups at 2025-11-17 10:18:20
2025-11-17 10:18:20,044 [INFO] Applying EMA strategy to 1 stocks.
2025-11-17 10:18:30,785 [INFO] Checking trade setups at 2025-11-17 10:18:30
2025-11-17 10:18:30,785 [INFO] Applying EMA strategy to 1 stocks.
2025-11-17 10:18:42,500 [INFO] Checking trade setups at 2025-11-17 10:18:42
2025-11-17 10:18:42,500 [INFO] Applying EMA strategy to 1 stocks.
2025-11-17 10:18:54,133 [INFO] Checking trade setups at 2025-11-17 10:18:54
2025-11-17 10:18:54,134 [INFO] Applying EMA strategy to 1 stocks.
2025-11-17 10:19:04,878 [INFO] Checking trade setups at 2025-11-17 10:19:04
2025-11-17 10:19:04,878 [INFO] Applying EMA strategy to 1 stocks.
2025-11-17 10:19:15,738 [INFO] Checking trade setups at 2025-11-17 10:19:15
2025-11-17 10:19:15,738 [INFO] Applying EMA strategy to 1 stocks.
2025-11-17 10:19:26,905 [INFO] Checking trade setups at 2025-11-17 10:19:26
2025-11-17 10:19:26,905 [INFO] Applying EMA strategy to 1 stocks.
2025-11-17 10:19:37,959 [INFO] Checking trade setups at 2025-11-17 10:19:37
2025-11-17 10:19:37,959 [INFO] Applying EMA strategy to 1 stocks.
2025-11-17 10:19:48,719 [INFO] Checking trade setups at 2025-11-17 10:19:48
2025-11-17 10:19:48,719 [INFO] Applying EMA strategy to 1 stocks.
2025-11-17 10:19:59,576 [INFO] Checking trade setups at 2025-11-17 10:19:59
2025-11-17 10:19:59,576 [INFO] Applying EMA strategy to 1 stocks.
2025-11-17 10:20:10,344 [INFO] Checking trade setups at 2025-11-17 10:20:10
2025-11-17 10:20:10,344 [INFO] Applying EMA strategy to 1 stocks.
2025-11-17 10:20:20,984 [INFO] Checking trade setups at 2025-11-17 10:20:20
2025-11-17 10:20:20,984 [INFO] Applying EMA strategy to 1 stocks.
2025-11-17 10:20:31,720 [INFO] Checking trade setups at 2025-11-17 10:20:31
2025-11-17 10:20:31,720 [INFO] Applying EMA strategy to 1 stocks.
2025-11-17 10:20:42,479 [INFO] Checking trade setups at 2025-11-17 10:20:42
2025-11-17 10:20:42,481 [INFO] Applying EMA strategy to 1 stocks.
2025-11-17 10:20:53,150 [INFO] Checking trade setups at 2025-11-17 10:20:53
2025-11-17 10:20:53,150 [INFO] Applying EMA strategy to 1 stocks.
2025-11-17 10:21:03,831 [INFO] Checking trade setups at 2025-11-17 10:21:03
2025-11-17 10:21:03,847 [INFO] Applying EMA strategy to 1 stocks.
2025-11-17 10:21:14,840 [INFO] Checking trade setups at 2025-11-17 10:21:14
2025-11-17 10:21:14,840 [INFO] Applying EMA strategy to 1 stocks.
2025-11-17 10:21:25,606 [INFO] Checking trade setups at 2025-11-17 10:21:25
2025-11-17 10:21:25,606 [INFO] Applying EMA strategy to 1 stocks.
2025-11-17 10:21:36,241 [INFO] Checking trade setups at 2025-11-17 10:21:36
2025-11-17 10:21:36,241 [INFO] Applying EMA strategy to 1 stocks.
2025-11-17 10:21:46,998 [INFO] Checking trade setups at 2025-11-17 10:21:46
2025-11-17 10:21:46,998 [INFO] Applying EMA strategy to 1 stocks.
2025-11-17 10:21:58,060 [INFO] Checking trade setups at 2025-11-17 10:21:58
2025-11-17 10:21:58,060 [INFO] Applying EMA strategy to 1 stocks.
2025-11-17 10:22:08,905 [INFO] Checking trade setups at 2025-11-17 10:22:08
2025-11-17 10:22:08,905 [INFO] Applying EMA strategy to 1 stocks.
2025-11-17 10:22:19,690 [INFO] Checking trade setups at 2025-11-17 10:22:19
2025-11-17 10:22:19,690 [INFO] Applying EMA strategy to 1 stocks.
2025-11-17 10:22:30,624 [INFO] Checking trade setups at 2025-11-17 10:22:30
2025-11-17 10:22:30,625 [INFO] Applying EMA strategy to 1 stocks.
2025-11-17 10:22:41,470 [INFO] Checking trade setups at 2025-11-17 10:22:41
2025-11-17 10:22:41,471 [INFO] Applying EMA strategy to 1 stocks.
2025-11-17 10:22:52,234 [INFO] Checking trade setups at 2025-11-17 10:22:52
2025-11-17 10:22:52,234 [INFO] Applying EMA strategy to 1 stocks.
2025-11-17 10:23:03,083 [INFO] Checking trade setups at 2025-11-17 10:23:03
2025-11-17 10:23:03,083 [INFO] Applying EMA strategy to 1 stocks.
2025-11-17 10:23:13,947 [INFO] Checking trade setups at 2025-11-17 10:23:13
2025-11-17 10:23:13,947 [INFO] Applying EMA strategy to 1 stocks.
2025-11-17 10:23:24,680 [INFO] Checking trade setups at 2025-11-17 10:23:24
2025-11-17 10:23:24,680 [INFO] Applying EMA strategy to 1 stocks.
2025-11-17 10:23:35,559 [INFO] Checking trade setups at 2025-11-17 10:23:35
2025-11-17 10:23:35,559 [INFO] Applying EMA strategy to 1 stocks.
2025-11-17 10:23:46,407 [INFO] Checking trade setups at 2025-11-17 10:23:46
2025-11-17 10:23:46,407 [INFO] Applying EMA strategy to 1 stocks.
2025-11-17 10:23:57,569 [INFO] Checking trade setups at 2025-11-17 10:23:57
2025-11-17 10:23:57,569 [INFO] Applying EMA strategy to 1 stocks.
2025-11-17 10:24:08,505 [INFO] Checking trade setups at 2025-11-17 10:24:08
2025-11-17 10:24:08,505 [INFO] Applying EMA strategy to 1 stocks.
2025-11-17 10:24:19,407 [INFO] Checking trade setups at 2025-11-17 10:24:19
2025-11-17 10:24:19,407 [INFO] Applying EMA strategy to 1 stocks.
2025-11-17 10:24:30,388 [INFO] Checking trade setups at 2025-11-17 10:24:30
2025-11-17 10:24:30,388 [INFO] Applying EMA strategy to 1 stocks.
2025-11-17 10:24:41,288 [INFO] Checking trade setups at 2025-11-17 10:24:41
2025-11-17 10:24:41,290 [INFO] Applying EMA strategy to 1 stocks.
2025-11-17 10:24:52,269 [INFO] Checking trade setups at 2025-11-17 10:24:52
2025-11-17 10:24:52,269 [INFO] Applying EMA strategy to 1 stocks.
2025-11-17 10:25:03,195 [INFO] Checking trade setups at 2025-11-17 10:25:03
2025-11-17 10:25:03,195 [INFO] Applying EMA strategy to 1 stocks.
2025-11-17 10:25:14,055 [INFO] Checking trade setups at 2025-11-17 10:25:14
2025-11-17 10:25:14,055 [INFO] Applying EMA strategy to 1 stocks.
2025-11-17 10:25:25,027 [INFO] Checking trade setups at 2025-11-17 10:25:25
2025-11-17 10:25:25,027 [INFO] Applying EMA strategy to 1 stocks.
2025-11-17 10:25:35,865 [INFO] Checking trade setups at 2025-11-17 10:25:35
2025-11-17 10:25:35,866 [INFO] Applying EMA strategy to 1 stocks.
2025-11-17 10:25:46,615 [INFO] Checking trade setups at 2025-11-17 10:25:46
2025-11-17 10:25:46,615 [INFO] Applying EMA strategy to 1 stocks.
2025-11-17 10:25:57,302 [INFO] Checking trade setups at 2025-11-17 10:25:57
2025-11-17 10:25:57,303 [INFO] Applying EMA strategy to 1 stocks.
2025-11-17 10:26:08,115 [INFO] Checking trade setups at 2025-11-17 10:26:08
2025-11-17 10:26:08,115 [INFO] Applying EMA strategy to 1 stocks.
2025-11-17 10:26:18,772 [INFO] Checking trade setups at 2025-11-17 10:26:18
2025-11-17 10:26:18,772 [INFO] Applying EMA strategy to 1 stocks.
2025-11-17 10:26:29,471 [INFO] Checking trade setups at 2025-11-17 10:26:29
2025-11-17 10:26:29,471 [INFO] Applying EMA strategy to 1 stocks.
2025-11-17 10:26:40,479 [INFO] Checking trade setups at 2025-11-17 10:26:40
2025-11-17 10:26:40,480 [INFO] Applying EMA strategy to 1 stocks.
2025-11-17 10:26:51,123 [INFO] Checking trade setups at 2025-11-17 10:26:51
2025-11-17 10:26:51,123 [INFO] Applying EMA strategy to 1 stocks.
2025-11-17 10:27:01,817 [INFO] Checking trade setups at 2025-11-17 10:27:01
2025-11-17 10:27:01,817 [INFO] Applying EMA strategy to 1 stocks.
2025-11-17 10:27:12,647 [INFO] Checking trade setups at 2025-11-17 10:27:12
2025-11-17 10:27:12,655 [INFO] Applying EMA strategy to 1 stocks.
2025-11-17 10:27:23,811 [INFO] Checking trade setups at 2025-11-17 10:27:23
2025-11-17 10:27:23,811 [INFO] Applying EMA strategy to 1 stocks.
2025-11-17 10:27:35,124 [INFO] Checking trade setups at 2025-11-17 10:27:35
2025-11-17 10:27:35,125 [INFO] Applying EMA strategy to 1 stocks.
2025-11-17 10:27:45,897 [INFO] Checking trade setups at 2025-11-17 10:27:45
2025-11-17 10:27:45,897 [INFO] Applying EMA strategy to 1 stocks.
2025-11-17 10:27:57,840 [INFO] Checking trade setups at 2025-11-17 10:27:57
2025-11-17 10:27:57,841 [INFO] Applying EMA strategy to 1 stocks.
2025-11-17 10:28:08,712 [INFO] Checking trade setups at 2025-11-17 10:28:08
2025-11-17 10:28:08,712 [INFO] Applying EMA strategy to 1 stocks.
2025-11-17 10:28:19,609 [INFO] Checking trade setups at 2025-11-17 10:28:19
2025-11-17 10:28:19,609 [INFO] Applying EMA strategy to 1 stocks.
2025-11-17 10:28:30,493 [INFO] Checking trade setups at 2025-11-17 10:28:30
2025-11-17 10:28:30,493 [INFO] Applying EMA strategy to 1 stocks.
2025-11-17 10:28:41,204 [INFO] Checking trade setups at 2025-11-17 10:28:41
2025-11-17 10:28:41,205 [INFO] Applying EMA strategy to 1 stocks.
2025-11-17 10:28:51,869 [INFO] Checking trade setups at 2025-11-17 10:28:51
2025-11-17 10:28:51,869 [INFO] Applying EMA strategy to 1 stocks.
2025-11-17 10:29:02,662 [INFO] Checking trade setups at 2025-11-17 10:29:02
2025-11-17 10:29:02,662 [INFO] Applying EMA strategy to 1 stocks.
2025-11-17 10:29:13,375 [INFO] Checking trade setups at 2025-11-17 10:29:13
2025-11-17 10:29:13,375 [INFO] Applying EMA strategy to 1 stocks.
2025-11-17 10:29:24,024 [INFO] Checking trade setups at 2025-11-17 10:29:24
2025-11-17 10:29:24,024 [INFO] Applying EMA strategy to 1 stocks.
2025-11-17 10:29:34,765 [INFO] Checking trade setups at 2025-11-17 10:29:34
2025-11-17 10:29:34,765 [INFO] Applying EMA strategy to 1 stocks.
2025-11-17 10:29:45,417 [INFO] Checking trade setups at 2025-11-17 10:29:45
2025-11-17 10:29:45,417 [INFO] Applying EMA strategy to 1 stocks.
2025-11-17 10:29:56,304 [INFO] Checking trade setups at 2025-11-17 10:29:56
2025-11-17 10:29:56,304 [INFO] Applying EMA strategy to 1 stocks.
2025-11-17 10:30:06,870 [INFO] Checking trade setups at 2025-11-17 10:30:06
2025-11-17 10:30:06,870 [INFO] Applying EMA strategy to 1 stocks.
2025-11-17 10:30:17,685 [INFO] Checking trade setups at 2025-11-17 10:30:17
2025-11-17 10:30:17,686 [INFO] Applying EMA strategy to 1 stocks.
2025-11-17 10:30:28,438 [INFO] Checking trade setups at 2025-11-17 10:30:28
2025-11-17 10:30:28,438 [INFO] Applying EMA strategy to 1 stocks.
2025-11-17 10:30:39,190 [INFO] Checking trade setups at 2025-11-17 10:30:39
2025-11-17 10:30:39,190 [INFO] Applying EMA strategy to 1 stocks.
2025-11-17 10:30:49,931 [INFO] Checking trade setups at 2025-11-17 10:30:49
2025-11-17 10:30:49,931 [INFO] Applying EMA strategy to 1 stocks.
2025-11-17 10:31:00,920 [INFO] Checking trade setups at 2025-11-17 10:31:00
2025-11-17 10:31:00,920 [INFO] Applying EMA strategy to 1 stocks.
2025-11-17 10:31:11,747 [INFO] Checking trade setups at 2025-11-17 10:31:11
2025-11-17 10:31:11,747 [INFO] Applying EMA strategy to 1 stocks.
2025-11-17 10:31:22,500 [INFO] Checking trade setups at 2025-11-17 10:31:22
2025-11-17 10:31:22,500 [INFO] Applying EMA strategy to 1 stocks.
2025-11-17 10:31:33,576 [INFO] Checking trade setups at 2025-11-17 10:31:33
2025-11-17 10:31:33,576 [INFO] Applying EMA strategy to 1 stocks.
2025-11-17 10:31:44,311 [INFO] Checking trade setups at 2025-11-17 10:31:44
2025-11-17 10:31:44,311 [INFO] Applying EMA strategy to 1 stocks.
2025-11-17 10:31:55,242 [INFO] Checking trade setups at 2025-11-17 10:31:55
2025-11-17 10:31:55,242 [INFO] Applying EMA strategy to 1 stocks.
2025-11-17 10:32:06,289 [INFO] Checking trade setups at 2025-11-17 10:32:06
2025-11-17 10:32:06,289 [INFO] Applying EMA strategy to 1 stocks.
2025-11-17 10:32:17,076 [INFO] Checking trade setups at 2025-11-17 10:32:17
2025-11-17 10:32:17,076 [INFO] Applying EMA strategy to 1 stocks.
2025-11-17 10:32:28,239 [INFO] Checking trade setups at 2025-11-17 10:32:28
2025-11-17 10:32:28,240 [INFO] Applying EMA strategy to 1 stocks.
2025-11-17 10:32:39,196 [INFO] Checking trade setups at 2025-11-17 10:32:39
2025-11-17 10:32:39,196 [INFO] Applying EMA strategy to 1 stocks.
2025-11-17 10:32:50,057 [INFO] Checking trade setups at 2025-11-17 10:32:50
2025-11-17 10:32:50,057 [INFO] Applying EMA strategy to 1 stocks.
2025-11-17 10:33:00,805 [INFO] Checking trade setups at 2025-11-17 10:33:00
2025-11-17 10:33:00,805 [INFO] Applying EMA strategy to 1 stocks.
2025-11-17 10:33:11,454 [INFO] Checking trade setups at 2025-11-17 10:33:11
2025-11-17 10:33:11,454 [INFO] Applying EMA strategy to 1 stocks.
2025-11-17 10:33:22,345 [INFO] Checking trade setups at 2025-11-17 10:33:22
2025-11-17 10:33:22,345 [INFO] Applying EMA strategy to 1 stocks.
2025-11-17 10:33:33,270 [INFO] Checking trade setups at 2025-11-17 10:33:33
2025-11-17 10:33:33,270 [INFO] Applying EMA strategy to 1 stocks.
2025-11-17 10:33:44,019 [INFO] Checking trade setups at 2025-11-17 10:33:44
2025-11-17 10:33:44,020 [INFO] Applying EMA strategy to 1 stocks.
2025-11-17 10:33:55,175 [INFO] Checking trade setups at 2025-11-17 10:33:55
2025-11-17 10:33:55,175 [INFO] Applying EMA strategy to 1 stocks.
2025-11-17 10:34:05,944 [INFO] Checking trade setups at 2025-11-17 10:34:05
2025-11-17 10:34:05,944 [INFO] Applying EMA strategy to 1 stocks.
2025-11-17 10:34:16,595 [INFO] Checking trade setups at 2025-11-17 10:34:16
2025-11-17 10:34:16,595 [INFO] Applying EMA strategy to 1 stocks.
2025-11-17 10:34:27,359 [INFO] Checking trade setups at 2025-11-17 10:34:27
2025-11-17 10:34:27,370 [INFO] Applying EMA strategy to 1 stocks.
2025-11-17 10:34:38,258 [INFO] Checking trade setups at 2025-11-17 10:34:38
2025-11-17 10:34:38,258 [INFO] Applying EMA strategy to 1 stocks.
2025-11-17 10:34:49,278 [INFO] Checking trade setups at 2025-11-17 10:34:49
2025-11-17 10:34:49,278 [INFO] Applying EMA strategy to 1 stocks.
2025-11-17 10:34:59,926 [INFO] Checking trade setups at 2025-11-17 10:34:59
2025-11-17 10:34:59,926 [INFO] Applying EMA strategy to 1 stocks.
2025-11-17 10:35:10,866 [INFO] Checking trade setups at 2025-11-17 10:35:10
2025-11-17 10:35:10,866 [INFO] Applying EMA strategy to 1 stocks.
2025-11-17 10:35:21,729 [INFO] Checking trade setups at 2025-11-17 10:35:21
2025-11-17 10:35:21,729 [INFO] Applying EMA strategy to 1 stocks.
2025-11-17 10:35:32,673 [INFO] Checking trade setups at 2025-11-17 10:35:32
2025-11-17 10:35:32,674 [INFO] Applying EMA strategy to 1 stocks.
2025-11-17 10:35:43,427 [INFO] Checking trade setups at 2025-11-17 10:35:43
2025-11-17 10:35:43,427 [INFO] Applying EMA strategy to 1 stocks.
2025-11-17 10:35:54,375 [INFO] Checking trade setups at 2025-11-17 10:35:54
2025-11-17 10:35:54,375 [INFO] Applying EMA strategy to 1 stocks.
2025-11-17 10:36:05,066 [INFO] Checking trade setups at 2025-11-17 10:36:05
2025-11-17 10:36:05,066 [INFO] Applying EMA strategy to 1 stocks.
2025-11-17 10:36:15,782 [INFO] Checking trade setups at 2025-11-17 10:36:15
2025-11-17 10:36:15,782 [INFO] Applying EMA strategy to 1 stocks.
2025-11-17 10:36:26,559 [INFO] Checking trade setups at 2025-11-17 10:36:26
2025-11-17 10:36:26,559 [INFO] Applying EMA strategy to 1 stocks.
2025-11-17 10:36:37,179 [INFO] Checking trade setups at 2025-11-17 10:36:37
2025-11-17 10:36:37,179 [INFO] Applying EMA strategy to 1 stocks.
2025-11-17 10:36:48,030 [INFO] Checking trade setups at 2025-11-17 10:36:48
2025-11-17 10:36:48,031 [INFO] Applying EMA strategy to 1 stocks.
2025-11-17 10:36:58,923 [INFO] Checking trade setups at 2025-11-17 10:36:58
2025-11-17 10:36:58,923 [INFO] Applying EMA strategy to 1 stocks.
2025-11-17 10:37:10,060 [INFO] Checking trade setups at 2025-11-17 10:37:10
2025-11-17 10:37:10,060 [INFO] Applying EMA strategy to 1 stocks.
2025-11-17 10:37:21,956 [INFO] Checking trade setups at 2025-11-17 10:37:21
2025-11-17 10:37:21,957 [INFO] Applying EMA strategy to 1 stocks.
2025-11-17 10:37:32,709 [INFO] Checking trade setups at 2025-11-17 10:37:32
2025-11-17 10:37:32,709 [INFO] Applying EMA strategy to 1 stocks.
2025-11-17 10:37:43,677 [INFO] Checking trade setups at 2025-11-17 10:37:43
2025-11-17 10:37:43,677 [INFO] Applying EMA strategy to 1 stocks.
2025-11-17 10:37:54,502 [INFO] Checking trade setups at 2025-11-17 10:37:54
2025-11-17 10:37:54,502 [INFO] Applying EMA strategy to 1 stocks.
2025-11-17 10:38:05,145 [INFO] Checking trade setups at 2025-11-17 10:38:05
2025-11-17 10:38:05,147 [INFO] Applying EMA strategy to 1 stocks.
2025-11-17 10:38:15,917 [INFO] Checking trade setups at 2025-11-17 10:38:15
2025-11-17 10:38:15,917 [INFO] Applying EMA strategy to 1 stocks.
2025-11-17 10:38:26,555 [INFO] Checking trade setups at 2025-11-17 10:38:26
2025-11-17 10:38:26,555 [INFO] Applying EMA strategy to 1 stocks.
2025-11-17 10:38:37,336 [INFO] Checking trade setups at 2025-11-17 10:38:37
2025-11-17 10:38:37,338 [INFO] Applying EMA strategy to 1 stocks.
2025-11-17 10:38:47,954 [INFO] Checking trade setups at 2025-11-17 10:38:47
2025-11-17 10:38:47,960 [INFO] Applying EMA strategy to 1 stocks.
2025-11-17 10:38:58,604 [INFO] Checking trade setups at 2025-11-17 10:38:58
2025-11-17 10:38:58,604 [INFO] Applying EMA strategy to 1 stocks.
2025-11-17 10:39:09,252 [INFO] Checking trade setups at 2025-11-17 10:39:09
2025-11-17 10:39:09,253 [INFO] Applying EMA strategy to 1 stocks.
2025-11-17 10:39:19,907 [INFO] Checking trade setups at 2025-11-17 10:39:19
2025-11-17 10:39:19,910 [INFO] Applying EMA strategy to 1 stocks.
2025-11-17 10:39:30,598 [INFO] Checking trade setups at 2025-11-17 10:39:30
2025-11-17 10:39:30,598 [INFO] Applying EMA strategy to 1 stocks.
2025-11-17 10:39:41,441 [INFO] Checking trade setups at 2025-11-17 10:39:41
2025-11-17 10:39:41,441 [INFO] Applying EMA strategy to 1 stocks.
2025-11-17 10:39:52,161 [INFO] Checking trade setups at 2025-11-17 10:39:52
2025-11-17 10:39:52,161 [INFO] Applying EMA strategy to 1 stocks.
2025-11-17 10:40:02,811 [INFO] Checking trade setups at 2025-11-17 10:40:02
2025-11-17 10:40:02,811 [INFO] Applying EMA strategy to 1 stocks.
2025-11-17 10:40:13,623 [INFO] Checking trade setups at 2025-11-17 10:40:13
2025-11-17 10:40:13,623 [INFO] Applying EMA strategy to 1 stocks.
2025-11-17 10:40:24,231 [INFO] Checking trade setups at 2025-11-17 10:40:24
2025-11-17 10:40:24,231 [INFO] Applying EMA strategy to 1 stocks.
2025-11-17 10:40:34,863 [INFO] Checking trade setups at 2025-11-17 10:40:34
2025-11-17 10:40:34,863 [INFO] Applying EMA strategy to 1 stocks.
2025-11-17 10:40:45,515 [INFO] Checking trade setups at 2025-11-17 10:40:45
2025-11-17 10:40:45,515 [INFO] Applying EMA strategy to 1 stocks.
2025-11-17 10:40:56,335 [INFO] Checking trade setups at 2025-11-17 10:40:56
2025-11-17 10:40:56,335 [INFO] Applying EMA strategy to 1 stocks.
2025-11-17 10:41:07,380 [INFO] Checking trade setups at 2025-11-17 10:41:07
2025-11-17 10:41:07,380 [INFO] Applying EMA strategy to 1 stocks.
2025-11-17 10:41:18,076 [INFO] Checking trade setups at 2025-11-17 10:41:18
2025-11-17 10:41:18,076 [INFO] Applying EMA strategy to 1 stocks.
2025-11-17 10:41:28,739 [INFO] Checking trade setups at 2025-11-17 10:41:28
2025-11-17 10:41:28,739 [INFO] Applying EMA strategy to 1 stocks.
2025-11-17 10:41:39,481 [INFO] Checking trade setups at 2025-11-17 10:41:39
2025-11-17 10:41:39,481 [INFO] Applying EMA strategy to 1 stocks.
2025-11-17 10:41:50,365 [INFO] Checking trade setups at 2025-11-17 10:41:50
2025-11-17 10:41:50,365 [INFO] Applying EMA strategy to 1 stocks.
2025-11-17 10:42:01,195 [INFO] Checking trade setups at 2025-11-17 10:42:01
2025-11-17 10:42:01,195 [INFO] Applying EMA strategy to 1 stocks.
2025-11-17 10:42:02,051 [INFO] Executing trade for NSE:MARICO-EQ: {'timestamp': '2025-11-17 10:40', 'action': 'SELL', 'entry_price': 758.4, 'stop_loss': 760.35, 'target': 752.5499999999998}
2025-11-17 10:42:02,051 [INFO] after SL after filtering the final SL:1.95, final_target:752.55, qty:51
2025-11-17 10:42:02,082 [INFO] NSE:MARICO-EQ already traded today. Skipping.
2025-11-17 10:42:12,093 [INFO] Checking trade setups at 2025-11-17 10:42:12
2025-11-17 10:42:12,093 [INFO] Applying EMA strategy to 1 stocks.
2025-11-17 10:42:22,920 [INFO] Checking trade setups at 2025-11-17 10:42:22
2025-11-17 10:42:22,920 [INFO] Applying EMA strategy to 1 stocks.
2025-11-17 10:42:34,577 [INFO] Checking trade setups at 2025-11-17 10:42:34
2025-11-17 10:42:34,579 [INFO] Applying EMA strategy to 1 stocks.
2025-11-17 10:42:45,240 [INFO] Checking trade setups at 2025-11-17 10:42:45
2025-11-17 10:42:45,240 [INFO] Applying EMA strategy to 1 stocks.
2025-11-17 10:42:55,865 [INFO] Checking trade setups at 2025-11-17 10:42:55
2025-11-17 10:42:55,865 [INFO] Applying EMA strategy to 1 stocks.
2025-11-17 10:43:06,723 [INFO] Checking trade setups at 2025-11-17 10:43:06
2025-11-17 10:43:06,723 [INFO] Applying EMA strategy to 1 stocks.
2025-11-17 10:43:17,395 [INFO] Checking trade setups at 2025-11-17 10:43:17
2025-11-17 10:43:17,395 [INFO] Applying EMA strategy to 1 stocks.
2025-11-17 10:43:28,230 [INFO] Checking trade setups at 2025-11-17 10:43:28
2025-11-17 10:43:28,230 [INFO] Applying EMA strategy to 1 stocks.
2025-11-17 10:43:38,989 [INFO] Checking trade setups at 2025-11-17 10:43:38
2025-11-17 10:43:38,989 [INFO] Applying EMA strategy to 1 stocks.
2025-11-17 10:43:49,637 [INFO] Checking trade setups at 2025-11-17 10:43:49
2025-11-17 10:43:49,637 [INFO] Applying EMA strategy to 1 stocks.
2025-11-17 10:44:00,298 [INFO] Checking trade setups at 2025-11-17 10:44:00
2025-11-17 10:44:00,298 [INFO] Applying EMA strategy to 1 stocks.
2025-11-17 10:44:11,146 [INFO] Checking trade setups at 2025-11-17 10:44:11
2025-11-17 10:44:11,146 [INFO] Applying EMA strategy to 1 stocks.
2025-11-17 10:44:21,790 [INFO] Checking trade setups at 2025-11-17 10:44:21
2025-11-17 10:44:21,790 [INFO] Applying EMA strategy to 1 stocks.
2025-11-17 10:44:32,437 [INFO] Checking trade setups at 2025-11-17 10:44:32
2025-11-17 10:44:32,437 [INFO] Applying EMA strategy to 1 stocks.
2025-11-17 10:44:43,085 [INFO] Checking trade setups at 2025-11-17 10:44:43
2025-11-17 10:44:43,086 [INFO] Applying EMA strategy to 1 stocks.
2025-11-17 10:44:53,845 [INFO] Checking trade setups at 2025-11-17 10:44:53
2025-11-17 10:44:53,848 [INFO] Applying EMA strategy to 1 stocks.
2025-11-17 10:45:04,500 [INFO] Checking trade setups at 2025-11-17 10:45:04
2025-11-17 10:45:04,500 [INFO] Applying EMA strategy to 1 stocks.
2025-11-17 10:45:15,244 [INFO] Checking trade setups at 2025-11-17 10:45:15
2025-11-17 10:45:15,245 [INFO] Applying EMA strategy to 1 stocks.
2025-11-17 10:45:25,923 [INFO] Checking trade setups at 2025-11-17 10:45:25
2025-11-17 10:45:25,924 [INFO] Applying EMA strategy to 1 stocks.
2025-11-17 10:45:36,646 [INFO] Checking trade setups at 2025-11-17 10:45:36
2025-11-17 10:45:36,646 [INFO] Applying EMA strategy to 1 stocks.
2025-11-17 10:45:47,301 [INFO] Checking trade setups at 2025-11-17 10:45:47
2025-11-17 10:45:47,301 [INFO] Applying EMA strategy to 1 stocks.
2025-11-17 10:45:58,146 [INFO] Checking trade setups at 2025-11-17 10:45:58
2025-11-17 10:45:58,146 [INFO] Applying EMA strategy to 1 stocks.
2025-11-17 10:46:08,804 [INFO] Checking trade setups at 2025-11-17 10:46:08
2025-11-17 10:46:08,807 [INFO] Applying EMA strategy to 1 stocks.
2025-11-17 10:46:19,482 [INFO] Checking trade setups at 2025-11-17 10:46:19
2025-11-17 10:46:19,482 [INFO] Applying EMA strategy to 1 stocks.
2025-11-17 10:46:30,241 [INFO] Checking trade setups at 2025-11-17 10:46:30
2025-11-17 10:46:30,241 [INFO] Applying EMA strategy to 1 stocks.
2025-11-17 10:46:40,947 [INFO] Checking trade setups at 2025-11-17 10:46:40
2025-11-17 10:46:40,947 [INFO] Applying EMA strategy to 1 stocks.
2025-11-17 10:46:51,701 [INFO] Checking trade setups at 2025-11-17 10:46:51
2025-11-17 10:46:51,701 [INFO] Applying EMA strategy to 1 stocks.
2025-11-17 10:47:02,246 [INFO] Checking trade setups at 2025-11-17 10:47:02
2025-11-17 10:47:02,246 [INFO] Applying EMA strategy to 1 stocks.
2025-11-17 10:47:12,904 [INFO] Checking trade setups at 2025-11-17 10:47:12
2025-11-17 10:47:12,904 [INFO] Applying EMA strategy to 1 stocks.
2025-11-17 10:47:23,763 [INFO] Checking trade setups at 2025-11-17 10:47:23
2025-11-17 10:47:23,766 [INFO] Applying EMA strategy to 1 stocks.
2025-11-17 10:47:34,552 [INFO] Checking trade setups at 2025-11-17 10:47:34
2025-11-17 10:47:34,552 [INFO] Applying EMA strategy to 1 stocks.
2025-11-17 10:47:45,160 [INFO] Checking trade setups at 2025-11-17 10:47:45
2025-11-17 10:47:45,160 [INFO] Applying EMA strategy to 1 stocks.
2025-11-17 10:47:55,814 [INFO] Checking trade setups at 2025-11-17 10:47:55
2025-11-17 10:47:55,814 [INFO] Applying EMA strategy to 1 stocks.
2025-11-17 10:48:06,568 [INFO] Checking trade setups at 2025-11-17 10:48:06
2025-11-17 10:48:06,568 [INFO] Applying EMA strategy to 1 stocks.
2025-11-17 10:48:17,216 [INFO] Checking trade setups at 2025-11-17 10:48:17
2025-11-17 10:48:17,216 [INFO] Applying EMA strategy to 1 stocks.
2025-11-17 10:48:28,064 [INFO] Checking trade setups at 2025-11-17 10:48:28
2025-11-17 10:48:28,064 [INFO] Applying EMA strategy to 1 stocks.
2025-11-17 10:48:38,829 [INFO] Checking trade setups at 2025-11-17 10:48:38
2025-11-17 10:48:38,829 [INFO] Applying EMA strategy to 1 stocks.
2025-11-17 10:48:49,587 [INFO] Checking trade setups at 2025-11-17 10:48:49
2025-11-17 10:48:49,587 [INFO] Applying EMA strategy to 1 stocks.
2025-11-17 10:49:00,431 [INFO] Checking trade setups at 2025-11-17 10:49:00
2025-11-17 10:49:00,431 [INFO] Applying EMA strategy to 1 stocks.
2025-11-17 10:49:11,084 [INFO] Checking trade setups at 2025-11-17 10:49:11
2025-11-17 10:49:11,085 [INFO] Applying EMA strategy to 1 stocks.
2025-11-17 10:49:21,839 [INFO] Checking trade setups at 2025-11-17 10:49:21
2025-11-17 10:49:21,839 [INFO] Applying EMA strategy to 1 stocks.
2025-11-17 10:49:32,509 [INFO] Checking trade setups at 2025-11-17 10:49:32
2025-11-17 10:49:32,510 [INFO] Applying EMA strategy to 1 stocks.
2025-11-17 10:49:43,236 [INFO] Checking trade setups at 2025-11-17 10:49:43
2025-11-17 10:49:43,236 [INFO] Applying EMA strategy to 1 stocks.
2025-11-17 10:49:53,989 [INFO] Checking trade setups at 2025-11-17 10:49:53
2025-11-17 10:49:53,989 [INFO] Applying EMA strategy to 1 stocks.
2025-11-17 10:50:04,632 [INFO] Checking trade setups at 2025-11-17 10:50:04
2025-11-17 10:50:04,632 [INFO] Applying EMA strategy to 1 stocks.
2025-11-17 10:50:15,286 [INFO] Checking trade setups at 2025-11-17 10:50:15
2025-11-17 10:50:15,286 [INFO] Applying EMA strategy to 1 stocks.
2025-11-17 10:50:26,063 [INFO] Checking trade setups at 2025-11-17 10:50:26
2025-11-17 10:50:26,063 [INFO] Applying EMA strategy to 1 stocks.
2025-11-17 10:50:36,895 [INFO] Checking trade setups at 2025-11-17 10:50:36
2025-11-17 10:50:36,895 [INFO] Applying EMA strategy to 1 stocks.
2025-11-17 10:50:47,542 [INFO] Checking trade setups at 2025-11-17 10:50:47
2025-11-17 10:50:47,542 [INFO] Applying EMA strategy to 1 stocks.
2025-11-17 10:50:58,187 [INFO] Checking trade setups at 2025-11-17 10:50:58
2025-11-17 10:50:58,187 [INFO] Applying EMA strategy to 1 stocks.
2025-11-17 10:51:09,058 [INFO] Checking trade setups at 2025-11-17 10:51:09
2025-11-17 10:51:09,058 [INFO] Applying EMA strategy to 1 stocks.
2025-11-17 10:51:19,895 [INFO] Checking trade setups at 2025-11-17 10:51:19
2025-11-17 10:51:19,895 [INFO] Applying EMA strategy to 1 stocks.
2025-11-17 10:51:30,609 [INFO] Checking trade setups at 2025-11-17 10:51:30
2025-11-17 10:51:30,610 [INFO] Applying EMA strategy to 1 stocks.
2025-11-17 10:51:42,224 [INFO] Checking trade setups at 2025-11-17 10:51:42
2025-11-17 10:51:42,224 [INFO] Applying EMA strategy to 1 stocks.
2025-11-17 10:51:52,879 [INFO] Checking trade setups at 2025-11-17 10:51:52
2025-11-17 10:51:52,883 [INFO] Applying EMA strategy to 1 stocks.
2025-11-17 10:52:03,658 [INFO] Checking trade setups at 2025-11-17 10:52:03
2025-11-17 10:52:03,658 [INFO] Applying EMA strategy to 1 stocks.
2025-11-17 10:52:14,378 [INFO] Checking trade setups at 2025-11-17 10:52:14
2025-11-17 10:52:14,378 [INFO] Applying EMA strategy to 1 stocks.
2025-11-17 10:52:25,039 [INFO] Checking trade setups at 2025-11-17 10:52:25
2025-11-17 10:52:25,043 [INFO] Applying EMA strategy to 1 stocks.
2025-11-17 10:52:35,940 [INFO] Checking trade setups at 2025-11-17 10:52:35
2025-11-17 10:52:35,940 [INFO] Applying EMA strategy to 1 stocks.
2025-11-17 10:52:46,784 [INFO] Checking trade setups at 2025-11-17 10:52:46
2025-11-17 10:52:46,784 [INFO] Applying EMA strategy to 1 stocks.
2025-11-17 10:52:58,414 [INFO] Checking trade setups at 2025-11-17 10:52:58
2025-11-17 10:52:58,414 [INFO] Applying EMA strategy to 1 stocks.
2025-11-17 10:53:09,171 [INFO] Checking trade setups at 2025-11-17 10:53:09
2025-11-17 10:53:09,171 [INFO] Applying EMA strategy to 1 stocks.
2025-11-17 10:53:19,793 [INFO] Checking trade setups at 2025-11-17 10:53:19
2025-11-17 10:53:19,793 [INFO] Applying EMA strategy to 1 stocks.
2025-11-17 10:53:30,465 [INFO] Checking trade setups at 2025-11-17 10:53:30
2025-11-17 10:53:30,465 [INFO] Applying EMA strategy to 1 stocks.
2025-11-17 10:53:41,233 [INFO] Checking trade setups at 2025-11-17 10:53:41
2025-11-17 10:53:41,233 [INFO] Applying EMA strategy to 1 stocks.
2025-11-17 10:53:52,130 [INFO] Checking trade setups at 2025-11-17 10:53:52
2025-11-17 10:53:52,130 [INFO] Applying EMA strategy to 1 stocks.
2025-11-17 10:54:02,734 [INFO] Checking trade setups at 2025-11-17 10:54:02
2025-11-17 10:54:02,734 [INFO] Applying EMA strategy to 1 stocks.
2025-11-17 10:54:13,514 [INFO] Checking trade setups at 2025-11-17 10:54:13
2025-11-17 10:54:13,514 [INFO] Applying EMA strategy to 1 stocks.
2025-11-17 10:54:24,432 [INFO] Checking trade setups at 2025-11-17 10:54:24
2025-11-17 10:54:24,432 [INFO] Applying EMA strategy to 1 stocks.
2025-11-17 10:54:35,189 [INFO] Checking trade setups at 2025-11-17 10:54:35
2025-11-17 10:54:35,192 [INFO] Applying EMA strategy to 1 stocks.
2025-11-17 10:54:45,868 [INFO] Checking trade setups at 2025-11-17 10:54:45
2025-11-17 10:54:45,868 [INFO] Applying EMA strategy to 1 stocks.
2025-11-17 10:54:56,592 [INFO] Checking trade setups at 2025-11-17 10:54:56
2025-11-17 10:54:56,595 [INFO] Applying EMA strategy to 1 stocks.
2025-11-17 10:55:07,432 [INFO] Checking trade setups at 2025-11-17 10:55:07
2025-11-17 10:55:07,432 [INFO] Applying EMA strategy to 1 stocks.
2025-11-17 10:55:18,091 [INFO] Checking trade setups at 2025-11-17 10:55:18
2025-11-17 10:55:18,091 [INFO] Applying EMA strategy to 1 stocks.
2025-11-17 10:55:28,717 [INFO] Checking trade setups at 2025-11-17 10:55:28
2025-11-17 10:55:28,717 [INFO] Applying EMA strategy to 1 stocks.
2025-11-17 10:55:39,415 [INFO] Checking trade setups at 2025-11-17 10:55:39
2025-11-17 10:55:39,415 [INFO] Applying EMA strategy to 1 stocks.
2025-11-17 10:55:50,037 [INFO] Checking trade setups at 2025-11-17 10:55:50
2025-11-17 10:55:50,037 [INFO] Applying EMA strategy to 1 stocks.
2025-11-17 10:56:00,818 [INFO] Checking trade setups at 2025-11-17 10:56:00
2025-11-17 10:56:00,818 [INFO] Applying EMA strategy to 1 stocks.
2025-11-17 10:56:11,573 [INFO] Checking trade setups at 2025-11-17 10:56:11
2025-11-17 10:56:11,573 [INFO] Applying EMA strategy to 1 stocks.
2025-11-17 10:56:22,777 [INFO] Checking trade setups at 2025-11-17 10:56:22
2025-11-17 10:56:22,777 [INFO] Applying EMA strategy to 1 stocks.
2025-11-17 10:56:33,565 [INFO] Checking trade setups at 2025-11-17 10:56:33
2025-11-17 10:56:33,566 [INFO] Applying EMA strategy to 1 stocks.
2025-11-17 10:56:44,541 [INFO] Checking trade setups at 2025-11-17 10:56:44
2025-11-17 10:56:44,541 [INFO] Applying EMA strategy to 1 stocks.
2025-11-17 10:56:55,602 [INFO] Checking trade setups at 2025-11-17 10:56:55
2025-11-17 10:56:55,605 [INFO] Applying EMA strategy to 1 stocks.
2025-11-17 10:57:06,344 [INFO] Checking trade setups at 2025-11-17 10:57:06
2025-11-17 10:57:06,344 [INFO] Applying EMA strategy to 1 stocks.
2025-11-17 10:57:17,249 [INFO] Checking trade setups at 2025-11-17 10:57:17
2025-11-17 10:57:17,249 [INFO] Applying EMA strategy to 1 stocks.
2025-11-17 10:57:28,043 [INFO] Checking trade setups at 2025-11-17 10:57:28
2025-11-17 10:57:28,043 [INFO] Applying EMA strategy to 1 stocks.
2025-11-17 10:57:38,689 [INFO] Checking trade setups at 2025-11-17 10:57:38
2025-11-17 10:57:38,691 [INFO] Applying EMA strategy to 1 stocks.
2025-11-17 10:57:49,445 [INFO] Checking trade setups at 2025-11-17 10:57:49
2025-11-17 10:57:49,445 [INFO] Applying EMA strategy to 1 stocks.
2025-11-17 10:58:00,175 [INFO] Checking trade setups at 2025-11-17 10:58:00
2025-11-17 10:58:00,175 [INFO] Applying EMA strategy to 1 stocks.
2025-11-17 10:58:10,985 [INFO] Checking trade setups at 2025-11-17 10:58:10
2025-11-17 10:58:10,985 [INFO] Applying EMA strategy to 1 stocks.
2025-11-17 10:58:21,806 [INFO] Checking trade setups at 2025-11-17 10:58:21
2025-11-17 10:58:21,806 [INFO] Applying EMA strategy to 1 stocks.
2025-11-17 10:58:32,666 [INFO] Checking trade setups at 2025-11-17 10:58:32
2025-11-17 10:58:32,666 [INFO] Applying EMA strategy to 1 stocks.
2025-11-17 10:58:43,618 [INFO] Checking trade setups at 2025-11-17 10:58:43
2025-11-17 10:58:43,618 [INFO] Applying EMA strategy to 1 stocks.
2025-11-17 10:58:54,268 [INFO] Checking trade setups at 2025-11-17 10:58:54
2025-11-17 10:58:54,268 [INFO] Applying EMA strategy to 1 stocks.
2025-11-17 10:59:06,147 [INFO] Checking trade setups at 2025-11-17 10:59:06
2025-11-17 10:59:06,147 [INFO] Applying EMA strategy to 1 stocks.
2025-11-17 10:59:16,893 [INFO] Checking trade setups at 2025-11-17 10:59:16
2025-11-17 10:59:16,894 [INFO] Applying EMA strategy to 1 stocks.
2025-11-17 10:59:27,651 [INFO] Checking trade setups at 2025-11-17 10:59:27
2025-11-17 10:59:27,651 [INFO] Applying EMA strategy to 1 stocks.
2025-11-17 10:59:38,400 [INFO] Checking trade setups at 2025-11-17 10:59:38
2025-11-17 10:59:38,400 [INFO] Applying EMA strategy to 1 stocks.
2025-11-17 10:59:49,160 [INFO] Checking trade setups at 2025-11-17 10:59:49
2025-11-17 10:59:49,160 [INFO] Applying EMA strategy to 1 stocks.
2025-11-17 10:59:59,796 [INFO] Checking trade setups at 2025-11-17 10:59:59
2025-11-17 10:59:59,796 [INFO] Applying EMA strategy to 1 stocks.
2025-11-17 11:00:10,653 [INFO] Checking trade setups at 2025-11-17 11:00:10
2025-11-17 11:00:10,653 [INFO] Applying EMA strategy to 1 stocks.
2025-11-17 11:00:21,408 [INFO] Checking trade setups at 2025-11-17 11:00:21
2025-11-17 11:00:21,408 [INFO] Applying EMA strategy to 1 stocks.
2025-11-17 11:00:32,461 [INFO] Checking trade setups at 2025-11-17 11:00:32
2025-11-17 11:00:32,461 [INFO] Applying EMA strategy to 1 stocks.
2025-11-17 11:00:43,448 [INFO] Checking trade setups at 2025-11-17 11:00:43
2025-11-17 11:00:43,448 [INFO] Applying EMA strategy to 1 stocks.
2025-11-17 11:00:54,350 [INFO] Checking trade setups at 2025-11-17 11:00:54
2025-11-17 11:00:54,350 [INFO] Applying EMA strategy to 1 stocks.
2025-11-17 11:01:05,136 [INFO] Checking trade setups at 2025-11-17 11:01:05
2025-11-17 11:01:05,136 [INFO] Applying EMA strategy to 1 stocks.
2025-11-17 11:01:15,886 [INFO] Checking trade setups at 2025-11-17 11:01:15
2025-11-17 11:01:15,886 [INFO] Applying EMA strategy to 1 stocks.
2025-11-17 11:01:26,644 [INFO] Checking trade setups at 2025-11-17 11:01:26
2025-11-17 11:01:26,644 [INFO] Applying EMA strategy to 1 stocks.
2025-11-17 11:01:37,286 [INFO] Checking trade setups at 2025-11-17 11:01:37
2025-11-17 11:01:37,286 [INFO] Applying EMA strategy to 1 stocks.
2025-11-17 11:01:47,941 [INFO] Checking trade setups at 2025-11-17 11:01:47
2025-11-17 11:01:47,941 [INFO] Applying EMA strategy to 1 stocks.
2025-11-17 11:01:58,797 [INFO] Checking trade setups at 2025-11-17 11:01:58
2025-11-17 11:01:58,797 [INFO] Applying EMA strategy to 1 stocks.
2025-11-17 11:02:09,447 [INFO] Checking trade setups at 2025-11-17 11:02:09
2025-11-17 11:02:09,447 [INFO] Applying EMA strategy to 1 stocks.
2025-11-17 11:02:20,207 [INFO] Checking trade setups at 2025-11-17 11:02:20
2025-11-17 11:02:20,207 [INFO] Applying EMA strategy to 1 stocks.
2025-11-17 11:02:31,870 [INFO] Checking trade setups at 2025-11-17 11:02:31
2025-11-17 11:02:31,870 [INFO] Applying EMA strategy to 1 stocks.
2025-11-17 11:02:42,527 [INFO] Checking trade setups at 2025-11-17 11:02:42
2025-11-17 11:02:42,527 [INFO] Applying EMA strategy to 1 stocks.
2025-11-17 11:02:53,270 [INFO] Checking trade setups at 2025-11-17 11:02:53
2025-11-17 11:02:53,270 [INFO] Applying EMA strategy to 1 stocks.
2025-11-17 11:03:04,127 [INFO] Checking trade setups at 2025-11-17 11:03:04
2025-11-17 11:03:04,127 [INFO] Applying EMA strategy to 1 stocks.
2025-11-17 11:03:15,021 [INFO] Checking trade setups at 2025-11-17 11:03:15
2025-11-17 11:03:15,021 [INFO] Applying EMA strategy to 1 stocks.
2025-11-17 11:03:25,761 [INFO] Checking trade setups at 2025-11-17 11:03:25
2025-11-17 11:03:25,761 [INFO] Applying EMA strategy to 1 stocks.
2025-11-17 11:03:36,493 [INFO] Checking trade setups at 2025-11-17 11:03:36
2025-11-17 11:03:36,493 [INFO] Applying EMA strategy to 1 stocks.
2025-11-17 11:03:47,338 [INFO] Checking trade setups at 2025-11-17 11:03:47
2025-11-17 11:03:47,338 [INFO] Applying EMA strategy to 1 stocks.
2025-11-17 11:03:58,198 [INFO] Checking trade setups at 2025-11-17 11:03:58
2025-11-17 11:03:58,198 [INFO] Applying EMA strategy to 1 stocks.
2025-11-17 11:04:08,947 [INFO] Checking trade setups at 2025-11-17 11:04:08
2025-11-17 11:04:08,947 [INFO] Applying EMA strategy to 1 stocks.
2025-11-17 11:04:19,601 [INFO] Checking trade setups at 2025-11-17 11:04:19
2025-11-17 11:04:19,601 [INFO] Applying EMA strategy to 1 stocks.
2025-11-17 11:04:30,167 [INFO] Checking trade setups at 2025-11-17 11:04:30
2025-11-17 11:04:30,167 [INFO] Applying EMA strategy to 1 stocks.
2025-11-17 11:04:40,903 [INFO] Checking trade setups at 2025-11-17 11:04:40
2025-11-17 11:04:40,903 [INFO] Applying EMA strategy to 1 stocks.
2025-11-17 11:04:51,654 [INFO] Checking trade setups at 2025-11-17 11:04:51
2025-11-17 11:04:51,657 [INFO] Applying EMA strategy to 1 stocks.
2025-11-17 11:05:02,507 [INFO] Checking trade setups at 2025-11-17 11:05:02
2025-11-17 11:05:02,507 [INFO] Applying EMA strategy to 1 stocks.
2025-11-17 11:05:13,365 [INFO] Checking trade setups at 2025-11-17 11:05:13
2025-11-17 11:05:13,365 [INFO] Applying EMA strategy to 1 stocks.
2025-11-17 11:05:24,113 [INFO] Checking trade setups at 2025-11-17 11:05:24
2025-11-17 11:05:24,113 [INFO] Applying EMA strategy to 1 stocks.
2025-11-17 11:05:34,965 [INFO] Checking trade setups at 2025-11-17 11:05:34
2025-11-17 11:05:34,965 [INFO] Applying EMA strategy to 1 stocks.
2025-11-17 11:05:45,848 [INFO] Checking trade setups at 2025-11-17 11:05:45
2025-11-17 11:05:45,848 [INFO] Applying EMA strategy to 1 stocks.
2025-11-17 11:05:56,674 [INFO] Checking trade setups at 2025-11-17 11:05:56
2025-11-17 11:05:56,674 [INFO] Applying EMA strategy to 1 stocks.
2025-11-17 11:06:07,543 [INFO] Checking trade setups at 2025-11-17 11:06:07
2025-11-17 11:06:07,543 [INFO] Applying EMA strategy to 1 stocks.
2025-11-17 11:06:18,349 [INFO] Checking trade setups at 2025-11-17 11:06:18
2025-11-17 11:06:18,349 [INFO] Applying EMA strategy to 1 stocks.
2025-11-17 11:06:29,083 [INFO] Checking trade setups at 2025-11-17 11:06:29
2025-11-17 11:06:29,083 [INFO] Applying EMA strategy to 1 stocks.
2025-11-17 11:06:39,891 [INFO] Checking trade setups at 2025-11-17 11:06:39
2025-11-17 11:06:39,891 [INFO] Applying EMA strategy to 1 stocks.
2025-11-17 11:06:50,554 [INFO] Checking trade setups at 2025-11-17 11:06:50
2025-11-17 11:06:50,554 [INFO] Applying EMA strategy to 1 stocks.
2025-11-17 11:07:02,011 [INFO] Checking trade setups at 2025-11-17 11:07:02
2025-11-17 11:07:02,011 [INFO] Applying EMA strategy to 1 stocks.
2025-11-17 11:07:12,865 [INFO] Checking trade setups at 2025-11-17 11:07:12
2025-11-17 11:07:12,865 [INFO] Applying EMA strategy to 1 stocks.
2025-11-17 11:07:23,618 [INFO] Checking trade setups at 2025-11-17 11:07:23
2025-11-17 11:07:23,618 [INFO] Applying EMA strategy to 1 stocks.
2025-11-17 11:07:34,788 [INFO] Checking trade setups at 2025-11-17 11:07:34
2025-11-17 11:07:34,788 [INFO] Applying EMA strategy to 1 stocks.
2025-11-17 11:07:45,425 [INFO] Checking trade setups at 2025-11-17 11:07:45
2025-11-17 11:07:45,425 [INFO] Applying EMA strategy to 1 stocks.
2025-11-17 11:07:56,007 [INFO] Checking trade setups at 2025-11-17 11:07:56
2025-11-17 11:07:56,007 [INFO] Applying EMA strategy to 1 stocks.
2025-11-17 11:08:06,840 [INFO] Checking trade setups at 2025-11-17 11:08:06
2025-11-17 11:08:06,840 [INFO] Applying EMA strategy to 1 stocks.
2025-11-17 11:08:17,587 [INFO] Checking trade setups at 2025-11-17 11:08:17
2025-11-17 11:08:17,587 [INFO] Applying EMA strategy to 1 stocks.
2025-11-17 11:08:28,233 [INFO] Checking trade setups at 2025-11-17 11:08:28
2025-11-17 11:08:28,234 [INFO] Applying EMA strategy to 1 stocks.
2025-11-17 11:08:39,087 [INFO] Checking trade setups at 2025-11-17 11:08:39
2025-11-17 11:08:39,087 [INFO] Applying EMA strategy to 1 stocks.
2025-11-17 11:08:49,846 [INFO] Checking trade setups at 2025-11-17 11:08:49
2025-11-17 11:08:49,846 [INFO] Applying EMA strategy to 1 stocks.
2025-11-17 11:09:00,596 [INFO] Checking trade setups at 2025-11-17 11:09:00
2025-11-17 11:09:00,596 [INFO] Applying EMA strategy to 1 stocks.
2025-11-17 11:09:11,153 [INFO] Checking trade setups at 2025-11-17 11:09:11
2025-11-17 11:09:11,153 [INFO] Applying EMA strategy to 1 stocks.
2025-11-17 11:09:21,897 [INFO] Checking trade setups at 2025-11-17 11:09:21
2025-11-17 11:09:21,897 [INFO] Applying EMA strategy to 1 stocks.
2025-11-17 11:09:32,550 [INFO] Checking trade setups at 2025-11-17 11:09:32
2025-11-17 11:09:32,550 [INFO] Applying EMA strategy to 1 stocks.
2025-11-17 11:09:43,319 [INFO] Checking trade setups at 2025-11-17 11:09:43
2025-11-17 11:09:43,319 [INFO] Applying EMA strategy to 1 stocks.
2025-11-17 11:09:54,009 [INFO] Checking trade setups at 2025-11-17 11:09:54
2025-11-17 11:09:54,009 [INFO] Applying EMA strategy to 1 stocks.
2025-11-17 11:10:04,703 [INFO] Checking trade setups at 2025-11-17 11:10:04
2025-11-17 11:10:04,704 [INFO] Applying EMA strategy to 1 stocks.
2025-11-17 11:10:15,548 [INFO] Checking trade setups at 2025-11-17 11:10:15
2025-11-17 11:10:15,548 [INFO] Applying EMA strategy to 1 stocks.
2025-11-17 11:10:26,208 [INFO] Checking trade setups at 2025-11-17 11:10:26
2025-11-17 11:10:26,208 [INFO] Applying EMA strategy to 1 stocks.
2025-11-17 11:10:36,968 [INFO] Checking trade setups at 2025-11-17 11:10:36
2025-11-17 11:10:36,968 [INFO] Applying EMA strategy to 1 stocks.
2025-11-17 11:10:47,807 [INFO] Checking trade setups at 2025-11-17 11:10:47
2025-11-17 11:10:47,807 [INFO] Applying EMA strategy to 1 stocks.
2025-11-17 11:10:58,459 [INFO] Checking trade setups at 2025-11-17 11:10:58
2025-11-17 11:10:58,459 [INFO] Applying EMA strategy to 1 stocks.
2025-11-17 11:11:09,117 [INFO] Checking trade setups at 2025-11-17 11:11:09
2025-11-17 11:11:09,117 [INFO] Applying EMA strategy to 1 stocks.
2025-11-17 11:11:19,870 [INFO] Checking trade setups at 2025-11-17 11:11:19
2025-11-17 11:11:19,870 [INFO] Applying EMA strategy to 1 stocks.
2025-11-17 11:11:30,646 [INFO] Checking trade setups at 2025-11-17 11:11:30
2025-11-17 11:11:30,646 [INFO] Applying EMA strategy to 1 stocks.
2025-11-17 11:11:41,297 [INFO] Checking trade setups at 2025-11-17 11:11:41
2025-11-17 11:11:41,297 [INFO] Applying EMA strategy to 1 stocks.
2025-11-17 11:11:52,120 [INFO] Checking trade setups at 2025-11-17 11:11:52
2025-11-17 11:11:52,120 [INFO] Applying EMA strategy to 1 stocks.
2025-11-17 11:12:03,800 [INFO] Checking trade setups at 2025-11-17 11:12:03
2025-11-17 11:12:03,800 [INFO] Applying EMA strategy to 1 stocks.
2025-11-17 11:12:14,392 [INFO] Checking trade setups at 2025-11-17 11:12:14
2025-11-17 11:12:14,392 [INFO] Applying EMA strategy to 1 stocks.
2025-11-17 11:12:24,957 [INFO] Checking trade setups at 2025-11-17 11:12:24
2025-11-17 11:12:24,957 [INFO] Applying EMA strategy to 1 stocks.
2025-11-17 11:12:35,626 [INFO] Checking trade setups at 2025-11-17 11:12:35
2025-11-17 11:12:35,626 [INFO] Applying EMA strategy to 1 stocks.
2025-11-17 11:12:46,322 [INFO] Checking trade setups at 2025-11-17 11:12:46
2025-11-17 11:12:46,322 [INFO] Applying EMA strategy to 1 stocks.
2025-11-17 11:12:56,962 [INFO] Checking trade setups at 2025-11-17 11:12:56
2025-11-17 11:12:56,963 [INFO] Applying EMA strategy to 1 stocks.
2025-11-17 11:13:07,612 [INFO] Checking trade setups at 2025-11-17 11:13:07
2025-11-17 11:13:07,612 [INFO] Applying EMA strategy to 1 stocks.
2025-11-17 11:13:18,551 [INFO] Checking trade setups at 2025-11-17 11:13:18
2025-11-17 11:13:18,551 [INFO] Applying EMA strategy to 1 stocks.
2025-11-17 11:13:29,196 [INFO] Checking trade setups at 2025-11-17 11:13:29
2025-11-17 11:13:29,196 [INFO] Applying EMA strategy to 1 stocks.
2025-11-17 11:13:39,769 [INFO] Checking trade setups at 2025-11-17 11:13:39
2025-11-17 11:13:39,769 [INFO] Applying EMA strategy to 1 stocks.
2025-11-17 11:13:50,604 [INFO] Checking trade setups at 2025-11-17 11:13:50
2025-11-17 11:13:50,605 [INFO] Applying EMA strategy to 1 stocks.
2025-11-17 11:14:01,246 [INFO] Checking trade setups at 2025-11-17 11:14:01
2025-11-17 11:14:01,246 [INFO] Applying EMA strategy to 1 stocks.
2025-11-17 11:14:11,912 [INFO] Checking trade setups at 2025-11-17 11:14:11
2025-11-17 11:14:11,912 [INFO] Applying EMA strategy to 1 stocks.
2025-11-17 11:14:22,755 [INFO] Checking trade setups at 2025-11-17 11:14:22
2025-11-17 11:14:22,755 [INFO] Applying EMA strategy to 1 stocks.
2025-11-17 11:14:33,511 [INFO] Checking trade setups at 2025-11-17 11:14:33
2025-11-17 11:14:33,511 [INFO] Applying EMA strategy to 1 stocks.
2025-11-17 11:14:44,177 [INFO] Checking trade setups at 2025-11-17 11:14:44
2025-11-17 11:14:44,178 [INFO] Applying EMA strategy to 1 stocks.
2025-11-17 11:14:54,905 [INFO] Checking trade setups at 2025-11-17 11:14:54
2025-11-17 11:14:54,905 [INFO] Applying EMA strategy to 1 stocks.
2025-11-17 11:15:05,562 [INFO] Checking trade setups at 2025-11-17 11:15:05
2025-11-17 11:15:05,562 [INFO] Applying EMA strategy to 1 stocks.
2025-11-17 11:15:16,225 [INFO] Checking trade setups at 2025-11-17 11:15:16
2025-11-17 11:15:16,225 [INFO] Applying EMA strategy to 1 stocks.
2025-11-17 11:15:26,830 [INFO] Checking trade setups at 2025-11-17 11:15:26
2025-11-17 11:15:26,830 [INFO] Applying EMA strategy to 1 stocks.
2025-11-17 11:15:38,554 [INFO] Checking trade setups at 2025-11-17 11:15:38
2025-11-17 11:15:38,554 [INFO] Applying EMA strategy to 1 stocks.
2025-11-17 11:15:49,386 [INFO] Checking trade setups at 2025-11-17 11:15:49
2025-11-17 11:15:49,387 [INFO] Applying EMA strategy to 1 stocks.
2025-11-17 11:16:00,301 [INFO] Checking trade setups at 2025-11-17 11:16:00
2025-11-17 11:16:00,301 [INFO] Applying EMA strategy to 1 stocks.
2025-11-17 11:16:11,103 [INFO] Checking trade setups at 2025-11-17 11:16:11
2025-11-17 11:16:11,104 [INFO] Applying EMA strategy to 1 stocks.
2025-11-17 11:16:21,849 [INFO] Checking trade setups at 2025-11-17 11:16:21
2025-11-17 11:16:21,850 [INFO] Applying EMA strategy to 1 stocks.
2025-11-17 11:16:32,769 [INFO] Checking trade setups at 2025-11-17 11:16:32
2025-11-17 11:16:32,769 [INFO] Applying EMA strategy to 1 stocks.
2025-11-17 11:16:43,471 [INFO] Checking trade setups at 2025-11-17 11:16:43
2025-11-17 11:16:43,471 [INFO] Applying EMA strategy to 1 stocks.
2025-11-17 11:16:54,134 [INFO] Checking trade setups at 2025-11-17 11:16:54
2025-11-17 11:16:54,134 [INFO] Applying EMA strategy to 1 stocks.
2025-11-17 11:17:05,067 [INFO] Checking trade setups at 2025-11-17 11:17:05
2025-11-17 11:17:05,067 [INFO] Applying EMA strategy to 1 stocks.
2025-11-17 11:17:15,613 [INFO] Checking trade setups at 2025-11-17 11:17:15
2025-11-17 11:17:15,614 [INFO] Applying EMA strategy to 1 stocks.
2025-11-17 11:17:26,359 [INFO] Checking trade setups at 2025-11-17 11:17:26
2025-11-17 11:17:26,359 [INFO] Applying EMA strategy to 1 stocks.
2025-11-17 11:17:37,333 [INFO] Checking trade setups at 2025-11-17 11:17:37
2025-11-17 11:17:37,333 [INFO] Applying EMA strategy to 1 stocks.
2025-11-17 11:17:48,181 [INFO] Checking trade setups at 2025-11-17 11:17:48
2025-11-17 11:17:48,181 [INFO] Applying EMA strategy to 1 stocks.
2025-11-17 11:17:58,827 [INFO] Checking trade setups at 2025-11-17 11:17:58
2025-11-17 11:17:58,827 [INFO] Applying EMA strategy to 1 stocks.
2025-11-17 11:18:09,679 [INFO] Checking trade setups at 2025-11-17 11:18:09
2025-11-17 11:18:09,679 [INFO] Applying EMA strategy to 1 stocks.
2025-11-17 11:18:20,586 [INFO] Checking trade setups at 2025-11-17 11:18:20
2025-11-17 11:18:20,586 [INFO] Applying EMA strategy to 1 stocks.
2025-11-17 11:18:31,153 [INFO] Checking trade setups at 2025-11-17 11:18:31
2025-11-17 11:18:31,153 [INFO] Applying EMA strategy to 1 stocks.
2025-11-17 11:18:41,773 [INFO] Checking trade setups at 2025-11-17 11:18:41
2025-11-17 11:18:41,773 [INFO] Applying EMA strategy to 1 stocks.
2025-11-17 11:18:52,492 [INFO] Checking trade setups at 2025-11-17 11:18:52
2025-11-17 11:18:52,492 [INFO] Applying EMA strategy to 1 stocks.
2025-11-17 11:19:03,077 [INFO] Checking trade setups at 2025-11-17 11:19:03
2025-11-17 11:19:03,077 [INFO] Applying EMA strategy to 1 stocks.
2025-11-17 11:19:13,888 [INFO] Checking trade setups at 2025-11-17 11:19:13
2025-11-17 11:19:13,889 [INFO] Applying EMA strategy to 1 stocks.
2025-11-17 11:19:24,543 [INFO] Checking trade setups at 2025-11-17 11:19:24
2025-11-17 11:19:24,555 [INFO] Applying EMA strategy to 1 stocks.
2025-11-17 11:19:35,308 [INFO] Checking trade setups at 2025-11-17 11:19:35
2025-11-17 11:19:35,308 [INFO] Applying EMA strategy to 1 stocks.
2025-11-17 11:19:46,248 [INFO] Checking trade setups at 2025-11-17 11:19:46
2025-11-17 11:19:46,249 [INFO] Applying EMA strategy to 1 stocks.
2025-11-17 11:19:56,897 [INFO] Checking trade setups at 2025-11-17 11:19:56
2025-11-17 11:19:56,897 [INFO] Applying EMA strategy to 1 stocks.
2025-11-17 11:20:07,567 [INFO] Checking trade setups at 2025-11-17 11:20:07
2025-11-17 11:20:07,567 [INFO] Applying EMA strategy to 1 stocks.
2025-11-17 11:20:18,402 [INFO] Checking trade setups at 2025-11-17 11:20:18
2025-11-17 11:20:18,402 [INFO] Applying EMA strategy to 1 stocks.
2025-11-17 11:20:29,156 [INFO] Checking trade setups at 2025-11-17 11:20:29
2025-11-17 11:20:29,156 [INFO] Applying EMA strategy to 1 stocks.
2025-11-17 11:20:40,112 [INFO] Checking trade setups at 2025-11-17 11:20:40
2025-11-17 11:20:40,112 [INFO] Applying EMA strategy to 1 stocks.
2025-11-17 11:20:50,867 [INFO] Checking trade setups at 2025-11-17 11:20:50
2025-11-17 11:20:50,867 [INFO] Applying EMA strategy to 1 stocks.
2025-11-17 11:21:01,624 [INFO] Checking trade setups at 2025-11-17 11:21:01
2025-11-17 11:21:01,625 [INFO] Applying EMA strategy to 1 stocks.
2025-11-17 11:21:12,296 [INFO] Checking trade setups at 2025-11-17 11:21:12
2025-11-17 11:21:12,297 [INFO] Applying EMA strategy to 1 stocks.
2025-11-17 11:21:23,088 [INFO] Checking trade setups at 2025-11-17 11:21:23
2025-11-17 11:21:23,089 [INFO] Applying EMA strategy to 1 stocks.
2025-11-17 11:21:33,648 [INFO] Checking trade setups at 2025-11-17 11:21:33
2025-11-17 11:21:33,649 [INFO] Applying EMA strategy to 1 stocks.
2025-11-17 11:21:44,422 [INFO] Checking trade setups at 2025-11-17 11:21:44
2025-11-17 11:21:44,422 [INFO] Applying EMA strategy to 1 stocks.
2025-11-17 11:21:55,079 [INFO] Checking trade setups at 2025-11-17 11:21:55
2025-11-17 11:21:55,079 [INFO] Applying EMA strategy to 1 stocks.
2025-11-17 11:22:06,437 [INFO] Checking trade setups at 2025-11-17 11:22:06
2025-11-17 11:22:06,437 [INFO] Applying EMA strategy to 1 stocks.
2025-11-17 11:22:17,094 [INFO] Checking trade setups at 2025-11-17 11:22:17
2025-11-17 11:22:17,094 [INFO] Applying EMA strategy to 1 stocks.
2025-11-17 11:22:27,840 [INFO] Checking trade setups at 2025-11-17 11:22:27
2025-11-17 11:22:27,840 [INFO] Applying EMA strategy to 1 stocks.
2025-11-17 11:22:38,496 [INFO] Checking trade setups at 2025-11-17 11:22:38
2025-11-17 11:22:38,498 [INFO] Applying EMA strategy to 1 stocks.
2025-11-17 11:22:49,293 [INFO] Checking trade setups at 2025-11-17 11:22:49
2025-11-17 11:22:49,293 [INFO] Applying EMA strategy to 1 stocks.
2025-11-17 11:22:59,898 [INFO] Checking trade setups at 2025-11-17 11:22:59
2025-11-17 11:22:59,898 [INFO] Applying EMA strategy to 1 stocks.
2025-11-17 11:23:10,551 [INFO] Checking trade setups at 2025-11-17 11:23:10
2025-11-17 11:23:10,551 [INFO] Applying EMA strategy to 1 stocks.
2025-11-17 11:23:21,187 [INFO] Checking trade setups at 2025-11-17 11:23:21
2025-11-17 11:23:21,187 [INFO] Applying EMA strategy to 1 stocks.
2025-11-17 11:23:32,053 [INFO] Checking trade setups at 2025-11-17 11:23:32
2025-11-17 11:23:32,053 [INFO] Applying EMA strategy to 1 stocks.
2025-11-17 11:23:42,802 [INFO] Checking trade setups at 2025-11-17 11:23:42
2025-11-17 11:23:42,802 [INFO] Applying EMA strategy to 1 stocks.
2025-11-17 11:23:53,459 [INFO] Checking trade setups at 2025-11-17 11:23:53
2025-11-17 11:23:53,459 [INFO] Applying EMA strategy to 1 stocks.
2025-11-17 11:24:04,103 [INFO] Checking trade setups at 2025-11-17 11:24:04
2025-11-17 11:24:04,103 [INFO] Applying EMA strategy to 1 stocks.
2025-11-17 11:24:14,756 [INFO] Checking trade setups at 2025-11-17 11:24:14
2025-11-17 11:24:14,756 [INFO] Applying EMA strategy to 1 stocks.
2025-11-17 11:24:25,416 [INFO] Checking trade setups at 2025-11-17 11:24:25
2025-11-17 11:24:25,416 [INFO] Applying EMA strategy to 1 stocks.
2025-11-17 11:24:36,055 [INFO] Checking trade setups at 2025-11-17 11:24:36
2025-11-17 11:24:36,055 [INFO] Applying EMA strategy to 1 stocks.
2025-11-17 11:24:46,625 [INFO] Checking trade setups at 2025-11-17 11:24:46
2025-11-17 11:24:46,625 [INFO] Applying EMA strategy to 1 stocks.
2025-11-17 11:24:58,479 [INFO] Checking trade setups at 2025-11-17 11:24:58
2025-11-17 11:24:58,479 [INFO] Applying EMA strategy to 1 stocks.
2025-11-17 11:25:09,306 [INFO] Checking trade setups at 2025-11-17 11:25:09
2025-11-17 11:25:09,306 [INFO] Applying EMA strategy to 1 stocks.
2025-11-17 11:25:20,090 [INFO] Checking trade setups at 2025-11-17 11:25:20
2025-11-17 11:25:20,090 [INFO] Applying EMA strategy to 1 stocks.
2025-11-17 11:25:30,832 [INFO] Checking trade setups at 2025-11-17 11:25:30
2025-11-17 11:25:30,832 [INFO] Applying EMA strategy to 1 stocks.
2025-11-17 11:25:41,603 [INFO] Checking trade setups at 2025-11-17 11:25:41
2025-11-17 11:25:41,604 [INFO] Applying EMA strategy to 1 stocks.
2025-11-17 11:25:52,247 [INFO] Checking trade setups at 2025-11-17 11:25:52
2025-11-17 11:25:52,247 [INFO] Applying EMA strategy to 1 stocks.
2025-11-17 11:26:02,996 [INFO] Checking trade setups at 2025-11-17 11:26:02
2025-11-17 11:26:02,996 [INFO] Applying EMA strategy to 1 stocks.
2025-11-17 11:26:13,877 [INFO] Checking trade setups at 2025-11-17 11:26:13
2025-11-17 11:26:13,877 [INFO] Applying EMA strategy to 1 stocks.
2025-11-17 11:26:24,711 [INFO] Checking trade setups at 2025-11-17 11:26:24
2025-11-17 11:26:24,713 [INFO] Applying EMA strategy to 1 stocks.
2025-11-17 11:26:35,467 [INFO] Checking trade setups at 2025-11-17 11:26:35
2025-11-17 11:26:35,467 [INFO] Applying EMA strategy to 1 stocks.
2025-11-17 11:26:46,322 [INFO] Checking trade setups at 2025-11-17 11:26:46
2025-11-17 11:26:46,322 [INFO] Applying EMA strategy to 1 stocks.
2025-11-17 11:26:57,062 [INFO] Checking trade setups at 2025-11-17 11:26:57
2025-11-17 11:26:57,063 [INFO] Applying EMA strategy to 1 stocks.
2025-11-17 11:27:07,807 [INFO] Checking trade setups at 2025-11-17 11:27:07
2025-11-17 11:27:07,807 [INFO] Applying EMA strategy to 1 stocks.
2025-11-17 11:27:18,672 [INFO] Checking trade setups at 2025-11-17 11:27:18
2025-11-17 11:27:18,673 [INFO] Applying EMA strategy to 1 stocks.
2025-11-17 11:27:29,326 [INFO] Checking trade setups at 2025-11-17 11:27:29
2025-11-17 11:27:29,326 [INFO] Applying EMA strategy to 1 stocks.
2025-11-17 11:27:39,970 [INFO] Checking trade setups at 2025-11-17 11:27:39
2025-11-17 11:27:39,970 [INFO] Applying EMA strategy to 1 stocks.
2025-11-17 11:27:50,940 [INFO] Checking trade setups at 2025-11-17 11:27:50
2025-11-17 11:27:50,940 [INFO] Applying EMA strategy to 1 stocks.
2025-11-17 11:28:01,673 [INFO] Checking trade setups at 2025-11-17 11:28:01
2025-11-17 11:28:01,673 [INFO] Applying EMA strategy to 1 stocks.
2025-11-17 11:28:12,528 [INFO] Checking trade setups at 2025-11-17 11:28:12
2025-11-17 11:28:12,528 [INFO] Applying EMA strategy to 1 stocks.
2025-11-17 11:28:23,282 [INFO] Checking trade setups at 2025-11-17 11:28:23
2025-11-17 11:28:23,282 [INFO] Applying EMA strategy to 1 stocks.
2025-11-17 11:28:33,935 [INFO] Checking trade setups at 2025-11-17 11:28:33
2025-11-17 11:28:33,935 [INFO] Applying EMA strategy to 1 stocks.
2025-11-17 11:28:44,787 [INFO] Checking trade setups at 2025-11-17 11:28:44
2025-11-17 11:28:44,787 [INFO] Applying EMA strategy to 1 stocks.
2025-11-17 11:28:55,950 [INFO] Checking trade setups at 2025-11-17 11:28:55
2025-11-17 11:28:55,950 [INFO] Applying EMA strategy to 1 stocks.
2025-11-17 11:29:06,812 [INFO] Checking trade setups at 2025-11-17 11:29:06
2025-11-17 11:29:06,812 [INFO] Applying EMA strategy to 1 stocks.
2025-11-17 11:29:17,570 [INFO] Checking trade setups at 2025-11-17 11:29:17
2025-11-17 11:29:17,570 [INFO] Applying EMA strategy to 1 stocks.
2025-11-17 11:29:28,519 [INFO] Checking trade setups at 2025-11-17 11:29:28
2025-11-17 11:29:28,520 [INFO] Applying EMA strategy to 1 stocks.
2025-11-17 11:29:40,221 [INFO] Checking trade setups at 2025-11-17 11:29:40
2025-11-17 11:29:40,221 [INFO] Applying EMA strategy to 1 stocks.
2025-11-17 11:29:51,043 [INFO] Checking trade setups at 2025-11-17 11:29:51
2025-11-17 11:29:51,043 [INFO] Applying EMA strategy to 1 stocks.
2025-11-17 11:30:01,689 [INFO] Checking trade setups at 2025-11-17 11:30:01
2025-11-17 11:30:01,690 [INFO] Applying EMA strategy to 1 stocks.
2025-11-17 11:30:12,234 [INFO] Checking trade setups at 2025-11-17 11:30:12
2025-11-17 11:30:12,234 [INFO] Applying EMA strategy to 1 stocks.
2025-11-17 11:30:23,293 [INFO] Checking trade setups at 2025-11-17 11:30:23
2025-11-17 11:30:23,293 [INFO] Applying EMA strategy to 1 stocks.
2025-11-17 11:30:33,960 [INFO] Checking trade setups at 2025-11-17 11:30:33
2025-11-17 11:30:33,960 [INFO] Applying EMA strategy to 1 stocks.
2025-11-17 11:30:44,909 [INFO] Checking trade setups at 2025-11-17 11:30:44
2025-11-17 11:30:44,909 [INFO] Applying EMA strategy to 1 stocks.
2025-11-17 11:30:56,588 [INFO] Checking trade setups at 2025-11-17 11:30:56
2025-11-17 11:30:56,588 [INFO] Applying EMA strategy to 1 stocks.
2025-11-17 11:31:07,232 [INFO] Checking trade setups at 2025-11-17 11:31:07
2025-11-17 11:31:07,233 [INFO] Applying EMA strategy to 1 stocks.
2025-11-17 11:31:18,093 [INFO] Checking trade setups at 2025-11-17 11:31:18
2025-11-17 11:31:18,093 [INFO] Applying EMA strategy to 1 stocks.
2025-11-17 11:31:28,832 [INFO] Checking trade setups at 2025-11-17 11:31:28
2025-11-17 11:31:28,832 [INFO] Applying EMA strategy to 1 stocks.
2025-11-17 11:31:39,533 [INFO] Checking trade setups at 2025-11-17 11:31:39
2025-11-17 11:31:39,533 [INFO] Applying EMA strategy to 1 stocks.
2025-11-17 11:31:50,152 [INFO] Checking trade setups at 2025-11-17 11:31:50
2025-11-17 11:31:50,152 [INFO] Applying EMA strategy to 1 stocks.
2025-11-17 11:32:00,844 [INFO] Checking trade setups at 2025-11-17 11:32:00
2025-11-17 11:32:00,844 [INFO] Applying EMA strategy to 1 stocks.
2025-11-17 11:32:11,545 [INFO] Checking trade setups at 2025-11-17 11:32:11
2025-11-17 11:32:11,545 [INFO] Applying EMA strategy to 1 stocks.
2025-11-17 11:32:22,846 [INFO] Checking trade setups at 2025-11-17 11:32:22
2025-11-17 11:32:22,846 [INFO] Applying EMA strategy to 1 stocks.
2025-11-17 11:32:33,762 [INFO] Checking trade setups at 2025-11-17 11:32:33
2025-11-17 11:32:33,762 [INFO] Applying EMA strategy to 1 stocks.
2025-11-17 11:32:44,643 [INFO] Checking trade setups at 2025-11-17 11:32:44
2025-11-17 11:32:44,643 [INFO] Applying EMA strategy to 1 stocks.
2025-11-17 11:32:55,183 [INFO] Checking trade setups at 2025-11-17 11:32:55
2025-11-17 11:32:55,183 [INFO] Applying EMA strategy to 1 stocks.
2025-11-17 11:33:05,912 [INFO] Checking trade setups at 2025-11-17 11:33:05
2025-11-17 11:33:05,912 [INFO] Applying EMA strategy to 1 stocks.
2025-11-17 11:33:16,600 [INFO] Checking trade setups at 2025-11-17 11:33:16
2025-11-17 11:33:16,600 [INFO] Applying EMA strategy to 1 stocks.
2025-11-17 11:33:27,549 [INFO] Checking trade setups at 2025-11-17 11:33:27
2025-11-17 11:33:27,549 [INFO] Applying EMA strategy to 1 stocks.
2025-11-17 11:33:38,373 [INFO] Checking trade setups at 2025-11-17 11:33:38
2025-11-17 11:33:38,373 [INFO] Applying EMA strategy to 1 stocks.
2025-11-17 11:33:49,022 [INFO] Checking trade setups at 2025-11-17 11:33:49
2025-11-17 11:33:49,022 [INFO] Applying EMA strategy to 1 stocks.
2025-11-17 11:33:59,784 [INFO] Checking trade setups at 2025-11-17 11:33:59
2025-11-17 11:33:59,784 [INFO] Applying EMA strategy to 1 stocks.
2025-11-17 11:34:10,500 [INFO] Checking trade setups at 2025-11-17 11:34:10
2025-11-17 11:34:10,500 [INFO] Applying EMA strategy to 1 stocks.
2025-11-17 11:34:21,396 [INFO] Checking trade setups at 2025-11-17 11:34:21
2025-11-17 11:34:21,396 [INFO] Applying EMA strategy to 1 stocks.
2025-11-17 11:34:32,042 [INFO] Checking trade setups at 2025-11-17 11:34:32
2025-11-17 11:34:32,042 [INFO] Applying EMA strategy to 1 stocks.
2025-11-17 11:34:42,792 [INFO] Checking trade setups at 2025-11-17 11:34:42
2025-11-17 11:34:42,792 [INFO] Applying EMA strategy to 1 stocks.
2025-11-17 11:34:53,568 [INFO] Checking trade setups at 2025-11-17 11:34:53
2025-11-17 11:34:53,568 [INFO] Applying EMA strategy to 1 stocks.
2025-11-17 11:35:04,457 [INFO] Checking trade setups at 2025-11-17 11:35:04
2025-11-17 11:35:04,457 [INFO] Applying EMA strategy to 1 stocks.
2025-11-17 11:35:15,257 [INFO] Checking trade setups at 2025-11-17 11:35:15
2025-11-17 11:35:15,257 [INFO] Applying EMA strategy to 1 stocks.
2025-11-17 11:35:25,917 [INFO] Checking trade setups at 2025-11-17 11:35:25
2025-11-17 11:35:25,917 [INFO] Applying EMA strategy to 1 stocks.
2025-11-17 11:35:36,709 [INFO] Checking trade setups at 2025-11-17 11:35:36
2025-11-17 11:35:36,709 [INFO] Applying EMA strategy to 1 stocks.
2025-11-17 11:35:48,534 [INFO] Checking trade setups at 2025-11-17 11:35:48
2025-11-17 11:35:48,534 [INFO] Applying EMA strategy to 1 stocks.
2025-11-17 11:35:59,226 [INFO] Checking trade setups at 2025-11-17 11:35:59
2025-11-17 11:35:59,226 [INFO] Applying EMA strategy to 1 stocks.
2025-11-17 11:36:10,042 [INFO] Checking trade setups at 2025-11-17 11:36:10
2025-11-17 11:36:10,042 [INFO] Applying EMA strategy to 1 stocks.
2025-11-17 11:36:20,801 [INFO] Checking trade setups at 2025-11-17 11:36:20
2025-11-17 11:36:20,801 [INFO] Applying EMA strategy to 1 stocks.
2025-11-17 11:36:31,448 [INFO] Checking trade setups at 2025-11-17 11:36:31
2025-11-17 11:36:31,448 [INFO] Applying EMA strategy to 1 stocks.
2025-11-17 11:36:42,367 [INFO] Checking trade setups at 2025-11-17 11:36:42
2025-11-17 11:36:42,367 [INFO] Applying EMA strategy to 1 stocks.
2025-11-17 11:36:52,944 [INFO] Checking trade setups at 2025-11-17 11:36:52
2025-11-17 11:36:52,944 [INFO] Applying EMA strategy to 1 stocks.
2025-11-17 11:37:03,594 [INFO] Checking trade setups at 2025-11-17 11:37:03
2025-11-17 11:37:03,594 [INFO] Applying EMA strategy to 1 stocks.
2025-11-17 11:37:14,388 [INFO] Checking trade setups at 2025-11-17 11:37:14
2025-11-17 11:37:14,388 [INFO] Applying EMA strategy to 1 stocks.
2025-11-17 11:37:25,012 [INFO] Checking trade setups at 2025-11-17 11:37:25
2025-11-17 11:37:25,012 [INFO] Applying EMA strategy to 1 stocks.
2025-11-17 11:37:35,957 [INFO] Checking trade setups at 2025-11-17 11:37:35
2025-11-17 11:37:35,957 [INFO] Applying EMA strategy to 1 stocks.
2025-11-17 11:37:46,703 [INFO] Checking trade setups at 2025-11-17 11:37:46
2025-11-17 11:37:46,703 [INFO] Applying EMA strategy to 1 stocks.
2025-11-17 11:37:57,560 [INFO] Checking trade setups at 2025-11-17 11:37:57
2025-11-17 11:37:57,560 [INFO] Applying EMA strategy to 1 stocks.
2025-11-17 11:38:08,364 [INFO] Checking trade setups at 2025-11-17 11:38:08
2025-11-17 11:38:08,364 [INFO] Applying EMA strategy to 1 stocks.
2025-11-17 11:38:19,063 [INFO] Checking trade setups at 2025-11-17 11:38:19
2025-11-17 11:38:19,063 [INFO] Applying EMA strategy to 1 stocks.
2025-11-17 11:38:30,256 [INFO] Checking trade setups at 2025-11-17 11:38:30
2025-11-17 11:38:30,256 [INFO] Applying EMA strategy to 1 stocks.
2025-11-17 11:38:40,978 [INFO] Checking trade setups at 2025-11-17 11:38:40
2025-11-17 11:38:40,978 [INFO] Applying EMA strategy to 1 stocks.
2025-11-17 11:38:51,732 [INFO] Checking trade setups at 2025-11-17 11:38:51
2025-11-17 11:38:51,732 [INFO] Applying EMA strategy to 1 stocks.
2025-11-17 11:39:02,721 [INFO] Checking trade setups at 2025-11-17 11:39:02
2025-11-17 11:39:02,721 [INFO] Applying EMA strategy to 1 stocks.
2025-11-17 11:39:13,444 [INFO] Checking trade setups at 2025-11-17 11:39:13
2025-11-17 11:39:13,444 [INFO] Applying EMA strategy to 1 stocks.
2025-11-17 11:39:24,403 [INFO] Checking trade setups at 2025-11-17 11:39:24
2025-11-17 11:39:24,403 [INFO] Applying EMA strategy to 1 stocks.
2025-11-17 11:39:35,053 [INFO] Checking trade setups at 2025-11-17 11:39:35
2025-11-17 11:39:35,053 [INFO] Applying EMA strategy to 1 stocks.
2025-11-17 11:39:45,711 [INFO] Checking trade setups at 2025-11-17 11:39:45
2025-11-17 11:39:45,711 [INFO] Applying EMA strategy to 1 stocks.
2025-11-17 11:39:56,363 [INFO] Checking trade setups at 2025-11-17 11:39:56
2025-11-17 11:39:56,363 [INFO] Applying EMA strategy to 1 stocks.
2025-11-17 11:40:07,253 [INFO] Checking trade setups at 2025-11-17 11:40:07
2025-11-17 11:40:07,253 [INFO] Applying EMA strategy to 1 stocks.
2025-11-17 11:40:17,959 [INFO] Checking trade setups at 2025-11-17 11:40:17
2025-11-17 11:40:17,959 [INFO] Applying EMA strategy to 1 stocks.
2025-11-17 11:40:28,829 [INFO] Checking trade setups at 2025-11-17 11:40:28
2025-11-17 11:40:28,829 [INFO] Applying EMA strategy to 1 stocks.
2025-11-17 11:40:39,528 [INFO] Checking trade setups at 2025-11-17 11:40:39
2025-11-17 11:40:39,528 [INFO] Applying EMA strategy to 1 stocks.
2025-11-17 11:40:50,417 [INFO] Checking trade setups at 2025-11-17 11:40:50
2025-11-17 11:40:50,417 [INFO] Applying EMA strategy to 1 stocks.
2025-11-17 11:41:01,078 [INFO] Checking trade setups at 2025-11-17 11:41:01
2025-11-17 11:41:01,078 [INFO] Applying EMA strategy to 1 stocks.
2025-11-17 11:41:11,712 [INFO] Checking trade setups at 2025-11-17 11:41:11
2025-11-17 11:41:11,712 [INFO] Applying EMA strategy to 1 stocks.
2025-11-17 11:41:22,373 [INFO] Checking trade setups at 2025-11-17 11:41:22
2025-11-17 11:41:22,373 [INFO] Applying EMA strategy to 1 stocks.
2025-11-17 11:41:33,234 [INFO] Checking trade setups at 2025-11-17 11:41:33
2025-11-17 11:41:33,234 [INFO] Applying EMA strategy to 1 stocks.
2025-11-17 11:41:43,981 [INFO] Checking trade setups at 2025-11-17 11:41:43
2025-11-17 11:41:43,981 [INFO] Applying EMA strategy to 1 stocks.
2025-11-17 11:41:54,748 [INFO] Checking trade setups at 2025-11-17 11:41:54
2025-11-17 11:41:54,748 [INFO] Applying EMA strategy to 1 stocks.
2025-11-17 11:42:05,265 [INFO] Checking trade setups at 2025-11-17 11:42:05
2025-11-17 11:42:05,266 [INFO] Applying EMA strategy to 1 stocks.
2025-11-17 11:42:16,039 [INFO] Checking trade setups at 2025-11-17 11:42:16
2025-11-17 11:42:16,039 [INFO] Applying EMA strategy to 1 stocks.
2025-11-17 11:42:26,684 [INFO] Checking trade setups at 2025-11-17 11:42:26
2025-11-17 11:42:26,684 [INFO] Applying EMA strategy to 1 stocks.
2025-11-17 11:42:37,432 [INFO] Checking trade setups at 2025-11-17 11:42:37
2025-11-17 11:42:37,432 [INFO] Applying EMA strategy to 1 stocks.
2025-11-17 11:42:48,288 [INFO] Checking trade setups at 2025-11-17 11:42:48
2025-11-17 11:42:48,288 [INFO] Applying EMA strategy to 1 stocks.
2025-11-17 11:42:59,058 [INFO] Checking trade setups at 2025-11-17 11:42:59
2025-11-17 11:42:59,058 [INFO] Applying EMA strategy to 1 stocks.
2025-11-17 11:43:09,788 [INFO] Checking trade setups at 2025-11-17 11:43:09
2025-11-17 11:43:09,788 [INFO] Applying EMA strategy to 1 stocks.
2025-11-17 11:43:20,424 [INFO] Checking trade setups at 2025-11-17 11:43:20
2025-11-17 11:43:20,424 [INFO] Applying EMA strategy to 1 stocks.
2025-11-17 11:43:31,264 [INFO] Checking trade setups at 2025-11-17 11:43:31
2025-11-17 11:43:31,264 [INFO] Applying EMA strategy to 1 stocks.
2025-11-17 11:43:42,042 [INFO] Checking trade setups at 2025-11-17 11:43:42
2025-11-17 11:43:42,042 [INFO] Applying EMA strategy to 1 stocks.
2025-11-17 11:43:52,826 [INFO] Checking trade setups at 2025-11-17 11:43:52
2025-11-17 11:43:52,827 [INFO] Applying EMA strategy to 1 stocks.
2025-11-17 11:44:03,652 [INFO] Checking trade setups at 2025-11-17 11:44:03
2025-11-17 11:44:03,652 [INFO] Applying EMA strategy to 1 stocks.
2025-11-17 11:44:14,401 [INFO] Checking trade setups at 2025-11-17 11:44:14
2025-11-17 11:44:14,401 [INFO] Applying EMA strategy to 1 stocks.
2025-11-17 11:44:26,179 [INFO] Checking trade setups at 2025-11-17 11:44:26
2025-11-17 11:44:26,179 [INFO] Applying EMA strategy to 1 stocks.
2025-11-17 11:44:36,833 [INFO] Checking trade setups at 2025-11-17 11:44:36
2025-11-17 11:44:36,833 [INFO] Applying EMA strategy to 1 stocks.
2025-11-17 11:44:47,585 [INFO] Checking trade setups at 2025-11-17 11:44:47
2025-11-17 11:44:47,585 [INFO] Applying EMA strategy to 1 stocks.
2025-11-17 11:44:58,344 [INFO] Checking trade setups at 2025-11-17 11:44:58
2025-11-17 11:44:58,345 [INFO] Applying EMA strategy to 1 stocks.
2025-11-17 11:45:09,096 [INFO] Checking trade setups at 2025-11-17 11:45:09
2025-11-17 11:45:09,096 [INFO] Applying EMA strategy to 1 stocks.
2025-11-17 11:45:19,737 [INFO] Checking trade setups at 2025-11-17 11:45:19
2025-11-17 11:45:19,738 [INFO] Applying EMA strategy to 1 stocks.
2025-11-17 11:45:30,493 [INFO] Checking trade setups at 2025-11-17 11:45:30
2025-11-17 11:45:30,494 [INFO] Applying EMA strategy to 1 stocks.
2025-11-17 11:45:42,166 [INFO] Checking trade setups at 2025-11-17 11:45:42
2025-11-17 11:45:42,167 [INFO] Applying EMA strategy to 1 stocks.
2025-11-17 11:45:52,811 [INFO] Checking trade setups at 2025-11-17 11:45:52
2025-11-17 11:45:52,811 [INFO] Applying EMA strategy to 1 stocks.
2025-11-17 11:46:03,459 [INFO] Checking trade setups at 2025-11-17 11:46:03
2025-11-17 11:46:03,460 [INFO] Applying EMA strategy to 1 stocks.
2025-11-17 11:46:14,110 [INFO] Checking trade setups at 2025-11-17 11:46:14
2025-11-17 11:46:14,111 [INFO] Applying EMA strategy to 1 stocks.
2025-11-17 11:46:24,770 [INFO] Checking trade setups at 2025-11-17 11:46:24
2025-11-17 11:46:24,774 [INFO] Applying EMA strategy to 1 stocks.
2025-11-17 11:46:35,518 [INFO] Checking trade setups at 2025-11-17 11:46:35
2025-11-17 11:46:35,518 [INFO] Applying EMA strategy to 1 stocks.
2025-11-17 11:46:46,174 [INFO] Checking trade setups at 2025-11-17 11:46:46
2025-11-17 11:46:46,174 [INFO] Applying EMA strategy to 1 stocks.
2025-11-17 11:46:56,814 [INFO] Checking trade setups at 2025-11-17 11:46:56
2025-11-17 11:46:56,814 [INFO] Applying EMA strategy to 1 stocks.
2025-11-17 11:47:07,468 [INFO] Checking trade setups at 2025-11-17 11:47:07
2025-11-17 11:47:07,468 [INFO] Applying EMA strategy to 1 stocks.
2025-11-17 11:47:18,127 [INFO] Checking trade setups at 2025-11-17 11:47:18
2025-11-17 11:47:18,127 [INFO] Applying EMA strategy to 1 stocks.
2025-11-17 11:47:28,764 [INFO] Checking trade setups at 2025-11-17 11:47:28
2025-11-17 11:47:28,764 [INFO] Applying EMA strategy to 1 stocks.
2025-11-17 11:47:39,451 [INFO] Checking trade setups at 2025-11-17 11:47:39
2025-11-17 11:47:39,451 [INFO] Applying EMA strategy to 1 stocks.
2025-11-17 11:47:50,368 [INFO] Checking trade setups at 2025-11-17 11:47:50
2025-11-17 11:47:50,368 [INFO] Applying EMA strategy to 1 stocks.
2025-11-17 11:48:01,025 [INFO] Checking trade setups at 2025-11-17 11:48:01
2025-11-17 11:48:01,025 [INFO] Applying EMA strategy to 1 stocks.
2025-11-17 11:48:11,817 [INFO] Checking trade setups at 2025-11-17 11:48:11
2025-11-17 11:48:11,818 [INFO] Applying EMA strategy to 1 stocks.
2025-11-17 11:48:22,426 [INFO] Checking trade setups at 2025-11-17 11:48:22
2025-11-17 11:48:22,426 [INFO] Applying EMA strategy to 1 stocks.
2025-11-17 11:48:32,975 [INFO] Checking trade setups at 2025-11-17 11:48:32
2025-11-17 11:48:32,975 [INFO] Applying EMA strategy to 1 stocks.
2025-11-17 11:48:43,626 [INFO] Checking trade setups at 2025-11-17 11:48:43
2025-11-17 11:48:43,626 [INFO] Applying EMA strategy to 1 stocks.
2025-11-17 11:48:54,580 [INFO] Checking trade setups at 2025-11-17 11:48:54
2025-11-17 11:48:54,580 [INFO] Applying EMA strategy to 1 stocks.
2025-11-17 11:49:05,437 [INFO] Checking trade setups at 2025-11-17 11:49:05
2025-11-17 11:49:05,437 [INFO] Applying EMA strategy to 1 stocks.
2025-11-17 11:49:16,188 [INFO] Checking trade setups at 2025-11-17 11:49:16
2025-11-17 11:49:16,188 [INFO] Applying EMA strategy to 1 stocks.
2025-11-17 11:49:27,046 [INFO] Checking trade setups at 2025-11-17 11:49:27
2025-11-17 11:49:27,046 [INFO] Applying EMA strategy to 1 stocks.
2025-11-17 11:49:37,793 [INFO] Checking trade setups at 2025-11-17 11:49:37
2025-11-17 11:49:37,793 [INFO] Applying EMA strategy to 1 stocks.
2025-11-17 11:49:48,547 [INFO] Checking trade setups at 2025-11-17 11:49:48
2025-11-17 11:49:48,547 [INFO] Applying EMA strategy to 1 stocks.
2025-11-17 11:49:59,201 [INFO] Checking trade setups at 2025-11-17 11:49:59
2025-11-17 11:49:59,201 [INFO] Applying EMA strategy to 1 stocks.
2025-11-17 11:50:09,858 [INFO] Checking trade setups at 2025-11-17 11:50:09
2025-11-17 11:50:09,858 [INFO] Applying EMA strategy to 1 stocks.
2025-11-17 11:50:41,985 [INFO] Checking trade setups at 2025-11-17 11:50:41
2025-11-17 11:50:41,986 [INFO] Applying EMA strategy to 1 stocks.
2025-11-17 11:50:52,718 [INFO] Checking trade setups at 2025-11-17 11:50:52
2025-11-17 11:50:52,718 [INFO] Applying EMA strategy to 1 stocks.
2025-11-17 11:51:03,266 [INFO] Checking trade setups at 2025-11-17 11:51:03
2025-11-17 11:51:03,266 [INFO] Applying EMA strategy to 1 stocks.
2025-11-17 11:51:13,850 [INFO] Checking trade setups at 2025-11-17 11:51:13
2025-11-17 11:51:13,850 [INFO] Applying EMA strategy to 1 stocks.
2025-11-17 11:51:24,355 [INFO] Checking trade setups at 2025-11-17 11:51:24
2025-11-17 11:51:24,355 [INFO] Applying EMA strategy to 1 stocks.
2025-11-17 11:51:35,253 [INFO] Checking trade setups at 2025-11-17 11:51:35
2025-11-17 11:51:35,253 [INFO] Applying EMA strategy to 1 stocks.
2025-11-17 11:51:45,905 [INFO] Checking trade setups at 2025-11-17 11:51:45
2025-11-17 11:51:45,905 [INFO] Applying EMA strategy to 1 stocks.
2025-11-17 11:51:56,556 [INFO] Checking trade setups at 2025-11-17 11:51:56
2025-11-17 11:51:56,556 [INFO] Applying EMA strategy to 1 stocks.
2025-11-17 11:52:07,208 [INFO] Checking trade setups at 2025-11-17 11:52:07
2025-11-17 11:52:07,208 [INFO] Applying EMA strategy to 1 stocks.
2025-11-17 11:52:18,107 [INFO] Checking trade setups at 2025-11-17 11:52:18
2025-11-17 11:52:18,107 [INFO] Applying EMA strategy to 1 stocks.
2025-11-17 11:52:28,939 [INFO] Checking trade setups at 2025-11-17 11:52:28
2025-11-17 11:52:28,939 [INFO] Applying EMA strategy to 1 stocks.
2025-11-17 11:52:39,797 [INFO] Checking trade setups at 2025-11-17 11:52:39
2025-11-17 11:52:39,797 [INFO] Applying EMA strategy to 1 stocks.
2025-11-17 11:52:50,625 [INFO] Checking trade setups at 2025-11-17 11:52:50
2025-11-17 11:52:50,625 [INFO] Applying EMA strategy to 1 stocks.
2025-11-17 11:53:01,370 [INFO] Checking trade setups at 2025-11-17 11:53:01
2025-11-17 11:53:01,370 [INFO] Applying EMA strategy to 1 stocks.
2025-11-17 11:53:12,538 [INFO] Checking trade setups at 2025-11-17 11:53:12
2025-11-17 11:53:12,538 [INFO] Applying EMA strategy to 1 stocks.
2025-11-17 11:53:23,335 [INFO] Checking trade setups at 2025-11-17 11:53:23
2025-11-17 11:53:23,335 [INFO] Applying EMA strategy to 1 stocks.
2025-11-17 11:53:34,258 [INFO] Checking trade setups at 2025-11-17 11:53:34
2025-11-17 11:53:34,258 [INFO] Applying EMA strategy to 1 stocks.
2025-11-17 11:53:44,900 [INFO] Checking trade setups at 2025-11-17 11:53:44
2025-11-17 11:53:44,900 [INFO] Applying EMA strategy to 1 stocks.
2025-11-17 11:53:55,551 [INFO] Checking trade setups at 2025-11-17 11:53:55
2025-11-17 11:53:55,551 [INFO] Applying EMA strategy to 1 stocks.
2025-11-17 11:54:06,405 [INFO] Checking trade setups at 2025-11-17 11:54:06
2025-11-17 11:54:06,406 [INFO] Applying EMA strategy to 1 stocks.
2025-11-17 11:54:17,674 [INFO] Checking trade setups at 2025-11-17 11:54:17
2025-11-17 11:54:17,674 [INFO] Applying EMA strategy to 1 stocks.
2025-11-17 11:54:28,771 [INFO] Checking trade setups at 2025-11-17 11:54:28
2025-11-17 11:54:28,771 [INFO] Applying EMA strategy to 1 stocks.
2025-11-17 11:54:39,811 [INFO] Checking trade setups at 2025-11-17 11:54:39
2025-11-17 11:54:39,811 [INFO] Applying EMA strategy to 1 stocks.
2025-11-17 11:54:50,644 [INFO] Checking trade setups at 2025-11-17 11:54:50
2025-11-17 11:54:50,644 [INFO] Applying EMA strategy to 1 stocks.
2025-11-17 11:55:01,544 [INFO] Checking trade setups at 2025-11-17 11:55:01
2025-11-17 11:55:01,544 [INFO] Applying EMA strategy to 1 stocks.
2025-11-17 11:55:12,265 [INFO] Checking trade setups at 2025-11-17 11:55:12
2025-11-17 11:55:12,266 [INFO] Applying EMA strategy to 1 stocks.
2025-11-17 11:55:23,102 [INFO] Checking trade setups at 2025-11-17 11:55:23
2025-11-17 11:55:23,102 [INFO] Applying EMA strategy to 1 stocks.
2025-11-17 11:55:33,766 [INFO] Checking trade setups at 2025-11-17 11:55:33
2025-11-17 11:55:33,766 [INFO] Applying EMA strategy to 1 stocks.
2025-11-17 11:55:44,683 [INFO] Checking trade setups at 2025-11-17 11:55:44
2025-11-17 11:55:44,683 [INFO] Applying EMA strategy to 1 stocks.
2025-11-17 11:55:55,365 [INFO] Checking trade setups at 2025-11-17 11:55:55
2025-11-17 11:55:55,365 [INFO] Applying EMA strategy to 1 stocks.
2025-11-17 11:56:06,228 [INFO] Checking trade setups at 2025-11-17 11:56:06
2025-11-17 11:56:06,228 [INFO] Applying EMA strategy to 1 stocks.
2025-11-17 11:56:17,067 [INFO] Checking trade setups at 2025-11-17 11:56:17
2025-11-17 11:56:17,068 [INFO] Applying EMA strategy to 1 stocks.
2025-11-17 11:56:27,848 [INFO] Checking trade setups at 2025-11-17 11:56:27
2025-11-17 11:56:27,849 [INFO] Applying EMA strategy to 1 stocks.
2025-11-17 11:56:38,889 [INFO] Checking trade setups at 2025-11-17 11:56:38
2025-11-17 11:56:38,889 [INFO] Applying EMA strategy to 1 stocks.
2025-11-17 11:56:49,749 [INFO] Checking trade setups at 2025-11-17 11:56:49
2025-11-17 11:56:49,749 [INFO] Applying EMA strategy to 1 stocks.
2025-11-17 11:57:00,587 [INFO] Checking trade setups at 2025-11-17 11:57:00
2025-11-17 11:57:00,587 [INFO] Applying EMA strategy to 1 stocks.
2025-11-17 11:57:11,390 [INFO] Checking trade setups at 2025-11-17 11:57:11
2025-11-17 11:57:11,391 [INFO] Applying EMA strategy to 1 stocks.
2025-11-17 11:57:22,201 [INFO] Checking trade setups at 2025-11-17 11:57:22
2025-11-17 11:57:22,201 [INFO] Applying EMA strategy to 1 stocks.
2025-11-17 11:57:32,836 [INFO] Checking trade setups at 2025-11-17 11:57:32
2025-11-17 11:57:32,836 [INFO] Applying EMA strategy to 1 stocks.
2025-11-17 11:57:43,485 [INFO] Checking trade setups at 2025-11-17 11:57:43
2025-11-17 11:57:43,485 [INFO] Applying EMA strategy to 1 stocks.
2025-11-17 11:57:54,573 [INFO] Checking trade setups at 2025-11-17 11:57:54
2025-11-17 11:57:54,573 [INFO] Applying EMA strategy to 1 stocks.
2025-11-17 11:58:05,064 [INFO] Checking trade setups at 2025-11-17 11:58:05
2025-11-17 11:58:05,064 [INFO] Applying EMA strategy to 1 stocks.
2025-11-17 11:58:15,619 [INFO] Checking trade setups at 2025-11-17 11:58:15
2025-11-17 11:58:15,619 [INFO] Applying EMA strategy to 1 stocks.
2025-11-17 11:58:26,813 [INFO] Checking trade setups at 2025-11-17 11:58:26
2025-11-17 11:58:26,813 [INFO] Applying EMA strategy to 1 stocks.
2025-11-17 11:58:37,774 [INFO] Checking trade setups at 2025-11-17 11:58:37
2025-11-17 11:58:37,774 [INFO] Applying EMA strategy to 1 stocks.
2025-11-17 11:58:48,610 [INFO] Checking trade setups at 2025-11-17 11:58:48
2025-11-17 11:58:48,610 [INFO] Applying EMA strategy to 1 stocks.
2025-11-17 11:58:59,387 [INFO] Checking trade setups at 2025-11-17 11:58:59
2025-11-17 11:58:59,387 [INFO] Applying EMA strategy to 1 stocks.
2025-11-17 11:59:10,276 [INFO] Checking trade setups at 2025-11-17 11:59:10
2025-11-17 11:59:10,276 [INFO] Applying EMA strategy to 1 stocks.
2025-11-17 11:59:21,447 [INFO] Checking trade setups at 2025-11-17 11:59:21
2025-11-17 11:59:21,447 [INFO] Applying EMA strategy to 1 stocks.
2025-11-17 11:59:32,156 [INFO] Checking trade setups at 2025-11-17 11:59:32
2025-11-17 11:59:32,157 [INFO] Applying EMA strategy to 1 stocks.
2025-11-17 11:59:43,224 [INFO] Checking trade setups at 2025-11-17 11:59:43
2025-11-17 11:59:43,224 [INFO] Applying EMA strategy to 1 stocks.
2025-11-17 11:59:54,004 [INFO] Checking trade setups at 2025-11-17 11:59:54
2025-11-17 11:59:54,004 [INFO] Applying EMA strategy to 1 stocks.
2025-11-17 12:00:04,750 [INFO] Checking trade setups at 2025-11-17 12:00:04
2025-11-17 12:00:04,751 [INFO] Applying EMA strategy to 1 stocks.
2025-11-17 12:00:15,475 [INFO] Checking trade setups at 2025-11-17 12:00:15
2025-11-17 12:00:15,475 [INFO] Applying EMA strategy to 1 stocks.
2025-11-17 12:00:26,114 [INFO] Checking trade setups at 2025-11-17 12:00:26
2025-11-17 12:00:26,115 [INFO] Applying EMA strategy to 1 stocks.
2025-11-17 12:00:36,887 [INFO] Checking trade setups at 2025-11-17 12:00:36
2025-11-17 12:00:36,887 [INFO] Applying EMA strategy to 1 stocks.
2025-11-17 12:00:47,737 [INFO] Checking trade setups at 2025-11-17 12:00:47
2025-11-17 12:00:47,737 [INFO] Applying EMA strategy to 1 stocks.
2025-11-17 12:00:58,493 [INFO] Checking trade setups at 2025-11-17 12:00:58
2025-11-17 12:00:58,493 [INFO] Applying EMA strategy to 1 stocks.
2025-11-17 12:01:09,238 [INFO] Checking trade setups at 2025-11-17 12:01:09
2025-11-17 12:01:09,238 [INFO] Applying EMA strategy to 1 stocks.
2025-11-17 12:01:19,890 [INFO] Checking trade setups at 2025-11-17 12:01:19
2025-11-17 12:01:19,890 [INFO] Applying EMA strategy to 1 stocks.
2025-11-17 12:01:30,639 [INFO] Checking trade setups at 2025-11-17 12:01:30
2025-11-17 12:01:30,639 [INFO] Applying EMA strategy to 1 stocks.
2025-11-17 12:01:41,502 [INFO] Checking trade setups at 2025-11-17 12:01:41
2025-11-17 12:01:41,502 [INFO] Applying EMA strategy to 1 stocks.
2025-11-17 12:01:52,187 [INFO] Checking trade setups at 2025-11-17 12:01:52
2025-11-17 12:01:52,188 [INFO] Applying EMA strategy to 1 stocks.
2025-11-17 12:02:02,814 [INFO] Checking trade setups at 2025-11-17 12:02:02
2025-11-17 12:02:02,814 [INFO] Applying EMA strategy to 1 stocks.
2025-11-17 12:02:13,463 [INFO] Checking trade setups at 2025-11-17 12:02:13
2025-11-17 12:02:13,463 [INFO] Applying EMA strategy to 1 stocks.
2025-11-17 12:02:24,199 [INFO] Checking trade setups at 2025-11-17 12:02:24
2025-11-17 12:02:24,199 [INFO] Applying EMA strategy to 1 stocks.
2025-11-17 12:02:34,961 [INFO] Checking trade setups at 2025-11-17 12:02:34
2025-11-17 12:02:34,961 [INFO] Applying EMA strategy to 1 stocks.
2025-11-17 12:02:45,808 [INFO] Checking trade setups at 2025-11-17 12:02:45
2025-11-17 12:02:45,809 [INFO] Applying EMA strategy to 1 stocks.
2025-11-17 12:02:56,755 [INFO] Checking trade setups at 2025-11-17 12:02:56
2025-11-17 12:02:56,755 [INFO] Applying EMA strategy to 1 stocks.
2025-11-17 12:03:07,419 [INFO] Checking trade setups at 2025-11-17 12:03:07
2025-11-17 12:03:07,419 [INFO] Applying EMA strategy to 1 stocks.
2025-11-17 12:03:18,173 [INFO] Checking trade setups at 2025-11-17 12:03:18
2025-11-17 12:03:18,173 [INFO] Applying EMA strategy to 1 stocks.
2025-11-17 12:03:29,021 [INFO] Checking trade setups at 2025-11-17 12:03:29
2025-11-17 12:03:29,021 [INFO] Applying EMA strategy to 1 stocks.
2025-11-17 12:03:39,788 [INFO] Checking trade setups at 2025-11-17 12:03:39
2025-11-17 12:03:39,797 [INFO] Applying EMA strategy to 1 stocks.
2025-11-17 12:03:50,447 [INFO] Checking trade setups at 2025-11-17 12:03:50
2025-11-17 12:03:50,447 [INFO] Applying EMA strategy to 1 stocks.
2025-11-17 12:04:01,000 [INFO] Checking trade setups at 2025-11-17 12:04:01
2025-11-17 12:04:01,000 [INFO] Applying EMA strategy to 1 stocks.
2025-11-17 12:04:12,029 [INFO] Checking trade setups at 2025-11-17 12:04:12
2025-11-17 12:04:12,029 [INFO] Applying EMA strategy to 1 stocks.
2025-11-17 12:04:22,969 [INFO] Checking trade setups at 2025-11-17 12:04:22
2025-11-17 12:04:22,969 [INFO] Applying EMA strategy to 1 stocks.
2025-11-17 12:04:34,034 [INFO] Checking trade setups at 2025-11-17 12:04:34
2025-11-17 12:04:34,034 [INFO] Applying EMA strategy to 1 stocks.
2025-11-17 12:04:44,809 [INFO] Checking trade setups at 2025-11-17 12:04:44
2025-11-17 12:04:44,809 [INFO] Applying EMA strategy to 1 stocks.
2025-11-17 12:04:55,840 [INFO] Checking trade setups at 2025-11-17 12:04:55
2025-11-17 12:04:55,840 [INFO] Applying EMA strategy to 1 stocks.
2025-11-17 12:05:06,496 [INFO] Checking trade setups at 2025-11-17 12:05:06
2025-11-17 12:05:06,496 [INFO] Applying EMA strategy to 1 stocks.
2025-11-17 12:05:17,172 [INFO] Checking trade setups at 2025-11-17 12:05:17
2025-11-17 12:05:17,172 [INFO] Applying EMA strategy to 1 stocks.
2025-11-17 12:05:27,918 [INFO] Checking trade setups at 2025-11-17 12:05:27
2025-11-17 12:05:27,918 [INFO] Applying EMA strategy to 1 stocks.
2025-11-17 12:05:38,554 [INFO] Checking trade setups at 2025-11-17 12:05:38
2025-11-17 12:05:38,554 [INFO] Applying EMA strategy to 1 stocks.
2025-11-17 12:05:49,137 [INFO] Checking trade setups at 2025-11-17 12:05:49
2025-11-17 12:05:49,137 [INFO] Applying EMA strategy to 1 stocks.
2025-11-17 12:05:59,754 [INFO] Checking trade setups at 2025-11-17 12:05:59
2025-11-17 12:05:59,754 [INFO] Applying EMA strategy to 1 stocks.
2025-11-17 12:06:10,716 [INFO] Checking trade setups at 2025-11-17 12:06:10
2025-11-17 12:06:10,716 [INFO] Applying EMA strategy to 1 stocks.
2025-11-17 12:06:21,266 [INFO] Checking trade setups at 2025-11-17 12:06:21
2025-11-17 12:06:21,266 [INFO] Applying EMA strategy to 1 stocks.
2025-11-17 12:06:32,013 [INFO] Checking trade setups at 2025-11-17 12:06:32
2025-11-17 12:06:32,013 [INFO] Applying EMA strategy to 1 stocks.
2025-11-17 12:06:42,641 [INFO] Checking trade setups at 2025-11-17 12:06:42
2025-11-17 12:06:42,641 [INFO] Applying EMA strategy to 1 stocks.
2025-11-17 12:06:53,216 [INFO] Checking trade setups at 2025-11-17 12:06:53
2025-11-17 12:06:53,216 [INFO] Applying EMA strategy to 1 stocks.
2025-11-17 12:07:03,879 [INFO] Checking trade setups at 2025-11-17 12:07:03
2025-11-17 12:07:03,879 [INFO] Applying EMA strategy to 1 stocks.
2025-11-17 12:07:14,536 [INFO] Checking trade setups at 2025-11-17 12:07:14
2025-11-17 12:07:14,536 [INFO] Applying EMA strategy to 1 stocks.
2025-11-17 12:07:25,254 [INFO] Checking trade setups at 2025-11-17 12:07:25
2025-11-17 12:07:25,254 [INFO] Applying EMA strategy to 1 stocks.
2025-11-17 12:07:36,312 [INFO] Checking trade setups at 2025-11-17 12:07:36
2025-11-17 12:07:36,312 [INFO] Applying EMA strategy to 1 stocks.
2025-11-17 12:07:46,993 [INFO] Checking trade setups at 2025-11-17 12:07:46
2025-11-17 12:07:46,993 [INFO] Applying EMA strategy to 1 stocks.
2025-11-17 12:07:57,612 [INFO] Checking trade setups at 2025-11-17 12:07:57
2025-11-17 12:07:57,613 [INFO] Applying EMA strategy to 1 stocks.
2025-11-17 12:08:08,605 [INFO] Checking trade setups at 2025-11-17 12:08:08
2025-11-17 12:08:08,605 [INFO] Applying EMA strategy to 1 stocks.
2025-11-17 12:08:19,426 [INFO] Checking trade setups at 2025-11-17 12:08:19
2025-11-17 12:08:19,427 [INFO] Applying EMA strategy to 1 stocks.
2025-11-17 12:08:30,192 [INFO] Checking trade setups at 2025-11-17 12:08:30
2025-11-17 12:08:30,193 [INFO] Applying EMA strategy to 1 stocks.
2025-11-17 12:08:41,128 [INFO] Checking trade setups at 2025-11-17 12:08:41
2025-11-17 12:08:41,128 [INFO] Applying EMA strategy to 1 stocks.
2025-11-17 12:08:53,112 [INFO] Checking trade setups at 2025-11-17 12:08:53
2025-11-17 12:08:53,112 [INFO] Applying EMA strategy to 1 stocks.
2025-11-17 12:09:03,776 [INFO] Checking trade setups at 2025-11-17 12:09:03
2025-11-17 12:09:03,776 [INFO] Applying EMA strategy to 1 stocks.
2025-11-17 12:09:14,834 [INFO] Checking trade setups at 2025-11-17 12:09:14
2025-11-17 12:09:14,834 [INFO] Applying EMA strategy to 1 stocks.
2025-11-17 12:09:25,628 [INFO] Checking trade setups at 2025-11-17 12:09:25
2025-11-17 12:09:25,629 [INFO] Applying EMA strategy to 1 stocks.
2025-11-17 12:09:37,046 [INFO] Checking trade setups at 2025-11-17 12:09:37
2025-11-17 12:09:37,047 [INFO] Applying EMA strategy to 1 stocks.
2025-11-17 12:09:50,761 [INFO] Checking trade setups at 2025-11-17 12:09:50
2025-11-17 12:09:50,761 [INFO] Applying EMA strategy to 1 stocks.
2025-11-17 12:10:01,534 [INFO] Checking trade setups at 2025-11-17 12:10:01
2025-11-17 12:10:01,534 [INFO] Applying EMA strategy to 1 stocks.
2025-11-17 12:10:12,395 [INFO] Checking trade setups at 2025-11-17 12:10:12
2025-11-17 12:10:12,396 [INFO] Applying EMA strategy to 1 stocks.
2025-11-17 12:10:23,229 [INFO] Checking trade setups at 2025-11-17 12:10:23
2025-11-17 12:10:23,229 [INFO] Applying EMA strategy to 1 stocks.
2025-11-17 12:10:33,892 [INFO] Checking trade setups at 2025-11-17 12:10:33
2025-11-17 12:10:33,892 [INFO] Applying EMA strategy to 1 stocks.
2025-11-17 12:10:44,628 [INFO] Checking trade setups at 2025-11-17 12:10:44
2025-11-17 12:10:44,628 [INFO] Applying EMA strategy to 1 stocks.
2025-11-17 12:10:55,389 [INFO] Checking trade setups at 2025-11-17 12:10:55
2025-11-17 12:10:55,389 [INFO] Applying EMA strategy to 1 stocks.
2025-11-17 12:11:05,996 [INFO] Checking trade setups at 2025-11-17 12:11:05
2025-11-17 12:11:05,996 [INFO] Applying EMA strategy to 1 stocks.
2025-11-17 12:11:16,895 [INFO] Checking trade setups at 2025-11-17 12:11:16
2025-11-17 12:11:16,895 [INFO] Applying EMA strategy to 1 stocks.
2025-11-17 12:11:28,875 [INFO] Checking trade setups at 2025-11-17 12:11:28
2025-11-17 12:11:28,875 [INFO] Applying EMA strategy to 1 stocks.
2025-11-17 12:11:39,666 [INFO] Checking trade setups at 2025-11-17 12:11:39
2025-11-17 12:11:39,667 [INFO] Applying EMA strategy to 1 stocks.
2025-11-17 12:11:50,544 [INFO] Checking trade setups at 2025-11-17 12:11:50
2025-11-17 12:11:50,545 [INFO] Applying EMA strategy to 1 stocks.
2025-11-17 12:12:01,348 [INFO] Checking trade setups at 2025-11-17 12:12:01
2025-11-17 12:12:01,348 [INFO] Applying EMA strategy to 1 stocks.
2025-11-17 12:12:12,296 [INFO] Checking trade setups at 2025-11-17 12:12:12
2025-11-17 12:12:12,296 [INFO] Applying EMA strategy to 1 stocks.
2025-11-17 12:12:23,254 [INFO] Checking trade setups at 2025-11-17 12:12:23
2025-11-17 12:12:23,254 [INFO] Applying EMA strategy to 1 stocks.
2025-11-17 12:12:34,043 [INFO] Checking trade setups at 2025-11-17 12:12:34
2025-11-17 12:12:34,043 [INFO] Applying EMA strategy to 1 stocks.
2025-11-17 12:12:44,862 [INFO] Checking trade setups at 2025-11-17 12:12:44
2025-11-17 12:12:44,862 [INFO] Applying EMA strategy to 1 stocks.
2025-11-17 12:12:55,408 [INFO] Checking trade setups at 2025-11-17 12:12:55
2025-11-17 12:12:55,409 [INFO] Applying EMA strategy to 1 stocks.
2025-11-17 12:13:06,175 [INFO] Checking trade setups at 2025-11-17 12:13:06
2025-11-17 12:13:06,175 [INFO] Applying EMA strategy to 1 stocks.
2025-11-17 12:13:16,907 [INFO] Checking trade setups at 2025-11-17 12:13:16
2025-11-17 12:13:16,907 [INFO] Applying EMA strategy to 1 stocks.
2025-11-17 12:13:27,523 [INFO] Checking trade setups at 2025-11-17 12:13:27
2025-11-17 12:13:27,523 [INFO] Applying EMA strategy to 1 stocks.
2025-11-17 12:13:38,060 [INFO] Checking trade setups at 2025-11-17 12:13:38
2025-11-17 12:13:38,061 [INFO] Applying EMA strategy to 1 stocks.
2025-11-17 12:13:48,785 [INFO] Checking trade setups at 2025-11-17 12:13:48
2025-11-17 12:13:48,785 [INFO] Applying EMA strategy to 1 stocks.
2025-11-17 12:13:59,523 [INFO] Checking trade setups at 2025-11-17 12:13:59
2025-11-17 12:13:59,523 [INFO] Applying EMA strategy to 1 stocks.
2025-11-17 12:14:10,382 [INFO] Checking trade setups at 2025-11-17 12:14:10
2025-11-17 12:14:10,382 [INFO] Applying EMA strategy to 1 stocks.
2025-11-17 12:14:21,133 [INFO] Checking trade setups at 2025-11-17 12:14:21
2025-11-17 12:14:21,134 [INFO] Applying EMA strategy to 1 stocks.
2025-11-17 12:14:31,971 [INFO] Checking trade setups at 2025-11-17 12:14:31
2025-11-17 12:14:31,972 [INFO] Applying EMA strategy to 1 stocks.
2025-11-17 12:14:43,036 [INFO] Checking trade setups at 2025-11-17 12:14:43
2025-11-17 12:14:43,037 [INFO] Applying EMA strategy to 1 stocks.
2025-11-17 12:14:53,997 [INFO] Checking trade setups at 2025-11-17 12:14:53
2025-11-17 12:14:53,997 [INFO] Applying EMA strategy to 1 stocks.
2025-11-17 12:15:05,680 [INFO] Checking trade setups at 2025-11-17 12:15:05
2025-11-17 12:15:05,681 [INFO] Applying EMA strategy to 1 stocks.
2025-11-17 12:15:16,418 [INFO] Checking trade setups at 2025-11-17 12:15:16
2025-11-17 12:15:16,418 [INFO] Applying EMA strategy to 1 stocks.
2025-11-17 12:15:26,987 [INFO] Checking trade setups at 2025-11-17 12:15:26
2025-11-17 12:15:26,988 [INFO] Applying EMA strategy to 1 stocks.
2025-11-17 12:15:37,721 [INFO] Checking trade setups at 2025-11-17 12:15:37
2025-11-17 12:15:37,721 [INFO] Applying EMA strategy to 1 stocks.
2025-11-17 12:15:48,669 [INFO] Checking trade setups at 2025-11-17 12:15:48
2025-11-17 12:15:48,669 [INFO] Applying EMA strategy to 1 stocks.
2025-11-17 12:15:59,534 [INFO] Checking trade setups at 2025-11-17 12:15:59
2025-11-17 12:15:59,534 [INFO] Applying EMA strategy to 1 stocks.
2025-11-17 12:16:10,428 [INFO] Checking trade setups at 2025-11-17 12:16:10
2025-11-17 12:16:10,428 [INFO] Applying EMA strategy to 1 stocks.
2025-11-17 12:16:21,137 [INFO] Checking trade setups at 2025-11-17 12:16:21
2025-11-17 12:16:21,137 [INFO] Applying EMA strategy to 1 stocks.
2025-11-17 12:16:31,829 [INFO] Checking trade setups at 2025-11-17 12:16:31
2025-11-17 12:16:31,829 [INFO] Applying EMA strategy to 1 stocks.
2025-11-17 12:16:42,543 [INFO] Checking trade setups at 2025-11-17 12:16:42
2025-11-17 12:16:42,543 [INFO] Applying EMA strategy to 1 stocks.
2025-11-17 12:16:53,183 [INFO] Checking trade setups at 2025-11-17 12:16:53
2025-11-17 12:16:53,183 [INFO] Applying EMA strategy to 1 stocks.
2025-11-17 12:17:03,722 [INFO] Checking trade setups at 2025-11-17 12:17:03
2025-11-17 12:17:03,722 [INFO] Applying EMA strategy to 1 stocks.
2025-11-17 12:17:14,493 [INFO] Checking trade setups at 2025-11-17 12:17:14
2025-11-17 12:17:14,494 [INFO] Applying EMA strategy to 1 stocks.
2025-11-17 12:17:26,093 [INFO] Checking trade setups at 2025-11-17 12:17:26
2025-11-17 12:17:26,094 [INFO] Applying EMA strategy to 1 stocks.
2025-11-17 12:17:37,109 [INFO] Checking trade setups at 2025-11-17 12:17:37
2025-11-17 12:17:37,109 [INFO] Applying EMA strategy to 1 stocks.
2025-11-17 12:17:48,378 [INFO] Checking trade setups at 2025-11-17 12:17:48
2025-11-17 12:17:48,378 [INFO] Applying EMA strategy to 1 stocks.
2025-11-17 12:17:58,977 [INFO] Checking trade setups at 2025-11-17 12:17:58
2025-11-17 12:17:58,977 [INFO] Applying EMA strategy to 1 stocks.
2025-11-17 12:18:09,731 [INFO] Checking trade setups at 2025-11-17 12:18:09
2025-11-17 12:18:09,731 [INFO] Applying EMA strategy to 1 stocks.
2025-11-17 12:18:20,430 [INFO] Checking trade setups at 2025-11-17 12:18:20
2025-11-17 12:18:20,430 [INFO] Applying EMA strategy to 1 stocks.
2025-11-17 12:18:31,087 [INFO] Checking trade setups at 2025-11-17 12:18:31
2025-11-17 12:18:31,087 [INFO] Applying EMA strategy to 1 stocks.
2025-11-17 12:18:42,242 [INFO] Checking trade setups at 2025-11-17 12:18:42
2025-11-17 12:18:42,243 [INFO] Applying EMA strategy to 1 stocks.
2025-11-17 12:18:52,993 [INFO] Checking trade setups at 2025-11-17 12:18:52
2025-11-17 12:18:52,993 [INFO] Applying EMA strategy to 1 stocks.
2025-11-17 12:19:03,683 [INFO] Checking trade setups at 2025-11-17 12:19:03
2025-11-17 12:19:03,683 [INFO] Applying EMA strategy to 1 stocks.
2025-11-17 12:19:14,471 [INFO] Checking trade setups at 2025-11-17 12:19:14
2025-11-17 12:19:14,471 [INFO] Applying EMA strategy to 1 stocks.
2025-11-17 12:19:25,256 [INFO] Checking trade setups at 2025-11-17 12:19:25
2025-11-17 12:19:25,256 [INFO] Applying EMA strategy to 1 stocks.
2025-11-17 12:19:36,011 [INFO] Checking trade setups at 2025-11-17 12:19:36
2025-11-17 12:19:36,012 [INFO] Applying EMA strategy to 1 stocks.
2025-11-17 12:19:46,960 [INFO] Checking trade setups at 2025-11-17 12:19:46
2025-11-17 12:19:46,960 [INFO] Applying EMA strategy to 1 stocks.
2025-11-17 12:19:57,941 [INFO] Checking trade setups at 2025-11-17 12:19:57
2025-11-17 12:19:57,941 [INFO] Applying EMA strategy to 1 stocks.
2025-11-17 12:20:08,765 [INFO] Checking trade setups at 2025-11-17 12:20:08
2025-11-17 12:20:08,766 [INFO] Applying EMA strategy to 1 stocks.
2025-11-17 12:20:19,626 [INFO] Checking trade setups at 2025-11-17 12:20:19
2025-11-17 12:20:19,626 [INFO] Applying EMA strategy to 1 stocks.
2025-11-17 12:20:30,394 [INFO] Checking trade setups at 2025-11-17 12:20:30
2025-11-17 12:20:30,394 [INFO] Applying EMA strategy to 1 stocks.
2025-11-17 12:20:41,334 [INFO] Checking trade setups at 2025-11-17 12:20:41
2025-11-17 12:20:41,334 [INFO] Applying EMA strategy to 1 stocks.
2025-11-17 12:20:51,992 [INFO] Checking trade setups at 2025-11-17 12:20:51
2025-11-17 12:20:51,993 [INFO] Applying EMA strategy to 1 stocks.
2025-11-17 12:21:02,860 [INFO] Checking trade setups at 2025-11-17 12:21:02
2025-11-17 12:21:02,860 [INFO] Applying EMA strategy to 1 stocks.
2025-11-17 12:21:13,620 [INFO] Checking trade setups at 2025-11-17 12:21:13
2025-11-17 12:21:13,620 [INFO] Applying EMA strategy to 1 stocks.
2025-11-17 12:21:24,251 [INFO] Checking trade setups at 2025-11-17 12:21:24
2025-11-17 12:21:24,251 [INFO] Applying EMA strategy to 1 stocks.
2025-11-17 12:21:35,604 [INFO] Checking trade setups at 2025-11-17 12:21:35
2025-11-17 12:21:35,604 [INFO] Applying EMA strategy to 1 stocks.
2025-11-17 12:21:46,286 [INFO] Checking trade setups at 2025-11-17 12:21:46
2025-11-17 12:21:46,286 [INFO] Applying EMA strategy to 1 stocks.
2025-11-17 12:21:57,126 [INFO] Checking trade setups at 2025-11-17 12:21:57
2025-11-17 12:21:57,126 [INFO] Applying EMA strategy to 1 stocks.
2025-11-17 12:22:07,887 [INFO] Checking trade setups at 2025-11-17 12:22:07
2025-11-17 12:22:07,887 [INFO] Applying EMA strategy to 1 stocks.
2025-11-17 12:22:18,825 [INFO] Checking trade setups at 2025-11-17 12:22:18
2025-11-17 12:22:18,825 [INFO] Applying EMA strategy to 1 stocks.
2025-11-17 12:22:29,561 [INFO] Checking trade setups at 2025-11-17 12:22:29
2025-11-17 12:22:29,561 [INFO] Applying EMA strategy to 1 stocks.
2025-11-17 12:22:40,432 [INFO] Checking trade setups at 2025-11-17 12:22:40
2025-11-17 12:22:40,432 [INFO] Applying EMA strategy to 1 stocks.
2025-11-17 12:22:51,284 [INFO] Checking trade setups at 2025-11-17 12:22:51
2025-11-17 12:22:51,284 [INFO] Applying EMA strategy to 1 stocks.
2025-11-17 12:23:02,251 [INFO] Checking trade setups at 2025-11-17 12:23:02
2025-11-17 12:23:02,251 [INFO] Applying EMA strategy to 1 stocks.
2025-11-17 12:23:13,215 [INFO] Checking trade setups at 2025-11-17 12:23:13
2025-11-17 12:23:13,215 [INFO] Applying EMA strategy to 1 stocks.
2025-11-17 12:23:24,151 [INFO] Checking trade setups at 2025-11-17 12:23:24
2025-11-17 12:23:24,151 [INFO] Applying EMA strategy to 1 stocks.
2025-11-17 12:23:34,833 [INFO] Checking trade setups at 2025-11-17 12:23:34
2025-11-17 12:23:34,833 [INFO] Applying EMA strategy to 1 stocks.
2025-11-17 12:23:45,758 [INFO] Checking trade setups at 2025-11-17 12:23:45
2025-11-17 12:23:45,758 [INFO] Applying EMA strategy to 1 stocks.
2025-11-17 12:23:56,414 [INFO] Checking trade setups at 2025-11-17 12:23:56
2025-11-17 12:23:56,414 [INFO] Applying EMA strategy to 1 stocks.
2025-11-17 12:24:07,777 [INFO] Checking trade setups at 2025-11-17 12:24:07
2025-11-17 12:24:07,777 [INFO] Applying EMA strategy to 1 stocks.
2025-11-17 12:24:18,370 [INFO] Checking trade setups at 2025-11-17 12:24:18
2025-11-17 12:24:18,370 [INFO] Applying EMA strategy to 1 stocks.
2025-11-17 12:24:28,986 [INFO] Checking trade setups at 2025-11-17 12:24:28
2025-11-17 12:24:28,986 [INFO] Applying EMA strategy to 1 stocks.
2025-11-17 12:24:39,625 [INFO] Checking trade setups at 2025-11-17 12:24:39
2025-11-17 12:24:39,625 [INFO] Applying EMA strategy to 1 stocks.
2025-11-17 12:24:50,400 [INFO] Checking trade setups at 2025-11-17 12:24:50
2025-11-17 12:24:50,400 [INFO] Applying EMA strategy to 1 stocks.
2025-11-17 12:25:01,339 [INFO] Checking trade setups at 2025-11-17 12:25:01
2025-11-17 12:25:01,339 [INFO] Applying EMA strategy to 1 stocks.
2025-11-17 12:25:12,394 [INFO] Checking trade setups at 2025-11-17 12:25:12
2025-11-17 12:25:12,394 [INFO] Applying EMA strategy to 1 stocks.
2025-11-17 12:25:23,375 [INFO] Checking trade setups at 2025-11-17 12:25:23
2025-11-17 12:25:23,375 [INFO] Applying EMA strategy to 1 stocks.
2025-11-17 12:25:34,833 [INFO] Checking trade setups at 2025-11-17 12:25:34
2025-11-17 12:25:34,833 [INFO] Applying EMA strategy to 1 stocks.
2025-11-17 12:25:45,692 [INFO] Checking trade setups at 2025-11-17 12:25:45
2025-11-17 12:25:45,692 [INFO] Applying EMA strategy to 1 stocks.
2025-11-17 12:25:56,668 [INFO] Checking trade setups at 2025-11-17 12:25:56
2025-11-17 12:25:56,668 [INFO] Applying EMA strategy to 1 stocks.
2025-11-17 12:26:07,308 [INFO] Checking trade setups at 2025-11-17 12:26:07
2025-11-17 12:26:07,309 [INFO] Applying EMA strategy to 1 stocks.
2025-11-17 12:26:18,189 [INFO] Checking trade setups at 2025-11-17 12:26:18
2025-11-17 12:26:18,189 [INFO] Applying EMA strategy to 1 stocks.
2025-11-17 12:26:29,094 [INFO] Checking trade setups at 2025-11-17 12:26:29
2025-11-17 12:26:29,094 [INFO] Applying EMA strategy to 1 stocks.
2025-11-17 12:26:40,501 [INFO] Checking trade setups at 2025-11-17 12:26:40
2025-11-17 12:26:40,501 [INFO] Applying EMA strategy to 1 stocks.
2025-11-17 12:26:51,319 [INFO] Checking trade setups at 2025-11-17 12:26:51
2025-11-17 12:26:51,319 [INFO] Applying EMA strategy to 1 stocks.
2025-11-17 12:27:02,377 [INFO] Checking trade setups at 2025-11-17 12:27:02
2025-11-17 12:27:02,378 [INFO] Applying EMA strategy to 1 stocks.
2025-11-17 12:27:14,069 [INFO] Checking trade setups at 2025-11-17 12:27:14
2025-11-17 12:27:14,069 [INFO] Applying EMA strategy to 1 stocks.
2025-11-17 12:27:25,153 [INFO] Checking trade setups at 2025-11-17 12:27:25
2025-11-17 12:27:25,153 [INFO] Applying EMA strategy to 1 stocks.
2025-11-17 12:27:35,937 [INFO] Checking trade setups at 2025-11-17 12:27:35
2025-11-17 12:27:35,937 [INFO] Applying EMA strategy to 1 stocks.
2025-11-17 12:27:47,765 [INFO] Checking trade setups at 2025-11-17 12:27:47
2025-11-17 12:27:47,765 [INFO] Applying EMA strategy to 1 stocks.
2025-11-17 12:27:59,132 [INFO] Checking trade setups at 2025-11-17 12:27:59
2025-11-17 12:27:59,132 [INFO] Applying EMA strategy to 1 stocks.
2025-11-17 12:28:11,017 [INFO] Checking trade setups at 2025-11-17 12:28:11
2025-11-17 12:28:11,017 [INFO] Applying EMA strategy to 1 stocks.
2025-11-17 12:28:21,710 [INFO] Checking trade setups at 2025-11-17 12:28:21
2025-11-17 12:28:21,711 [INFO] Applying EMA strategy to 1 stocks.
2025-11-17 12:28:32,762 [INFO] Checking trade setups at 2025-11-17 12:28:32
2025-11-17 12:28:32,762 [INFO] Applying EMA strategy to 1 stocks.
2025-11-17 12:28:43,307 [INFO] Checking trade setups at 2025-11-17 12:28:43
2025-11-17 12:28:43,307 [INFO] Applying EMA strategy to 1 stocks.
2025-11-17 12:28:53,914 [INFO] Checking trade setups at 2025-11-17 12:28:53
2025-11-17 12:28:53,914 [INFO] Applying EMA strategy to 1 stocks.
2025-11-17 12:29:04,784 [INFO] Checking trade setups at 2025-11-17 12:29:04
2025-11-17 12:29:04,785 [INFO] Applying EMA strategy to 1 stocks.
2025-11-17 12:29:15,355 [INFO] Checking trade setups at 2025-11-17 12:29:15
2025-11-17 12:29:15,356 [INFO] Applying EMA strategy to 1 stocks.
2025-11-17 12:29:26,047 [INFO] Checking trade setups at 2025-11-17 12:29:26
2025-11-17 12:29:26,048 [INFO] Applying EMA strategy to 1 stocks.
2025-11-17 12:29:38,056 [INFO] Checking trade setups at 2025-11-17 12:29:38
2025-11-17 12:29:38,057 [INFO] Applying EMA strategy to 1 stocks.
2025-11-17 12:29:49,026 [INFO] Checking trade setups at 2025-11-17 12:29:49
2025-11-17 12:29:49,027 [INFO] Applying EMA strategy to 1 stocks.
2025-11-17 12:29:59,602 [INFO] Checking trade setups at 2025-11-17 12:29:59
2025-11-17 12:29:59,602 [INFO] Applying EMA strategy to 1 stocks.
2025-11-17 12:30:10,476 [INFO] Checking trade setups at 2025-11-17 12:30:10
2025-11-17 12:30:10,476 [INFO] Applying EMA strategy to 1 stocks.
2025-11-17 12:30:21,863 [INFO] Checking trade setups at 2025-11-17 12:30:21
2025-11-17 12:30:21,863 [INFO] Applying EMA strategy to 1 stocks.
2025-11-17 12:30:32,726 [INFO] Checking trade setups at 2025-11-17 12:30:32
2025-11-17 12:30:32,726 [INFO] Applying EMA strategy to 1 stocks.
2025-11-17 12:30:43,384 [INFO] Checking trade setups at 2025-11-17 12:30:43
2025-11-17 12:30:43,384 [INFO] Applying EMA strategy to 1 stocks.
2025-11-17 12:30:54,113 [INFO] Checking trade setups at 2025-11-17 12:30:54
2025-11-17 12:30:54,113 [INFO] Applying EMA strategy to 1 stocks.
2025-11-17 12:31:05,040 [INFO] Checking trade setups at 2025-11-17 12:31:05
2025-11-17 12:31:05,040 [INFO] Applying EMA strategy to 1 stocks.
2025-11-17 12:31:15,737 [INFO] Checking trade setups at 2025-11-17 12:31:15
2025-11-17 12:31:15,737 [INFO] Applying EMA strategy to 1 stocks.
2025-11-17 12:31:27,208 [INFO] Checking trade setups at 2025-11-17 12:31:27
2025-11-17 12:31:27,208 [INFO] Applying EMA strategy to 1 stocks.
2025-11-17 12:31:38,259 [INFO] Checking trade setups at 2025-11-17 12:31:38
2025-11-17 12:31:38,259 [INFO] Applying EMA strategy to 1 stocks.
2025-11-17 12:31:49,016 [INFO] Checking trade setups at 2025-11-17 12:31:49
2025-11-17 12:31:49,016 [INFO] Applying EMA strategy to 1 stocks.
2025-11-17 12:31:59,863 [INFO] Checking trade setups at 2025-11-17 12:31:59
2025-11-17 12:31:59,863 [INFO] Applying EMA strategy to 1 stocks.
2025-11-17 12:32:12,192 [INFO] Checking trade setups at 2025-11-17 12:32:12
2025-11-17 12:32:12,192 [INFO] Applying EMA strategy to 1 stocks.
2025-11-17 12:32:23,106 [INFO] Checking trade setups at 2025-11-17 12:32:23
2025-11-17 12:32:23,106 [INFO] Applying EMA strategy to 1 stocks.
2025-11-17 12:32:34,070 [INFO] Checking trade setups at 2025-11-17 12:32:34
2025-11-17 12:32:34,070 [INFO] Applying EMA strategy to 1 stocks.
2025-11-17 12:32:44,701 [INFO] Checking trade setups at 2025-11-17 12:32:44
2025-11-17 12:32:44,701 [INFO] Applying EMA strategy to 1 stocks.
2025-11-17 12:32:55,249 [INFO] Checking trade setups at 2025-11-17 12:32:55
2025-11-17 12:32:55,249 [INFO] Applying EMA strategy to 1 stocks.
2025-11-17 12:33:05,964 [INFO] Checking trade setups at 2025-11-17 12:33:05
2025-11-17 12:33:05,965 [INFO] Applying EMA strategy to 1 stocks.
2025-11-17 12:33:16,538 [INFO] Checking trade setups at 2025-11-17 12:33:16
2025-11-17 12:33:16,538 [INFO] Applying EMA strategy to 1 stocks.
2025-11-17 12:33:27,323 [INFO] Checking trade setups at 2025-11-17 12:33:27
2025-11-17 12:33:27,324 [INFO] Applying EMA strategy to 1 stocks.
2025-11-17 12:33:37,916 [INFO] Checking trade setups at 2025-11-17 12:33:37
2025-11-17 12:33:37,916 [INFO] Applying EMA strategy to 1 stocks.
2025-11-17 12:33:48,563 [INFO] Checking trade setups at 2025-11-17 12:33:48
2025-11-17 12:33:48,563 [INFO] Applying EMA strategy to 1 stocks.
2025-11-17 12:33:59,200 [INFO] Checking trade setups at 2025-11-17 12:33:59
2025-11-17 12:33:59,200 [INFO] Applying EMA strategy to 1 stocks.
2025-11-17 12:34:10,807 [INFO] Checking trade setups at 2025-11-17 12:34:10
2025-11-17 12:34:10,807 [INFO] Applying EMA strategy to 1 stocks.
2025-11-17 12:34:21,978 [INFO] Checking trade setups at 2025-11-17 12:34:21
2025-11-17 12:34:21,978 [INFO] Applying EMA strategy to 1 stocks.
2025-11-17 12:34:33,487 [INFO] Checking trade setups at 2025-11-17 12:34:33
2025-11-17 12:34:33,487 [INFO] Applying EMA strategy to 1 stocks.
2025-11-17 12:34:48,197 [INFO] Checking trade setups at 2025-11-17 12:34:48
2025-11-17 12:34:48,198 [INFO] Applying EMA strategy to 1 stocks.
2025-11-17 12:34:59,179 [INFO] Checking trade setups at 2025-11-17 12:34:59
2025-11-17 12:34:59,179 [INFO] Applying EMA strategy to 1 stocks.
2025-11-17 12:35:10,168 [INFO] Checking trade setups at 2025-11-17 12:35:10
2025-11-17 12:35:10,168 [INFO] Applying EMA strategy to 1 stocks.
2025-11-17 12:35:22,229 [INFO] Checking trade setups at 2025-11-17 12:35:22
2025-11-17 12:35:22,230 [INFO] Applying EMA strategy to 1 stocks.
2025-11-17 12:35:33,044 [INFO] Checking trade setups at 2025-11-17 12:35:33
2025-11-17 12:35:33,044 [INFO] Applying EMA strategy to 1 stocks.
2025-11-17 12:35:44,836 [INFO] Checking trade setups at 2025-11-17 12:35:44
2025-11-17 12:35:44,836 [INFO] Applying EMA strategy to 1 stocks.
2025-11-17 12:35:55,709 [INFO] Checking trade setups at 2025-11-17 12:35:55
2025-11-17 12:35:55,709 [INFO] Applying EMA strategy to 1 stocks.
2025-11-17 12:36:06,882 [INFO] Checking trade setups at 2025-11-17 12:36:06
2025-11-17 12:36:06,882 [INFO] Applying EMA strategy to 1 stocks.
2025-11-17 12:36:17,611 [INFO] Checking trade setups at 2025-11-17 12:36:17
2025-11-17 12:36:17,611 [INFO] Applying EMA strategy to 1 stocks.
2025-11-17 12:36:28,264 [INFO] Checking trade setups at 2025-11-17 12:36:28
2025-11-17 12:36:28,264 [INFO] Applying EMA strategy to 1 stocks.
2025-11-17 12:36:38,893 [INFO] Checking trade setups at 2025-11-17 12:36:38
2025-11-17 12:36:38,893 [INFO] Applying EMA strategy to 1 stocks.
2025-11-17 12:36:49,634 [INFO] Checking trade setups at 2025-11-17 12:36:49
2025-11-17 12:36:49,634 [INFO] Applying EMA strategy to 1 stocks.
2025-11-17 12:37:00,207 [INFO] Checking trade setups at 2025-11-17 12:37:00
2025-11-17 12:37:00,207 [INFO] Applying EMA strategy to 1 stocks.
2025-11-17 12:37:10,873 [INFO] Checking trade setups at 2025-11-17 12:37:10
2025-11-17 12:37:10,873 [INFO] Applying EMA strategy to 1 stocks.
2025-11-17 12:37:21,743 [INFO] Checking trade setups at 2025-11-17 12:37:21
2025-11-17 12:37:21,743 [INFO] Applying EMA strategy to 1 stocks.
2025-11-17 12:37:32,803 [INFO] Checking trade setups at 2025-11-17 12:37:32
2025-11-17 12:37:32,803 [INFO] Applying EMA strategy to 1 stocks.
2025-11-17 12:37:43,580 [INFO] Checking trade setups at 2025-11-17 12:37:43
2025-11-17 12:37:43,580 [INFO] Applying EMA strategy to 1 stocks.
2025-11-17 12:37:54,280 [INFO] Checking trade setups at 2025-11-17 12:37:54
2025-11-17 12:37:54,280 [INFO] Applying EMA strategy to 1 stocks.
2025-11-17 12:38:05,233 [INFO] Checking trade setups at 2025-11-17 12:38:05
2025-11-17 12:38:05,233 [INFO] Applying EMA strategy to 1 stocks.
2025-11-17 12:38:15,984 [INFO] Checking trade setups at 2025-11-17 12:38:15
2025-11-17 12:38:15,984 [INFO] Applying EMA strategy to 1 stocks.
2025-11-17 12:38:26,541 [INFO] Checking trade setups at 2025-11-17 12:38:26
2025-11-17 12:38:26,541 [INFO] Applying EMA strategy to 1 stocks.
2025-11-17 12:38:37,532 [INFO] Checking trade setups at 2025-11-17 12:38:37
2025-11-17 12:38:37,532 [INFO] Applying EMA strategy to 1 stocks.
2025-11-17 12:38:48,175 [INFO] Checking trade setups at 2025-11-17 12:38:48
2025-11-17 12:38:48,175 [INFO] Applying EMA strategy to 1 stocks.
2025-11-17 12:38:59,229 [INFO] Checking trade setups at 2025-11-17 12:38:59
2025-11-17 12:38:59,229 [INFO] Applying EMA strategy to 1 stocks.
2025-11-17 12:39:09,848 [INFO] Checking trade setups at 2025-11-17 12:39:09
2025-11-17 12:39:09,848 [INFO] Applying EMA strategy to 1 stocks.
2025-11-17 12:39:20,622 [INFO] Checking trade setups at 2025-11-17 12:39:20
2025-11-17 12:39:20,622 [INFO] Applying EMA strategy to 1 stocks.
2025-11-17 12:39:31,667 [INFO] Checking trade setups at 2025-11-17 12:39:31
2025-11-17 12:39:31,667 [INFO] Applying EMA strategy to 1 stocks.
2025-11-17 12:39:42,532 [INFO] Checking trade setups at 2025-11-17 12:39:42
2025-11-17 12:39:42,532 [INFO] Applying EMA strategy to 1 stocks.
2025-11-17 12:39:53,382 [INFO] Checking trade setups at 2025-11-17 12:39:53
2025-11-17 12:39:53,382 [INFO] Applying EMA strategy to 1 stocks.
2025-11-17 12:40:04,238 [INFO] Checking trade setups at 2025-11-17 12:40:04
2025-11-17 12:40:04,239 [INFO] Applying EMA strategy to 1 stocks.
2025-11-17 12:40:15,285 [INFO] Checking trade setups at 2025-11-17 12:40:15
2025-11-17 12:40:15,285 [INFO] Applying EMA strategy to 1 stocks.
2025-11-17 12:40:25,855 [INFO] Checking trade setups at 2025-11-17 12:40:25
2025-11-17 12:40:25,855 [INFO] Applying EMA strategy to 1 stocks.
2025-11-17 12:40:36,432 [INFO] Checking trade setups at 2025-11-17 12:40:36
2025-11-17 12:40:36,432 [INFO] Applying EMA strategy to 1 stocks.
2025-11-17 12:40:47,241 [INFO] Checking trade setups at 2025-11-17 12:40:47
2025-11-17 12:40:47,241 [INFO] Applying EMA strategy to 1 stocks.
2025-11-17 12:40:57,886 [INFO] Checking trade setups at 2025-11-17 12:40:57
2025-11-17 12:40:57,886 [INFO] Applying EMA strategy to 1 stocks.
2025-11-17 12:41:09,151 [INFO] Checking trade setups at 2025-11-17 12:41:09
2025-11-17 12:41:09,151 [INFO] Applying EMA strategy to 1 stocks.
2025-11-17 12:41:20,316 [INFO] Checking trade setups at 2025-11-17 12:41:20
2025-11-17 12:41:20,316 [INFO] Applying EMA strategy to 1 stocks.
2025-11-17 12:41:32,095 [INFO] Checking trade setups at 2025-11-17 12:41:32
2025-11-17 12:41:32,095 [INFO] Applying EMA strategy to 1 stocks.
2025-11-17 12:41:42,985 [INFO] Checking trade setups at 2025-11-17 12:41:42
2025-11-17 12:41:42,985 [INFO] Applying EMA strategy to 1 stocks.
2025-11-17 12:41:53,710 [INFO] Checking trade setups at 2025-11-17 12:41:53
2025-11-17 12:41:53,710 [INFO] Applying EMA strategy to 1 stocks.
2025-11-17 12:42:05,245 [INFO] Checking trade setups at 2025-11-17 12:42:05
2025-11-17 12:42:05,245 [INFO] Applying EMA strategy to 1 stocks.
2025-11-17 12:42:15,918 [INFO] Checking trade setups at 2025-11-17 12:42:15
2025-11-17 12:42:15,918 [INFO] Applying EMA strategy to 1 stocks.
2025-11-17 12:42:26,570 [INFO] Checking trade setups at 2025-11-17 12:42:26
2025-11-17 12:42:26,570 [INFO] Applying EMA strategy to 1 stocks.
2025-11-17 12:42:37,425 [INFO] Checking trade setups at 2025-11-17 12:42:37
2025-11-17 12:42:37,425 [INFO] Applying EMA strategy to 1 stocks.
2025-11-17 12:42:48,037 [INFO] Checking trade setups at 2025-11-17 12:42:48
2025-11-17 12:42:48,037 [INFO] Applying EMA strategy to 1 stocks.
2025-11-17 12:42:59,094 [INFO] Checking trade setups at 2025-11-17 12:42:59
2025-11-17 12:42:59,094 [INFO] Applying EMA strategy to 1 stocks.
2025-11-17 12:43:10,132 [INFO] Checking trade setups at 2025-11-17 12:43:10
2025-11-17 12:43:10,132 [INFO] Applying EMA strategy to 1 stocks.
2025-11-17 12:43:20,847 [INFO] Checking trade setups at 2025-11-17 12:43:20
2025-11-17 12:43:20,847 [INFO] Applying EMA strategy to 1 stocks.
2025-11-17 12:43:31,488 [INFO] Checking trade setups at 2025-11-17 12:43:31
2025-11-17 12:43:31,488 [INFO] Applying EMA strategy to 1 stocks.
2025-11-17 12:43:42,221 [INFO] Checking trade setups at 2025-11-17 12:43:42
2025-11-17 12:43:42,221 [INFO] Applying EMA strategy to 1 stocks.
2025-11-17 12:43:53,206 [INFO] Checking trade setups at 2025-11-17 12:43:53
2025-11-17 12:43:53,206 [INFO] Applying EMA strategy to 1 stocks.
2025-11-17 12:44:04,073 [INFO] Checking trade setups at 2025-11-17 12:44:04
2025-11-17 12:44:04,073 [INFO] Applying EMA strategy to 1 stocks.
2025-11-17 12:44:15,438 [INFO] Checking trade setups at 2025-11-17 12:44:15
2025-11-17 12:44:15,438 [INFO] Applying EMA strategy to 1 stocks.
2025-11-17 12:44:26,078 [INFO] Checking trade setups at 2025-11-17 12:44:26
2025-11-17 12:44:26,078 [INFO] Applying EMA strategy to 1 stocks.
2025-11-17 12:44:36,959 [INFO] Checking trade setups at 2025-11-17 12:44:36
2025-11-17 12:44:36,959 [INFO] Applying EMA strategy to 1 stocks.
2025-11-17 12:44:47,515 [INFO] Checking trade setups at 2025-11-17 12:44:47
2025-11-17 12:44:47,515 [INFO] Applying EMA strategy to 1 stocks.
2025-11-17 12:44:59,237 [INFO] Checking trade setups at 2025-11-17 12:44:59
2025-11-17 12:44:59,237 [INFO] Applying EMA strategy to 1 stocks.
2025-11-17 12:45:10,836 [INFO] Checking trade setups at 2025-11-17 12:45:10
2025-11-17 12:45:10,837 [INFO] Applying EMA strategy to 1 stocks.
2025-11-17 12:45:21,585 [INFO] Checking trade setups at 2025-11-17 12:45:21
2025-11-17 12:45:21,585 [INFO] Applying EMA strategy to 1 stocks.
2025-11-17 12:45:32,480 [INFO] Checking trade setups at 2025-11-17 12:45:32
2025-11-17 12:45:32,480 [INFO] Applying EMA strategy to 1 stocks.
2025-11-17 12:45:43,591 [INFO] Checking trade setups at 2025-11-17 12:45:43
2025-11-17 12:45:43,591 [INFO] Applying EMA strategy to 1 stocks.
2025-11-17 12:45:54,534 [INFO] Checking trade setups at 2025-11-17 12:45:54
2025-11-17 12:45:54,534 [INFO] Applying EMA strategy to 1 stocks.
2025-11-17 12:46:05,658 [INFO] Checking trade setups at 2025-11-17 12:46:05
2025-11-17 12:46:05,658 [INFO] Applying EMA strategy to 1 stocks.
2025-11-17 12:46:16,208 [INFO] Checking trade setups at 2025-11-17 12:46:16
2025-11-17 12:46:16,208 [INFO] Applying EMA strategy to 1 stocks.
2025-11-17 12:46:26,969 [INFO] Checking trade setups at 2025-11-17 12:46:26
2025-11-17 12:46:26,969 [INFO] Applying EMA strategy to 1 stocks.
2025-11-17 12:46:38,175 [INFO] Checking trade setups at 2025-11-17 12:46:38
2025-11-17 12:46:38,175 [INFO] Applying EMA strategy to 1 stocks.
2025-11-17 12:46:49,158 [INFO] Checking trade setups at 2025-11-17 12:46:49
2025-11-17 12:46:49,158 [INFO] Applying EMA strategy to 1 stocks.
2025-11-17 12:46:59,976 [INFO] Checking trade setups at 2025-11-17 12:46:59
2025-11-17 12:46:59,977 [INFO] Applying EMA strategy to 1 stocks.
2025-11-17 12:47:11,093 [INFO] Checking trade setups at 2025-11-17 12:47:11
2025-11-17 12:47:11,094 [INFO] Applying EMA strategy to 1 stocks.
2025-11-17 12:47:22,107 [INFO] Checking trade setups at 2025-11-17 12:47:22
2025-11-17 12:47:22,107 [INFO] Applying EMA strategy to 1 stocks.
2025-11-17 12:47:32,971 [INFO] Checking trade setups at 2025-11-17 12:47:32
2025-11-17 12:47:32,971 [INFO] Applying EMA strategy to 1 stocks.
2025-11-17 12:47:43,751 [INFO] Checking trade setups at 2025-11-17 12:47:43
2025-11-17 12:47:43,751 [INFO] Applying EMA strategy to 1 stocks.
2025-11-17 12:47:54,473 [INFO] Checking trade setups at 2025-11-17 12:47:54
2025-11-17 12:47:54,473 [INFO] Applying EMA strategy to 1 stocks.
2025-11-17 12:48:05,521 [INFO] Checking trade setups at 2025-11-17 12:48:05
2025-11-17 12:48:05,521 [INFO] Applying EMA strategy to 1 stocks.
2025-11-17 12:48:16,614 [INFO] Checking trade setups at 2025-11-17 12:48:16
2025-11-17 12:48:16,614 [INFO] Applying EMA strategy to 1 stocks.
2025-11-17 12:48:27,378 [INFO] Checking trade setups at 2025-11-17 12:48:27
2025-11-17 12:48:27,379 [INFO] Applying EMA strategy to 1 stocks.
2025-11-17 12:48:38,310 [INFO] Checking trade setups at 2025-11-17 12:48:38
2025-11-17 12:48:38,311 [INFO] Applying EMA strategy to 1 stocks.
2025-11-17 12:48:49,049 [INFO] Checking trade setups at 2025-11-17 12:48:49
2025-11-17 12:48:49,049 [INFO] Applying EMA strategy to 1 stocks.
2025-11-17 12:49:00,078 [INFO] Checking trade setups at 2025-11-17 12:49:00
2025-11-17 12:49:00,079 [INFO] Applying EMA strategy to 1 stocks.
2025-11-17 12:49:10,888 [INFO] Checking trade setups at 2025-11-17 12:49:10
2025-11-17 12:49:10,888 [INFO] Applying EMA strategy to 1 stocks.
2025-11-17 12:49:21,772 [INFO] Checking trade setups at 2025-11-17 12:49:21
2025-11-17 12:49:21,772 [INFO] Applying EMA strategy to 1 stocks.
2025-11-17 12:49:32,680 [INFO] Checking trade setups at 2025-11-17 12:49:32
2025-11-17 12:49:32,680 [INFO] Applying EMA strategy to 1 stocks.
2025-11-17 12:49:43,747 [INFO] Checking trade setups at 2025-11-17 12:49:43
2025-11-17 12:49:43,747 [INFO] Applying EMA strategy to 1 stocks.
2025-11-17 12:49:54,601 [INFO] Checking trade setups at 2025-11-17 12:49:54
2025-11-17 12:49:54,601 [INFO] Applying EMA strategy to 1 stocks.
2025-11-17 12:50:05,648 [INFO] Checking trade setups at 2025-11-17 12:50:05
2025-11-17 12:50:05,648 [INFO] Applying EMA strategy to 1 stocks.
2025-11-17 12:50:16,610 [INFO] Checking trade setups at 2025-11-17 12:50:16
2025-11-17 12:50:16,610 [INFO] Applying EMA strategy to 1 stocks.
2025-11-17 12:50:27,357 [INFO] Checking trade setups at 2025-11-17 12:50:27
2025-11-17 12:50:27,357 [INFO] Applying EMA strategy to 1 stocks.
2025-11-17 12:50:38,024 [INFO] Checking trade setups at 2025-11-17 12:50:38
2025-11-17 12:50:38,024 [INFO] Applying EMA strategy to 1 stocks.
2025-11-17 12:50:49,381 [INFO] Checking trade setups at 2025-11-17 12:50:49
2025-11-17 12:50:49,381 [INFO] Applying EMA strategy to 1 stocks.
2025-11-17 12:51:00,352 [INFO] Checking trade setups at 2025-11-17 12:51:00
2025-11-17 12:51:00,352 [INFO] Applying EMA strategy to 1 stocks.
2025-11-17 12:51:11,487 [INFO] Checking trade setups at 2025-11-17 12:51:11
2025-11-17 12:51:11,487 [INFO] Applying EMA strategy to 1 stocks.
2025-11-17 12:51:22,445 [INFO] Checking trade setups at 2025-11-17 12:51:22
2025-11-17 12:51:22,445 [INFO] Applying EMA strategy to 1 stocks.
2025-11-17 12:51:33,084 [INFO] Checking trade setups at 2025-11-17 12:51:33
2025-11-17 12:51:33,084 [INFO] Applying EMA strategy to 1 stocks.
2025-11-17 12:51:43,976 [INFO] Checking trade setups at 2025-11-17 12:51:43
2025-11-17 12:51:43,976 [INFO] Applying EMA strategy to 1 stocks.
2025-11-17 12:51:54,713 [INFO] Checking trade setups at 2025-11-17 12:51:54
2025-11-17 12:51:54,713 [INFO] Applying EMA strategy to 1 stocks.
2025-11-17 12:52:05,573 [INFO] Checking trade setups at 2025-11-17 12:52:05
2025-11-17 12:52:05,573 [INFO] Applying EMA strategy to 1 stocks.
2025-11-17 12:52:16,393 [INFO] Checking trade setups at 2025-11-17 12:52:16
2025-11-17 12:52:16,393 [INFO] Applying EMA strategy to 1 stocks.
2025-11-17 12:52:27,160 [INFO] Checking trade setups at 2025-11-17 12:52:27
2025-11-17 12:52:27,160 [INFO] Applying EMA strategy to 1 stocks.
2025-11-17 12:52:38,536 [INFO] Checking trade setups at 2025-11-17 12:52:38
2025-11-17 12:52:38,536 [INFO] Applying EMA strategy to 1 stocks.
2025-11-17 12:52:49,395 [INFO] Checking trade setups at 2025-11-17 12:52:49
2025-11-17 12:52:49,395 [INFO] Applying EMA strategy to 1 stocks.
2025-11-17 12:53:00,256 [INFO] Checking trade setups at 2025-11-17 12:53:00
2025-11-17 12:53:00,256 [INFO] Applying EMA strategy to 1 stocks.
2025-11-17 12:53:11,243 [INFO] Checking trade setups at 2025-11-17 12:53:11
2025-11-17 12:53:11,243 [INFO] Applying EMA strategy to 1 stocks.
2025-11-17 12:53:21,952 [INFO] Checking trade setups at 2025-11-17 12:53:21
2025-11-17 12:53:21,952 [INFO] Applying EMA strategy to 1 stocks.
2025-11-17 12:53:33,009 [INFO] Checking trade setups at 2025-11-17 12:53:33
2025-11-17 12:53:33,009 [INFO] Applying EMA strategy to 1 stocks.
2025-11-17 12:53:43,924 [INFO] Checking trade setups at 2025-11-17 12:53:43
2025-11-17 12:53:43,924 [INFO] Applying EMA strategy to 1 stocks.
2025-11-17 12:53:54,824 [INFO] Checking trade setups at 2025-11-17 12:53:54
2025-11-17 12:53:54,824 [INFO] Applying EMA strategy to 1 stocks.
2025-11-17 12:54:05,480 [INFO] Checking trade setups at 2025-11-17 12:54:05
2025-11-17 12:54:05,480 [INFO] Applying EMA strategy to 1 stocks.
2025-11-17 12:54:16,346 [INFO] Checking trade setups at 2025-11-17 12:54:16
2025-11-17 12:54:16,346 [INFO] Applying EMA strategy to 1 stocks.
2025-11-17 12:54:27,109 [INFO] Checking trade setups at 2025-11-17 12:54:27
2025-11-17 12:54:27,109 [INFO] Applying EMA strategy to 1 stocks.
2025-11-17 12:54:38,191 [INFO] Checking trade setups at 2025-11-17 12:54:38
2025-11-17 12:54:38,191 [INFO] Applying EMA strategy to 1 stocks.
2025-11-17 12:54:49,100 [INFO] Checking trade setups at 2025-11-17 12:54:49
2025-11-17 12:54:49,100 [INFO] Applying EMA strategy to 1 stocks.
2025-11-17 12:54:59,863 [INFO] Checking trade setups at 2025-11-17 12:54:59
2025-11-17 12:54:59,863 [INFO] Applying EMA strategy to 1 stocks.
2025-11-17 12:55:10,734 [INFO] Checking trade setups at 2025-11-17 12:55:10
2025-11-17 12:55:10,734 [INFO] Applying EMA strategy to 1 stocks.
2025-11-17 12:55:21,575 [INFO] Checking trade setups at 2025-11-17 12:55:21
2025-11-17 12:55:21,575 [INFO] Applying EMA strategy to 1 stocks.
2025-11-17 12:55:32,311 [INFO] Checking trade setups at 2025-11-17 12:55:32
2025-11-17 12:55:32,311 [INFO] Applying EMA strategy to 1 stocks.
2025-11-17 12:55:43,481 [INFO] Checking trade setups at 2025-11-17 12:55:43
2025-11-17 12:55:43,481 [INFO] Applying EMA strategy to 1 stocks.
2025-11-17 12:55:44,293 [INFO] Executing trade for NSE:MARICO-EQ: {'timestamp': '2025-11-17 12:55', 'action': 'SELL', 'entry_price': 761.1, 'stop_loss': 762.75, 'target': 756.1500000000001}
2025-11-17 12:55:44,295 [INFO] after SL after filtering the final SL:1.65, final_target:756.15, qty:60
2025-11-17 12:55:44,316 [INFO] NSE:MARICO-EQ already traded today. Skipping.
2025-11-17 12:55:54,328 [INFO] Checking trade setups at 2025-11-17 12:55:54
2025-11-17 12:55:54,328 [INFO] Applying EMA strategy to 1 stocks.
2025-11-17 12:56:05,184 [INFO] Checking trade setups at 2025-11-17 12:56:05
2025-11-17 12:56:05,184 [INFO] Applying EMA strategy to 1 stocks.
2025-11-17 12:56:16,235 [INFO] Checking trade setups at 2025-11-17 12:56:16
2025-11-17 12:56:16,235 [INFO] Applying EMA strategy to 1 stocks.
2025-11-17 12:56:27,047 [INFO] Checking trade setups at 2025-11-17 12:56:27
2025-11-17 12:56:27,047 [INFO] Applying EMA strategy to 1 stocks.
2025-11-17 12:56:37,863 [INFO] Checking trade setups at 2025-11-17 12:56:37
2025-11-17 12:56:37,863 [INFO] Applying EMA strategy to 1 stocks.
2025-11-17 12:56:48,704 [INFO] Checking trade setups at 2025-11-17 12:56:48
2025-11-17 12:56:48,704 [INFO] Applying EMA strategy to 1 stocks.
2025-11-17 12:56:59,452 [INFO] Checking trade setups at 2025-11-17 12:56:59
2025-11-17 12:56:59,452 [INFO] Applying EMA strategy to 1 stocks.
2025-11-17 12:57:10,120 [INFO] Checking trade setups at 2025-11-17 12:57:10
2025-11-17 12:57:10,120 [INFO] Applying EMA strategy to 1 stocks.
2025-11-17 12:57:20,995 [INFO] Checking trade setups at 2025-11-17 12:57:20
2025-11-17 12:57:20,995 [INFO] Applying EMA strategy to 1 stocks.
2025-11-17 12:57:31,813 [INFO] Checking trade setups at 2025-11-17 12:57:31
2025-11-17 12:57:31,813 [INFO] Applying EMA strategy to 1 stocks.
2025-11-17 12:57:42,490 [INFO] Checking trade setups at 2025-11-17 12:57:42
2025-11-17 12:57:42,490 [INFO] Applying EMA strategy to 1 stocks.
2025-11-17 12:57:53,622 [INFO] Checking trade setups at 2025-11-17 12:57:53
2025-11-17 12:57:53,622 [INFO] Applying EMA strategy to 1 stocks.
2025-11-17 12:58:04,595 [INFO] Checking trade setups at 2025-11-17 12:58:04
2025-11-17 12:58:04,595 [INFO] Applying EMA strategy to 1 stocks.
2025-11-17 12:58:15,608 [INFO] Checking trade setups at 2025-11-17 12:58:15
2025-11-17 12:58:15,608 [INFO] Applying EMA strategy to 1 stocks.
2025-11-17 12:58:26,512 [INFO] Checking trade setups at 2025-11-17 12:58:26
2025-11-17 12:58:26,512 [INFO] Applying EMA strategy to 1 stocks.
2025-11-17 12:58:37,577 [INFO] Checking trade setups at 2025-11-17 12:58:37
2025-11-17 12:58:37,577 [INFO] Applying EMA strategy to 1 stocks.
2025-11-17 12:58:48,426 [INFO] Checking trade setups at 2025-11-17 12:58:48
2025-11-17 12:58:48,426 [INFO] Applying EMA strategy to 1 stocks.
2025-11-17 12:58:58,995 [INFO] Checking trade setups at 2025-11-17 12:58:58
2025-11-17 12:58:58,995 [INFO] Applying EMA strategy to 1 stocks.
2025-11-17 12:59:10,022 [INFO] Checking trade setups at 2025-11-17 12:59:10
2025-11-17 12:59:10,022 [INFO] Applying EMA strategy to 1 stocks.
2025-11-17 12:59:20,833 [INFO] Checking trade setups at 2025-11-17 12:59:20
2025-11-17 12:59:20,833 [INFO] Applying EMA strategy to 1 stocks.
2025-11-17 12:59:31,729 [INFO] Checking trade setups at 2025-11-17 12:59:31
2025-11-17 12:59:31,729 [INFO] Applying EMA strategy to 1 stocks.
2025-11-17 12:59:42,925 [INFO] Checking trade setups at 2025-11-17 12:59:42
2025-11-17 12:59:42,925 [INFO] Applying EMA strategy to 1 stocks.
2025-11-17 12:59:54,918 [INFO] Checking trade setups at 2025-11-17 12:59:54
2025-11-17 12:59:54,918 [INFO] Applying EMA strategy to 1 stocks.
2025-11-17 13:00:06,753 [INFO] Checking trade setups at 2025-11-17 13:00:06
2025-11-17 13:00:06,753 [INFO] Applying EMA strategy to 1 stocks.
2025-11-17 13:00:17,541 [INFO] Checking trade setups at 2025-11-17 13:00:17
2025-11-17 13:00:17,541 [INFO] Applying EMA strategy to 1 stocks.
2025-11-17 13:00:28,778 [INFO] Checking trade setups at 2025-11-17 13:00:28
2025-11-17 13:00:28,778 [INFO] Applying EMA strategy to 1 stocks.
2025-11-17 13:00:40,360 [INFO] Checking trade setups at 2025-11-17 13:00:40
2025-11-17 13:00:40,360 [INFO] Applying EMA strategy to 1 stocks.
2025-11-17 13:00:51,103 [INFO] Checking trade setups at 2025-11-17 13:00:51
2025-11-17 13:00:51,103 [INFO] Applying EMA strategy to 1 stocks.
2025-11-17 13:01:02,053 [INFO] Checking trade setups at 2025-11-17 13:01:02
2025-11-17 13:01:02,053 [INFO] Applying EMA strategy to 1 stocks.
2025-11-17 13:01:12,921 [INFO] Checking trade setups at 2025-11-17 13:01:12
2025-11-17 13:01:12,921 [INFO] Applying EMA strategy to 1 stocks.
2025-11-17 13:01:23,977 [INFO] Checking trade setups at 2025-11-17 13:01:23
2025-11-17 13:01:23,977 [INFO] Applying EMA strategy to 1 stocks.
2025-11-17 13:01:34,929 [INFO] Checking trade setups at 2025-11-17 13:01:34
2025-11-17 13:01:34,929 [INFO] Applying EMA strategy to 1 stocks.
2025-11-17 13:01:45,881 [INFO] Checking trade setups at 2025-11-17 13:01:45
2025-11-17 13:01:45,881 [INFO] Applying EMA strategy to 1 stocks.
2025-11-17 13:01:57,665 [INFO] Checking trade setups at 2025-11-17 13:01:57
2025-11-17 13:01:57,665 [INFO] Applying EMA strategy to 1 stocks.
2025-11-17 13:02:08,519 [INFO] Checking trade setups at 2025-11-17 13:02:08
2025-11-17 13:02:08,519 [INFO] Applying EMA strategy to 1 stocks.
2025-11-17 13:02:20,540 [INFO] Checking trade setups at 2025-11-17 13:02:20
2025-11-17 13:02:20,540 [INFO] Applying EMA strategy to 1 stocks.
2025-11-17 13:02:32,391 [INFO] Checking trade setups at 2025-11-17 13:02:32
2025-11-17 13:02:32,391 [INFO] Applying EMA strategy to 1 stocks.
2025-11-17 13:02:43,755 [INFO] Checking trade setups at 2025-11-17 13:02:43
2025-11-17 13:02:43,755 [INFO] Applying EMA strategy to 1 stocks.
2025-11-17 13:02:54,533 [INFO] Checking trade setups at 2025-11-17 13:02:54
2025-11-17 13:02:54,533 [INFO] Applying EMA strategy to 1 stocks.
2025-11-17 13:03:05,553 [INFO] Checking trade setups at 2025-11-17 13:03:05
2025-11-17 13:03:05,553 [INFO] Applying EMA strategy to 1 stocks.
2025-11-17 13:03:16,553 [INFO] Checking trade setups at 2025-11-17 13:03:16
2025-11-17 13:03:16,553 [INFO] Applying EMA strategy to 1 stocks.
2025-11-17 13:03:27,367 [INFO] Checking trade setups at 2025-11-17 13:03:27
2025-11-17 13:03:27,367 [INFO] Applying EMA strategy to 1 stocks.
2025-11-17 13:03:38,231 [INFO] Checking trade setups at 2025-11-17 13:03:38
2025-11-17 13:03:38,231 [INFO] Applying EMA strategy to 1 stocks.
2025-11-17 13:03:49,070 [INFO] Checking trade setups at 2025-11-17 13:03:49
2025-11-17 13:03:49,070 [INFO] Applying EMA strategy to 1 stocks.
2025-11-17 13:04:00,030 [INFO] Checking trade setups at 2025-11-17 13:04:00
2025-11-17 13:04:00,030 [INFO] Applying EMA strategy to 1 stocks.
2025-11-17 13:04:10,990 [INFO] Checking trade setups at 2025-11-17 13:04:10
2025-11-17 13:04:10,990 [INFO] Applying EMA strategy to 1 stocks.
2025-11-17 13:04:22,120 [INFO] Checking trade setups at 2025-11-17 13:04:22
2025-11-17 13:04:22,120 [INFO] Applying EMA strategy to 1 stocks.
2025-11-17 13:04:33,023 [INFO] Checking trade setups at 2025-11-17 13:04:33
2025-11-17 13:04:33,023 [INFO] Applying EMA strategy to 1 stocks.
2025-11-17 13:04:43,799 [INFO] Checking trade setups at 2025-11-17 13:04:43
2025-11-17 13:04:43,799 [INFO] Applying EMA strategy to 1 stocks.
2025-11-17 13:04:54,542 [INFO] Checking trade setups at 2025-11-17 13:04:54
2025-11-17 13:04:54,542 [INFO] Applying EMA strategy to 1 stocks.
2025-11-17 13:05:05,355 [INFO] Checking trade setups at 2025-11-17 13:05:05
2025-11-17 13:05:05,355 [INFO] Applying EMA strategy to 1 stocks.
2025-11-17 13:05:16,467 [INFO] Checking trade setups at 2025-11-17 13:05:16
2025-11-17 13:05:16,467 [INFO] Applying EMA strategy to 1 stocks.
2025-11-17 13:05:27,384 [INFO] Checking trade setups at 2025-11-17 13:05:27
2025-11-17 13:05:27,384 [INFO] Applying EMA strategy to 1 stocks.
2025-11-17 13:05:38,028 [INFO] Checking trade setups at 2025-11-17 13:05:38
2025-11-17 13:05:38,028 [INFO] Applying EMA strategy to 1 stocks.
2025-11-17 13:05:48,893 [INFO] Checking trade setups at 2025-11-17 13:05:48
2025-11-17 13:05:48,893 [INFO] Applying EMA strategy to 1 stocks.
2025-11-17 13:05:59,743 [INFO] Checking trade setups at 2025-11-17 13:05:59
2025-11-17 13:05:59,743 [INFO] Applying EMA strategy to 1 stocks.
2025-11-17 13:06:10,601 [INFO] Checking trade setups at 2025-11-17 13:06:10
2025-11-17 13:06:10,602 [INFO] Applying EMA strategy to 1 stocks.
2025-11-17 13:06:21,351 [INFO] Checking trade setups at 2025-11-17 13:06:21
2025-11-17 13:06:21,351 [INFO] Applying EMA strategy to 1 stocks.
2025-11-17 13:06:32,146 [INFO] Checking trade setups at 2025-11-17 13:06:32
2025-11-17 13:06:32,146 [INFO] Applying EMA strategy to 1 stocks.
2025-11-17 13:06:43,086 [INFO] Checking trade setups at 2025-11-17 13:06:43
2025-11-17 13:06:43,086 [INFO] Applying EMA strategy to 1 stocks.
2025-11-17 13:06:44,116 [INFO] Executing trade for NSE:MARICO-EQ: {'timestamp': '2025-11-17 13:05', 'action': 'SELL', 'entry_price': 761.3, 'stop_loss': 761.65, 'target': 760.2499999999999}
2025-11-17 13:06:44,116 [INFO] after SL after filtering the final SL:0.51, final_target:759.77, qty:196
2025-11-17 13:06:44,120 [INFO] NSE:MARICO-EQ already traded today. Skipping.
2025-11-17 13:06:54,127 [INFO] Checking trade setups at 2025-11-17 13:06:54
2025-11-17 13:06:54,127 [INFO] Applying EMA strategy to 1 stocks.
2025-11-17 13:07:04,780 [INFO] Checking trade setups at 2025-11-17 13:07:04
2025-11-17 13:07:04,780 [INFO] Applying EMA strategy to 1 stocks.
2025-11-17 13:07:15,532 [INFO] Checking trade setups at 2025-11-17 13:07:15
2025-11-17 13:07:15,532 [INFO] Applying EMA strategy to 1 stocks.
2025-11-17 13:07:26,203 [INFO] Checking trade setups at 2025-11-17 13:07:26
2025-11-17 13:07:26,203 [INFO] Applying EMA strategy to 1 stocks.
2025-11-17 13:07:37,022 [INFO] Checking trade setups at 2025-11-17 13:07:37
2025-11-17 13:07:37,022 [INFO] Applying EMA strategy to 1 stocks.
2025-11-17 13:07:48,289 [INFO] Checking trade setups at 2025-11-17 13:07:48
2025-11-17 13:07:48,289 [INFO] Applying EMA strategy to 1 stocks.
2025-11-17 13:07:59,071 [INFO] Checking trade setups at 2025-11-17 13:07:59
2025-11-17 13:07:59,071 [INFO] Applying EMA strategy to 1 stocks.
2025-11-17 13:08:09,785 [INFO] Checking trade setups at 2025-11-17 13:08:09
2025-11-17 13:08:09,785 [INFO] Applying EMA strategy to 1 stocks.
2025-11-17 13:08:20,418 [INFO] Checking trade setups at 2025-11-17 13:08:20
2025-11-17 13:08:20,418 [INFO] Applying EMA strategy to 1 stocks.
2025-11-17 13:08:31,405 [INFO] Checking trade setups at 2025-11-17 13:08:31
2025-11-17 13:08:31,405 [INFO] Applying EMA strategy to 1 stocks.
2025-11-17 13:08:42,440 [INFO] Checking trade setups at 2025-11-17 13:08:42
2025-11-17 13:08:42,440 [INFO] Applying EMA strategy to 1 stocks.
2025-11-17 13:08:53,122 [INFO] Checking trade setups at 2025-11-17 13:08:53
2025-11-17 13:08:53,122 [INFO] Applying EMA strategy to 1 stocks.
2025-11-17 13:09:04,177 [INFO] Checking trade setups at 2025-11-17 13:09:04
2025-11-17 13:09:04,177 [INFO] Applying EMA strategy to 1 stocks.
2025-11-17 13:09:14,956 [INFO] Checking trade setups at 2025-11-17 13:09:14
2025-11-17 13:09:14,956 [INFO] Applying EMA strategy to 1 stocks.
2025-11-17 13:09:25,671 [INFO] Checking trade setups at 2025-11-17 13:09:25
2025-11-17 13:09:25,671 [INFO] Applying EMA strategy to 1 stocks.
2025-11-17 13:09:36,638 [INFO] Checking trade setups at 2025-11-17 13:09:36
2025-11-17 13:09:36,638 [INFO] Applying EMA strategy to 1 stocks.
2025-11-17 13:09:47,486 [INFO] Checking trade setups at 2025-11-17 13:09:47
2025-11-17 13:09:47,486 [INFO] Applying EMA strategy to 1 stocks.
2025-11-17 13:09:58,251 [INFO] Checking trade setups at 2025-11-17 13:09:58
2025-11-17 13:09:58,251 [INFO] Applying EMA strategy to 1 stocks.
2025-11-17 13:10:09,209 [INFO] Checking trade setups at 2025-11-17 13:10:09
2025-11-17 13:10:09,209 [INFO] Applying EMA strategy to 1 stocks.
2025-11-17 13:10:20,073 [INFO] Checking trade setups at 2025-11-17 13:10:20
2025-11-17 13:10:20,073 [INFO] Applying EMA strategy to 1 stocks.
2025-11-17 13:10:30,955 [INFO] Checking trade setups at 2025-11-17 13:10:30
2025-11-17 13:10:30,955 [INFO] Applying EMA strategy to 1 stocks.
2025-11-17 13:10:41,776 [INFO] Checking trade setups at 2025-11-17 13:10:41
2025-11-17 13:10:41,776 [INFO] Applying EMA strategy to 1 stocks.
2025-11-17 13:10:52,643 [INFO] Checking trade setups at 2025-11-17 13:10:52
2025-11-17 13:10:52,643 [INFO] Applying EMA strategy to 1 stocks.
2025-11-17 13:11:03,371 [INFO] Checking trade setups at 2025-11-17 13:11:03
2025-11-17 13:11:03,371 [INFO] Applying EMA strategy to 1 stocks.
2025-11-17 13:11:14,120 [INFO] Checking trade setups at 2025-11-17 13:11:14
2025-11-17 13:11:14,120 [INFO] Applying EMA strategy to 1 stocks.
2025-11-17 13:11:25,090 [INFO] Checking trade setups at 2025-11-17 13:11:25
2025-11-17 13:11:25,090 [INFO] Applying EMA strategy to 1 stocks.
2025-11-17 13:11:36,234 [INFO] Checking trade setups at 2025-11-17 13:11:36
2025-11-17 13:11:36,234 [INFO] Applying EMA strategy to 1 stocks.
2025-11-17 13:11:46,994 [INFO] Checking trade setups at 2025-11-17 13:11:46
2025-11-17 13:11:46,994 [INFO] Applying EMA strategy to 1 stocks.
2025-11-17 13:11:57,766 [INFO] Checking trade setups at 2025-11-17 13:11:57
2025-11-17 13:11:57,766 [INFO] Applying EMA strategy to 1 stocks.
2025-11-17 13:12:08,555 [INFO] Checking trade setups at 2025-11-17 13:12:08
2025-11-17 13:12:08,555 [INFO] Applying EMA strategy to 1 stocks.
2025-11-17 13:12:19,661 [INFO] Checking trade setups at 2025-11-17 13:12:19
2025-11-17 13:12:19,661 [INFO] Applying EMA strategy to 1 stocks.
2025-11-17 13:12:30,546 [INFO] Checking trade setups at 2025-11-17 13:12:30
2025-11-17 13:12:30,546 [INFO] Applying EMA strategy to 1 stocks.
2025-11-17 13:12:41,572 [INFO] Checking trade setups at 2025-11-17 13:12:41
2025-11-17 13:12:41,572 [INFO] Applying EMA strategy to 1 stocks.
2025-11-17 13:12:52,219 [INFO] Checking trade setups at 2025-11-17 13:12:52
2025-11-17 13:12:52,219 [INFO] Applying EMA strategy to 1 stocks.
2025-11-17 13:13:02,904 [INFO] Checking trade setups at 2025-11-17 13:13:02
2025-11-17 13:13:02,904 [INFO] Applying EMA strategy to 1 stocks.
2025-11-17 13:13:13,730 [INFO] Checking trade setups at 2025-11-17 13:13:13
2025-11-17 13:13:13,730 [INFO] Applying EMA strategy to 1 stocks.
2025-11-17 13:13:25,089 [INFO] Checking trade setups at 2025-11-17 13:13:25
2025-11-17 13:13:25,089 [INFO] Applying EMA strategy to 1 stocks.
2025-11-17 13:13:36,053 [INFO] Checking trade setups at 2025-11-17 13:13:36
2025-11-17 13:13:36,053 [INFO] Applying EMA strategy to 1 stocks.
2025-11-17 13:13:46,599 [INFO] Checking trade setups at 2025-11-17 13:13:46
2025-11-17 13:13:46,599 [INFO] Applying EMA strategy to 1 stocks.
2025-11-17 13:13:57,727 [INFO] Checking trade setups at 2025-11-17 13:13:57
2025-11-17 13:13:57,727 [INFO] Applying EMA strategy to 1 stocks.
2025-11-17 13:14:08,510 [INFO] Checking trade setups at 2025-11-17 13:14:08
2025-11-17 13:14:08,510 [INFO] Applying EMA strategy to 1 stocks.
2025-11-17 13:14:19,478 [INFO] Checking trade setups at 2025-11-17 13:14:19
2025-11-17 13:14:19,478 [INFO] Applying EMA strategy to 1 stocks.
2025-11-17 13:14:30,338 [INFO] Checking trade setups at 2025-11-17 13:14:30
2025-11-17 13:14:30,338 [INFO] Applying EMA strategy to 1 stocks.
2025-11-17 13:14:41,814 [INFO] Checking trade setups at 2025-11-17 13:14:41
2025-11-17 13:14:41,815 [INFO] Applying EMA strategy to 1 stocks.
2025-11-17 13:14:52,795 [INFO] Checking trade setups at 2025-11-17 13:14:52
2025-11-17 13:14:52,795 [INFO] Applying EMA strategy to 1 stocks.
2025-11-17 13:15:03,964 [INFO] Checking trade setups at 2025-11-17 13:15:03
2025-11-17 13:15:03,964 [INFO] Applying EMA strategy to 1 stocks.
2025-11-17 13:15:14,866 [INFO] Checking trade setups at 2025-11-17 13:15:14
2025-11-17 13:15:14,866 [INFO] Applying EMA strategy to 1 stocks.
2025-11-17 13:15:25,818 [INFO] Checking trade setups at 2025-11-17 13:15:25
2025-11-17 13:15:25,818 [INFO] Applying EMA strategy to 1 stocks.
2025-11-17 13:15:36,581 [INFO] Checking trade setups at 2025-11-17 13:15:36
2025-11-17 13:15:36,581 [INFO] Applying EMA strategy to 1 stocks.
2025-11-17 13:15:48,364 [INFO] Checking trade setups at 2025-11-17 13:15:48
2025-11-17 13:15:48,364 [INFO] Applying EMA strategy to 1 stocks.
2025-11-17 13:16:00,129 [INFO] Checking trade setups at 2025-11-17 13:16:00
2025-11-17 13:16:00,129 [INFO] Applying EMA strategy to 1 stocks.
2025-11-17 13:16:11,198 [INFO] Checking trade setups at 2025-11-17 13:16:11
2025-11-17 13:16:11,198 [INFO] Applying EMA strategy to 1 stocks.
2025-11-17 13:16:22,062 [INFO] Checking trade setups at 2025-11-17 13:16:22
2025-11-17 13:16:22,062 [INFO] Applying EMA strategy to 1 stocks.
2025-11-17 13:16:32,830 [INFO] Checking trade setups at 2025-11-17 13:16:32
2025-11-17 13:16:32,830 [INFO] Applying EMA strategy to 1 stocks.
2025-11-17 13:16:43,765 [INFO] Checking trade setups at 2025-11-17 13:16:43
2025-11-17 13:16:43,765 [INFO] Applying EMA strategy to 1 stocks.
2025-11-17 13:16:54,622 [INFO] Checking trade setups at 2025-11-17 13:16:54
2025-11-17 13:16:54,622 [INFO] Applying EMA strategy to 1 stocks.
2025-11-17 13:17:05,257 [INFO] Checking trade setups at 2025-11-17 13:17:05
2025-11-17 13:17:05,257 [INFO] Applying EMA strategy to 1 stocks.
2025-11-17 13:17:16,520 [INFO] Checking trade setups at 2025-11-17 13:17:16
2025-11-17 13:17:16,520 [INFO] Applying EMA strategy to 1 stocks.
2025-11-17 13:17:27,277 [INFO] Checking trade setups at 2025-11-17 13:17:27
2025-11-17 13:17:27,277 [INFO] Applying EMA strategy to 1 stocks.
2025-11-17 13:17:38,035 [INFO] Checking trade setups at 2025-11-17 13:17:38
2025-11-17 13:17:38,035 [INFO] Applying EMA strategy to 1 stocks.
2025-11-17 13:17:48,882 [INFO] Checking trade setups at 2025-11-17 13:17:48
2025-11-17 13:17:48,882 [INFO] Applying EMA strategy to 1 stocks.
2025-11-17 13:17:59,529 [INFO] Checking trade setups at 2025-11-17 13:17:59
2025-11-17 13:17:59,529 [INFO] Applying EMA strategy to 1 stocks.
2025-11-17 13:18:10,305 [INFO] Checking trade setups at 2025-11-17 13:18:10
2025-11-17 13:18:10,305 [INFO] Applying EMA strategy to 1 stocks.
2025-11-17 13:18:20,835 [INFO] Checking trade setups at 2025-11-17 13:18:20
2025-11-17 13:18:20,835 [INFO] Applying EMA strategy to 1 stocks.
2025-11-17 13:18:31,708 [INFO] Checking trade setups at 2025-11-17 13:18:31
2025-11-17 13:18:31,708 [INFO] Applying EMA strategy to 1 stocks.
2025-11-17 13:18:42,285 [INFO] Checking trade setups at 2025-11-17 13:18:42
2025-11-17 13:18:42,285 [INFO] Applying EMA strategy to 1 stocks.
2025-11-17 13:18:52,993 [INFO] Checking trade setups at 2025-11-17 13:18:52
2025-11-17 13:18:52,993 [INFO] Applying EMA strategy to 1 stocks.
2025-11-17 13:19:04,874 [INFO] Checking trade setups at 2025-11-17 13:19:04
2025-11-17 13:19:04,874 [INFO] Applying EMA strategy to 1 stocks.
2025-11-17 13:19:16,053 [INFO] Checking trade setups at 2025-11-17 13:19:16
2025-11-17 13:19:16,053 [INFO] Applying EMA strategy to 1 stocks.
2025-11-17 13:19:26,932 [INFO] Checking trade setups at 2025-11-17 13:19:26
2025-11-17 13:19:26,932 [INFO] Applying EMA strategy to 1 stocks.
2025-11-17 13:19:37,653 [INFO] Checking trade setups at 2025-11-17 13:19:37
2025-11-17 13:19:37,653 [INFO] Applying EMA strategy to 1 stocks.
2025-11-17 13:19:48,691 [INFO] Checking trade setups at 2025-11-17 13:19:48
2025-11-17 13:19:48,691 [INFO] Applying EMA strategy to 1 stocks.
2025-11-17 13:20:00,743 [INFO] Checking trade setups at 2025-11-17 13:20:00
2025-11-17 13:20:00,743 [INFO] Applying EMA strategy to 1 stocks.
2025-11-17 13:20:11,446 [INFO] Checking trade setups at 2025-11-17 13:20:11
2025-11-17 13:20:11,446 [INFO] Applying EMA strategy to 1 stocks.
2025-11-17 13:20:22,311 [INFO] Checking trade setups at 2025-11-17 13:20:22
2025-11-17 13:20:22,311 [INFO] Applying EMA strategy to 1 stocks.
2025-11-17 13:20:33,117 [INFO] Checking trade setups at 2025-11-17 13:20:33
2025-11-17 13:20:33,118 [INFO] Applying EMA strategy to 1 stocks.
2025-11-17 13:20:44,235 [INFO] Checking trade setups at 2025-11-17 13:20:44
2025-11-17 13:20:44,235 [INFO] Applying EMA strategy to 1 stocks.
2025-11-17 13:20:55,204 [INFO] Checking trade setups at 2025-11-17 13:20:55
2025-11-17 13:20:55,204 [INFO] Applying EMA strategy to 1 stocks.
2025-11-17 13:21:05,704 [INFO] Checking trade setups at 2025-11-17 13:21:05
2025-11-17 13:21:05,704 [INFO] Applying EMA strategy to 1 stocks.
2025-11-17 13:21:16,601 [INFO] Checking trade setups at 2025-11-17 13:21:16
2025-11-17 13:21:16,601 [INFO] Applying EMA strategy to 1 stocks.
2025-11-17 13:21:27,512 [INFO] Checking trade setups at 2025-11-17 13:21:27
2025-11-17 13:21:27,512 [INFO] Applying EMA strategy to 1 stocks.
2025-11-17 13:21:38,371 [INFO] Checking trade setups at 2025-11-17 13:21:38
2025-11-17 13:21:38,371 [INFO] Applying EMA strategy to 1 stocks.
2025-11-17 13:21:49,110 [INFO] Checking trade setups at 2025-11-17 13:21:49
2025-11-17 13:21:49,110 [INFO] Applying EMA strategy to 1 stocks.
2025-11-17 13:21:59,926 [INFO] Checking trade setups at 2025-11-17 13:21:59
2025-11-17 13:21:59,926 [INFO] Applying EMA strategy to 1 stocks.
2025-11-17 13:22:10,644 [INFO] Checking trade setups at 2025-11-17 13:22:10
2025-11-17 13:22:10,644 [INFO] Applying EMA strategy to 1 stocks.
2025-11-17 13:22:21,390 [INFO] Checking trade setups at 2025-11-17 13:22:21
2025-11-17 13:22:21,390 [INFO] Applying EMA strategy to 1 stocks.
2025-11-17 13:22:32,066 [INFO] Checking trade setups at 2025-11-17 13:22:32
2025-11-17 13:22:32,066 [INFO] Applying EMA strategy to 1 stocks.
2025-11-17 13:22:42,785 [INFO] Checking trade setups at 2025-11-17 13:22:42
2025-11-17 13:22:42,785 [INFO] Applying EMA strategy to 1 stocks.
2025-11-17 13:22:53,996 [INFO] Checking trade setups at 2025-11-17 13:22:53
2025-11-17 13:22:53,996 [INFO] Applying EMA strategy to 1 stocks.
2025-11-17 13:23:04,893 [INFO] Checking trade setups at 2025-11-17 13:23:04
2025-11-17 13:23:04,893 [INFO] Applying EMA strategy to 1 stocks.
2025-11-17 13:23:15,550 [INFO] Checking trade setups at 2025-11-17 13:23:15
2025-11-17 13:23:15,550 [INFO] Applying EMA strategy to 1 stocks.
2025-11-17 13:23:26,621 [INFO] Checking trade setups at 2025-11-17 13:23:26
2025-11-17 13:23:26,621 [INFO] Applying EMA strategy to 1 stocks.
2025-11-17 13:23:37,473 [INFO] Checking trade setups at 2025-11-17 13:23:37
2025-11-17 13:23:37,473 [INFO] Applying EMA strategy to 1 stocks.
2025-11-17 13:23:48,653 [INFO] Checking trade setups at 2025-11-17 13:23:48
2025-11-17 13:23:48,653 [INFO] Applying EMA strategy to 1 stocks.
2025-11-17 13:23:59,380 [INFO] Checking trade setups at 2025-11-17 13:23:59
2025-11-17 13:23:59,380 [INFO] Applying EMA strategy to 1 stocks.
2025-11-17 13:24:10,146 [INFO] Checking trade setups at 2025-11-17 13:24:10
2025-11-17 13:24:10,146 [INFO] Applying EMA strategy to 1 stocks.
2025-11-17 13:24:21,084 [INFO] Checking trade setups at 2025-11-17 13:24:21
2025-11-17 13:24:21,084 [INFO] Applying EMA strategy to 1 stocks.
2025-11-17 13:24:31,922 [INFO] Checking trade setups at 2025-11-17 13:24:31
2025-11-17 13:24:31,922 [INFO] Applying EMA strategy to 1 stocks.
2025-11-17 13:24:43,008 [INFO] Checking trade setups at 2025-11-17 13:24:43
2025-11-17 13:24:43,008 [INFO] Applying EMA strategy to 1 stocks.
2025-11-17 13:24:53,688 [INFO] Checking trade setups at 2025-11-17 13:24:53
2025-11-17 13:24:53,688 [INFO] Applying EMA strategy to 1 stocks.
2025-11-17 13:25:04,625 [INFO] Checking trade setups at 2025-11-17 13:25:04
2025-11-17 13:25:04,625 [INFO] Applying EMA strategy to 1 stocks.
2025-11-17 13:25:15,669 [INFO] Checking trade setups at 2025-11-17 13:25:15
2025-11-17 13:25:15,669 [INFO] Applying EMA strategy to 1 stocks.
2025-11-17 13:25:26,319 [INFO] Checking trade setups at 2025-11-17 13:25:26
2025-11-17 13:25:26,319 [INFO] Applying EMA strategy to 1 stocks.
2025-11-17 13:25:37,169 [INFO] Checking trade setups at 2025-11-17 13:25:37
2025-11-17 13:25:37,169 [INFO] Applying EMA strategy to 1 stocks.
2025-11-17 13:25:48,332 [INFO] Checking trade setups at 2025-11-17 13:25:48
2025-11-17 13:25:48,332 [INFO] Applying EMA strategy to 1 stocks.
2025-11-17 13:25:58,914 [INFO] Checking trade setups at 2025-11-17 13:25:58
2025-11-17 13:25:58,915 [INFO] Applying EMA strategy to 1 stocks.
2025-11-17 13:26:09,731 [INFO] Checking trade setups at 2025-11-17 13:26:09
2025-11-17 13:26:09,731 [INFO] Applying EMA strategy to 1 stocks.
2025-11-17 13:26:20,710 [INFO] Checking trade setups at 2025-11-17 13:26:20
2025-11-17 13:26:20,710 [INFO] Applying EMA strategy to 1 stocks.
2025-11-17 13:26:31,413 [INFO] Checking trade setups at 2025-11-17 13:26:31
2025-11-17 13:26:31,413 [INFO] Applying EMA strategy to 1 stocks.
2025-11-17 13:26:42,150 [INFO] Checking trade setups at 2025-11-17 13:26:42
2025-11-17 13:26:42,150 [INFO] Applying EMA strategy to 1 stocks.
2025-11-17 13:26:53,790 [INFO] Checking trade setups at 2025-11-17 13:26:53
2025-11-17 13:26:53,790 [INFO] Applying EMA strategy to 1 stocks.
2025-11-17 13:27:04,695 [INFO] Checking trade setups at 2025-11-17 13:27:04
2025-11-17 13:27:04,695 [INFO] Applying EMA strategy to 1 stocks.
2025-11-17 13:27:15,496 [INFO] Checking trade setups at 2025-11-17 13:27:15
2025-11-17 13:27:15,496 [INFO] Applying EMA strategy to 1 stocks.
2025-11-17 13:27:26,436 [INFO] Checking trade setups at 2025-11-17 13:27:26
2025-11-17 13:27:26,436 [INFO] Applying EMA strategy to 1 stocks.
2025-11-17 13:27:37,499 [INFO] Checking trade setups at 2025-11-17 13:27:37
2025-11-17 13:27:37,499 [INFO] Applying EMA strategy to 1 stocks.
2025-11-17 13:27:48,386 [INFO] Checking trade setups at 2025-11-17 13:27:48
2025-11-17 13:27:48,386 [INFO] Applying EMA strategy to 1 stocks.
2025-11-17 13:27:59,132 [INFO] Checking trade setups at 2025-11-17 13:27:59
2025-11-17 13:27:59,132 [INFO] Applying EMA strategy to 1 stocks.
2025-11-17 13:28:10,062 [INFO] Checking trade setups at 2025-11-17 13:28:10
2025-11-17 13:28:10,062 [INFO] Applying EMA strategy to 1 stocks.
2025-11-17 13:28:20,707 [INFO] Checking trade setups at 2025-11-17 13:28:20
2025-11-17 13:28:20,707 [INFO] Applying EMA strategy to 1 stocks.
2025-11-17 13:28:31,470 [INFO] Checking trade setups at 2025-11-17 13:28:31
2025-11-17 13:28:31,470 [INFO] Applying EMA strategy to 1 stocks.
2025-11-17 13:28:42,342 [INFO] Checking trade setups at 2025-11-17 13:28:42
2025-11-17 13:28:42,342 [INFO] Applying EMA strategy to 1 stocks.
2025-11-17 13:28:53,170 [INFO] Checking trade setups at 2025-11-17 13:28:53
2025-11-17 13:28:53,170 [INFO] Applying EMA strategy to 1 stocks.
2025-11-17 13:29:04,066 [INFO] Checking trade setups at 2025-11-17 13:29:04
2025-11-17 13:29:04,066 [INFO] Applying EMA strategy to 1 stocks.
2025-11-17 13:29:14,789 [INFO] Checking trade setups at 2025-11-17 13:29:14
2025-11-17 13:29:14,789 [INFO] Applying EMA strategy to 1 stocks.
2025-11-17 13:29:26,487 [INFO] Checking trade setups at 2025-11-17 13:29:26
2025-11-17 13:29:26,487 [INFO] Applying EMA strategy to 1 stocks.
2025-11-17 13:29:37,218 [INFO] Checking trade setups at 2025-11-17 13:29:37
2025-11-17 13:29:37,218 [INFO] Applying EMA strategy to 1 stocks.
2025-11-17 13:29:48,171 [INFO] Checking trade setups at 2025-11-17 13:29:48
2025-11-17 13:29:48,171 [INFO] Applying EMA strategy to 1 stocks.
2025-11-17 13:29:58,814 [INFO] Checking trade setups at 2025-11-17 13:29:58
2025-11-17 13:29:58,814 [INFO] Applying EMA strategy to 1 stocks.
2025-11-17 13:30:09,703 [INFO] Checking trade setups at 2025-11-17 13:30:09
2025-11-17 13:30:09,703 [INFO] Applying EMA strategy to 1 stocks.
2025-11-17 13:30:20,433 [INFO] Checking trade setups at 2025-11-17 13:30:20
2025-11-17 13:30:20,433 [INFO] Applying EMA strategy to 1 stocks.
2025-11-17 13:30:31,577 [INFO] Checking trade setups at 2025-11-17 13:30:31
2025-11-17 13:30:31,577 [INFO] Applying EMA strategy to 1 stocks.
2025-11-17 13:30:42,950 [INFO] Checking trade setups at 2025-11-17 13:30:42
2025-11-17 13:30:42,950 [INFO] Applying EMA strategy to 1 stocks.
2025-11-17 13:30:53,615 [INFO] Checking trade setups at 2025-11-17 13:30:53
2025-11-17 13:30:53,615 [INFO] Applying EMA strategy to 1 stocks.
2025-11-17 13:31:04,357 [INFO] Checking trade setups at 2025-11-17 13:31:04
2025-11-17 13:31:04,357 [INFO] Applying EMA strategy to 1 stocks.
2025-11-17 13:31:15,017 [INFO] Checking trade setups at 2025-11-17 13:31:15
2025-11-17 13:31:15,017 [INFO] Applying EMA strategy to 1 stocks.
2025-11-17 13:31:26,027 [INFO] Checking trade setups at 2025-11-17 13:31:26
2025-11-17 13:31:26,027 [INFO] Applying EMA strategy to 1 stocks.
2025-11-17 13:31:37,738 [INFO] Checking trade setups at 2025-11-17 13:31:37
2025-11-17 13:31:37,738 [INFO] Applying EMA strategy to 1 stocks.
2025-11-17 13:31:48,609 [INFO] Checking trade setups at 2025-11-17 13:31:48
2025-11-17 13:31:48,609 [INFO] Applying EMA strategy to 1 stocks.
2025-11-17 13:31:59,244 [INFO] Checking trade setups at 2025-11-17 13:31:59
2025-11-17 13:31:59,244 [INFO] Applying EMA strategy to 1 stocks.
2025-11-17 13:32:10,136 [INFO] Checking trade setups at 2025-11-17 13:32:10
2025-11-17 13:32:10,136 [INFO] Applying EMA strategy to 1 stocks.
2025-11-17 13:32:20,849 [INFO] Checking trade setups at 2025-11-17 13:32:20
2025-11-17 13:32:20,849 [INFO] Applying EMA strategy to 1 stocks.
2025-11-17 13:32:31,658 [INFO] Checking trade setups at 2025-11-17 13:32:31
2025-11-17 13:32:31,658 [INFO] Applying EMA strategy to 1 stocks.
2025-11-17 13:32:42,695 [INFO] Checking trade setups at 2025-11-17 13:32:42
2025-11-17 13:32:42,695 [INFO] Applying EMA strategy to 1 stocks.
2025-11-17 13:32:53,324 [INFO] Checking trade setups at 2025-11-17 13:32:53
2025-11-17 13:32:53,324 [INFO] Applying EMA strategy to 1 stocks.
2025-11-17 13:33:04,161 [INFO] Checking trade setups at 2025-11-17 13:33:04
2025-11-17 13:33:04,161 [INFO] Applying EMA strategy to 1 stocks.
2025-11-17 13:33:14,930 [INFO] Checking trade setups at 2025-11-17 13:33:14
2025-11-17 13:33:14,930 [INFO] Applying EMA strategy to 1 stocks.
2025-11-17 13:33:25,780 [INFO] Checking trade setups at 2025-11-17 13:33:25
2025-11-17 13:33:25,780 [INFO] Applying EMA strategy to 1 stocks.
2025-11-17 13:33:36,650 [INFO] Checking trade setups at 2025-11-17 13:33:36
2025-11-17 13:33:36,650 [INFO] Applying EMA strategy to 1 stocks.
2025-11-17 13:33:47,390 [INFO] Checking trade setups at 2025-11-17 13:33:47
2025-11-17 13:33:47,390 [INFO] Applying EMA strategy to 1 stocks.
2025-11-17 13:33:58,540 [INFO] Checking trade setups at 2025-11-17 13:33:58
2025-11-17 13:33:58,540 [INFO] Applying EMA strategy to 1 stocks.
2025-11-17 13:34:09,397 [INFO] Checking trade setups at 2025-11-17 13:34:09
2025-11-17 13:34:09,397 [INFO] Applying EMA strategy to 1 stocks.
2025-11-17 13:34:20,248 [INFO] Checking trade setups at 2025-11-17 13:34:20
2025-11-17 13:34:20,248 [INFO] Applying EMA strategy to 1 stocks.
2025-11-17 13:34:31,133 [INFO] Checking trade setups at 2025-11-17 13:34:31
2025-11-17 13:34:31,133 [INFO] Applying EMA strategy to 1 stocks.
2025-11-17 13:34:41,958 [INFO] Checking trade setups at 2025-11-17 13:34:41
2025-11-17 13:34:41,958 [INFO] Applying EMA strategy to 1 stocks.
2025-11-17 13:34:53,041 [INFO] Checking trade setups at 2025-11-17 13:34:53
2025-11-17 13:34:53,041 [INFO] Applying EMA strategy to 1 stocks.
2025-11-17 13:35:03,724 [INFO] Checking trade setups at 2025-11-17 13:35:03
2025-11-17 13:35:03,724 [INFO] Applying EMA strategy to 1 stocks.
2025-11-17 13:35:14,518 [INFO] Checking trade setups at 2025-11-17 13:35:14
2025-11-17 13:35:14,518 [INFO] Applying EMA strategy to 1 stocks.
2025-11-17 13:35:25,690 [INFO] Checking trade setups at 2025-11-17 13:35:25
2025-11-17 13:35:25,690 [INFO] Applying EMA strategy to 1 stocks.
2025-11-17 13:35:36,466 [INFO] Checking trade setups at 2025-11-17 13:35:36
2025-11-17 13:35:36,466 [INFO] Applying EMA strategy to 1 stocks.
2025-11-17 13:35:47,774 [INFO] Checking trade setups at 2025-11-17 13:35:47
2025-11-17 13:35:47,774 [INFO] Applying EMA strategy to 1 stocks.
2025-11-17 13:35:58,520 [INFO] Checking trade setups at 2025-11-17 13:35:58
2025-11-17 13:35:58,520 [INFO] Applying EMA strategy to 1 stocks.
2025-11-17 13:36:09,417 [INFO] Checking trade setups at 2025-11-17 13:36:09
2025-11-17 13:36:09,417 [INFO] Applying EMA strategy to 1 stocks.
2025-11-17 13:36:20,079 [INFO] Checking trade setups at 2025-11-17 13:36:20
2025-11-17 13:36:20,079 [INFO] Applying EMA strategy to 1 stocks.
2025-11-17 13:36:30,974 [INFO] Checking trade setups at 2025-11-17 13:36:30
2025-11-17 13:36:30,974 [INFO] Applying EMA strategy to 1 stocks.
2025-11-17 13:36:41,780 [INFO] Checking trade setups at 2025-11-17 13:36:41
2025-11-17 13:36:41,780 [INFO] Applying EMA strategy to 1 stocks.
2025-11-17 13:36:52,466 [INFO] Checking trade setups at 2025-11-17 13:36:52
2025-11-17 13:36:52,466 [INFO] Applying EMA strategy to 1 stocks.
2025-11-17 13:37:03,394 [INFO] Checking trade setups at 2025-11-17 13:37:03
2025-11-17 13:37:03,394 [INFO] Applying EMA strategy to 1 stocks.
2025-11-17 13:37:14,258 [INFO] Checking trade setups at 2025-11-17 13:37:14
2025-11-17 13:37:14,258 [INFO] Applying EMA strategy to 1 stocks.
2025-11-17 13:37:25,087 [INFO] Checking trade setups at 2025-11-17 13:37:25
2025-11-17 13:37:25,087 [INFO] Applying EMA strategy to 1 stocks.
2025-11-17 13:37:35,878 [INFO] Checking trade setups at 2025-11-17 13:37:35
2025-11-17 13:37:35,878 [INFO] Applying EMA strategy to 1 stocks.
2025-11-17 13:37:46,804 [INFO] Checking trade setups at 2025-11-17 13:37:46
2025-11-17 13:37:46,804 [INFO] Applying EMA strategy to 1 stocks.
2025-11-17 13:37:57,446 [INFO] Checking trade setups at 2025-11-17 13:37:57
2025-11-17 13:37:57,446 [INFO] Applying EMA strategy to 1 stocks.
2025-11-17 13:38:08,146 [INFO] Checking trade setups at 2025-11-17 13:38:08
2025-11-17 13:38:08,146 [INFO] Applying EMA strategy to 1 stocks.
2025-11-17 13:38:19,085 [INFO] Checking trade setups at 2025-11-17 13:38:19
2025-11-17 13:38:19,085 [INFO] Applying EMA strategy to 1 stocks.
2025-11-17 13:38:30,729 [INFO] Checking trade setups at 2025-11-17 13:38:30
2025-11-17 13:38:30,729 [INFO] Applying EMA strategy to 1 stocks.
2025-11-17 13:38:41,525 [INFO] Checking trade setups at 2025-11-17 13:38:41
2025-11-17 13:38:41,525 [INFO] Applying EMA strategy to 1 stocks.
2025-11-17 13:38:52,346 [INFO] Checking trade setups at 2025-11-17 13:38:52
2025-11-17 13:38:52,346 [INFO] Applying EMA strategy to 1 stocks.
2025-11-17 13:39:03,611 [INFO] Checking trade setups at 2025-11-17 13:39:03
2025-11-17 13:39:03,611 [INFO] Applying EMA strategy to 1 stocks.
2025-11-17 13:39:14,468 [INFO] Checking trade setups at 2025-11-17 13:39:14
2025-11-17 13:39:14,468 [INFO] Applying EMA strategy to 1 stocks.
2025-11-17 13:39:25,208 [INFO] Checking trade setups at 2025-11-17 13:39:25
2025-11-17 13:39:25,208 [INFO] Applying EMA strategy to 1 stocks.
2025-11-17 13:39:36,079 [INFO] Checking trade setups at 2025-11-17 13:39:36
2025-11-17 13:39:36,079 [INFO] Applying EMA strategy to 1 stocks.
2025-11-17 13:39:47,069 [INFO] Checking trade setups at 2025-11-17 13:39:47
2025-11-17 13:39:47,069 [INFO] Applying EMA strategy to 1 stocks.
2025-11-17 13:39:58,534 [INFO] Checking trade setups at 2025-11-17 13:39:58
2025-11-17 13:39:58,534 [INFO] Applying EMA strategy to 1 stocks.
2025-11-17 13:40:09,455 [INFO] Checking trade setups at 2025-11-17 13:40:09
2025-11-17 13:40:09,455 [INFO] Applying EMA strategy to 1 stocks.
2025-11-17 13:40:20,215 [INFO] Checking trade setups at 2025-11-17 13:40:20
2025-11-17 13:40:20,215 [INFO] Applying EMA strategy to 1 stocks.
2025-11-17 13:40:31,083 [INFO] Checking trade setups at 2025-11-17 13:40:31
2025-11-17 13:40:31,083 [INFO] Applying EMA strategy to 1 stocks.
2025-11-17 13:40:41,703 [INFO] Checking trade setups at 2025-11-17 13:40:41
2025-11-17 13:40:41,703 [INFO] Applying EMA strategy to 1 stocks.
2025-11-17 13:40:54,303 [INFO] Checking trade setups at 2025-11-17 13:40:54
2025-11-17 13:40:54,303 [INFO] Applying EMA strategy to 1 stocks.
2025-11-17 13:41:05,157 [INFO] Checking trade setups at 2025-11-17 13:41:05
2025-11-17 13:41:05,157 [INFO] Applying EMA strategy to 1 stocks.
2025-11-17 13:41:15,914 [INFO] Checking trade setups at 2025-11-17 13:41:15
2025-11-17 13:41:15,914 [INFO] Applying EMA strategy to 1 stocks.
2025-11-17 13:41:26,868 [INFO] Checking trade setups at 2025-11-17 13:41:26
2025-11-17 13:41:26,868 [INFO] Applying EMA strategy to 1 stocks.
2025-11-17 13:41:37,621 [INFO] Checking trade setups at 2025-11-17 13:41:37
2025-11-17 13:41:37,621 [INFO] Applying EMA strategy to 1 stocks.
2025-11-17 13:41:48,574 [INFO] Checking trade setups at 2025-11-17 13:41:48
2025-11-17 13:41:48,575 [INFO] Applying EMA strategy to 1 stocks.
2025-11-17 13:41:59,527 [INFO] Checking trade setups at 2025-11-17 13:41:59
2025-11-17 13:41:59,527 [INFO] Applying EMA strategy to 1 stocks.
2025-11-17 13:42:11,410 [INFO] Checking trade setups at 2025-11-17 13:42:11
2025-11-17 13:42:11,410 [INFO] Applying EMA strategy to 1 stocks.
2025-11-17 13:42:22,578 [INFO] Checking trade setups at 2025-11-17 13:42:22
2025-11-17 13:42:22,578 [INFO] Applying EMA strategy to 1 stocks.
2025-11-17 13:42:33,333 [INFO] Checking trade setups at 2025-11-17 13:42:33
2025-11-17 13:42:33,333 [INFO] Applying EMA strategy to 1 stocks.
2025-11-17 13:42:44,181 [INFO] Checking trade setups at 2025-11-17 13:42:44
2025-11-17 13:42:44,181 [INFO] Applying EMA strategy to 1 stocks.
2025-11-17 13:42:54,938 [INFO] Checking trade setups at 2025-11-17 13:42:54
2025-11-17 13:42:54,938 [INFO] Applying EMA strategy to 1 stocks.
2025-11-17 13:43:06,001 [INFO] Checking trade setups at 2025-11-17 13:43:06
2025-11-17 13:43:06,001 [INFO] Applying EMA strategy to 1 stocks.
2025-11-17 13:43:16,951 [INFO] Checking trade setups at 2025-11-17 13:43:16
2025-11-17 13:43:16,951 [INFO] Applying EMA strategy to 1 stocks.
2025-11-17 13:43:27,695 [INFO] Checking trade setups at 2025-11-17 13:43:27
2025-11-17 13:43:27,695 [INFO] Applying EMA strategy to 1 stocks.
2025-11-17 13:43:38,659 [INFO] Checking trade setups at 2025-11-17 13:43:38
2025-11-17 13:43:38,659 [INFO] Applying EMA strategy to 1 stocks.
2025-11-17 13:43:49,614 [INFO] Checking trade setups at 2025-11-17 13:43:49
2025-11-17 13:43:49,614 [INFO] Applying EMA strategy to 1 stocks.
2025-11-17 13:44:00,715 [INFO] Checking trade setups at 2025-11-17 13:44:00
2025-11-17 13:44:00,715 [INFO] Applying EMA strategy to 1 stocks.
2025-11-17 13:44:11,736 [INFO] Checking trade setups at 2025-11-17 13:44:11
2025-11-17 13:44:11,736 [INFO] Applying EMA strategy to 1 stocks.
2025-11-17 13:44:22,383 [INFO] Checking trade setups at 2025-11-17 13:44:22
2025-11-17 13:44:22,383 [INFO] Applying EMA strategy to 1 stocks.
2025-11-17 13:44:33,270 [INFO] Checking trade setups at 2025-11-17 13:44:33
2025-11-17 13:44:33,270 [INFO] Applying EMA strategy to 1 stocks.
2025-11-17 13:44:45,058 [INFO] Checking trade setups at 2025-11-17 13:44:45
2025-11-17 13:44:45,058 [INFO] Applying EMA strategy to 1 stocks.
2025-11-17 13:44:56,079 [INFO] Checking trade setups at 2025-11-17 13:44:56
2025-11-17 13:44:56,079 [INFO] Applying EMA strategy to 1 stocks.
2025-11-17 13:45:06,942 [INFO] Checking trade setups at 2025-11-17 13:45:06
2025-11-17 13:45:06,942 [INFO] Applying EMA strategy to 1 stocks.
2025-11-17 13:45:19,936 [INFO] Checking trade setups at 2025-11-17 13:45:19
2025-11-17 13:45:19,936 [INFO] Applying EMA strategy to 1 stocks.
2025-11-17 13:45:30,603 [INFO] Checking trade setups at 2025-11-17 13:45:30
2025-11-17 13:45:30,603 [INFO] Applying EMA strategy to 1 stocks.
2025-11-17 13:45:41,435 [INFO] Checking trade setups at 2025-11-17 13:45:41
2025-11-17 13:45:41,435 [INFO] Applying EMA strategy to 1 stocks.
2025-11-17 13:45:52,219 [INFO] Checking trade setups at 2025-11-17 13:45:52
2025-11-17 13:45:52,219 [INFO] Applying EMA strategy to 1 stocks.
2025-11-17 13:46:03,050 [INFO] Checking trade setups at 2025-11-17 13:46:03
2025-11-17 13:46:03,050 [INFO] Applying EMA strategy to 1 stocks.
2025-11-17 13:46:14,212 [INFO] Checking trade setups at 2025-11-17 13:46:14
2025-11-17 13:46:14,212 [INFO] Applying EMA strategy to 1 stocks.
2025-11-17 13:46:25,269 [INFO] Checking trade setups at 2025-11-17 13:46:25
2025-11-17 13:46:25,269 [INFO] Applying EMA strategy to 1 stocks.
2025-11-17 13:46:36,650 [INFO] Checking trade setups at 2025-11-17 13:46:36
2025-11-17 13:46:36,650 [INFO] Applying EMA strategy to 1 stocks.
2025-11-17 13:46:47,322 [INFO] Checking trade setups at 2025-11-17 13:46:47
2025-11-17 13:46:47,322 [INFO] Applying EMA strategy to 1 stocks.
2025-11-17 13:46:58,857 [INFO] Checking trade setups at 2025-11-17 13:46:58
2025-11-17 13:46:58,857 [INFO] Applying EMA strategy to 1 stocks.
2025-11-17 13:47:09,720 [INFO] Checking trade setups at 2025-11-17 13:47:09
2025-11-17 13:47:09,720 [INFO] Applying EMA strategy to 1 stocks.
2025-11-17 13:47:20,368 [INFO] Checking trade setups at 2025-11-17 13:47:20
2025-11-17 13:47:20,368 [INFO] Applying EMA strategy to 1 stocks.
2025-11-17 13:47:31,028 [INFO] Checking trade setups at 2025-11-17 13:47:31
2025-11-17 13:47:31,028 [INFO] Applying EMA strategy to 1 stocks.
2025-11-17 13:47:41,862 [INFO] Checking trade setups at 2025-11-17 13:47:41
2025-11-17 13:47:41,862 [INFO] Applying EMA strategy to 1 stocks.
2025-11-17 13:47:52,665 [INFO] Checking trade setups at 2025-11-17 13:47:52
2025-11-17 13:47:52,665 [INFO] Applying EMA strategy to 1 stocks.
2025-11-17 13:48:03,599 [INFO] Checking trade setups at 2025-11-17 13:48:03
2025-11-17 13:48:03,599 [INFO] Applying EMA strategy to 1 stocks.
2025-11-17 13:48:14,373 [INFO] Checking trade setups at 2025-11-17 13:48:14
2025-11-17 13:48:14,373 [INFO] Applying EMA strategy to 1 stocks.
2025-11-17 13:48:25,718 [INFO] Checking trade setups at 2025-11-17 13:48:25
2025-11-17 13:48:25,718 [INFO] Applying EMA strategy to 1 stocks.
2025-11-17 13:48:36,573 [INFO] Checking trade setups at 2025-11-17 13:48:36
2025-11-17 13:48:36,573 [INFO] Applying EMA strategy to 1 stocks.
2025-11-17 13:48:47,405 [INFO] Checking trade setups at 2025-11-17 13:48:47
2025-11-17 13:48:47,405 [INFO] Applying EMA strategy to 1 stocks.
2025-11-17 13:48:58,709 [INFO] Checking trade setups at 2025-11-17 13:48:58
2025-11-17 13:48:58,713 [INFO] Applying EMA strategy to 1 stocks.
2025-11-17 13:49:09,524 [INFO] Checking trade setups at 2025-11-17 13:49:09
2025-11-17 13:49:09,524 [INFO] Applying EMA strategy to 1 stocks.
2025-11-17 13:49:20,312 [INFO] Checking trade setups at 2025-11-17 13:49:20
2025-11-17 13:49:20,312 [INFO] Applying EMA strategy to 1 stocks.
2025-11-17 13:49:31,066 [INFO] Checking trade setups at 2025-11-17 13:49:31
2025-11-17 13:49:31,066 [INFO] Applying EMA strategy to 1 stocks.
2025-11-17 13:49:41,918 [INFO] Checking trade setups at 2025-11-17 13:49:41
2025-11-17 13:49:41,918 [INFO] Applying EMA strategy to 1 stocks.
2025-11-17 13:49:52,738 [INFO] Checking trade setups at 2025-11-17 13:49:52
2025-11-17 13:49:52,738 [INFO] Applying EMA strategy to 1 stocks.
2025-11-17 13:50:03,605 [INFO] Checking trade setups at 2025-11-17 13:50:03
2025-11-17 13:50:03,605 [INFO] Applying EMA strategy to 1 stocks.
2025-11-17 13:50:14,244 [INFO] Checking trade setups at 2025-11-17 13:50:14
2025-11-17 13:50:14,244 [INFO] Applying EMA strategy to 1 stocks.
2025-11-17 13:50:24,903 [INFO] Checking trade setups at 2025-11-17 13:50:24
2025-11-17 13:50:24,904 [INFO] Applying EMA strategy to 1 stocks.
2025-11-17 13:50:35,757 [INFO] Checking trade setups at 2025-11-17 13:50:35
2025-11-17 13:50:35,757 [INFO] Applying EMA strategy to 1 stocks.
2025-11-17 13:50:46,499 [INFO] Checking trade setups at 2025-11-17 13:50:46
2025-11-17 13:50:46,499 [INFO] Applying EMA strategy to 1 stocks.
2025-11-17 13:50:57,207 [INFO] Checking trade setups at 2025-11-17 13:50:57
2025-11-17 13:50:57,207 [INFO] Applying EMA strategy to 1 stocks.
2025-11-17 13:51:07,910 [INFO] Checking trade setups at 2025-11-17 13:51:07
2025-11-17 13:51:07,910 [INFO] Applying EMA strategy to 1 stocks.
2025-11-17 13:51:18,778 [INFO] Checking trade setups at 2025-11-17 13:51:18
2025-11-17 13:51:18,778 [INFO] Applying EMA strategy to 1 stocks.
2025-11-17 13:51:29,715 [INFO] Checking trade setups at 2025-11-17 13:51:29
2025-11-17 13:51:29,715 [INFO] Applying EMA strategy to 1 stocks.
2025-11-17 13:51:40,480 [INFO] Checking trade setups at 2025-11-17 13:51:40
2025-11-17 13:51:40,480 [INFO] Applying EMA strategy to 1 stocks.
2025-11-17 13:51:51,429 [INFO] Checking trade setups at 2025-11-17 13:51:51
2025-11-17 13:51:51,431 [INFO] Applying EMA strategy to 1 stocks.
2025-11-17 13:52:02,079 [INFO] Checking trade setups at 2025-11-17 13:52:02
2025-11-17 13:52:02,079 [INFO] Applying EMA strategy to 1 stocks.
2025-11-17 13:52:12,779 [INFO] Checking trade setups at 2025-11-17 13:52:12
2025-11-17 13:52:12,779 [INFO] Applying EMA strategy to 1 stocks.
2025-11-17 13:52:23,585 [INFO] Checking trade setups at 2025-11-17 13:52:23
2025-11-17 13:52:23,585 [INFO] Applying EMA strategy to 1 stocks.
2025-11-17 13:52:34,643 [INFO] Checking trade setups at 2025-11-17 13:52:34
2025-11-17 13:52:34,643 [INFO] Applying EMA strategy to 1 stocks.
2025-11-17 13:52:45,605 [INFO] Checking trade setups at 2025-11-17 13:52:45
2025-11-17 13:52:45,605 [INFO] Applying EMA strategy to 1 stocks.
2025-11-17 13:52:57,696 [INFO] Checking trade setups at 2025-11-17 13:52:57
2025-11-17 13:52:57,696 [INFO] Applying EMA strategy to 1 stocks.
2025-11-17 13:53:08,493 [INFO] Checking trade setups at 2025-11-17 13:53:08
2025-11-17 13:53:08,495 [INFO] Applying EMA strategy to 1 stocks.
2025-11-17 13:53:19,299 [INFO] Checking trade setups at 2025-11-17 13:53:19
2025-11-17 13:53:19,301 [INFO] Applying EMA strategy to 1 stocks.
2025-11-17 13:53:29,939 [INFO] Checking trade setups at 2025-11-17 13:53:29
2025-11-17 13:53:29,939 [INFO] Applying EMA strategy to 1 stocks.
2025-11-17 13:53:40,804 [INFO] Checking trade setups at 2025-11-17 13:53:40
2025-11-17 13:53:40,804 [INFO] Applying EMA strategy to 1 stocks.
2025-11-17 13:53:51,746 [INFO] Checking trade setups at 2025-11-17 13:53:51
2025-11-17 13:53:51,746 [INFO] Applying EMA strategy to 1 stocks.
2025-11-17 13:54:02,826 [INFO] Checking trade setups at 2025-11-17 13:54:02
2025-11-17 13:54:02,826 [INFO] Applying EMA strategy to 1 stocks.
2025-11-17 13:54:13,893 [INFO] Checking trade setups at 2025-11-17 13:54:13
2025-11-17 13:54:13,893 [INFO] Applying EMA strategy to 1 stocks.
2025-11-17 13:54:25,675 [INFO] Checking trade setups at 2025-11-17 13:54:25
2025-11-17 13:54:25,676 [INFO] Applying EMA strategy to 1 stocks.
2025-11-17 13:54:36,609 [INFO] Checking trade setups at 2025-11-17 13:54:36
2025-11-17 13:54:36,612 [INFO] Applying EMA strategy to 1 stocks.
2025-11-17 13:54:47,455 [INFO] Checking trade setups at 2025-11-17 13:54:47
2025-11-17 13:54:47,455 [INFO] Applying EMA strategy to 1 stocks.
2025-11-17 13:54:58,247 [INFO] Checking trade setups at 2025-11-17 13:54:58
2025-11-17 13:54:58,247 [INFO] Applying EMA strategy to 1 stocks.
2025-11-17 13:55:09,075 [INFO] Checking trade setups at 2025-11-17 13:55:09
2025-11-17 13:55:09,075 [INFO] Applying EMA strategy to 1 stocks.
2025-11-17 13:55:20,061 [INFO] Checking trade setups at 2025-11-17 13:55:20
2025-11-17 13:55:20,061 [INFO] Applying EMA strategy to 1 stocks.
2025-11-17 13:55:30,930 [INFO] Checking trade setups at 2025-11-17 13:55:30
2025-11-17 13:55:30,930 [INFO] Applying EMA strategy to 1 stocks.
2025-11-17 13:55:42,036 [INFO] Checking trade setups at 2025-11-17 13:55:42
2025-11-17 13:55:42,036 [INFO] Applying EMA strategy to 1 stocks.
2025-11-17 13:55:52,815 [INFO] Checking trade setups at 2025-11-17 13:55:52
2025-11-17 13:55:52,815 [INFO] Applying EMA strategy to 1 stocks.
2025-11-17 13:56:03,677 [INFO] Checking trade setups at 2025-11-17 13:56:03
2025-11-17 13:56:03,677 [INFO] Applying EMA strategy to 1 stocks.
2025-11-17 13:56:14,508 [INFO] Checking trade setups at 2025-11-17 13:56:14
2025-11-17 13:56:14,508 [INFO] Applying EMA strategy to 1 stocks.
2025-11-17 13:56:25,267 [INFO] Checking trade setups at 2025-11-17 13:56:25
2025-11-17 13:56:25,267 [INFO] Applying EMA strategy to 1 stocks.
2025-11-17 13:56:36,206 [INFO] Checking trade setups at 2025-11-17 13:56:36
2025-11-17 13:56:36,206 [INFO] Applying EMA strategy to 1 stocks.
2025-11-17 13:56:47,071 [INFO] Checking trade setups at 2025-11-17 13:56:47
2025-11-17 13:56:47,071 [INFO] Applying EMA strategy to 1 stocks.
2025-11-17 13:56:57,937 [INFO] Checking trade setups at 2025-11-17 13:56:57
2025-11-17 13:56:57,938 [INFO] Applying EMA strategy to 1 stocks.
2025-11-17 13:57:08,792 [INFO] Checking trade setups at 2025-11-17 13:57:08
2025-11-17 13:57:08,792 [INFO] Applying EMA strategy to 1 stocks.
2025-11-17 13:57:19,833 [INFO] Checking trade setups at 2025-11-17 13:57:19
2025-11-17 13:57:19,833 [INFO] Applying EMA strategy to 1 stocks.
2025-11-17 13:57:30,690 [INFO] Checking trade setups at 2025-11-17 13:57:30
2025-11-17 13:57:30,690 [INFO] Applying EMA strategy to 1 stocks.
2025-11-17 13:57:41,574 [INFO] Checking trade setups at 2025-11-17 13:57:41
2025-11-17 13:57:41,574 [INFO] Applying EMA strategy to 1 stocks.
2025-11-17 13:57:52,309 [INFO] Checking trade setups at 2025-11-17 13:57:52
2025-11-17 13:57:52,309 [INFO] Applying EMA strategy to 1 stocks.
2025-11-17 13:58:03,715 [INFO] Checking trade setups at 2025-11-17 13:58:03
2025-11-17 13:58:03,715 [INFO] Applying EMA strategy to 1 stocks.
2025-11-17 13:58:14,841 [INFO] Checking trade setups at 2025-11-17 13:58:14
2025-11-17 13:58:14,841 [INFO] Applying EMA strategy to 1 stocks.
2025-11-17 13:58:25,815 [INFO] Checking trade setups at 2025-11-17 13:58:25
2025-11-17 13:58:25,815 [INFO] Applying EMA strategy to 1 stocks.
2025-11-17 13:58:36,554 [INFO] Checking trade setups at 2025-11-17 13:58:36
2025-11-17 13:58:36,554 [INFO] Applying EMA strategy to 1 stocks.
2025-11-17 13:58:47,632 [INFO] Checking trade setups at 2025-11-17 13:58:47
2025-11-17 13:58:47,633 [INFO] Applying EMA strategy to 1 stocks.
2025-11-17 13:58:58,416 [INFO] Checking trade setups at 2025-11-17 13:58:58
2025-11-17 13:58:58,416 [INFO] Applying EMA strategy to 1 stocks.
2025-11-17 13:59:09,214 [INFO] Checking trade setups at 2025-11-17 13:59:09
2025-11-17 13:59:09,214 [INFO] Applying EMA strategy to 1 stocks.
2025-11-17 13:59:19,925 [INFO] Checking trade setups at 2025-11-17 13:59:19
2025-11-17 13:59:19,925 [INFO] Applying EMA strategy to 1 stocks.
2025-11-17 13:59:31,007 [INFO] Checking trade setups at 2025-11-17 13:59:31
2025-11-17 13:59:31,007 [INFO] Applying EMA strategy to 1 stocks.
2025-11-17 13:59:41,762 [INFO] Checking trade setups at 2025-11-17 13:59:41
2025-11-17 13:59:41,762 [INFO] Applying EMA strategy to 1 stocks.
2025-11-17 13:59:52,738 [INFO] Checking trade setups at 2025-11-17 13:59:52
2025-11-17 13:59:52,739 [INFO] Applying EMA strategy to 1 stocks.
2025-11-17 14:00:03,483 [INFO] Checking trade setups at 2025-11-17 14:00:03
2025-11-17 14:00:03,483 [INFO] Applying EMA strategy to 1 stocks.
2025-11-17 14:00:14,331 [INFO] Checking trade setups at 2025-11-17 14:00:14
2025-11-17 14:00:14,331 [INFO] Applying EMA strategy to 1 stocks.
2025-11-17 14:00:25,346 [INFO] Checking trade setups at 2025-11-17 14:00:25
2025-11-17 14:00:25,346 [INFO] Applying EMA strategy to 1 stocks.
2025-11-17 14:00:36,144 [INFO] Checking trade setups at 2025-11-17 14:00:36
2025-11-17 14:00:36,144 [INFO] Applying EMA strategy to 1 stocks.
2025-11-17 14:00:47,212 [INFO] Checking trade setups at 2025-11-17 14:00:47
2025-11-17 14:00:47,212 [INFO] Applying EMA strategy to 1 stocks.
2025-11-17 14:00:57,948 [INFO] Checking trade setups at 2025-11-17 14:00:57
2025-11-17 14:00:57,949 [INFO] Applying EMA strategy to 1 stocks.
2025-11-17 14:01:08,808 [INFO] Checking trade setups at 2025-11-17 14:01:08
2025-11-17 14:01:08,808 [INFO] Applying EMA strategy to 1 stocks.
2025-11-17 14:01:19,581 [INFO] Checking trade setups at 2025-11-17 14:01:19
2025-11-17 14:01:19,581 [INFO] Applying EMA strategy to 1 stocks.
2025-11-17 14:01:30,430 [INFO] Checking trade setups at 2025-11-17 14:01:30
2025-11-17 14:01:30,431 [INFO] Applying EMA strategy to 1 stocks.
2025-11-17 14:01:41,447 [INFO] Checking trade setups at 2025-11-17 14:01:41
2025-11-17 14:01:41,478 [INFO] Applying EMA strategy to 1 stocks.
2025-11-17 14:01:52,385 [INFO] Checking trade setups at 2025-11-17 14:01:52
2025-11-17 14:01:52,385 [INFO] Applying EMA strategy to 1 stocks.
2025-11-17 14:02:03,100 [INFO] Checking trade setups at 2025-11-17 14:02:03
2025-11-17 14:02:03,100 [INFO] Applying EMA strategy to 1 stocks.
2025-11-17 14:02:14,180 [INFO] Checking trade setups at 2025-11-17 14:02:14
2025-11-17 14:02:14,180 [INFO] Applying EMA strategy to 1 stocks.
2025-11-17 14:02:25,004 [INFO] Checking trade setups at 2025-11-17 14:02:25
2025-11-17 14:02:25,005 [INFO] Applying EMA strategy to 1 stocks.
2025-11-17 14:02:35,767 [INFO] Checking trade setups at 2025-11-17 14:02:35
2025-11-17 14:02:35,767 [INFO] Applying EMA strategy to 1 stocks.
2025-11-17 14:02:46,631 [INFO] Checking trade setups at 2025-11-17 14:02:46
2025-11-17 14:02:46,631 [INFO] Applying EMA strategy to 1 stocks.
2025-11-17 14:02:57,473 [INFO] Checking trade setups at 2025-11-17 14:02:57
2025-11-17 14:02:57,473 [INFO] Applying EMA strategy to 1 stocks.
2025-11-17 14:03:08,148 [INFO] Checking trade setups at 2025-11-17 14:03:08
2025-11-17 14:03:08,148 [INFO] Applying EMA strategy to 1 stocks.
2025-11-17 14:03:18,978 [INFO] Checking trade setups at 2025-11-17 14:03:18
2025-11-17 14:03:18,978 [INFO] Applying EMA strategy to 1 stocks.
2025-11-17 14:03:29,674 [INFO] Checking trade setups at 2025-11-17 14:03:29
2025-11-17 14:03:29,674 [INFO] Applying EMA strategy to 1 stocks.
2025-11-17 14:03:41,429 [INFO] Checking trade setups at 2025-11-17 14:03:41
2025-11-17 14:03:41,429 [INFO] Applying EMA strategy to 1 stocks.
2025-11-17 14:03:52,345 [INFO] Checking trade setups at 2025-11-17 14:03:52
2025-11-17 14:03:52,345 [INFO] Applying EMA strategy to 1 stocks.
2025-11-17 14:04:03,111 [INFO] Checking trade setups at 2025-11-17 14:04:03
2025-11-17 14:04:03,112 [INFO] Applying EMA strategy to 1 stocks.
2025-11-17 14:04:14,266 [INFO] Checking trade setups at 2025-11-17 14:04:14
2025-11-17 14:04:14,267 [INFO] Applying EMA strategy to 1 stocks.
2025-11-17 14:04:25,039 [INFO] Checking trade setups at 2025-11-17 14:04:25
2025-11-17 14:04:25,039 [INFO] Applying EMA strategy to 1 stocks.
2025-11-17 14:04:35,864 [INFO] Checking trade setups at 2025-11-17 14:04:35
2025-11-17 14:04:35,864 [INFO] Applying EMA strategy to 1 stocks.
2025-11-17 14:04:46,794 [INFO] Checking trade setups at 2025-11-17 14:04:46
2025-11-17 14:04:46,795 [INFO] Applying EMA strategy to 1 stocks.
2025-11-17 14:04:57,579 [INFO] Checking trade setups at 2025-11-17 14:04:57
2025-11-17 14:04:57,579 [INFO] Applying EMA strategy to 1 stocks.
2025-11-17 14:05:08,548 [INFO] Checking trade setups at 2025-11-17 14:05:08
2025-11-17 14:05:08,548 [INFO] Applying EMA strategy to 1 stocks.
2025-11-17 14:05:19,692 [INFO] Checking trade setups at 2025-11-17 14:05:19
2025-11-17 14:05:19,693 [INFO] Applying EMA strategy to 1 stocks.
2025-11-17 14:05:30,374 [INFO] Checking trade setups at 2025-11-17 14:05:30
2025-11-17 14:05:30,374 [INFO] Applying EMA strategy to 1 stocks.
2025-11-17 14:05:41,591 [INFO] Checking trade setups at 2025-11-17 14:05:41
2025-11-17 14:05:41,591 [INFO] Applying EMA strategy to 1 stocks.
2025-11-17 14:05:52,362 [INFO] Checking trade setups at 2025-11-17 14:05:52
2025-11-17 14:05:52,362 [INFO] Applying EMA strategy to 1 stocks.
2025-11-17 14:06:03,454 [INFO] Checking trade setups at 2025-11-17 14:06:03
2025-11-17 14:06:03,454 [INFO] Applying EMA strategy to 1 stocks.
2025-11-17 14:06:14,441 [INFO] Checking trade setups at 2025-11-17 14:06:14
2025-11-17 14:06:14,441 [INFO] Applying EMA strategy to 1 stocks.
2025-11-17 14:06:25,263 [INFO] Checking trade setups at 2025-11-17 14:06:25
2025-11-17 14:06:25,263 [INFO] Applying EMA strategy to 1 stocks.
2025-11-17 14:06:36,019 [INFO] Checking trade setups at 2025-11-17 14:06:36
2025-11-17 14:06:36,022 [INFO] Applying EMA strategy to 1 stocks.
2025-11-17 14:06:46,943 [INFO] Checking trade setups at 2025-11-17 14:06:46
2025-11-17 14:06:46,943 [INFO] Applying EMA strategy to 1 stocks.
2025-11-17 14:06:57,804 [INFO] Checking trade setups at 2025-11-17 14:06:57
2025-11-17 14:06:57,804 [INFO] Applying EMA strategy to 1 stocks.
2025-11-17 14:07:08,754 [INFO] Checking trade setups at 2025-11-17 14:07:08
2025-11-17 14:07:08,754 [INFO] Applying EMA strategy to 1 stocks.
2025-11-17 14:07:19,730 [INFO] Checking trade setups at 2025-11-17 14:07:19
2025-11-17 14:07:19,730 [INFO] Applying EMA strategy to 1 stocks.
2025-11-17 14:07:30,364 [INFO] Checking trade setups at 2025-11-17 14:07:30
2025-11-17 14:07:30,365 [INFO] Applying EMA strategy to 1 stocks.
2025-11-17 14:07:41,455 [INFO] Checking trade setups at 2025-11-17 14:07:41
2025-11-17 14:07:41,455 [INFO] Applying EMA strategy to 1 stocks.
2025-11-17 14:07:52,182 [INFO] Checking trade setups at 2025-11-17 14:07:52
2025-11-17 14:07:52,182 [INFO] Applying EMA strategy to 1 stocks.
2025-11-17 14:08:02,971 [INFO] Checking trade setups at 2025-11-17 14:08:02
2025-11-17 14:08:02,971 [INFO] Applying EMA strategy to 1 stocks.
2025-11-17 14:08:13,998 [INFO] Checking trade setups at 2025-11-17 14:08:13
2025-11-17 14:08:13,999 [INFO] Applying EMA strategy to 1 stocks.
2025-11-17 14:08:25,173 [INFO] Checking trade setups at 2025-11-17 14:08:25
2025-11-17 14:08:25,173 [INFO] Applying EMA strategy to 1 stocks.
2025-11-17 14:08:35,832 [INFO] Checking trade setups at 2025-11-17 14:08:35
2025-11-17 14:08:35,832 [INFO] Applying EMA strategy to 1 stocks.
2025-11-17 14:08:46,765 [INFO] Checking trade setups at 2025-11-17 14:08:46
2025-11-17 14:08:46,765 [INFO] Applying EMA strategy to 1 stocks.
2025-11-17 14:08:57,626 [INFO] Checking trade setups at 2025-11-17 14:08:57
2025-11-17 14:08:57,626 [INFO] Applying EMA strategy to 1 stocks.
2025-11-17 14:09:08,419 [INFO] Checking trade setups at 2025-11-17 14:09:08
2025-11-17 14:09:08,419 [INFO] Applying EMA strategy to 1 stocks.
2025-11-17 14:09:19,131 [INFO] Checking trade setups at 2025-11-17 14:09:19
2025-11-17 14:09:19,131 [INFO] Applying EMA strategy to 1 stocks.
2025-11-17 14:09:30,290 [INFO] Checking trade setups at 2025-11-17 14:09:30
2025-11-17 14:09:30,290 [INFO] Applying EMA strategy to 1 stocks.
2025-11-17 14:09:41,043 [INFO] Checking trade setups at 2025-11-17 14:09:41
2025-11-17 14:09:41,043 [INFO] Applying EMA strategy to 1 stocks.
2025-11-17 14:09:51,722 [INFO] Checking trade setups at 2025-11-17 14:09:51
2025-11-17 14:09:51,722 [INFO] Applying EMA strategy to 1 stocks.
2025-11-17 14:10:02,860 [INFO] Checking trade setups at 2025-11-17 14:10:02
2025-11-17 14:10:02,860 [INFO] Applying EMA strategy to 1 stocks.
2025-11-17 14:10:13,910 [INFO] Checking trade setups at 2025-11-17 14:10:13
2025-11-17 14:10:13,910 [INFO] Applying EMA strategy to 1 stocks.
2025-11-17 14:10:24,959 [INFO] Checking trade setups at 2025-11-17 14:10:24
2025-11-17 14:10:24,959 [INFO] Applying EMA strategy to 1 stocks.
2025-11-17 14:10:35,919 [INFO] Checking trade setups at 2025-11-17 14:10:35
2025-11-17 14:10:35,920 [INFO] Applying EMA strategy to 1 stocks.
2025-11-17 14:10:46,776 [INFO] Checking trade setups at 2025-11-17 14:10:46
2025-11-17 14:10:46,777 [INFO] Applying EMA strategy to 1 stocks.
2025-11-17 14:10:57,692 [INFO] Checking trade setups at 2025-11-17 14:10:57
2025-11-17 14:10:57,692 [INFO] Applying EMA strategy to 1 stocks.
2025-11-17 14:11:08,497 [INFO] Checking trade setups at 2025-11-17 14:11:08
2025-11-17 14:11:08,497 [INFO] Applying EMA strategy to 1 stocks.
2025-11-17 14:11:19,671 [INFO] Checking trade setups at 2025-11-17 14:11:19
2025-11-17 14:11:19,672 [INFO] Applying EMA strategy to 1 stocks.
2025-11-17 14:11:30,394 [INFO] Checking trade setups at 2025-11-17 14:11:30
2025-11-17 14:11:30,394 [INFO] Applying EMA strategy to 1 stocks.
2025-11-17 14:11:41,169 [INFO] Checking trade setups at 2025-11-17 14:11:41
2025-11-17 14:11:41,169 [INFO] Applying EMA strategy to 1 stocks.
2025-11-17 14:11:51,822 [INFO] Checking trade setups at 2025-11-17 14:11:51
2025-11-17 14:11:51,823 [INFO] Applying EMA strategy to 1 stocks.
2025-11-17 14:12:02,865 [INFO] Checking trade setups at 2025-11-17 14:12:02
2025-11-17 14:12:02,865 [INFO] Applying EMA strategy to 1 stocks.
2025-11-17 14:12:13,520 [INFO] Checking trade setups at 2025-11-17 14:12:13
2025-11-17 14:12:13,520 [INFO] Applying EMA strategy to 1 stocks.
2025-11-17 14:12:24,273 [INFO] Checking trade setups at 2025-11-17 14:12:24
2025-11-17 14:12:24,273 [INFO] Applying EMA strategy to 1 stocks.
2025-11-17 14:12:35,185 [INFO] Checking trade setups at 2025-11-17 14:12:35
2025-11-17 14:12:35,185 [INFO] Applying EMA strategy to 1 stocks.
2025-11-17 14:12:45,743 [INFO] Checking trade setups at 2025-11-17 14:12:45
2025-11-17 14:12:45,743 [INFO] Applying EMA strategy to 1 stocks.
2025-11-17 14:12:57,070 [INFO] Checking trade setups at 2025-11-17 14:12:57
2025-11-17 14:12:57,070 [INFO] Applying EMA strategy to 1 stocks.
2025-11-17 14:13:08,508 [INFO] Checking trade setups at 2025-11-17 14:13:08
2025-11-17 14:13:08,508 [INFO] Applying EMA strategy to 1 stocks.
2025-11-17 14:13:19,205 [INFO] Checking trade setups at 2025-11-17 14:13:19
2025-11-17 14:13:19,205 [INFO] Applying EMA strategy to 1 stocks.
2025-11-17 14:13:29,908 [INFO] Checking trade setups at 2025-11-17 14:13:29
2025-11-17 14:13:29,908 [INFO] Applying EMA strategy to 1 stocks.
2025-11-17 14:13:40,763 [INFO] Checking trade setups at 2025-11-17 14:13:40
2025-11-17 14:13:40,763 [INFO] Applying EMA strategy to 1 stocks.
2025-11-17 14:13:51,455 [INFO] Checking trade setups at 2025-11-17 14:13:51
2025-11-17 14:13:51,455 [INFO] Applying EMA strategy to 1 stocks.
2025-11-17 14:14:02,388 [INFO] Checking trade setups at 2025-11-17 14:14:02
2025-11-17 14:14:02,388 [INFO] Applying EMA strategy to 1 stocks.
2025-11-17 14:14:13,431 [INFO] Checking trade setups at 2025-11-17 14:14:13
2025-11-17 14:14:13,431 [INFO] Applying EMA strategy to 1 stocks.
2025-11-17 14:14:24,500 [INFO] Checking trade setups at 2025-11-17 14:14:24
2025-11-17 14:14:24,500 [INFO] Applying EMA strategy to 1 stocks.
2025-11-17 14:14:35,246 [INFO] Checking trade setups at 2025-11-17 14:14:35
2025-11-17 14:14:35,246 [INFO] Applying EMA strategy to 1 stocks.
2025-11-17 14:14:46,186 [INFO] Checking trade setups at 2025-11-17 14:14:46
2025-11-17 14:14:46,186 [INFO] Applying EMA strategy to 1 stocks.
2025-11-17 14:14:57,076 [INFO] Checking trade setups at 2025-11-17 14:14:57
2025-11-17 14:14:57,076 [INFO] Applying EMA strategy to 1 stocks.
2025-11-17 14:15:07,798 [INFO] Checking trade setups at 2025-11-17 14:15:07
2025-11-17 14:15:07,798 [INFO] Applying EMA strategy to 1 stocks.
2025-11-17 14:15:18,512 [INFO] Checking trade setups at 2025-11-17 14:15:18
2025-11-17 14:15:18,512 [INFO] Applying EMA strategy to 1 stocks.
2025-11-17 14:15:29,331 [INFO] Checking trade setups at 2025-11-17 14:15:29
2025-11-17 14:15:29,365 [INFO] Applying EMA strategy to 1 stocks.
2025-11-17 14:15:40,245 [INFO] Checking trade setups at 2025-11-17 14:15:40
2025-11-17 14:15:40,245 [INFO] Applying EMA strategy to 1 stocks.
2025-11-17 14:15:51,153 [INFO] Checking trade setups at 2025-11-17 14:15:51
2025-11-17 14:15:51,153 [INFO] Applying EMA strategy to 1 stocks.
2025-11-17 14:16:02,093 [INFO] Checking trade setups at 2025-11-17 14:16:02
2025-11-17 14:16:02,093 [INFO] Applying EMA strategy to 1 stocks.
2025-11-17 14:16:12,734 [INFO] Checking trade setups at 2025-11-17 14:16:12
2025-11-17 14:16:12,734 [INFO] Applying EMA strategy to 1 stocks.
2025-11-17 14:16:23,821 [INFO] Checking trade setups at 2025-11-17 14:16:23
2025-11-17 14:16:23,821 [INFO] Applying EMA strategy to 1 stocks.
2025-11-17 14:16:34,645 [INFO] Checking trade setups at 2025-11-17 14:16:34
2025-11-17 14:16:34,645 [INFO] Applying EMA strategy to 1 stocks.
2025-11-17 14:16:45,600 [INFO] Checking trade setups at 2025-11-17 14:16:45
2025-11-17 14:16:45,600 [INFO] Applying EMA strategy to 1 stocks.
2025-11-17 14:16:56,469 [INFO] Checking trade setups at 2025-11-17 14:16:56
2025-11-17 14:16:56,469 [INFO] Applying EMA strategy to 1 stocks.
2025-11-17 14:17:07,234 [INFO] Checking trade setups at 2025-11-17 14:17:07
2025-11-17 14:17:07,234 [INFO] Applying EMA strategy to 1 stocks.
2025-11-17 14:17:18,069 [INFO] Checking trade setups at 2025-11-17 14:17:18
2025-11-17 14:17:18,069 [INFO] Applying EMA strategy to 1 stocks.
2025-11-17 14:17:28,808 [INFO] Checking trade setups at 2025-11-17 14:17:28
2025-11-17 14:17:28,808 [INFO] Applying EMA strategy to 1 stocks.
2025-11-17 14:17:39,696 [INFO] Checking trade setups at 2025-11-17 14:17:39
2025-11-17 14:17:39,696 [INFO] Applying EMA strategy to 1 stocks.
2025-11-17 14:17:50,619 [INFO] Checking trade setups at 2025-11-17 14:17:50
2025-11-17 14:17:50,619 [INFO] Applying EMA strategy to 1 stocks.
2025-11-17 14:18:01,477 [INFO] Checking trade setups at 2025-11-17 14:18:01
2025-11-17 14:18:01,477 [INFO] Applying EMA strategy to 1 stocks.
2025-11-17 14:18:12,540 [INFO] Checking trade setups at 2025-11-17 14:18:12
2025-11-17 14:18:12,541 [INFO] Applying EMA strategy to 1 stocks.
2025-11-17 14:18:23,429 [INFO] Checking trade setups at 2025-11-17 14:18:23
2025-11-17 14:18:23,429 [INFO] Applying EMA strategy to 1 stocks.
2025-11-17 14:18:34,052 [INFO] Checking trade setups at 2025-11-17 14:18:34
2025-11-17 14:18:34,052 [INFO] Applying EMA strategy to 1 stocks.
2025-11-17 14:18:44,754 [INFO] Checking trade setups at 2025-11-17 14:18:44
2025-11-17 14:18:44,754 [INFO] Applying EMA strategy to 1 stocks.
2025-11-17 14:18:55,578 [INFO] Checking trade setups at 2025-11-17 14:18:55
2025-11-17 14:18:55,578 [INFO] Applying EMA strategy to 1 stocks.
2025-11-17 14:19:06,325 [INFO] Checking trade setups at 2025-11-17 14:19:06
2025-11-17 14:19:06,325 [INFO] Applying EMA strategy to 1 stocks.
2025-11-17 14:19:17,481 [INFO] Checking trade setups at 2025-11-17 14:19:17
2025-11-17 14:19:17,481 [INFO] Applying EMA strategy to 1 stocks.
2025-11-17 14:19:28,452 [INFO] Checking trade setups at 2025-11-17 14:19:28
2025-11-17 14:19:28,452 [INFO] Applying EMA strategy to 1 stocks.
2025-11-17 14:19:41,384 [INFO] Checking trade setups at 2025-11-17 14:19:41
2025-11-17 14:19:41,384 [INFO] Applying EMA strategy to 1 stocks.
2025-11-17 14:19:52,189 [INFO] Checking trade setups at 2025-11-17 14:19:52
2025-11-17 14:19:52,189 [INFO] Applying EMA strategy to 1 stocks.
2025-11-17 14:20:03,269 [INFO] Checking trade setups at 2025-11-17 14:20:03
2025-11-17 14:20:03,269 [INFO] Applying EMA strategy to 1 stocks.
2025-11-17 14:20:14,289 [INFO] Checking trade setups at 2025-11-17 14:20:14
2025-11-17 14:20:14,289 [INFO] Applying EMA strategy to 1 stocks.
2025-11-17 14:20:25,044 [INFO] Checking trade setups at 2025-11-17 14:20:25
2025-11-17 14:20:25,044 [INFO] Applying EMA strategy to 1 stocks.
2025-11-17 14:20:35,795 [INFO] Checking trade setups at 2025-11-17 14:20:35
2025-11-17 14:20:35,795 [INFO] Applying EMA strategy to 1 stocks.
2025-11-17 14:20:49,080 [INFO] Checking trade setups at 2025-11-17 14:20:49
2025-11-17 14:20:49,080 [INFO] Applying EMA strategy to 1 stocks.
2025-11-17 14:21:00,793 [INFO] Checking trade setups at 2025-11-17 14:21:00
2025-11-17 14:21:00,793 [INFO] Applying EMA strategy to 1 stocks.
2025-11-17 14:21:11,775 [INFO] Checking trade setups at 2025-11-17 14:21:11
2025-11-17 14:21:11,775 [INFO] Applying EMA strategy to 1 stocks.
2025-11-17 14:21:22,514 [INFO] Checking trade setups at 2025-11-17 14:21:22
2025-11-17 14:21:22,514 [INFO] Applying EMA strategy to 1 stocks.
2025-11-17 14:21:33,276 [INFO] Checking trade setups at 2025-11-17 14:21:33
2025-11-17 14:21:33,276 [INFO] Applying EMA strategy to 1 stocks.
2025-11-17 14:21:44,551 [INFO] Checking trade setups at 2025-11-17 14:21:44
2025-11-17 14:21:44,551 [INFO] Applying EMA strategy to 1 stocks.
2025-11-17 14:21:55,271 [INFO] Checking trade setups at 2025-11-17 14:21:55
2025-11-17 14:21:55,271 [INFO] Applying EMA strategy to 1 stocks.
2025-11-17 14:22:06,756 [INFO] Checking trade setups at 2025-11-17 14:22:06
2025-11-17 14:22:06,756 [INFO] Applying EMA strategy to 1 stocks.
2025-11-17 14:22:17,493 [INFO] Checking trade setups at 2025-11-17 14:22:17
2025-11-17 14:22:17,493 [INFO] Applying EMA strategy to 1 stocks.
2025-11-17 14:22:28,444 [INFO] Checking trade setups at 2025-11-17 14:22:28
2025-11-17 14:22:28,444 [INFO] Applying EMA strategy to 1 stocks.
2025-11-17 14:22:39,524 [INFO] Checking trade setups at 2025-11-17 14:22:39
2025-11-17 14:22:39,526 [INFO] Applying EMA strategy to 1 stocks.
2025-11-17 14:22:50,154 [INFO] Checking trade setups at 2025-11-17 14:22:50
2025-11-17 14:22:50,154 [INFO] Applying EMA strategy to 1 stocks.
2025-11-17 14:23:01,018 [INFO] Checking trade setups at 2025-11-17 14:23:01
2025-11-17 14:23:01,018 [INFO] Applying EMA strategy to 1 stocks.
2025-11-17 14:23:12,290 [INFO] Checking trade setups at 2025-11-17 14:23:12
2025-11-17 14:23:12,290 [INFO] Applying EMA strategy to 1 stocks.
2025-11-17 14:23:23,131 [INFO] Checking trade setups at 2025-11-17 14:23:23
2025-11-17 14:23:23,131 [INFO] Applying EMA strategy to 1 stocks.
2025-11-17 14:23:33,990 [INFO] Checking trade setups at 2025-11-17 14:23:33
2025-11-17 14:23:33,990 [INFO] Applying EMA strategy to 1 stocks.
2025-11-17 14:23:44,790 [INFO] Checking trade setups at 2025-11-17 14:23:44
2025-11-17 14:23:44,790 [INFO] Applying EMA strategy to 1 stocks.
2025-11-17 14:23:55,613 [INFO] Checking trade setups at 2025-11-17 14:23:55
2025-11-17 14:23:55,613 [INFO] Applying EMA strategy to 1 stocks.
2025-11-17 14:24:06,444 [INFO] Checking trade setups at 2025-11-17 14:24:06
2025-11-17 14:24:06,444 [INFO] Applying EMA strategy to 1 stocks.
2025-11-17 14:24:17,498 [INFO] Checking trade setups at 2025-11-17 14:24:17
2025-11-17 14:24:17,498 [INFO] Applying EMA strategy to 1 stocks.
2025-11-17 14:24:28,464 [INFO] Checking trade setups at 2025-11-17 14:24:28
2025-11-17 14:24:28,464 [INFO] Applying EMA strategy to 1 stocks.
2025-11-17 14:24:39,535 [INFO] Checking trade setups at 2025-11-17 14:24:39
2025-11-17 14:24:39,535 [INFO] Applying EMA strategy to 1 stocks.
2025-11-17 14:24:50,309 [INFO] Checking trade setups at 2025-11-17 14:24:50
2025-11-17 14:24:50,309 [INFO] Applying EMA strategy to 1 stocks.
2025-11-17 14:25:01,335 [INFO] Checking trade setups at 2025-11-17 14:25:01
2025-11-17 14:25:01,335 [INFO] Applying EMA strategy to 1 stocks.
2025-11-17 14:25:14,039 [INFO] Checking trade setups at 2025-11-17 14:25:14
2025-11-17 14:25:14,039 [INFO] Applying EMA strategy to 1 stocks.
2025-11-17 14:25:24,836 [INFO] Checking trade setups at 2025-11-17 14:25:24
2025-11-17 14:25:24,837 [INFO] Applying EMA strategy to 1 stocks.
2025-11-17 14:25:35,744 [INFO] Checking trade setups at 2025-11-17 14:25:35
2025-11-17 14:25:35,745 [INFO] Applying EMA strategy to 1 stocks.
2025-11-17 14:25:48,838 [INFO] Checking trade setups at 2025-11-17 14:25:48
2025-11-17 14:25:48,838 [INFO] Applying EMA strategy to 1 stocks.
2025-11-17 14:26:00,220 [INFO] Checking trade setups at 2025-11-17 14:26:00
2025-11-17 14:26:00,220 [INFO] Applying EMA strategy to 1 stocks.
2025-11-17 14:26:11,103 [INFO] Checking trade setups at 2025-11-17 14:26:11
2025-11-17 14:26:11,103 [INFO] Applying EMA strategy to 1 stocks.
2025-11-17 14:26:21,831 [INFO] Checking trade setups at 2025-11-17 14:26:21
2025-11-17 14:26:21,831 [INFO] Applying EMA strategy to 1 stocks.
2025-11-17 14:26:32,688 [INFO] Checking trade setups at 2025-11-17 14:26:32
2025-11-17 14:26:32,688 [INFO] Applying EMA strategy to 1 stocks.
2025-11-17 14:26:43,330 [INFO] Checking trade setups at 2025-11-17 14:26:43
2025-11-17 14:26:43,331 [INFO] Applying EMA strategy to 1 stocks.
2025-11-17 14:26:54,289 [INFO] Checking trade setups at 2025-11-17 14:26:54
2025-11-17 14:26:54,291 [INFO] Applying EMA strategy to 1 stocks.
2025-11-17 14:27:05,751 [INFO] Checking trade setups at 2025-11-17 14:27:05
2025-11-17 14:27:05,751 [INFO] Applying EMA strategy to 1 stocks.
2025-11-17 14:27:16,926 [INFO] Checking trade setups at 2025-11-17 14:27:16
2025-11-17 14:27:16,926 [INFO] Applying EMA strategy to 1 stocks.
2025-11-17 14:27:27,769 [INFO] Checking trade setups at 2025-11-17 14:27:27
2025-11-17 14:27:27,769 [INFO] Applying EMA strategy to 1 stocks.
2025-11-17 14:27:39,678 [INFO] Checking trade setups at 2025-11-17 14:27:39
2025-11-17 14:27:39,679 [INFO] Applying EMA strategy to 1 stocks.
2025-11-17 14:27:50,395 [INFO] Checking trade setups at 2025-11-17 14:27:50
2025-11-17 14:27:50,395 [INFO] Applying EMA strategy to 1 stocks.
2025-11-17 14:28:01,216 [INFO] Checking trade setups at 2025-11-17 14:28:01
2025-11-17 14:28:01,216 [INFO] Applying EMA strategy to 1 stocks.
2025-11-17 14:28:12,129 [INFO] Checking trade setups at 2025-11-17 14:28:12
2025-11-17 14:28:12,130 [INFO] Applying EMA strategy to 1 stocks.
2025-11-17 14:28:22,970 [INFO] Checking trade setups at 2025-11-17 14:28:22
2025-11-17 14:28:22,970 [INFO] Applying EMA strategy to 1 stocks.
2025-11-17 14:28:33,616 [INFO] Checking trade setups at 2025-11-17 14:28:33
2025-11-17 14:28:33,616 [INFO] Applying EMA strategy to 1 stocks.
2025-11-17 14:28:44,371 [INFO] Checking trade setups at 2025-11-17 14:28:44
2025-11-17 14:28:44,372 [INFO] Applying EMA strategy to 1 stocks.
2025-11-17 14:28:55,252 [INFO] Checking trade setups at 2025-11-17 14:28:55
2025-11-17 14:28:55,252 [INFO] Applying EMA strategy to 1 stocks.
2025-11-17 14:29:06,082 [INFO] Checking trade setups at 2025-11-17 14:29:06
2025-11-17 14:29:06,084 [INFO] Applying EMA strategy to 1 stocks.
2025-11-17 14:29:17,525 [INFO] Checking trade setups at 2025-11-17 14:29:17
2025-11-17 14:29:17,527 [INFO] Applying EMA strategy to 1 stocks.
2025-11-17 14:29:28,420 [INFO] Checking trade setups at 2025-11-17 14:29:28
2025-11-17 14:29:28,420 [INFO] Applying EMA strategy to 1 stocks.
2025-11-17 14:29:39,113 [INFO] Checking trade setups at 2025-11-17 14:29:39
2025-11-17 14:29:39,113 [INFO] Applying EMA strategy to 1 stocks.
2025-11-17 14:29:50,022 [INFO] Checking trade setups at 2025-11-17 14:29:50
2025-11-17 14:29:50,023 [INFO] Applying EMA strategy to 1 stocks.
2025-11-17 14:30:01,129 [INFO] Checking trade setups at 2025-11-17 14:30:01
2025-11-17 14:30:01,129 [INFO] Applying EMA strategy to 1 stocks.
2025-11-17 14:30:11,903 [INFO] Checking trade setups at 2025-11-17 14:30:11
2025-11-17 14:30:11,905 [INFO] Applying EMA strategy to 1 stocks.
2025-11-17 14:30:22,886 [INFO] Checking trade setups at 2025-11-17 14:30:22
2025-11-17 14:30:22,886 [INFO] Applying EMA strategy to 1 stocks.
2025-11-17 14:30:33,656 [INFO] Checking trade setups at 2025-11-17 14:30:33
2025-11-17 14:30:33,656 [INFO] Applying EMA strategy to 1 stocks.
2025-11-17 14:30:44,589 [INFO] Checking trade setups at 2025-11-17 14:30:44
2025-11-17 14:30:44,589 [INFO] Applying EMA strategy to 1 stocks.
2025-11-17 14:30:55,443 [INFO] Checking trade setups at 2025-11-17 14:30:55
2025-11-17 14:30:55,443 [INFO] Applying EMA strategy to 1 stocks.
2025-11-17 14:31:06,144 [INFO] Checking trade setups at 2025-11-17 14:31:06
2025-11-17 14:31:06,144 [INFO] Applying EMA strategy to 1 stocks.
2025-11-17 14:31:17,256 [INFO] Checking trade setups at 2025-11-17 14:31:17
2025-11-17 14:31:17,256 [INFO] Applying EMA strategy to 1 stocks.
2025-11-17 14:31:28,312 [INFO] Checking trade setups at 2025-11-17 14:31:28
2025-11-17 14:31:28,312 [INFO] Applying EMA strategy to 1 stocks.
2025-11-17 14:31:39,175 [INFO] Checking trade setups at 2025-11-17 14:31:39
2025-11-17 14:31:39,175 [INFO] Applying EMA strategy to 1 stocks.
2025-11-17 14:31:49,935 [INFO] Checking trade setups at 2025-11-17 14:31:49
2025-11-17 14:31:49,935 [INFO] Applying EMA strategy to 1 stocks.
2025-11-17 14:32:00,985 [INFO] Checking trade setups at 2025-11-17 14:32:00
2025-11-17 14:32:00,986 [INFO] Applying EMA strategy to 1 stocks.
2025-11-17 14:32:11,946 [INFO] Checking trade setups at 2025-11-17 14:32:11
2025-11-17 14:32:11,947 [INFO] Applying EMA strategy to 1 stocks.
2025-11-17 14:32:22,913 [INFO] Checking trade setups at 2025-11-17 14:32:22
2025-11-17 14:32:22,914 [INFO] Applying EMA strategy to 1 stocks.
2025-11-17 14:32:34,476 [INFO] Checking trade setups at 2025-11-17 14:32:34
2025-11-17 14:32:34,476 [INFO] Applying EMA strategy to 1 stocks.
2025-11-17 14:32:45,536 [INFO] Checking trade setups at 2025-11-17 14:32:45
2025-11-17 14:32:45,536 [INFO] Applying EMA strategy to 1 stocks.
2025-11-17 14:32:56,178 [INFO] Checking trade setups at 2025-11-17 14:32:56
2025-11-17 14:32:56,179 [INFO] Applying EMA strategy to 1 stocks.
2025-11-17 14:33:06,848 [INFO] Checking trade setups at 2025-11-17 14:33:06
2025-11-17 14:33:06,848 [INFO] Applying EMA strategy to 1 stocks.
2025-11-17 14:33:17,860 [INFO] Checking trade setups at 2025-11-17 14:33:17
2025-11-17 14:33:17,860 [INFO] Applying EMA strategy to 1 stocks.
2025-11-17 14:33:29,045 [INFO] Checking trade setups at 2025-11-17 14:33:29
2025-11-17 14:33:29,045 [INFO] Applying EMA strategy to 1 stocks.
2025-11-17 14:33:40,046 [INFO] Checking trade setups at 2025-11-17 14:33:40
2025-11-17 14:33:40,046 [INFO] Applying EMA strategy to 1 stocks.
2025-11-17 14:33:51,288 [INFO] Checking trade setups at 2025-11-17 14:33:51
2025-11-17 14:33:51,288 [INFO] Applying EMA strategy to 1 stocks.
2025-11-17 14:34:02,256 [INFO] Checking trade setups at 2025-11-17 14:34:02
2025-11-17 14:34:02,256 [INFO] Applying EMA strategy to 1 stocks.
2025-11-17 14:34:13,599 [INFO] Checking trade setups at 2025-11-17 14:34:13
2025-11-17 14:34:13,599 [INFO] Applying EMA strategy to 1 stocks.
2025-11-17 14:34:24,259 [INFO] Checking trade setups at 2025-11-17 14:34:24
2025-11-17 14:34:24,259 [INFO] Applying EMA strategy to 1 stocks.
2025-11-17 14:34:35,449 [INFO] Checking trade setups at 2025-11-17 14:34:35
2025-11-17 14:34:35,449 [INFO] Applying EMA strategy to 1 stocks.
2025-11-17 14:34:46,271 [INFO] Checking trade setups at 2025-11-17 14:34:46
2025-11-17 14:34:46,272 [INFO] Applying EMA strategy to 1 stocks.
2025-11-17 14:34:57,465 [INFO] Checking trade setups at 2025-11-17 14:34:57
2025-11-17 14:34:57,465 [INFO] Applying EMA strategy to 1 stocks.
2025-11-17 14:35:08,507 [INFO] Checking trade setups at 2025-11-17 14:35:08
2025-11-17 14:35:08,507 [INFO] Applying EMA strategy to 1 stocks.
2025-11-17 14:35:19,446 [INFO] Checking trade setups at 2025-11-17 14:35:19
2025-11-17 14:35:19,446 [INFO] Applying EMA strategy to 1 stocks.
2025-11-17 14:35:30,499 [INFO] Checking trade setups at 2025-11-17 14:35:30
2025-11-17 14:35:30,499 [INFO] Applying EMA strategy to 1 stocks.
2025-11-17 14:35:41,499 [INFO] Checking trade setups at 2025-11-17 14:35:41
2025-11-17 14:35:41,499 [INFO] Applying EMA strategy to 1 stocks.
2025-11-17 14:35:52,316 [INFO] Checking trade setups at 2025-11-17 14:35:52
2025-11-17 14:35:52,316 [INFO] Applying EMA strategy to 1 stocks.
2025-11-17 14:36:03,491 [INFO] Checking trade setups at 2025-11-17 14:36:03
2025-11-17 14:36:03,492 [INFO] Applying EMA strategy to 1 stocks.
2025-11-17 14:36:14,658 [INFO] Checking trade setups at 2025-11-17 14:36:14
2025-11-17 14:36:14,660 [INFO] Applying EMA strategy to 1 stocks.
2025-11-17 14:36:25,399 [INFO] Checking trade setups at 2025-11-17 14:36:25
2025-11-17 14:36:25,399 [INFO] Applying EMA strategy to 1 stocks.
2025-11-17 14:36:36,251 [INFO] Checking trade setups at 2025-11-17 14:36:36
2025-11-17 14:36:36,251 [INFO] Applying EMA strategy to 1 stocks.
2025-11-17 14:36:47,013 [INFO] Checking trade setups at 2025-11-17 14:36:47
2025-11-17 14:36:47,013 [INFO] Applying EMA strategy to 1 stocks.
2025-11-17 14:36:58,166 [INFO] Checking trade setups at 2025-11-17 14:36:58
2025-11-17 14:36:58,166 [INFO] Applying EMA strategy to 1 stocks.
2025-11-17 14:37:08,967 [INFO] Checking trade setups at 2025-11-17 14:37:08
2025-11-17 14:37:08,967 [INFO] Applying EMA strategy to 1 stocks.
2025-11-17 14:37:19,867 [INFO] Checking trade setups at 2025-11-17 14:37:19
2025-11-17 14:37:19,867 [INFO] Applying EMA strategy to 1 stocks.
2025-11-17 14:37:30,616 [INFO] Checking trade setups at 2025-11-17 14:37:30
2025-11-17 14:37:30,616 [INFO] Applying EMA strategy to 1 stocks.
2025-11-17 14:37:41,576 [INFO] Checking trade setups at 2025-11-17 14:37:41
2025-11-17 14:37:41,576 [INFO] Applying EMA strategy to 1 stocks.
2025-11-17 14:37:52,201 [INFO] Checking trade setups at 2025-11-17 14:37:52
2025-11-17 14:37:52,201 [INFO] Applying EMA strategy to 1 stocks.
2025-11-17 14:38:03,092 [INFO] Checking trade setups at 2025-11-17 14:38:03
2025-11-17 14:38:03,092 [INFO] Applying EMA strategy to 1 stocks.
2025-11-17 14:38:14,385 [INFO] Checking trade setups at 2025-11-17 14:38:14
2025-11-17 14:38:14,385 [INFO] Applying EMA strategy to 1 stocks.
2025-11-17 14:38:25,226 [INFO] Checking trade setups at 2025-11-17 14:38:25
2025-11-17 14:38:25,226 [INFO] Applying EMA strategy to 1 stocks.
2025-11-17 14:38:36,118 [INFO] Checking trade setups at 2025-11-17 14:38:36
2025-11-17 14:38:36,118 [INFO] Applying EMA strategy to 1 stocks.
2025-11-17 14:38:47,008 [INFO] Checking trade setups at 2025-11-17 14:38:47
2025-11-17 14:38:47,008 [INFO] Applying EMA strategy to 1 stocks.
2025-11-17 14:38:57,676 [INFO] Checking trade setups at 2025-11-17 14:38:57
2025-11-17 14:38:57,677 [INFO] Applying EMA strategy to 1 stocks.
2025-11-17 14:39:08,431 [INFO] Checking trade setups at 2025-11-17 14:39:08
2025-11-17 14:39:08,431 [INFO] Applying EMA strategy to 1 stocks.
2025-11-17 14:39:19,381 [INFO] Checking trade setups at 2025-11-17 14:39:19
2025-11-17 14:39:19,381 [INFO] Applying EMA strategy to 1 stocks.
2025-11-17 14:39:30,244 [INFO] Checking trade setups at 2025-11-17 14:39:30
2025-11-17 14:39:30,244 [INFO] Applying EMA strategy to 1 stocks.
2025-11-17 14:39:41,712 [INFO] Checking trade setups at 2025-11-17 14:39:41
2025-11-17 14:39:41,712 [INFO] Applying EMA strategy to 1 stocks.
2025-11-17 14:39:52,638 [INFO] Checking trade setups at 2025-11-17 14:39:52
2025-11-17 14:39:52,638 [INFO] Applying EMA strategy to 1 stocks.
2025-11-17 14:40:04,859 [INFO] Checking trade setups at 2025-11-17 14:40:04
2025-11-17 14:40:04,859 [INFO] Applying EMA strategy to 1 stocks.
2025-11-17 14:40:15,595 [INFO] Checking trade setups at 2025-11-17 14:40:15
2025-11-17 14:40:15,595 [INFO] Applying EMA strategy to 1 stocks.
2025-11-17 14:40:26,476 [INFO] Checking trade setups at 2025-11-17 14:40:26
2025-11-17 14:40:26,476 [INFO] Applying EMA strategy to 1 stocks.
2025-11-17 14:40:37,202 [INFO] Checking trade setups at 2025-11-17 14:40:37
2025-11-17 14:40:37,203 [INFO] Applying EMA strategy to 1 stocks.
2025-11-17 14:40:48,167 [INFO] Checking trade setups at 2025-11-17 14:40:48
2025-11-17 14:40:48,167 [INFO] Applying EMA strategy to 1 stocks.
2025-11-17 14:40:59,012 [INFO] Checking trade setups at 2025-11-17 14:40:59
2025-11-17 14:40:59,013 [INFO] Applying EMA strategy to 1 stocks.
2025-11-17 14:41:09,978 [INFO] Checking trade setups at 2025-11-17 14:41:09
2025-11-17 14:41:09,978 [INFO] Applying EMA strategy to 1 stocks.
2025-11-17 14:41:21,028 [INFO] Checking trade setups at 2025-11-17 14:41:21
2025-11-17 14:41:21,028 [INFO] Applying EMA strategy to 1 stocks.
2025-11-17 14:41:32,000 [INFO] Checking trade setups at 2025-11-17 14:41:32
2025-11-17 14:41:32,000 [INFO] Applying EMA strategy to 1 stocks.
2025-11-17 14:41:42,814 [INFO] Checking trade setups at 2025-11-17 14:41:42
2025-11-17 14:41:42,814 [INFO] Applying EMA strategy to 1 stocks.
2025-11-17 14:41:53,630 [INFO] Checking trade setups at 2025-11-17 14:41:53
2025-11-17 14:41:53,630 [INFO] Applying EMA strategy to 1 stocks.
2025-11-17 14:42:04,654 [INFO] Checking trade setups at 2025-11-17 14:42:04
2025-11-17 14:42:04,654 [INFO] Applying EMA strategy to 1 stocks.
2025-11-17 14:42:15,332 [INFO] Checking trade setups at 2025-11-17 14:42:15
2025-11-17 14:42:15,332 [INFO] Applying EMA strategy to 1 stocks.
2025-11-17 14:42:26,181 [INFO] Checking trade setups at 2025-11-17 14:42:26
2025-11-17 14:42:26,181 [INFO] Applying EMA strategy to 1 stocks.
2025-11-17 14:42:36,935 [INFO] Checking trade setups at 2025-11-17 14:42:36
2025-11-17 14:42:36,935 [INFO] Applying EMA strategy to 1 stocks.
2025-11-17 14:42:47,604 [INFO] Checking trade setups at 2025-11-17 14:42:47
2025-11-17 14:42:47,605 [INFO] Applying EMA strategy to 1 stocks.
2025-11-17 14:42:58,412 [INFO] Checking trade setups at 2025-11-17 14:42:58
2025-11-17 14:42:58,412 [INFO] Applying EMA strategy to 1 stocks.
2025-11-17 14:43:09,064 [INFO] Checking trade setups at 2025-11-17 14:43:09
2025-11-17 14:43:09,064 [INFO] Applying EMA strategy to 1 stocks.
2025-11-17 14:43:19,708 [INFO] Checking trade setups at 2025-11-17 14:43:19
2025-11-17 14:43:19,708 [INFO] Applying EMA strategy to 1 stocks.
2025-11-17 14:43:30,561 [INFO] Checking trade setups at 2025-11-17 14:43:30
2025-11-17 14:43:30,561 [INFO] Applying EMA strategy to 1 stocks.
2025-11-17 14:43:41,534 [INFO] Checking trade setups at 2025-11-17 14:43:41
2025-11-17 14:43:41,534 [INFO] Applying EMA strategy to 1 stocks.
2025-11-17 14:43:52,278 [INFO] Checking trade setups at 2025-11-17 14:43:52
2025-11-17 14:43:52,278 [INFO] Applying EMA strategy to 1 stocks.
2025-11-17 14:44:03,040 [INFO] Checking trade setups at 2025-11-17 14:44:03
2025-11-17 14:44:03,041 [INFO] Applying EMA strategy to 1 stocks.
2025-11-17 14:44:13,782 [INFO] Checking trade setups at 2025-11-17 14:44:13
2025-11-17 14:44:13,782 [INFO] Applying EMA strategy to 1 stocks.
2025-11-17 14:44:24,509 [INFO] Checking trade setups at 2025-11-17 14:44:24
2025-11-17 14:44:24,509 [INFO] Applying EMA strategy to 1 stocks.
2025-11-17 14:44:35,283 [INFO] Checking trade setups at 2025-11-17 14:44:35
2025-11-17 14:44:35,285 [INFO] Applying EMA strategy to 1 stocks.
2025-11-17 14:44:45,937 [INFO] Checking trade setups at 2025-11-17 14:44:45
2025-11-17 14:44:45,937 [INFO] Applying EMA strategy to 1 stocks.
2025-11-17 14:44:56,966 [INFO] Checking trade setups at 2025-11-17 14:44:56
2025-11-17 14:44:56,966 [INFO] Applying EMA strategy to 1 stocks.
2025-11-17 14:45:07,745 [INFO] Checking trade setups at 2025-11-17 14:45:07
2025-11-17 14:45:07,745 [INFO] Applying EMA strategy to 1 stocks.
2025-11-17 14:45:09,216 [INFO] Executing trade for NSE:MARICO-EQ: {'timestamp': '2025-11-17 14:40', 'action': 'SELL', 'entry_price': 760, 'stop_loss': 760.8, 'target': 757.6000000000001}
2025-11-17 14:45:09,218 [INFO] Trade for NSE:MARICO-EQ is outside trading window. Skipping.
2025-11-17 14:45:19,221 [INFO] Checking trade setups at 2025-11-17 14:45:19
2025-11-17 14:45:19,221 [INFO] Applying EMA strategy to 1 stocks.
2025-11-17 14:45:29,869 [INFO] Checking trade setups at 2025-11-17 14:45:29
2025-11-17 14:45:29,873 [INFO] Applying EMA strategy to 1 stocks.
2025-11-17 14:45:40,735 [INFO] Checking trade setups at 2025-11-17 14:45:40
2025-11-17 14:45:40,735 [INFO] Applying EMA strategy to 1 stocks.
2025-11-17 14:45:51,481 [INFO] Checking trade setups at 2025-11-17 14:45:51
2025-11-17 14:45:51,481 [INFO] Applying EMA strategy to 1 stocks.
2025-11-17 14:46:02,346 [INFO] Checking trade setups at 2025-11-17 14:46:02
2025-11-17 14:46:02,346 [INFO] Applying EMA strategy to 1 stocks.
2025-11-17 14:46:13,094 [INFO] Checking trade setups at 2025-11-17 14:46:13
2025-11-17 14:46:13,094 [INFO] Applying EMA strategy to 1 stocks.
2025-11-17 14:46:24,028 [INFO] Checking trade setups at 2025-11-17 14:46:24
2025-11-17 14:46:24,028 [INFO] Applying EMA strategy to 1 stocks.
2025-11-17 14:46:34,747 [INFO] Checking trade setups at 2025-11-17 14:46:34
2025-11-17 14:46:34,747 [INFO] Applying EMA strategy to 1 stocks.
2025-11-17 14:46:45,456 [INFO] Checking trade setups at 2025-11-17 14:46:45
2025-11-17 14:46:45,456 [INFO] Applying EMA strategy to 1 stocks.
2025-11-17 14:46:56,195 [INFO] Checking trade setups at 2025-11-17 14:46:56
2025-11-17 14:46:56,195 [INFO] Applying EMA strategy to 1 stocks.
2025-11-17 14:47:07,159 [INFO] Checking trade setups at 2025-11-17 14:47:07
2025-11-17 14:47:07,159 [INFO] Applying EMA strategy to 1 stocks.
2025-11-17 14:47:18,927 [INFO] Checking trade setups at 2025-11-17 14:47:18
2025-11-17 14:47:18,927 [INFO] Applying EMA strategy to 1 stocks.
2025-11-17 14:47:29,692 [INFO] Checking trade setups at 2025-11-17 14:47:29
2025-11-17 14:47:29,692 [INFO] Applying EMA strategy to 1 stocks.
2025-11-17 14:47:40,338 [INFO] Checking trade setups at 2025-11-17 14:47:40
2025-11-17 14:47:40,338 [INFO] Applying EMA strategy to 1 stocks.
2025-11-17 14:47:51,283 [INFO] Checking trade setups at 2025-11-17 14:47:51
2025-11-17 14:47:51,283 [INFO] Applying EMA strategy to 1 stocks.
2025-11-17 14:48:02,065 [INFO] Checking trade setups at 2025-11-17 14:48:02
2025-11-17 14:48:02,065 [INFO] Applying EMA strategy to 1 stocks.
2025-11-17 14:48:12,903 [INFO] Checking trade setups at 2025-11-17 14:48:12
2025-11-17 14:48:12,903 [INFO] Applying EMA strategy to 1 stocks.
2025-11-17 14:48:23,559 [INFO] Checking trade setups at 2025-11-17 14:48:23
2025-11-17 14:48:23,559 [INFO] Applying EMA strategy to 1 stocks.
2025-11-17 14:48:34,192 [INFO] Checking trade setups at 2025-11-17 14:48:34
2025-11-17 14:48:34,192 [INFO] Applying EMA strategy to 1 stocks.
2025-11-17 14:48:45,045 [INFO] Checking trade setups at 2025-11-17 14:48:45
2025-11-17 14:48:45,045 [INFO] Applying EMA strategy to 1 stocks.
2025-11-17 14:48:55,960 [INFO] Checking trade setups at 2025-11-17 14:48:55
2025-11-17 14:48:55,960 [INFO] Applying EMA strategy to 1 stocks.
2025-11-17 14:49:07,162 [INFO] Checking trade setups at 2025-11-17 14:49:07
2025-11-17 14:49:07,164 [INFO] Applying EMA strategy to 1 stocks.
2025-11-17 14:49:17,929 [INFO] Checking trade setups at 2025-11-17 14:49:17
2025-11-17 14:49:17,931 [INFO] Applying EMA strategy to 1 stocks.
2025-11-17 14:49:28,674 [INFO] Checking trade setups at 2025-11-17 14:49:28
2025-11-17 14:49:28,674 [INFO] Applying EMA strategy to 1 stocks.
2025-11-17 14:49:39,323 [INFO] Checking trade setups at 2025-11-17 14:49:39
2025-11-17 14:49:39,323 [INFO] Applying EMA strategy to 1 stocks.
2025-11-17 14:49:50,001 [INFO] Checking trade setups at 2025-11-17 14:49:50
2025-11-17 14:49:50,001 [INFO] Applying EMA strategy to 1 stocks.
2025-11-17 14:50:00,836 [INFO] Checking trade setups at 2025-11-17 14:50:00
2025-11-17 14:50:00,836 [INFO] Applying EMA strategy to 1 stocks.
2025-11-17 14:50:11,593 [INFO] Checking trade setups at 2025-11-17 14:50:11
2025-11-17 14:50:11,593 [INFO] Applying EMA strategy to 1 stocks.
2025-11-17 14:50:22,467 [INFO] Checking trade setups at 2025-11-17 14:50:22
2025-11-17 14:50:22,467 [INFO] Applying EMA strategy to 1 stocks.
2025-11-17 14:50:33,293 [INFO] Checking trade setups at 2025-11-17 14:50:33
2025-11-17 14:50:33,294 [INFO] Applying EMA strategy to 1 stocks.
2025-11-17 14:50:44,358 [INFO] Checking trade setups at 2025-11-17 14:50:44
2025-11-17 14:50:44,358 [INFO] Applying EMA strategy to 1 stocks.
2025-11-17 14:50:55,206 [INFO] Checking trade setups at 2025-11-17 14:50:55
2025-11-17 14:50:55,206 [INFO] Applying EMA strategy to 1 stocks.
2025-11-17 14:51:05,902 [INFO] Checking trade setups at 2025-11-17 14:51:05
2025-11-17 14:51:05,902 [INFO] Applying EMA strategy to 1 stocks.
2025-11-17 14:51:16,605 [INFO] Checking trade setups at 2025-11-17 14:51:16
2025-11-17 14:51:16,605 [INFO] Applying EMA strategy to 1 stocks.
2025-11-17 14:51:27,367 [INFO] Checking trade setups at 2025-11-17 14:51:27
2025-11-17 14:51:27,367 [INFO] Applying EMA strategy to 1 stocks.
2025-11-17 14:51:38,214 [INFO] Checking trade setups at 2025-11-17 14:51:38
2025-11-17 14:51:38,214 [INFO] Applying EMA strategy to 1 stocks.
2025-11-17 14:51:49,487 [INFO] Checking trade setups at 2025-11-17 14:51:49
2025-11-17 14:51:49,488 [INFO] Applying EMA strategy to 1 stocks.
2025-11-17 14:52:00,319 [INFO] Checking trade setups at 2025-11-17 14:52:00
2025-11-17 14:52:00,319 [INFO] Applying EMA strategy to 1 stocks.
2025-11-17 14:52:11,082 [INFO] Checking trade setups at 2025-11-17 14:52:11
2025-11-17 14:52:11,082 [INFO] Applying EMA strategy to 1 stocks.
2025-11-17 14:52:21,862 [INFO] Checking trade setups at 2025-11-17 14:52:21
2025-11-17 14:52:21,864 [INFO] Applying EMA strategy to 1 stocks.
2025-11-17 14:52:32,845 [INFO] Checking trade setups at 2025-11-17 14:52:32
2025-11-17 14:52:32,845 [INFO] Applying EMA strategy to 1 stocks.
2025-11-17 14:52:43,582 [INFO] Checking trade setups at 2025-11-17 14:52:43
2025-11-17 14:52:43,582 [INFO] Applying EMA strategy to 1 stocks.
2025-11-17 14:52:54,412 [INFO] Checking trade setups at 2025-11-17 14:52:54
2025-11-17 14:52:54,416 [INFO] Applying EMA strategy to 1 stocks.
2025-11-17 14:53:05,186 [INFO] Checking trade setups at 2025-11-17 14:53:05
2025-11-17 14:53:05,186 [INFO] Applying EMA strategy to 1 stocks.
2025-11-17 14:53:15,908 [INFO] Checking trade setups at 2025-11-17 14:53:15
2025-11-17 14:53:15,908 [INFO] Applying EMA strategy to 1 stocks.
2025-11-17 14:53:26,567 [INFO] Checking trade setups at 2025-11-17 14:53:26
2025-11-17 14:53:26,567 [INFO] Applying EMA strategy to 1 stocks.
2025-11-17 14:53:37,221 [INFO] Checking trade setups at 2025-11-17 14:53:37
2025-11-17 14:53:37,221 [INFO] Applying EMA strategy to 1 stocks.
2025-11-17 14:53:48,073 [INFO] Checking trade setups at 2025-11-17 14:53:48
2025-11-17 14:53:48,073 [INFO] Applying EMA strategy to 1 stocks.
2025-11-17 14:53:58,816 [INFO] Checking trade setups at 2025-11-17 14:53:58
2025-11-17 14:53:58,816 [INFO] Applying EMA strategy to 1 stocks.
2025-11-17 14:54:09,580 [INFO] Checking trade setups at 2025-11-17 14:54:09
2025-11-17 14:54:09,580 [INFO] Applying EMA strategy to 1 stocks.
2025-11-17 14:54:20,534 [INFO] Checking trade setups at 2025-11-17 14:54:20
2025-11-17 14:54:20,534 [INFO] Applying EMA strategy to 1 stocks.
2025-11-17 14:54:31,384 [INFO] Checking trade setups at 2025-11-17 14:54:31
2025-11-17 14:54:31,386 [INFO] Applying EMA strategy to 1 stocks.
2025-11-17 14:54:43,465 [INFO] Checking trade setups at 2025-11-17 14:54:43
2025-11-17 14:54:43,466 [INFO] Applying EMA strategy to 1 stocks.
2025-11-17 14:54:54,367 [INFO] Checking trade setups at 2025-11-17 14:54:54
2025-11-17 14:54:54,368 [INFO] Applying EMA strategy to 1 stocks.
2025-11-17 14:55:05,076 [INFO] Checking trade setups at 2025-11-17 14:55:05
2025-11-17 14:55:05,077 [INFO] Applying EMA strategy to 1 stocks.
2025-11-17 14:55:15,722 [INFO] Checking trade setups at 2025-11-17 14:55:15
2025-11-17 14:55:15,722 [INFO] Applying EMA strategy to 1 stocks.
2025-11-17 14:55:26,475 [INFO] Checking trade setups at 2025-11-17 14:55:26
2025-11-17 14:55:26,475 [INFO] Applying EMA strategy to 1 stocks.
2025-11-17 14:55:37,534 [INFO] Checking trade setups at 2025-11-17 14:55:37
2025-11-17 14:55:37,535 [INFO] Applying EMA strategy to 1 stocks.
2025-11-17 14:55:48,282 [INFO] Checking trade setups at 2025-11-17 14:55:48
2025-11-17 14:55:48,282 [INFO] Applying EMA strategy to 1 stocks.
2025-11-17 14:55:59,062 [INFO] Checking trade setups at 2025-11-17 14:55:59
2025-11-17 14:55:59,062 [INFO] Applying EMA strategy to 1 stocks.
2025-11-17 14:56:09,918 [INFO] Checking trade setups at 2025-11-17 14:56:09
2025-11-17 14:56:09,918 [INFO] Applying EMA strategy to 1 stocks.
2025-11-17 14:56:20,728 [INFO] Checking trade setups at 2025-11-17 14:56:20
2025-11-17 14:56:20,728 [INFO] Applying EMA strategy to 1 stocks.
2025-11-17 14:56:31,407 [INFO] Checking trade setups at 2025-11-17 14:56:31
2025-11-17 14:56:31,407 [INFO] Applying EMA strategy to 1 stocks.
2025-11-17 14:56:42,292 [INFO] Checking trade setups at 2025-11-17 14:56:42
2025-11-17 14:56:42,292 [INFO] Applying EMA strategy to 1 stocks.
2025-11-17 14:56:52,979 [INFO] Checking trade setups at 2025-11-17 14:56:52
2025-11-17 14:56:52,979 [INFO] Applying EMA strategy to 1 stocks.
2025-11-17 14:57:04,162 [INFO] Checking trade setups at 2025-11-17 14:57:04
2025-11-17 14:57:04,162 [INFO] Applying EMA strategy to 1 stocks.
2025-11-17 14:57:14,821 [INFO] Checking trade setups at 2025-11-17 14:57:14
2025-11-17 14:57:14,821 [INFO] Applying EMA strategy to 1 stocks.
2025-11-17 14:57:26,192 [INFO] Checking trade setups at 2025-11-17 14:57:26
2025-11-17 14:57:26,192 [INFO] Applying EMA strategy to 1 stocks.
2025-11-17 14:57:37,855 [INFO] Checking trade setups at 2025-11-17 14:57:37
2025-11-17 14:57:37,855 [INFO] Applying EMA strategy to 1 stocks.
2025-11-17 14:57:48,720 [INFO] Checking trade setups at 2025-11-17 14:57:48
2025-11-17 14:57:48,720 [INFO] Applying EMA strategy to 1 stocks.
2025-11-17 14:57:59,359 [INFO] Checking trade setups at 2025-11-17 14:57:59
2025-11-17 14:57:59,359 [INFO] Applying EMA strategy to 1 stocks.
2025-11-17 14:58:10,115 [INFO] Checking trade setups at 2025-11-17 14:58:10
2025-11-17 14:58:10,119 [INFO] Applying EMA strategy to 1 stocks.
2025-11-17 14:58:20,869 [INFO] Checking trade setups at 2025-11-17 14:58:20
2025-11-17 14:58:20,869 [INFO] Applying EMA strategy to 1 stocks.
2025-11-17 14:58:31,614 [INFO] Checking trade setups at 2025-11-17 14:58:31
2025-11-17 14:58:31,620 [INFO] Applying EMA strategy to 1 stocks.
2025-11-17 14:58:42,474 [INFO] Checking trade setups at 2025-11-17 14:58:42
2025-11-17 14:58:42,476 [INFO] Applying EMA strategy to 1 stocks.
2025-11-17 14:58:53,136 [INFO] Checking trade setups at 2025-11-17 14:58:53
2025-11-17 14:58:53,136 [INFO] Applying EMA strategy to 1 stocks.
2025-11-17 14:59:03,781 [INFO] Checking trade setups at 2025-11-17 14:59:03
2025-11-17 14:59:03,783 [INFO] Applying EMA strategy to 1 stocks.
2025-11-17 14:59:14,423 [INFO] Checking trade setups at 2025-11-17 14:59:14
2025-11-17 14:59:14,423 [INFO] Applying EMA strategy to 1 stocks.
2025-11-17 14:59:25,078 [INFO] Checking trade setups at 2025-11-17 14:59:25
2025-11-17 14:59:25,078 [INFO] Applying EMA strategy to 1 stocks.
2025-11-17 14:59:35,831 [INFO] Checking trade setups at 2025-11-17 14:59:35
2025-11-17 14:59:35,831 [INFO] Applying EMA strategy to 1 stocks.
2025-11-17 14:59:46,518 [INFO] Checking trade setups at 2025-11-17 14:59:46
2025-11-17 14:59:46,518 [INFO] Applying EMA strategy to 1 stocks.
2025-11-17 14:59:57,257 [INFO] Checking trade setups at 2025-11-17 14:59:57
2025-11-17 14:59:57,257 [INFO] Applying EMA strategy to 1 stocks.
2025-11-17 15:00:08,434 [INFO] Market closed. Sleeping for 60 seconds.
2025-11-17 15:01:08,435 [INFO] Market closed. Sleeping for 60 seconds.
2025-11-17 15:02:08,436 [INFO] Market closed. Sleeping for 60 seconds.
2025-11-17 15:03:08,438 [INFO] file filtered_stocks.csv deleted successfully
2025-11-17 15:03:08,441 [INFO] file filtered_stocks.json deleted successfully
2025-11-17 15:03:08,443 [INFO] file gapup_data.csv deleted successfully
2025-11-17 15:03:08,445 [INFO] file gapup_data.json does not exist
2025-11-17 15:03:08,445 [INFO] file trades.txt deleted successfully
2025-11-17 15:03:08,447 [INFO] file GapUp_stocks.json deleted successfully
2025-11-17 15:03:08,449 [INFO] file tamo.txt deleted successfully
2025-11-17 15:03:08,449 [INFO] Market closed for the day. Exiting...
