2025-11-13 07:54:44,087 [INFO] 🔹 Starting trading script...
2025-11-13 07:54:44,087 [INFO] file filtered_stocks.csv does not exist
2025-11-13 07:54:44,087 [INFO] file filtered_stocks.json does not exist
2025-11-13 07:54:44,090 [INFO] file gapup_data.csv does not exist
2025-11-13 07:54:44,090 [INFO] file gapup_data.json does not exist
2025-11-13 07:54:44,090 [INFO] file trades.txt does not exist
2025-11-13 07:54:44,090 [INFO] file GapUp_stocks.json does not exist
2025-11-13 07:54:44,090 [INFO] file tamo.txt does not exist
2025-11-13 07:54:44,090 [INFO] Authenticating with Fyers API...
2025-11-13 07:54:44,651 [INFO] Access token is not valid.
2025-11-13 07:54:45,368 [INFO] verify_client_id success
2025-11-13 07:54:45,368 [INFO] generate_totp success
2025-11-13 07:54:46,075 [INFO] verify_totp_result success
2025-11-13 07:54:47,517 [INFO] verify_pin_result success
2025-11-13 07:54:48,439 [INFO] token_result success
2025-11-13 07:54:49,352 [INFO] validate_authcode success
2025-11-13 07:54:49,400 [INFO] Authentication successful
2025-11-13 07:54:49,409 [INFO] Authentication successful.
2025-11-13 07:54:52,411 [INFO] Creating FyersModel instance with access token...
2025-11-13 07:54:52,411 [INFO] Authenticated Fyers instance created.
2025-11-13 07:54:52,411 [INFO] Fetching new gap-up stocks using WebSocket...
2025-11-13 07:54:53,229 [INFO] Loaded 499 symbols from Stock_list.xlsx.
2025-11-13 07:54:54,990 [INFO] Websocket connected
2025-11-13 07:54:55,017 [INFO] Response: {'type': 'cn', 'code': 200, 'message': 'Authentication done', 's': 'ok'}
2025-11-13 07:54:55,090 [INFO] Response: {'type': 'ful', 'code': 200, 'message': 'Full Mode On', 's': 'ok'}
2025-11-13 07:54:55,281 [INFO] WebSocket connection opened. Subscribing to data...
2025-11-13 07:54:56,119 [INFO] Error: {'code': -300, 'message': 'Please provide a valid symbol', 's': 'error', 'type': 'sub', 'invalid_symbols': ['NSE:PEL-EQ']}
2025-11-13 07:54:56,653 [INFO] Response: {'type': 'sub', 'code': 200, 'message': 'Subscribed', 's': 'ok'}
2025-11-13 07:55:11,644 [INFO] Connection closed: {'code': 200, 'message': 'Connection Closed', 's': 'ok'}
2025-11-13 07:55:15,002 [INFO] Evaluating for gap-up stocks...
2025-11-13 07:55:15,002 [INFO] No gap-up stocks found.
2025-11-13 07:55:15,005 [INFO] Gap-up stocks found: 0
2025-11-13 07:55:15,005 [INFO] Symbol              Gap Up %    Avg Volume  Status
2025-11-13 07:55:15,005 [INFO] ------------------------------------------------------------
2025-11-13 07:55:15,024 [INFO] No stocks passed volume filter. Retrying (1)...
2025-11-13 07:55:18,025 [INFO] Symbol              Gap Up %    Avg Volume  Status
2025-11-13 07:55:18,025 [INFO] ------------------------------------------------------------
2025-11-13 07:55:18,029 [INFO] No stocks passed volume filter. Retrying (0)...
2025-11-13 07:55:21,030 [INFO] No stocks passed after retries. Exiting.
2025-11-13 09:15:19,710 [INFO] 🔹 Starting trading script...
2025-11-13 09:15:19,710 [INFO] file filtered_stocks.csv deleted successfully
2025-11-13 09:15:19,724 [INFO] file filtered_stocks.json does not exist
2025-11-13 09:15:19,724 [INFO] file gapup_data.csv does not exist
2025-11-13 09:15:19,724 [INFO] file gapup_data.json does not exist
2025-11-13 09:15:19,724 [INFO] file trades.txt does not exist
2025-11-13 09:15:19,727 [INFO] file GapUp_stocks.json deleted successfully
2025-11-13 09:15:19,727 [INFO] file tamo.txt does not exist
2025-11-13 09:15:19,727 [INFO] Authenticating with Fyers API...
2025-11-13 09:15:20,562 [INFO] Access token is valid.
2025-11-13 09:15:20,562 [INFO] Authentication successful.
2025-11-13 09:15:23,565 [INFO] Creating FyersModel instance with access token...
2025-11-13 09:15:23,565 [INFO] Authenticated Fyers instance created.
2025-11-13 09:15:23,565 [INFO] Fetching new gap-up stocks using WebSocket...
2025-11-13 09:15:24,070 [INFO] Loaded 499 symbols from Stock_list.xlsx.
2025-11-13 09:15:24,751 [INFO] Websocket connected
2025-11-13 09:15:24,871 [INFO] Response: {'type': 'cn', 'code': 200, 'message': 'Authentication done', 's': 'ok'}
2025-11-13 09:15:25,153 [INFO] Response: {'type': 'ful', 'code': 200, 'message': 'Full Mode On', 's': 'ok'}
2025-11-13 09:15:26,095 [INFO] WebSocket connection opened. Subscribing to data...
2025-11-13 09:15:27,010 [INFO] Error: {'code': -300, 'message': 'Please provide a valid symbol', 's': 'error', 'type': 'sub', 'invalid_symbols': ['NSE:PEL-EQ']}
2025-11-13 09:15:27,534 [INFO] Response: {'type': 'sub', 'code': 200, 'message': 'Subscribed', 's': 'ok'}
2025-11-13 09:15:42,523 [INFO] Connection closed: {'code': 200, 'message': 'Connection Closed', 's': 'ok'}
2025-11-13 09:15:44,757 [INFO] Evaluating for gap-up stocks...
2025-11-13 09:15:44,782 [INFO] Gap-up stocks saved to gapup_data.csv with 6 entries.
2025-11-13 09:15:44,785 [INFO] Total gap-up stocks found: 6
2025-11-13 09:15:44,811 [INFO] Gap-up stocks found: 6
2025-11-13 09:15:50,585 [INFO] Symbol              Gap Up %    Avg Volume  Status
2025-11-13 09:15:50,585 [INFO] ------------------------------------------------------------
2025-11-13 09:15:50,585 [INFO] Excluded NSE:PFIZER-EQ | Volume: 24335
2025-11-13 09:15:50,597 [INFO] Included NSE:DATAPATTNS-EQ | Volume: 338272
2025-11-13 09:15:50,597 [INFO] Included NSE:ASIANPAINT-EQ | Volume: 975754
2025-11-13 09:15:50,598 [INFO] Included NSE:TATASTEEL-EQ | Volume: 23612448
2025-11-13 09:15:50,598 [INFO] Included NSE:HONASA-EQ | Volume: 347877
2025-11-13 09:15:50,600 [INFO] Included NSE:ELGIEQUIP-EQ | Volume: 450071
2025-11-13 09:15:50,637 [INFO] Entering monitoring loop...
2025-11-13 09:15:50,637 [INFO] Checking trade setups at 2025-11-13 09:15:50
2025-11-13 09:15:50,637 [INFO] Applying EMA strategy to 5 stocks.
2025-11-13 09:16:05,880 [INFO] Checking trade setups at 2025-11-13 09:16:05
2025-11-13 09:16:05,880 [INFO] Applying EMA strategy to 5 stocks.
2025-11-13 09:16:19,963 [INFO] Checking trade setups at 2025-11-13 09:16:19
2025-11-13 09:16:19,963 [INFO] Applying EMA strategy to 5 stocks.
2025-11-13 09:16:34,560 [INFO] Checking trade setups at 2025-11-13 09:16:34
2025-11-13 09:16:34,560 [INFO] Applying EMA strategy to 5 stocks.
2025-11-13 09:16:49,949 [INFO] Checking trade setups at 2025-11-13 09:16:49
2025-11-13 09:16:49,949 [INFO] Applying EMA strategy to 5 stocks.
2025-11-13 09:17:04,371 [INFO] Checking trade setups at 2025-11-13 09:17:04
2025-11-13 09:17:04,371 [INFO] Applying EMA strategy to 5 stocks.
2025-11-13 09:17:19,936 [INFO] Checking trade setups at 2025-11-13 09:17:19
2025-11-13 09:17:19,936 [INFO] Applying EMA strategy to 5 stocks.
2025-11-13 09:17:34,912 [INFO] Checking trade setups at 2025-11-13 09:17:34
2025-11-13 09:17:34,912 [INFO] Applying EMA strategy to 5 stocks.
2025-11-13 09:17:49,524 [INFO] Checking trade setups at 2025-11-13 09:17:49
2025-11-13 09:17:49,525 [INFO] Applying EMA strategy to 5 stocks.
2025-11-13 09:18:05,935 [INFO] Checking trade setups at 2025-11-13 09:18:05
2025-11-13 09:18:05,935 [INFO] Applying EMA strategy to 5 stocks.
2025-11-13 09:18:19,433 [INFO] Checking trade setups at 2025-11-13 09:18:19
2025-11-13 09:18:19,435 [INFO] Applying EMA strategy to 5 stocks.
2025-11-13 09:18:36,272 [INFO] Checking trade setups at 2025-11-13 09:18:36
2025-11-13 09:18:36,272 [INFO] Applying EMA strategy to 5 stocks.
2025-11-13 09:18:50,257 [INFO] Checking trade setups at 2025-11-13 09:18:50
2025-11-13 09:18:50,257 [INFO] Applying EMA strategy to 5 stocks.
2025-11-13 09:19:05,149 [INFO] Checking trade setups at 2025-11-13 09:19:05
2025-11-13 09:19:05,149 [INFO] Applying EMA strategy to 5 stocks.
2025-11-13 09:19:19,133 [INFO] Checking trade setups at 2025-11-13 09:19:19
2025-11-13 09:19:19,133 [INFO] Applying EMA strategy to 5 stocks.
2025-11-13 09:19:33,788 [INFO] Checking trade setups at 2025-11-13 09:19:33
2025-11-13 09:19:33,788 [INFO] Applying EMA strategy to 5 stocks.
2025-11-13 09:19:47,804 [INFO] Checking trade setups at 2025-11-13 09:19:47
2025-11-13 09:19:47,805 [INFO] Applying EMA strategy to 5 stocks.
2025-11-13 09:20:03,217 [INFO] Checking trade setups at 2025-11-13 09:20:03
2025-11-13 09:20:03,217 [INFO] Applying EMA strategy to 5 stocks.
2025-11-13 09:20:17,913 [INFO] Checking trade setups at 2025-11-13 09:20:17
2025-11-13 09:20:17,913 [INFO] Applying EMA strategy to 5 stocks.
2025-11-13 09:20:31,805 [INFO] Checking trade setups at 2025-11-13 09:20:31
2025-11-13 09:20:31,805 [INFO] Applying EMA strategy to 5 stocks.
2025-11-13 09:20:46,172 [INFO] Checking trade setups at 2025-11-13 09:20:46
2025-11-13 09:20:46,172 [INFO] Applying EMA strategy to 5 stocks.
2025-11-13 09:21:00,229 [INFO] Checking trade setups at 2025-11-13 09:21:00
2025-11-13 09:21:00,229 [INFO] Applying EMA strategy to 5 stocks.
2025-11-13 09:21:15,474 [INFO] Checking trade setups at 2025-11-13 09:21:15
2025-11-13 09:21:15,474 [INFO] Applying EMA strategy to 5 stocks.
2025-11-13 09:21:29,604 [INFO] Checking trade setups at 2025-11-13 09:21:29
2025-11-13 09:21:29,604 [INFO] Applying EMA strategy to 5 stocks.
2025-11-13 09:21:43,315 [INFO] Checking trade setups at 2025-11-13 09:21:43
2025-11-13 09:21:43,315 [INFO] Applying EMA strategy to 5 stocks.
2025-11-13 09:21:57,559 [INFO] Checking trade setups at 2025-11-13 09:21:57
2025-11-13 09:21:57,559 [INFO] Applying EMA strategy to 5 stocks.
2025-11-13 09:22:11,480 [INFO] Checking trade setups at 2025-11-13 09:22:11
2025-11-13 09:22:11,480 [INFO] Applying EMA strategy to 5 stocks.
2025-11-13 09:22:25,709 [INFO] Checking trade setups at 2025-11-13 09:22:25
2025-11-13 09:22:25,709 [INFO] Applying EMA strategy to 5 stocks.
2025-11-13 09:22:40,580 [INFO] Checking trade setups at 2025-11-13 09:22:40
2025-11-13 09:22:40,580 [INFO] Applying EMA strategy to 5 stocks.
2025-11-13 09:22:55,101 [INFO] Checking trade setups at 2025-11-13 09:22:55
2025-11-13 09:22:55,101 [INFO] Applying EMA strategy to 5 stocks.
2025-11-13 09:23:10,519 [INFO] Checking trade setups at 2025-11-13 09:23:10
2025-11-13 09:23:10,519 [INFO] Applying EMA strategy to 5 stocks.
2025-11-13 09:23:27,922 [INFO] Checking trade setups at 2025-11-13 09:23:27
2025-11-13 09:23:27,922 [INFO] Applying EMA strategy to 5 stocks.
2025-11-13 09:23:42,410 [INFO] Checking trade setups at 2025-11-13 09:23:42
2025-11-13 09:23:42,410 [INFO] Applying EMA strategy to 5 stocks.
2025-11-13 09:23:57,566 [INFO] Checking trade setups at 2025-11-13 09:23:57
2025-11-13 09:23:57,568 [INFO] Applying EMA strategy to 5 stocks.
2025-11-13 09:24:11,728 [INFO] Checking trade setups at 2025-11-13 09:24:11
2025-11-13 09:24:11,728 [INFO] Applying EMA strategy to 5 stocks.
2025-11-13 09:24:26,439 [INFO] Checking trade setups at 2025-11-13 09:24:26
2025-11-13 09:24:26,439 [INFO] Applying EMA strategy to 5 stocks.
2025-11-13 09:24:40,190 [INFO] Checking trade setups at 2025-11-13 09:24:40
2025-11-13 09:24:40,190 [INFO] Applying EMA strategy to 5 stocks.
2025-11-13 09:24:53,710 [INFO] Checking trade setups at 2025-11-13 09:24:53
2025-11-13 09:24:53,710 [INFO] Applying EMA strategy to 5 stocks.
2025-11-13 09:25:09,051 [INFO] Checking trade setups at 2025-11-13 09:25:09
2025-11-13 09:25:09,051 [INFO] Applying EMA strategy to 5 stocks.
2025-11-13 09:25:22,773 [INFO] Checking trade setups at 2025-11-13 09:25:22
2025-11-13 09:25:22,773 [INFO] Applying EMA strategy to 5 stocks.
2025-11-13 09:25:37,717 [INFO] Checking trade setups at 2025-11-13 09:25:37
2025-11-13 09:25:37,717 [INFO] Applying EMA strategy to 5 stocks.
2025-11-13 09:25:51,234 [INFO] Checking trade setups at 2025-11-13 09:25:51
2025-11-13 09:25:51,234 [INFO] Applying EMA strategy to 5 stocks.
2025-11-13 09:25:55,272 [INFO] Executing trade for NSE:ELGIEQUIP-EQ: {'timestamp': '2025-11-13 09:25', 'action': 'SELL', 'entry_price': 496.3, 'stop_loss': 501, 'target': 482.20000000000005}
2025-11-13 09:25:55,272 [INFO] after SL after filtering the final SL:4.7, final_target:482.2, qty:21
2025-11-13 09:25:56,195 [INFO] Order Response: {'code': 1101, 'message': 'Successfully placed order', 's': 'ok', 'id': '25111300034852-BO-1'}
2025-11-13 09:25:56,195 [INFO] Trades taken today: 1
2025-11-13 09:25:56,195 [INFO] Remaining trades for the day: 5
2025-11-13 09:25:56,201 [INFO] ✅ Order placed successfully for NSE:ELGIEQUIP-EQ
2025-11-13 09:26:06,206 [INFO] Checking trade setups at 2025-11-13 09:26:06
2025-11-13 09:26:06,206 [INFO] Applying EMA strategy to 5 stocks.
2025-11-13 09:26:20,212 [INFO] Checking trade setups at 2025-11-13 09:26:20
2025-11-13 09:26:20,212 [INFO] Applying EMA strategy to 5 stocks.
2025-11-13 09:26:33,856 [INFO] Checking trade setups at 2025-11-13 09:26:33
2025-11-13 09:26:33,856 [INFO] Applying EMA strategy to 5 stocks.
2025-11-13 09:26:47,963 [INFO] Checking trade setups at 2025-11-13 09:26:47
2025-11-13 09:26:47,963 [INFO] Applying EMA strategy to 5 stocks.
2025-11-13 09:27:01,183 [INFO] Checking trade setups at 2025-11-13 09:27:01
2025-11-13 09:27:01,183 [INFO] Applying EMA strategy to 5 stocks.
2025-11-13 09:27:15,466 [INFO] Checking trade setups at 2025-11-13 09:27:15
2025-11-13 09:27:15,466 [INFO] Applying EMA strategy to 5 stocks.
2025-11-13 09:27:29,149 [INFO] Checking trade setups at 2025-11-13 09:27:29
2025-11-13 09:27:29,149 [INFO] Applying EMA strategy to 5 stocks.
2025-11-13 09:27:42,768 [INFO] Checking trade setups at 2025-11-13 09:27:42
2025-11-13 09:27:42,768 [INFO] Applying EMA strategy to 5 stocks.
2025-11-13 09:27:56,502 [INFO] Checking trade setups at 2025-11-13 09:27:56
2025-11-13 09:27:56,502 [INFO] Applying EMA strategy to 5 stocks.
2025-11-13 09:28:10,470 [INFO] Checking trade setups at 2025-11-13 09:28:10
2025-11-13 09:28:10,470 [INFO] Applying EMA strategy to 5 stocks.
2025-11-13 09:28:24,233 [INFO] Checking trade setups at 2025-11-13 09:28:24
2025-11-13 09:28:24,233 [INFO] Applying EMA strategy to 5 stocks.
2025-11-13 09:28:38,531 [INFO] Checking trade setups at 2025-11-13 09:28:38
2025-11-13 09:28:38,533 [INFO] Applying EMA strategy to 5 stocks.
2025-11-13 09:28:55,679 [INFO] Checking trade setups at 2025-11-13 09:28:55
2025-11-13 09:28:55,679 [INFO] Applying EMA strategy to 5 stocks.
2025-11-13 09:29:09,182 [INFO] Checking trade setups at 2025-11-13 09:29:09
2025-11-13 09:29:09,182 [INFO] Applying EMA strategy to 5 stocks.
2025-11-13 09:29:23,244 [INFO] Checking trade setups at 2025-11-13 09:29:23
2025-11-13 09:29:23,244 [INFO] Applying EMA strategy to 5 stocks.
2025-11-13 09:29:37,142 [INFO] Checking trade setups at 2025-11-13 09:29:37
2025-11-13 09:29:37,142 [INFO] Applying EMA strategy to 5 stocks.
2025-11-13 09:29:50,452 [INFO] Checking trade setups at 2025-11-13 09:29:50
2025-11-13 09:29:50,452 [INFO] Applying EMA strategy to 5 stocks.
2025-11-13 09:30:05,214 [INFO] Checking trade setups at 2025-11-13 09:30:05
2025-11-13 09:30:05,220 [INFO] Applying EMA strategy to 5 stocks.
2025-11-13 09:30:06,473 [INFO] Executing trade for NSE:DATAPATTNS-EQ: {'timestamp': '2025-11-13 09:30', 'action': 'SELL', 'entry_price': 3007.5, 'stop_loss': 3037.5, 'target': 2917.5}
2025-11-13 09:30:06,473 [INFO] after SL after filtering the final SL:30.0, final_target:2917.5, qty:3
2025-11-13 09:30:07,451 [INFO] Order Response: {'code': 1101, 'message': 'Successfully placed order', 's': 'ok', 'id': '25111300045492-BO-1'}
2025-11-13 09:30:07,475 [INFO] Trades taken today: 2
2025-11-13 09:30:07,483 [INFO] Remaining trades for the day: 4
2025-11-13 09:30:07,485 [INFO] ✅ Order placed successfully for NSE:DATAPATTNS-EQ
2025-11-13 09:30:20,970 [INFO] Checking trade setups at 2025-11-13 09:30:20
2025-11-13 09:30:20,970 [INFO] Applying EMA strategy to 5 stocks.
2025-11-13 09:30:35,213 [INFO] Checking trade setups at 2025-11-13 09:30:35
2025-11-13 09:30:35,213 [INFO] Applying EMA strategy to 5 stocks.
2025-11-13 09:30:48,735 [INFO] Checking trade setups at 2025-11-13 09:30:48
2025-11-13 09:30:48,736 [INFO] Applying EMA strategy to 5 stocks.
2025-11-13 09:31:03,417 [INFO] Checking trade setups at 2025-11-13 09:31:03
2025-11-13 09:31:03,417 [INFO] Applying EMA strategy to 5 stocks.
2025-11-13 09:31:17,909 [INFO] Checking trade setups at 2025-11-13 09:31:17
2025-11-13 09:31:17,911 [INFO] Applying EMA strategy to 5 stocks.
2025-11-13 09:31:33,263 [INFO] Checking trade setups at 2025-11-13 09:31:33
2025-11-13 09:31:33,263 [INFO] Applying EMA strategy to 5 stocks.
2025-11-13 09:31:46,690 [INFO] Checking trade setups at 2025-11-13 09:31:46
2025-11-13 09:31:46,690 [INFO] Applying EMA strategy to 5 stocks.
2025-11-13 09:32:00,614 [INFO] Checking trade setups at 2025-11-13 09:32:00
2025-11-13 09:32:00,614 [INFO] Applying EMA strategy to 5 stocks.
2025-11-13 09:32:14,127 [INFO] Checking trade setups at 2025-11-13 09:32:14
2025-11-13 09:32:14,130 [INFO] Applying EMA strategy to 5 stocks.
2025-11-13 09:32:15,690 [INFO] Executing trade for NSE:ASIANPAINT-EQ: {'timestamp': '2025-11-13 09:30', 'action': 'SELL', 'entry_price': 2857.1, 'stop_loss': 2869.6, 'target': 2819.6}
2025-11-13 09:32:15,694 [INFO] after SL after filtering the final SL:12.5, final_target:2819.6, qty:8
2025-11-13 09:32:17,422 [INFO] Order Response: {'code': 1101, 'message': 'Successfully placed order', 's': 'ok', 'id': '25111300049954-BO-1'}
2025-11-13 09:32:17,422 [INFO] Trades taken today: 3
2025-11-13 09:32:17,427 [INFO] Remaining trades for the day: 3
2025-11-13 09:32:17,433 [INFO] ✅ Order placed successfully for NSE:ASIANPAINT-EQ
2025-11-13 09:32:30,612 [INFO] Checking trade setups at 2025-11-13 09:32:30
2025-11-13 09:32:30,612 [INFO] Applying EMA strategy to 5 stocks.
2025-11-13 09:32:44,038 [INFO] Checking trade setups at 2025-11-13 09:32:44
2025-11-13 09:32:44,038 [INFO] Applying EMA strategy to 5 stocks.
2025-11-13 09:32:57,230 [INFO] Checking trade setups at 2025-11-13 09:32:57
2025-11-13 09:32:57,230 [INFO] Applying EMA strategy to 5 stocks.
2025-11-13 09:33:11,751 [INFO] Checking trade setups at 2025-11-13 09:33:11
2025-11-13 09:33:11,751 [INFO] Applying EMA strategy to 5 stocks.
2025-11-13 09:33:26,747 [INFO] Checking trade setups at 2025-11-13 09:33:26
2025-11-13 09:33:26,747 [INFO] Applying EMA strategy to 5 stocks.
2025-11-13 09:33:41,164 [INFO] Checking trade setups at 2025-11-13 09:33:41
2025-11-13 09:33:41,165 [INFO] Applying EMA strategy to 5 stocks.
2025-11-13 09:33:56,835 [INFO] Checking trade setups at 2025-11-13 09:33:56
2025-11-13 09:33:56,835 [INFO] Applying EMA strategy to 5 stocks.
2025-11-13 09:34:11,291 [INFO] Checking trade setups at 2025-11-13 09:34:11
2025-11-13 09:34:11,293 [INFO] Applying EMA strategy to 5 stocks.
2025-11-13 09:34:13,763 [INFO] Executing trade for NSE:HONASA-EQ: {'timestamp': '2025-11-13 09:30', 'action': 'SELL', 'entry_price': 300, 'stop_loss': 303, 'target': 291}
2025-11-13 09:34:13,763 [INFO] after SL after filtering the final SL:3.0, final_target:291.0, qty:33
2025-11-13 09:34:14,877 [INFO] Order Response: {'code': 1101, 'message': 'Successfully placed order', 's': 'ok', 'id': '25111300053199-BO-1'}
2025-11-13 09:34:14,880 [INFO] Trades taken today: 4
2025-11-13 09:34:14,890 [INFO] Remaining trades for the day: 2
2025-11-13 09:34:14,892 [INFO] ✅ Order placed successfully for NSE:HONASA-EQ
2025-11-13 09:34:26,024 [INFO] Checking trade setups at 2025-11-13 09:34:26
2025-11-13 09:34:26,026 [INFO] Applying EMA strategy to 5 stocks.
2025-11-13 09:34:40,249 [INFO] Checking trade setups at 2025-11-13 09:34:40
2025-11-13 09:34:40,249 [INFO] Applying EMA strategy to 5 stocks.
2025-11-13 09:34:54,298 [INFO] Checking trade setups at 2025-11-13 09:34:54
2025-11-13 09:34:54,298 [INFO] Applying EMA strategy to 5 stocks.
2025-11-13 09:35:07,998 [INFO] Checking trade setups at 2025-11-13 09:35:07
2025-11-13 09:35:07,998 [INFO] Applying EMA strategy to 5 stocks.
2025-11-13 09:35:21,226 [INFO] Checking trade setups at 2025-11-13 09:35:21
2025-11-13 09:35:21,226 [INFO] Applying EMA strategy to 5 stocks.
2025-11-13 09:35:35,343 [INFO] Checking trade setups at 2025-11-13 09:35:35
2025-11-13 09:35:35,343 [INFO] Applying EMA strategy to 5 stocks.
2025-11-13 09:35:49,082 [INFO] Checking trade setups at 2025-11-13 09:35:49
2025-11-13 09:35:49,082 [INFO] Applying EMA strategy to 5 stocks.
2025-11-13 09:36:02,481 [INFO] Checking trade setups at 2025-11-13 09:36:02
2025-11-13 09:36:02,481 [INFO] Applying EMA strategy to 5 stocks.
2025-11-13 09:36:04,458 [INFO] Executing trade for NSE:TATASTEEL-EQ: {'timestamp': '2025-11-13 09:35', 'action': 'SELL', 'entry_price': 182.15, 'stop_loss': 182.77, 'target': 180.29}
2025-11-13 09:36:04,458 [INFO] after SL after filtering the final SL:0.62, final_target:180.29, qty:161
2025-11-13 09:36:06,187 [INFO] Order Response: {'code': 1101, 'message': 'Successfully placed order', 's': 'ok', 'id': '25111300058969-BO-1'}
2025-11-13 09:36:06,190 [INFO] Trades taken today: 5
2025-11-13 09:36:06,190 [INFO] Remaining trades for the day: 1
2025-11-13 09:36:06,194 [INFO] ✅ Order placed successfully for NSE:TATASTEEL-EQ
2025-11-13 09:36:17,743 [INFO] Checking trade setups at 2025-11-13 09:36:17
2025-11-13 09:36:17,743 [INFO] Applying EMA strategy to 5 stocks.
2025-11-13 09:36:31,385 [INFO] Checking trade setups at 2025-11-13 09:36:31
2025-11-13 09:36:31,385 [INFO] Applying EMA strategy to 5 stocks.
2025-11-13 09:36:44,786 [INFO] Checking trade setups at 2025-11-13 09:36:44
2025-11-13 09:36:44,786 [INFO] Applying EMA strategy to 5 stocks.
2025-11-13 09:36:58,760 [INFO] Checking trade setups at 2025-11-13 09:36:58
2025-11-13 09:36:58,760 [INFO] Applying EMA strategy to 5 stocks.
2025-11-13 09:37:12,521 [INFO] Checking trade setups at 2025-11-13 09:37:12
2025-11-13 09:37:12,521 [INFO] Applying EMA strategy to 5 stocks.
2025-11-13 09:37:26,455 [INFO] Checking trade setups at 2025-11-13 09:37:26
2025-11-13 09:37:26,455 [INFO] Applying EMA strategy to 5 stocks.
2025-11-13 09:37:39,863 [INFO] Checking trade setups at 2025-11-13 09:37:39
2025-11-13 09:37:39,863 [INFO] Applying EMA strategy to 5 stocks.
2025-11-13 09:37:53,612 [INFO] Checking trade setups at 2025-11-13 09:37:53
2025-11-13 09:37:53,612 [INFO] Applying EMA strategy to 5 stocks.
2025-11-13 09:38:06,808 [INFO] Checking trade setups at 2025-11-13 09:38:06
2025-11-13 09:38:06,808 [INFO] Applying EMA strategy to 5 stocks.
2025-11-13 09:38:20,124 [INFO] Checking trade setups at 2025-11-13 09:38:20
2025-11-13 09:38:20,124 [INFO] Applying EMA strategy to 5 stocks.
2025-11-13 09:38:33,632 [INFO] Checking trade setups at 2025-11-13 09:38:33
2025-11-13 09:38:33,632 [INFO] Applying EMA strategy to 5 stocks.
2025-11-13 09:38:47,067 [INFO] Checking trade setups at 2025-11-13 09:38:47
2025-11-13 09:38:47,068 [INFO] Applying EMA strategy to 5 stocks.
2025-11-13 09:39:00,216 [INFO] Checking trade setups at 2025-11-13 09:39:00
2025-11-13 09:39:00,216 [INFO] Applying EMA strategy to 5 stocks.
2025-11-13 09:39:14,596 [INFO] Checking trade setups at 2025-11-13 09:39:14
2025-11-13 09:39:14,596 [INFO] Applying EMA strategy to 5 stocks.
2025-11-13 09:39:28,724 [INFO] Checking trade setups at 2025-11-13 09:39:28
2025-11-13 09:39:28,724 [INFO] Applying EMA strategy to 5 stocks.
2025-11-13 09:39:43,262 [INFO] Checking trade setups at 2025-11-13 09:39:43
2025-11-13 09:39:43,262 [INFO] Applying EMA strategy to 5 stocks.
2025-11-13 09:39:56,480 [INFO] Checking trade setups at 2025-11-13 09:39:56
2025-11-13 09:39:56,480 [INFO] Applying EMA strategy to 5 stocks.
2025-11-13 09:40:11,110 [INFO] Checking trade setups at 2025-11-13 09:40:11
2025-11-13 09:40:11,110 [INFO] Applying EMA strategy to 5 stocks.
2025-11-13 09:40:24,541 [INFO] Checking trade setups at 2025-11-13 09:40:24
2025-11-13 09:40:24,542 [INFO] Applying EMA strategy to 5 stocks.
2025-11-13 09:40:38,360 [INFO] Checking trade setups at 2025-11-13 09:40:38
2025-11-13 09:40:38,360 [INFO] Applying EMA strategy to 5 stocks.
2025-11-13 09:40:51,978 [INFO] Checking trade setups at 2025-11-13 09:40:51
2025-11-13 09:40:51,978 [INFO] Applying EMA strategy to 5 stocks.
2025-11-13 09:41:06,725 [INFO] Checking trade setups at 2025-11-13 09:41:06
2025-11-13 09:41:06,725 [INFO] Applying EMA strategy to 5 stocks.
2025-11-13 09:41:22,094 [INFO] Checking trade setups at 2025-11-13 09:41:22
2025-11-13 09:41:22,094 [INFO] Applying EMA strategy to 5 stocks.
2025-11-13 09:41:35,396 [INFO] Checking trade setups at 2025-11-13 09:41:35
2025-11-13 09:41:35,396 [INFO] Applying EMA strategy to 5 stocks.
2025-11-13 09:41:49,830 [INFO] Checking trade setups at 2025-11-13 09:41:49
2025-11-13 09:41:49,830 [INFO] Applying EMA strategy to 5 stocks.
2025-11-13 09:42:03,048 [INFO] Checking trade setups at 2025-11-13 09:42:03
2025-11-13 09:42:03,048 [INFO] Applying EMA strategy to 5 stocks.
2025-11-13 09:42:16,799 [INFO] Checking trade setups at 2025-11-13 09:42:16
2025-11-13 09:42:16,799 [INFO] Applying EMA strategy to 5 stocks.
2025-11-13 09:42:30,091 [INFO] Checking trade setups at 2025-11-13 09:42:30
2025-11-13 09:42:30,092 [INFO] Applying EMA strategy to 5 stocks.
2025-11-13 09:42:43,489 [INFO] Checking trade setups at 2025-11-13 09:42:43
2025-11-13 09:42:43,489 [INFO] Applying EMA strategy to 5 stocks.
2025-11-13 09:42:57,219 [INFO] Checking trade setups at 2025-11-13 09:42:57
2025-11-13 09:42:57,219 [INFO] Applying EMA strategy to 5 stocks.
2025-11-13 09:43:10,535 [INFO] Checking trade setups at 2025-11-13 09:43:10
2025-11-13 09:43:10,535 [INFO] Applying EMA strategy to 5 stocks.
2025-11-13 09:43:24,741 [INFO] Checking trade setups at 2025-11-13 09:43:24
2025-11-13 09:43:24,741 [INFO] Applying EMA strategy to 5 stocks.
2025-11-13 09:43:38,504 [INFO] Checking trade setups at 2025-11-13 09:43:38
2025-11-13 09:43:38,504 [INFO] Applying EMA strategy to 5 stocks.
2025-11-13 09:43:51,848 [INFO] Checking trade setups at 2025-11-13 09:43:51
2025-11-13 09:43:51,848 [INFO] Applying EMA strategy to 5 stocks.
2025-11-13 09:44:05,523 [INFO] Checking trade setups at 2025-11-13 09:44:05
2025-11-13 09:44:05,523 [INFO] Applying EMA strategy to 5 stocks.
2025-11-13 09:44:19,035 [INFO] Checking trade setups at 2025-11-13 09:44:19
2025-11-13 09:44:19,035 [INFO] Applying EMA strategy to 5 stocks.
2025-11-13 09:44:32,245 [INFO] Checking trade setups at 2025-11-13 09:44:32
2025-11-13 09:44:32,245 [INFO] Applying EMA strategy to 5 stocks.
2025-11-13 09:44:45,663 [INFO] Checking trade setups at 2025-11-13 09:44:45
2025-11-13 09:44:45,665 [INFO] Applying EMA strategy to 5 stocks.
2025-11-13 09:44:59,589 [INFO] Checking trade setups at 2025-11-13 09:44:59
2025-11-13 09:44:59,589 [INFO] Applying EMA strategy to 5 stocks.
2025-11-13 09:45:15,195 [INFO] Checking trade setups at 2025-11-13 09:45:15
2025-11-13 09:45:15,195 [INFO] Applying EMA strategy to 5 stocks.
2025-11-13 09:45:28,683 [INFO] Checking trade setups at 2025-11-13 09:45:28
2025-11-13 09:45:28,683 [INFO] Applying EMA strategy to 5 stocks.
2025-11-13 09:45:42,709 [INFO] Checking trade setups at 2025-11-13 09:45:42
2025-11-13 09:45:42,709 [INFO] Applying EMA strategy to 5 stocks.
2025-11-13 09:45:57,035 [INFO] Checking trade setups at 2025-11-13 09:45:57
2025-11-13 09:45:57,035 [INFO] Applying EMA strategy to 5 stocks.
2025-11-13 09:46:11,617 [INFO] Checking trade setups at 2025-11-13 09:46:11
2025-11-13 09:46:11,618 [INFO] Applying EMA strategy to 5 stocks.
2025-11-13 09:46:25,308 [INFO] Checking trade setups at 2025-11-13 09:46:25
2025-11-13 09:46:25,308 [INFO] Applying EMA strategy to 5 stocks.
2025-11-13 09:46:39,736 [INFO] Checking trade setups at 2025-11-13 09:46:39
2025-11-13 09:46:39,736 [INFO] Applying EMA strategy to 5 stocks.
2025-11-13 09:46:53,163 [INFO] Checking trade setups at 2025-11-13 09:46:53
2025-11-13 09:46:53,163 [INFO] Applying EMA strategy to 5 stocks.
2025-11-13 09:47:07,710 [INFO] Checking trade setups at 2025-11-13 09:47:07
2025-11-13 09:47:07,710 [INFO] Applying EMA strategy to 5 stocks.
2025-11-13 09:47:21,215 [INFO] Checking trade setups at 2025-11-13 09:47:21
2025-11-13 09:47:21,215 [INFO] Applying EMA strategy to 5 stocks.
2025-11-13 09:47:34,234 [INFO] Checking trade setups at 2025-11-13 09:47:34
2025-11-13 09:47:34,234 [INFO] Applying EMA strategy to 5 stocks.
2025-11-13 09:47:47,530 [INFO] Checking trade setups at 2025-11-13 09:47:47
2025-11-13 09:47:47,530 [INFO] Applying EMA strategy to 5 stocks.
2025-11-13 09:48:00,963 [INFO] Checking trade setups at 2025-11-13 09:48:00
2025-11-13 09:48:00,963 [INFO] Applying EMA strategy to 5 stocks.
2025-11-13 09:48:14,360 [INFO] Checking trade setups at 2025-11-13 09:48:14
2025-11-13 09:48:14,360 [INFO] Applying EMA strategy to 5 stocks.
2025-11-13 09:48:27,574 [INFO] Checking trade setups at 2025-11-13 09:48:27
2025-11-13 09:48:27,574 [INFO] Applying EMA strategy to 5 stocks.
2025-11-13 09:48:41,196 [INFO] Checking trade setups at 2025-11-13 09:48:41
2025-11-13 09:48:41,196 [INFO] Applying EMA strategy to 5 stocks.
2025-11-13 09:48:54,507 [INFO] Checking trade setups at 2025-11-13 09:48:54
2025-11-13 09:48:54,507 [INFO] Applying EMA strategy to 5 stocks.
2025-11-13 09:49:09,780 [INFO] Checking trade setups at 2025-11-13 09:49:09
2025-11-13 09:49:09,780 [INFO] Applying EMA strategy to 5 stocks.
2025-11-13 09:49:23,387 [INFO] Checking trade setups at 2025-11-13 09:49:23
2025-11-13 09:49:23,387 [INFO] Applying EMA strategy to 5 stocks.
2025-11-13 09:49:38,123 [INFO] Checking trade setups at 2025-11-13 09:49:38
2025-11-13 09:49:38,123 [INFO] Applying EMA strategy to 5 stocks.
2025-11-13 09:49:51,728 [INFO] Checking trade setups at 2025-11-13 09:49:51
2025-11-13 09:49:51,728 [INFO] Applying EMA strategy to 5 stocks.
2025-11-13 09:50:07,460 [INFO] Checking trade setups at 2025-11-13 09:50:07
2025-11-13 09:50:07,460 [INFO] Applying EMA strategy to 5 stocks.
2025-11-13 09:50:10,418 [INFO] Executing trade for NSE:HONASA-EQ: {'timestamp': '2025-11-13 09:50', 'action': 'SELL', 'entry_price': 298, 'stop_loss': 299.5, 'target': 293.5}
2025-11-13 09:50:10,421 [INFO] after SL after filtering the final SL:1.5, final_target:293.5, qty:66
2025-11-13 09:50:11,226 [INFO] Order Response: {'code': 1101, 'message': 'Successfully placed order', 's': 'ok', 'id': '25111300084876-BO-1'}
2025-11-13 09:50:11,229 [INFO] Trades taken today: 6
2025-11-13 09:50:11,229 [INFO] Remaining trades for the day: 0
2025-11-13 09:50:11,229 [INFO] ✅ Order placed successfully for NSE:HONASA-EQ
2025-11-13 09:50:21,850 [INFO] Checking trade setups at 2025-11-13 09:50:21
2025-11-13 09:50:21,850 [INFO] Applying EMA strategy to 5 stocks.
2025-11-13 09:50:35,423 [INFO] Checking trade setups at 2025-11-13 09:50:35
2025-11-13 09:50:35,423 [INFO] Applying EMA strategy to 5 stocks.
2025-11-13 09:50:49,165 [INFO] Checking trade setups at 2025-11-13 09:50:49
2025-11-13 09:50:49,165 [INFO] Applying EMA strategy to 5 stocks.
2025-11-13 09:50:49,842 [INFO] Executing trade for NSE:DATAPATTNS-EQ: {'timestamp': '2025-11-13 09:50', 'action': 'SELL', 'entry_price': 3008, 'stop_loss': 3025, 'target': 2957}
2025-11-13 09:50:49,842 [INFO] after SL after filtering the final SL:17, final_target:2957, qty:5
2025-11-13 09:50:49,888 [INFO] Max trades reached. Skipping new orders.
2025-11-13 09:51:03,866 [INFO] Checking trade setups at 2025-11-13 09:51:03
2025-11-13 09:51:03,868 [INFO] Applying EMA strategy to 5 stocks.
2025-11-13 09:51:17,671 [INFO] Checking trade setups at 2025-11-13 09:51:17
2025-11-13 09:51:17,671 [INFO] Applying EMA strategy to 5 stocks.
2025-11-13 09:51:33,354 [INFO] Checking trade setups at 2025-11-13 09:51:33
2025-11-13 09:51:33,354 [INFO] Applying EMA strategy to 5 stocks.
2025-11-13 09:51:46,947 [INFO] Checking trade setups at 2025-11-13 09:51:46
2025-11-13 09:51:46,947 [INFO] Applying EMA strategy to 5 stocks.
2025-11-13 09:52:00,801 [INFO] Checking trade setups at 2025-11-13 09:52:00
2025-11-13 09:52:00,801 [INFO] Applying EMA strategy to 5 stocks.
2025-11-13 09:52:14,288 [INFO] Checking trade setups at 2025-11-13 09:52:14
2025-11-13 09:52:14,288 [INFO] Applying EMA strategy to 5 stocks.
2025-11-13 09:52:27,502 [INFO] Checking trade setups at 2025-11-13 09:52:27
2025-11-13 09:52:27,502 [INFO] Applying EMA strategy to 5 stocks.
2025-11-13 09:52:41,771 [INFO] Checking trade setups at 2025-11-13 09:52:41
2025-11-13 09:52:41,771 [INFO] Applying EMA strategy to 5 stocks.
2025-11-13 09:52:55,169 [INFO] Checking trade setups at 2025-11-13 09:52:55
2025-11-13 09:52:55,169 [INFO] Applying EMA strategy to 5 stocks.
2025-11-13 09:53:08,970 [INFO] Checking trade setups at 2025-11-13 09:53:08
2025-11-13 09:53:08,971 [INFO] Applying EMA strategy to 5 stocks.
2025-11-13 09:53:22,516 [INFO] Checking trade setups at 2025-11-13 09:53:22
2025-11-13 09:53:22,516 [INFO] Applying EMA strategy to 5 stocks.
2025-11-13 09:53:36,760 [INFO] Checking trade setups at 2025-11-13 09:53:36
2025-11-13 09:53:36,760 [INFO] Applying EMA strategy to 5 stocks.
2025-11-13 09:53:51,262 [INFO] Checking trade setups at 2025-11-13 09:53:51
2025-11-13 09:53:51,262 [INFO] Applying EMA strategy to 5 stocks.
2025-11-13 09:54:05,398 [INFO] Checking trade setups at 2025-11-13 09:54:05
2025-11-13 09:54:05,398 [INFO] Applying EMA strategy to 5 stocks.
2025-11-13 09:54:19,023 [INFO] Checking trade setups at 2025-11-13 09:54:19
2025-11-13 09:54:19,023 [INFO] Applying EMA strategy to 5 stocks.
2025-11-13 09:54:33,785 [INFO] Checking trade setups at 2025-11-13 09:54:33
2025-11-13 09:54:33,786 [INFO] Applying EMA strategy to 5 stocks.
2025-11-13 09:54:47,589 [INFO] Checking trade setups at 2025-11-13 09:54:47
2025-11-13 09:54:47,589 [INFO] Applying EMA strategy to 5 stocks.
2025-11-13 09:55:03,282 [INFO] Checking trade setups at 2025-11-13 09:55:03
2025-11-13 09:55:03,282 [INFO] Applying EMA strategy to 5 stocks.
2025-11-13 09:55:16,780 [INFO] Checking trade setups at 2025-11-13 09:55:16
2025-11-13 09:55:16,780 [INFO] Applying EMA strategy to 5 stocks.
2025-11-13 09:55:31,528 [INFO] Checking trade setups at 2025-11-13 09:55:31
2025-11-13 09:55:31,528 [INFO] Applying EMA strategy to 5 stocks.
2025-11-13 09:55:33,610 [INFO] Executing trade for NSE:TATASTEEL-EQ: {'timestamp': '2025-11-13 09:55', 'action': 'SELL', 'entry_price': 182.16, 'stop_loss': 182.5, 'target': 181.14}
2025-11-13 09:55:33,612 [INFO] after SL after filtering the final SL:0.51, final_target:180.63, qty:196
2025-11-13 09:55:33,623 [INFO] Max trades reached. Skipping new orders.
2025-11-13 09:55:45,034 [INFO] Checking trade setups at 2025-11-13 09:55:45
2025-11-13 09:55:45,035 [INFO] Applying EMA strategy to 5 stocks.
2025-11-13 09:55:59,707 [INFO] Checking trade setups at 2025-11-13 09:55:59
2025-11-13 09:55:59,707 [INFO] Applying EMA strategy to 5 stocks.
2025-11-13 09:56:14,017 [INFO] Checking trade setups at 2025-11-13 09:56:14
2025-11-13 09:56:14,017 [INFO] Applying EMA strategy to 5 stocks.
2025-11-13 09:56:27,644 [INFO] Checking trade setups at 2025-11-13 09:56:27
2025-11-13 09:56:27,645 [INFO] Applying EMA strategy to 5 stocks.
2025-11-13 09:56:41,270 [INFO] Checking trade setups at 2025-11-13 09:56:41
2025-11-13 09:56:41,270 [INFO] Applying EMA strategy to 5 stocks.
2025-11-13 09:56:56,109 [INFO] Checking trade setups at 2025-11-13 09:56:56
2025-11-13 09:56:56,109 [INFO] Applying EMA strategy to 5 stocks.
2025-11-13 09:57:11,175 [INFO] Checking trade setups at 2025-11-13 09:57:11
2025-11-13 09:57:11,175 [INFO] Applying EMA strategy to 5 stocks.
2025-11-13 09:57:24,570 [INFO] Checking trade setups at 2025-11-13 09:57:24
2025-11-13 09:57:24,570 [INFO] Applying EMA strategy to 5 stocks.
2025-11-13 09:57:38,310 [INFO] Checking trade setups at 2025-11-13 09:57:38
2025-11-13 09:57:38,310 [INFO] Applying EMA strategy to 5 stocks.
2025-11-13 09:57:52,033 [INFO] Checking trade setups at 2025-11-13 09:57:52
2025-11-13 09:57:52,033 [INFO] Applying EMA strategy to 5 stocks.
2025-11-13 09:58:05,343 [INFO] Checking trade setups at 2025-11-13 09:58:05
2025-11-13 09:58:05,343 [INFO] Applying EMA strategy to 5 stocks.
2025-11-13 09:58:08,897 [INFO] Fetching candles for NSE:TMPV-EQ...
2025-11-13 09:58:09,866 [INFO] No candles fetched for NSE:TMPV-EQ. Skipping evaluation.
2025-11-13 09:58:09,866 [INFO] Error in trading logic:
Traceback (most recent call last):
  File "D:\Datascience\TradingBot\main.py", line 149, in main
    tamo_signal, _ = tamo_strategy.evaluate_trade_signal()
    ^^^^^^^^^^^^^^
TypeError: cannot unpack non-iterable bool object

2025-11-13 09:58:19,873 [INFO] Checking trade setups at 2025-11-13 09:58:19
2025-11-13 09:58:19,873 [INFO] Applying EMA strategy to 5 stocks.
2025-11-13 09:58:22,978 [INFO] Fetching candles for NSE:TMPV-EQ...
2025-11-13 09:58:23,584 [INFO] No candles fetched for NSE:TMPV-EQ. Skipping evaluation.
2025-11-13 09:58:23,586 [INFO] Error in trading logic:
Traceback (most recent call last):
  File "D:\Datascience\TradingBot\main.py", line 149, in main
    tamo_signal, _ = tamo_strategy.evaluate_trade_signal()
    ^^^^^^^^^^^^^^
TypeError: cannot unpack non-iterable bool object

2025-11-13 09:58:33,588 [INFO] Checking trade setups at 2025-11-13 09:58:33
2025-11-13 09:58:33,588 [INFO] Applying EMA strategy to 5 stocks.
2025-11-13 09:58:36,917 [INFO] Fetching candles for NSE:TMPV-EQ...
2025-11-13 09:58:37,611 [INFO] No candles fetched for NSE:TMPV-EQ. Skipping evaluation.
2025-11-13 09:58:37,612 [INFO] Error in trading logic:
Traceback (most recent call last):
  File "D:\Datascience\TradingBot\main.py", line 149, in main
    tamo_signal, _ = tamo_strategy.evaluate_trade_signal()
    ^^^^^^^^^^^^^^
TypeError: cannot unpack non-iterable bool object

2025-11-13 09:58:47,613 [INFO] Checking trade setups at 2025-11-13 09:58:47
2025-11-13 09:58:47,613 [INFO] Applying EMA strategy to 5 stocks.
2025-11-13 09:58:50,839 [INFO] Fetching candles for NSE:TMPV-EQ...
2025-11-13 09:58:51,642 [INFO] No candles fetched for NSE:TMPV-EQ. Skipping evaluation.
2025-11-13 09:58:51,642 [INFO] Error in trading logic:
Traceback (most recent call last):
  File "D:\Datascience\TradingBot\main.py", line 149, in main
    tamo_signal, _ = tamo_strategy.evaluate_trade_signal()
    ^^^^^^^^^^^^^^
TypeError: cannot unpack non-iterable bool object

2025-11-13 09:59:01,646 [INFO] Checking trade setups at 2025-11-13 09:59:01
2025-11-13 09:59:01,646 [INFO] Applying EMA strategy to 5 stocks.
2025-11-13 09:59:05,472 [INFO] Fetching candles for NSE:TMPV-EQ...
2025-11-13 09:59:06,077 [INFO] No candles fetched for NSE:TMPV-EQ. Skipping evaluation.
2025-11-13 09:59:06,079 [INFO] Error in trading logic:
Traceback (most recent call last):
  File "D:\Datascience\TradingBot\main.py", line 149, in main
    tamo_signal, _ = tamo_strategy.evaluate_trade_signal()
    ^^^^^^^^^^^^^^
TypeError: cannot unpack non-iterable bool object

2025-11-13 09:59:16,081 [INFO] Checking trade setups at 2025-11-13 09:59:16
2025-11-13 09:59:16,081 [INFO] Applying EMA strategy to 5 stocks.
2025-11-13 09:59:19,606 [INFO] Fetching candles for NSE:TMPV-EQ...
2025-11-13 09:59:20,523 [INFO] No candles fetched for NSE:TMPV-EQ. Skipping evaluation.
2025-11-13 09:59:20,523 [INFO] Error in trading logic:
Traceback (most recent call last):
  File "D:\Datascience\TradingBot\main.py", line 149, in main
    tamo_signal, _ = tamo_strategy.evaluate_trade_signal()
    ^^^^^^^^^^^^^^
TypeError: cannot unpack non-iterable bool object

2025-11-13 09:59:30,526 [INFO] Checking trade setups at 2025-11-13 09:59:30
2025-11-13 09:59:30,526 [INFO] Applying EMA strategy to 5 stocks.
2025-11-13 09:59:34,370 [INFO] Fetching candles for NSE:TMPV-EQ...
2025-11-13 09:59:34,952 [INFO] No candles fetched for NSE:TMPV-EQ. Skipping evaluation.
2025-11-13 09:59:34,952 [INFO] Error in trading logic:
Traceback (most recent call last):
  File "D:\Datascience\TradingBot\main.py", line 149, in main
    tamo_signal, _ = tamo_strategy.evaluate_trade_signal()
    ^^^^^^^^^^^^^^
TypeError: cannot unpack non-iterable bool object

2025-11-13 09:59:44,958 [INFO] Checking trade setups at 2025-11-13 09:59:44
2025-11-13 09:59:44,958 [INFO] Applying EMA strategy to 5 stocks.
2025-11-13 09:59:49,815 [INFO] Fetching candles for NSE:TMPV-EQ...
2025-11-13 09:59:50,438 [INFO] No candles fetched for NSE:TMPV-EQ. Skipping evaluation.
2025-11-13 09:59:50,440 [INFO] Error in trading logic:
Traceback (most recent call last):
  File "D:\Datascience\TradingBot\main.py", line 149, in main
    tamo_signal, _ = tamo_strategy.evaluate_trade_signal()
    ^^^^^^^^^^^^^^
TypeError: cannot unpack non-iterable bool object

2025-11-13 10:00:00,441 [INFO] Checking trade setups at 2025-11-13 10:00:00
2025-11-13 10:00:00,441 [INFO] Applying EMA strategy to 5 stocks.
2025-11-13 10:00:04,887 [INFO] Fetching candles for NSE:TMPV-EQ...
2025-11-13 10:00:06,564 [INFO] Trigger candle found for NSE:TMPV-EQ - High: 400.85, Low: 400.65
2025-11-13 10:00:06,564 [INFO] Candle 10:00 evaluated. High: 400.85, Low: 400.65
2025-11-13 10:00:06,564 [INFO] No breakout yet. Watching further candles...
2025-11-13 10:00:06,568 [INFO] Error in trading logic:
Traceback (most recent call last):
  File "D:\Datascience\TradingBot\main.py", line 149, in main
    tamo_signal, _ = tamo_strategy.evaluate_trade_signal()
    ^^^^^^^^^^^^^^
TypeError: cannot unpack non-iterable NoneType object

2025-11-13 10:00:16,569 [INFO] Checking trade setups at 2025-11-13 10:00:16
2025-11-13 10:00:16,569 [INFO] Applying EMA strategy to 5 stocks.
2025-11-13 10:00:20,133 [INFO] Fetching candles for NSE:TMPV-EQ...
2025-11-13 10:00:20,831 [INFO] Trigger candle found for NSE:TMPV-EQ - High: 400.85, Low: 400.7
2025-11-13 10:00:20,831 [INFO] Candle 10:00 evaluated. High: 400.85, Low: 400.7
2025-11-13 10:00:20,831 [INFO] No breakout yet. Watching further candles...
2025-11-13 10:00:20,834 [INFO] Error in trading logic:
Traceback (most recent call last):
  File "D:\Datascience\TradingBot\main.py", line 149, in main
    tamo_signal, _ = tamo_strategy.evaluate_trade_signal()
    ^^^^^^^^^^^^^^
TypeError: cannot unpack non-iterable NoneType object

2025-11-13 10:00:30,835 [INFO] Checking trade setups at 2025-11-13 10:00:30
2025-11-13 10:00:30,835 [INFO] Applying EMA strategy to 5 stocks.
2025-11-13 10:00:35,905 [INFO] Fetching candles for NSE:TMPV-EQ...
2025-11-13 10:00:36,603 [INFO] Trigger candle found for NSE:TMPV-EQ - High: 400.85, Low: 400.7
2025-11-13 10:00:36,603 [INFO] Candle 10:00 evaluated. High: 400.85, Low: 400.7
2025-11-13 10:00:36,606 [INFO] No breakout yet. Watching further candles...
2025-11-13 10:00:36,606 [INFO] Error in trading logic:
Traceback (most recent call last):
  File "D:\Datascience\TradingBot\main.py", line 149, in main
    tamo_signal, _ = tamo_strategy.evaluate_trade_signal()
    ^^^^^^^^^^^^^^
TypeError: cannot unpack non-iterable NoneType object

2025-11-13 10:00:46,608 [INFO] Checking trade setups at 2025-11-13 10:00:46
2025-11-13 10:00:46,608 [INFO] Applying EMA strategy to 5 stocks.
2025-11-13 10:00:50,434 [INFO] Fetching candles for NSE:TMPV-EQ...
2025-11-13 10:00:51,144 [INFO] Trigger candle found for NSE:TMPV-EQ - High: 400.85, Low: 400.7
2025-11-13 10:00:51,144 [INFO] Candle 10:00 evaluated. High: 400.85, Low: 400.7
2025-11-13 10:00:51,144 [INFO] No breakout yet. Watching further candles...
2025-11-13 10:00:51,144 [INFO] Error in trading logic:
Traceback (most recent call last):
  File "D:\Datascience\TradingBot\main.py", line 149, in main
    tamo_signal, _ = tamo_strategy.evaluate_trade_signal()
    ^^^^^^^^^^^^^^
TypeError: cannot unpack non-iterable NoneType object

2025-11-13 10:01:01,147 [INFO] Checking trade setups at 2025-11-13 10:01:01
2025-11-13 10:01:01,147 [INFO] Applying EMA strategy to 5 stocks.
2025-11-13 10:01:06,344 [INFO] Fetching candles for NSE:TMPV-EQ...
2025-11-13 10:01:07,045 [INFO] Trigger candle found for NSE:TMPV-EQ - High: 400.85, Low: 400.7
2025-11-13 10:01:07,045 [INFO] Candle 10:00 evaluated. High: 400.85, Low: 400.7
2025-11-13 10:01:07,045 [INFO] No breakout yet. Watching further candles...
2025-11-13 10:01:07,045 [INFO] Error in trading logic:
Traceback (most recent call last):
  File "D:\Datascience\TradingBot\main.py", line 149, in main
    tamo_signal, _ = tamo_strategy.evaluate_trade_signal()
    ^^^^^^^^^^^^^^
TypeError: cannot unpack non-iterable NoneType object

2025-11-13 10:01:17,048 [INFO] Checking trade setups at 2025-11-13 10:01:17
2025-11-13 10:01:17,048 [INFO] Applying EMA strategy to 5 stocks.
2025-11-13 10:01:20,750 [INFO] Fetching candles for NSE:TMPV-EQ...
2025-11-13 10:01:21,460 [INFO] Trigger candle found for NSE:TMPV-EQ - High: 400.85, Low: 400.6
2025-11-13 10:01:21,462 [INFO] Candle 10:00 evaluated. High: 400.85, Low: 400.6
2025-11-13 10:01:21,462 [INFO] No breakout yet. Watching further candles...
2025-11-13 10:01:21,464 [INFO] Error in trading logic:
Traceback (most recent call last):
  File "D:\Datascience\TradingBot\main.py", line 149, in main
    tamo_signal, _ = tamo_strategy.evaluate_trade_signal()
    ^^^^^^^^^^^^^^
TypeError: cannot unpack non-iterable NoneType object

2025-11-13 10:01:31,467 [INFO] Checking trade setups at 2025-11-13 10:01:31
2025-11-13 10:01:31,467 [INFO] Applying EMA strategy to 5 stocks.
2025-11-13 10:01:36,827 [INFO] Fetching candles for NSE:TMPV-EQ...
2025-11-13 10:01:37,468 [INFO] Trigger candle found for NSE:TMPV-EQ - High: 400.85, Low: 400.6
2025-11-13 10:01:37,468 [INFO] Candle 10:00 evaluated. High: 400.85, Low: 400.6
2025-11-13 10:01:37,468 [INFO] No breakout yet. Watching further candles...
2025-11-13 10:01:37,470 [INFO] Error in trading logic:
Traceback (most recent call last):
  File "D:\Datascience\TradingBot\main.py", line 149, in main
    tamo_signal, _ = tamo_strategy.evaluate_trade_signal()
    ^^^^^^^^^^^^^^
TypeError: cannot unpack non-iterable NoneType object

2025-11-13 10:01:47,471 [INFO] Checking trade setups at 2025-11-13 10:01:47
2025-11-13 10:01:47,471 [INFO] Applying EMA strategy to 5 stocks.
2025-11-13 10:01:50,651 [INFO] Fetching candles for NSE:TMPV-EQ...
2025-11-13 10:01:51,356 [INFO] Trigger candle found for NSE:TMPV-EQ - High: 400.85, Low: 400.6
2025-11-13 10:01:51,356 [INFO] Candle 10:00 evaluated. High: 400.85, Low: 400.6
2025-11-13 10:01:51,356 [INFO] No breakout yet. Watching further candles...
2025-11-13 10:01:51,356 [INFO] Error in trading logic:
Traceback (most recent call last):
  File "D:\Datascience\TradingBot\main.py", line 149, in main
    tamo_signal, _ = tamo_strategy.evaluate_trade_signal()
    ^^^^^^^^^^^^^^
TypeError: cannot unpack non-iterable NoneType object

2025-11-13 10:02:01,360 [INFO] Checking trade setups at 2025-11-13 10:02:01
2025-11-13 10:02:01,360 [INFO] Applying EMA strategy to 5 stocks.
2025-11-13 10:02:05,108 [INFO] Fetching candles for NSE:TMPV-EQ...
2025-11-13 10:02:06,127 [INFO] Trigger candle found for NSE:TMPV-EQ - High: 400.85, Low: 400.6
2025-11-13 10:02:06,127 [INFO] Candle 10:00 evaluated. High: 400.85, Low: 400.6
2025-11-13 10:02:06,127 [INFO] No breakout yet. Watching further candles...
2025-11-13 10:02:06,129 [INFO] Error in trading logic:
Traceback (most recent call last):
  File "D:\Datascience\TradingBot\main.py", line 149, in main
    tamo_signal, _ = tamo_strategy.evaluate_trade_signal()
    ^^^^^^^^^^^^^^
TypeError: cannot unpack non-iterable NoneType object

2025-11-13 10:02:16,131 [INFO] Checking trade setups at 2025-11-13 10:02:16
2025-11-13 10:02:16,131 [INFO] Applying EMA strategy to 5 stocks.
2025-11-13 10:02:19,523 [INFO] Fetching candles for NSE:TMPV-EQ...
2025-11-13 10:02:20,237 [INFO] Trigger candle found for NSE:TMPV-EQ - High: 400.85, Low: 400.6
2025-11-13 10:02:20,238 [INFO] Candle 10:00 evaluated. High: 400.85, Low: 400.6
2025-11-13 10:02:20,238 [INFO] No breakout yet. Watching further candles...
2025-11-13 10:02:20,238 [INFO] Error in trading logic:
Traceback (most recent call last):
  File "D:\Datascience\TradingBot\main.py", line 149, in main
    tamo_signal, _ = tamo_strategy.evaluate_trade_signal()
    ^^^^^^^^^^^^^^
TypeError: cannot unpack non-iterable NoneType object

2025-11-13 10:02:30,241 [INFO] Checking trade setups at 2025-11-13 10:02:30
2025-11-13 10:02:30,241 [INFO] Applying EMA strategy to 5 stocks.
2025-11-13 10:02:35,309 [INFO] Fetching candles for NSE:TMPV-EQ...
2025-11-13 10:02:36,326 [INFO] Trigger candle found for NSE:TMPV-EQ - High: 400.85, Low: 400.6
2025-11-13 10:02:36,326 [INFO] Candle 10:00 evaluated. High: 400.85, Low: 400.6
2025-11-13 10:02:36,326 [INFO] No breakout yet. Watching further candles...
2025-11-13 10:02:36,326 [INFO] Error in trading logic:
Traceback (most recent call last):
  File "D:\Datascience\TradingBot\main.py", line 149, in main
    tamo_signal, _ = tamo_strategy.evaluate_trade_signal()
    ^^^^^^^^^^^^^^
TypeError: cannot unpack non-iterable NoneType object

2025-11-13 10:02:46,330 [INFO] Checking trade setups at 2025-11-13 10:02:46
2025-11-13 10:02:46,330 [INFO] Applying EMA strategy to 5 stocks.
2025-11-13 10:02:49,952 [INFO] Fetching candles for NSE:TMPV-EQ...
2025-11-13 10:02:50,648 [INFO] Trigger candle found for NSE:TMPV-EQ - High: 400.85, Low: 400.5
2025-11-13 10:02:50,651 [INFO] Candle 10:00 evaluated. High: 400.85, Low: 400.5
2025-11-13 10:02:50,651 [INFO] No breakout yet. Watching further candles...
2025-11-13 10:02:50,651 [INFO] Error in trading logic:
Traceback (most recent call last):
  File "D:\Datascience\TradingBot\main.py", line 149, in main
    tamo_signal, _ = tamo_strategy.evaluate_trade_signal()
    ^^^^^^^^^^^^^^
TypeError: cannot unpack non-iterable NoneType object

2025-11-13 10:03:00,654 [INFO] Checking trade setups at 2025-11-13 10:03:00
2025-11-13 10:03:00,654 [INFO] Applying EMA strategy to 5 stocks.
2025-11-13 10:03:04,796 [INFO] Fetching candles for NSE:TMPV-EQ...
2025-11-13 10:03:05,401 [INFO] Trigger candle found for NSE:TMPV-EQ - High: 400.85, Low: 400.5
2025-11-13 10:03:05,401 [INFO] Candle 10:00 evaluated. High: 400.85, Low: 400.5
2025-11-13 10:03:05,401 [INFO] No breakout yet. Watching further candles...
2025-11-13 10:03:05,401 [INFO] Error in trading logic:
Traceback (most recent call last):
  File "D:\Datascience\TradingBot\main.py", line 149, in main
    tamo_signal, _ = tamo_strategy.evaluate_trade_signal()
    ^^^^^^^^^^^^^^
TypeError: cannot unpack non-iterable NoneType object

2025-11-13 10:03:15,404 [INFO] Checking trade setups at 2025-11-13 10:03:15
2025-11-13 10:03:15,404 [INFO] Applying EMA strategy to 5 stocks.
2025-11-13 10:03:18,976 [INFO] Fetching candles for NSE:TMPV-EQ...
2025-11-13 10:03:20,203 [INFO] Trigger candle found for NSE:TMPV-EQ - High: 400.85, Low: 400.5
2025-11-13 10:03:20,203 [INFO] Candle 10:00 evaluated. High: 400.85, Low: 400.5
2025-11-13 10:03:20,203 [INFO] No breakout yet. Watching further candles...
2025-11-13 10:03:20,203 [INFO] Error in trading logic:
Traceback (most recent call last):
  File "D:\Datascience\TradingBot\main.py", line 149, in main
    tamo_signal, _ = tamo_strategy.evaluate_trade_signal()
    ^^^^^^^^^^^^^^
TypeError: cannot unpack non-iterable NoneType object

2025-11-13 10:03:30,206 [INFO] Checking trade setups at 2025-11-13 10:03:30
2025-11-13 10:03:30,206 [INFO] Applying EMA strategy to 5 stocks.
2025-11-13 10:03:33,685 [INFO] Fetching candles for NSE:TMPV-EQ...
2025-11-13 10:03:34,284 [INFO] Trigger candle found for NSE:TMPV-EQ - High: 400.85, Low: 400.5
2025-11-13 10:03:34,284 [INFO] Candle 10:00 evaluated. High: 400.85, Low: 400.5
2025-11-13 10:03:34,284 [INFO] No breakout yet. Watching further candles...
2025-11-13 10:03:34,284 [INFO] Error in trading logic:
Traceback (most recent call last):
  File "D:\Datascience\TradingBot\main.py", line 149, in main
    tamo_signal, _ = tamo_strategy.evaluate_trade_signal()
    ^^^^^^^^^^^^^^
TypeError: cannot unpack non-iterable NoneType object

2025-11-13 10:03:44,287 [INFO] Checking trade setups at 2025-11-13 10:03:44
2025-11-13 10:03:44,287 [INFO] Applying EMA strategy to 5 stocks.
2025-11-13 10:03:48,339 [INFO] Fetching candles for NSE:TMPV-EQ...
2025-11-13 10:03:48,918 [INFO] Trigger candle found for NSE:TMPV-EQ - High: 400.85, Low: 400.5
2025-11-13 10:03:48,918 [INFO] Candle 10:00 evaluated. High: 400.85, Low: 400.5
2025-11-13 10:03:48,918 [INFO] No breakout yet. Watching further candles...
2025-11-13 10:03:48,918 [INFO] Error in trading logic:
Traceback (most recent call last):
  File "D:\Datascience\TradingBot\main.py", line 149, in main
    tamo_signal, _ = tamo_strategy.evaluate_trade_signal()
    ^^^^^^^^^^^^^^
TypeError: cannot unpack non-iterable NoneType object

2025-11-13 10:03:58,922 [INFO] Checking trade setups at 2025-11-13 10:03:58
2025-11-13 10:03:58,922 [INFO] Applying EMA strategy to 5 stocks.
2025-11-13 10:04:02,353 [INFO] Fetching candles for NSE:TMPV-EQ...
2025-11-13 10:04:03,154 [INFO] Trigger candle found for NSE:TMPV-EQ - High: 400.85, Low: 400.5
2025-11-13 10:04:03,154 [INFO] Candle 10:00 evaluated. High: 400.85, Low: 400.5
2025-11-13 10:04:03,154 [INFO] No breakout yet. Watching further candles...
2025-11-13 10:04:03,154 [INFO] Error in trading logic:
Traceback (most recent call last):
  File "D:\Datascience\TradingBot\main.py", line 149, in main
    tamo_signal, _ = tamo_strategy.evaluate_trade_signal()
    ^^^^^^^^^^^^^^
TypeError: cannot unpack non-iterable NoneType object

2025-11-13 10:04:13,160 [INFO] Checking trade setups at 2025-11-13 10:04:13
2025-11-13 10:04:13,160 [INFO] Applying EMA strategy to 5 stocks.
2025-11-13 10:04:16,514 [INFO] Fetching candles for NSE:TMPV-EQ...
2025-11-13 10:04:17,385 [INFO] Trigger candle found for NSE:TMPV-EQ - High: 400.85, Low: 400.5
2025-11-13 10:04:17,385 [INFO] Candle 10:00 evaluated. High: 400.85, Low: 400.5
2025-11-13 10:04:17,385 [INFO] No breakout yet. Watching further candles...
2025-11-13 10:04:17,388 [INFO] Error in trading logic:
Traceback (most recent call last):
  File "D:\Datascience\TradingBot\main.py", line 149, in main
    tamo_signal, _ = tamo_strategy.evaluate_trade_signal()
    ^^^^^^^^^^^^^^
TypeError: cannot unpack non-iterable NoneType object

2025-11-13 10:04:27,389 [INFO] Checking trade setups at 2025-11-13 10:04:27
2025-11-13 10:04:27,389 [INFO] Applying EMA strategy to 5 stocks.
2025-11-13 10:04:30,925 [INFO] Fetching candles for NSE:TMPV-EQ...
2025-11-13 10:04:31,833 [INFO] Trigger candle found for NSE:TMPV-EQ - High: 400.85, Low: 400.5
2025-11-13 10:04:31,833 [INFO] Candle 10:00 evaluated. High: 400.85, Low: 400.5
2025-11-13 10:04:31,833 [INFO] No breakout yet. Watching further candles...
2025-11-13 10:04:31,833 [INFO] Error in trading logic:
Traceback (most recent call last):
  File "D:\Datascience\TradingBot\main.py", line 149, in main
    tamo_signal, _ = tamo_strategy.evaluate_trade_signal()
    ^^^^^^^^^^^^^^
TypeError: cannot unpack non-iterable NoneType object

2025-11-13 10:04:41,836 [INFO] Checking trade setups at 2025-11-13 10:04:41
2025-11-13 10:04:41,836 [INFO] Applying EMA strategy to 5 stocks.
2025-11-13 10:04:45,257 [INFO] Fetching candles for NSE:TMPV-EQ...
2025-11-13 10:04:46,069 [INFO] Trigger candle found for NSE:TMPV-EQ - High: 400.85, Low: 400.5
2025-11-13 10:04:46,069 [INFO] Candle 10:00 evaluated. High: 400.85, Low: 400.5
2025-11-13 10:04:46,069 [INFO] No breakout yet. Watching further candles...
2025-11-13 10:04:46,069 [INFO] Error in trading logic:
Traceback (most recent call last):
  File "D:\Datascience\TradingBot\main.py", line 149, in main
    tamo_signal, _ = tamo_strategy.evaluate_trade_signal()
    ^^^^^^^^^^^^^^
TypeError: cannot unpack non-iterable NoneType object

2025-11-13 10:04:56,073 [INFO] Checking trade setups at 2025-11-13 10:04:56
2025-11-13 10:04:56,073 [INFO] Applying EMA strategy to 5 stocks.
2025-11-13 10:04:59,590 [INFO] Fetching candles for NSE:TMPV-EQ...
2025-11-13 10:05:00,203 [INFO] Trigger candle found for NSE:TMPV-EQ - High: 400.85, Low: 400.5
2025-11-13 10:05:00,203 [INFO] Candle 10:00 evaluated. High: 400.85, Low: 400.5
2025-11-13 10:05:00,203 [INFO] No breakout yet. Watching further candles...
2025-11-13 10:05:00,203 [INFO] Candle 10:05 evaluated. High: 400.8, Low: 400.8
2025-11-13 10:05:00,203 [INFO] No breakout yet. Watching further candles...
2025-11-13 10:05:00,203 [INFO] Error in trading logic:
Traceback (most recent call last):
  File "D:\Datascience\TradingBot\main.py", line 149, in main
    tamo_signal, _ = tamo_strategy.evaluate_trade_signal()
    ^^^^^^^^^^^^^^
TypeError: cannot unpack non-iterable NoneType object

2025-11-13 10:05:10,207 [INFO] Checking trade setups at 2025-11-13 10:05:10
2025-11-13 10:05:10,207 [INFO] Applying EMA strategy to 5 stocks.
2025-11-13 10:05:13,741 [INFO] Fetching candles for NSE:TMPV-EQ...
2025-11-13 10:05:14,629 [INFO] Trigger candle found for NSE:TMPV-EQ - High: 400.85, Low: 400.5
2025-11-13 10:05:14,629 [INFO] Candle 10:00 evaluated. High: 400.85, Low: 400.5
2025-11-13 10:05:14,629 [INFO] No breakout yet. Watching further candles...
2025-11-13 10:05:14,629 [INFO] Candle 10:05 evaluated. High: 400.95, Low: 400.8
2025-11-13 10:05:14,629 [INFO] Trade signal evaluated as Buy.
2025-11-13 10:05:14,629 [INFO] Buy Triggered for NSE:TMPV-EQ SETUP at 2025-11-13 10:05
2025-11-13 10:05:15,446 [INFO] Order Response: {'code': 1101, 'message': 'Successfully placed order', 's': 'ok', 'id': '25111300109310-BO-1'}
2025-11-13 10:05:15,446 [INFO] Trades taken today: 7
2025-11-13 10:05:15,446 [INFO] Remaining trades for the day: -1
2025-11-13 10:05:15,451 [INFO] ✅ Order placed successfully for NSE:TMPV-EQ
2025-11-13 10:05:15,455 [INFO] TAMO trade executed successfully at 2025-11-13 10:05
2025-11-13 10:05:25,458 [INFO] Checking trade setups at 2025-11-13 10:05:25
2025-11-13 10:05:25,458 [INFO] Applying EMA strategy to 5 stocks.
2025-11-13 10:05:38,838 [INFO] Checking trade setups at 2025-11-13 10:05:38
2025-11-13 10:05:38,838 [INFO] Applying EMA strategy to 5 stocks.
2025-11-13 10:05:52,933 [INFO] Checking trade setups at 2025-11-13 10:05:52
2025-11-13 10:05:52,933 [INFO] Applying EMA strategy to 5 stocks.
2025-11-13 10:06:06,963 [INFO] Checking trade setups at 2025-11-13 10:06:06
2025-11-13 10:06:06,963 [INFO] Applying EMA strategy to 5 stocks.
2025-11-13 10:06:21,790 [INFO] Checking trade setups at 2025-11-13 10:06:21
2025-11-13 10:06:21,790 [INFO] Applying EMA strategy to 5 stocks.
2025-11-13 10:06:35,403 [INFO] Checking trade setups at 2025-11-13 10:06:35
2025-11-13 10:06:35,403 [INFO] Applying EMA strategy to 5 stocks.
2025-11-13 10:06:49,229 [INFO] Checking trade setups at 2025-11-13 10:06:49
2025-11-13 10:06:49,229 [INFO] Applying EMA strategy to 5 stocks.
2025-11-13 10:07:02,895 [INFO] Checking trade setups at 2025-11-13 10:07:02
2025-11-13 10:07:02,895 [INFO] Applying EMA strategy to 5 stocks.
2025-11-13 10:07:16,474 [INFO] Checking trade setups at 2025-11-13 10:07:16
2025-11-13 10:07:16,474 [INFO] Applying EMA strategy to 5 stocks.
2025-11-13 10:07:30,192 [INFO] Checking trade setups at 2025-11-13 10:07:30
2025-11-13 10:07:30,192 [INFO] Applying EMA strategy to 5 stocks.
2025-11-13 10:07:43,310 [INFO] Checking trade setups at 2025-11-13 10:07:43
2025-11-13 10:07:43,310 [INFO] Applying EMA strategy to 5 stocks.
2025-11-13 10:07:58,161 [INFO] Checking trade setups at 2025-11-13 10:07:58
2025-11-13 10:07:58,161 [INFO] Applying EMA strategy to 5 stocks.
2025-11-13 10:08:11,466 [INFO] Checking trade setups at 2025-11-13 10:08:11
2025-11-13 10:08:11,466 [INFO] Applying EMA strategy to 5 stocks.
2025-11-13 10:08:24,951 [INFO] Checking trade setups at 2025-11-13 10:08:24
2025-11-13 10:08:24,951 [INFO] Applying EMA strategy to 5 stocks.
2025-11-13 10:08:38,394 [INFO] Checking trade setups at 2025-11-13 10:08:38
2025-11-13 10:08:38,394 [INFO] Applying EMA strategy to 5 stocks.
2025-11-13 10:08:52,119 [INFO] Checking trade setups at 2025-11-13 10:08:52
2025-11-13 10:08:52,119 [INFO] Applying EMA strategy to 5 stocks.
2025-11-13 10:09:05,730 [INFO] Checking trade setups at 2025-11-13 10:09:05
2025-11-13 10:09:05,730 [INFO] Applying EMA strategy to 5 stocks.
2025-11-13 10:09:19,668 [INFO] Checking trade setups at 2025-11-13 10:09:19
2025-11-13 10:09:19,668 [INFO] Applying EMA strategy to 5 stocks.
2025-11-13 10:09:34,231 [INFO] Checking trade setups at 2025-11-13 10:09:34
2025-11-13 10:09:34,231 [INFO] Applying EMA strategy to 5 stocks.
2025-11-13 10:09:47,548 [INFO] Checking trade setups at 2025-11-13 10:09:47
2025-11-13 10:09:47,548 [INFO] Applying EMA strategy to 5 stocks.
2025-11-13 10:10:02,916 [INFO] Checking trade setups at 2025-11-13 10:10:02
2025-11-13 10:10:02,916 [INFO] Applying EMA strategy to 5 stocks.
2025-11-13 10:10:16,201 [INFO] Checking trade setups at 2025-11-13 10:10:16
2025-11-13 10:10:16,201 [INFO] Applying EMA strategy to 5 stocks.
2025-11-13 10:10:29,619 [INFO] Checking trade setups at 2025-11-13 10:10:29
2025-11-13 10:10:29,619 [INFO] Applying EMA strategy to 5 stocks.
2025-11-13 10:10:43,880 [INFO] Checking trade setups at 2025-11-13 10:10:43
2025-11-13 10:10:43,880 [INFO] Applying EMA strategy to 5 stocks.
2025-11-13 10:10:59,517 [INFO] Checking trade setups at 2025-11-13 10:10:59
2025-11-13 10:10:59,517 [INFO] Applying EMA strategy to 5 stocks.
2025-11-13 10:11:13,656 [INFO] Checking trade setups at 2025-11-13 10:11:13
2025-11-13 10:11:13,657 [INFO] Applying EMA strategy to 5 stocks.
2025-11-13 10:11:27,687 [INFO] Checking trade setups at 2025-11-13 10:11:27
2025-11-13 10:11:27,687 [INFO] Applying EMA strategy to 5 stocks.
2025-11-13 10:11:41,907 [INFO] Checking trade setups at 2025-11-13 10:11:41
2025-11-13 10:11:41,907 [INFO] Applying EMA strategy to 5 stocks.
2025-11-13 10:11:55,728 [INFO] Checking trade setups at 2025-11-13 10:11:55
2025-11-13 10:11:55,729 [INFO] Applying EMA strategy to 5 stocks.
2025-11-13 10:12:09,450 [INFO] Checking trade setups at 2025-11-13 10:12:09
2025-11-13 10:12:09,450 [INFO] Applying EMA strategy to 5 stocks.
2025-11-13 10:12:22,659 [INFO] Checking trade setups at 2025-11-13 10:12:22
2025-11-13 10:12:22,660 [INFO] Applying EMA strategy to 5 stocks.
2025-11-13 10:12:37,199 [INFO] Checking trade setups at 2025-11-13 10:12:37
2025-11-13 10:12:37,199 [INFO] Applying EMA strategy to 5 stocks.
2025-11-13 10:12:50,507 [INFO] Checking trade setups at 2025-11-13 10:12:50
2025-11-13 10:12:50,507 [INFO] Applying EMA strategy to 5 stocks.
2025-11-13 10:13:04,128 [INFO] Checking trade setups at 2025-11-13 10:13:04
2025-11-13 10:13:04,128 [INFO] Applying EMA strategy to 5 stocks.
2025-11-13 10:13:17,655 [INFO] Checking trade setups at 2025-11-13 10:13:17
2025-11-13 10:13:17,655 [INFO] Applying EMA strategy to 5 stocks.
2025-11-13 10:13:31,988 [INFO] Checking trade setups at 2025-11-13 10:13:31
2025-11-13 10:13:31,988 [INFO] Applying EMA strategy to 5 stocks.
2025-11-13 10:13:45,510 [INFO] Checking trade setups at 2025-11-13 10:13:45
2025-11-13 10:13:45,510 [INFO] Applying EMA strategy to 5 stocks.
2025-11-13 10:13:59,939 [INFO] Checking trade setups at 2025-11-13 10:13:59
2025-11-13 10:13:59,939 [INFO] Applying EMA strategy to 5 stocks.
2025-11-13 10:14:14,698 [INFO] Checking trade setups at 2025-11-13 10:14:14
2025-11-13 10:14:14,698 [INFO] Applying EMA strategy to 5 stocks.
2025-11-13 10:14:30,270 [INFO] Checking trade setups at 2025-11-13 10:14:30
2025-11-13 10:14:30,270 [INFO] Applying EMA strategy to 5 stocks.
2025-11-13 10:14:45,098 [INFO] Checking trade setups at 2025-11-13 10:14:45
2025-11-13 10:14:45,098 [INFO] Applying EMA strategy to 5 stocks.
2025-11-13 10:14:59,038 [INFO] Checking trade setups at 2025-11-13 10:14:59
2025-11-13 10:14:59,038 [INFO] Applying EMA strategy to 5 stocks.
2025-11-13 10:15:14,327 [INFO] Checking trade setups at 2025-11-13 10:15:14
2025-11-13 10:15:14,327 [INFO] Applying EMA strategy to 5 stocks.
2025-11-13 10:15:30,158 [INFO] Checking trade setups at 2025-11-13 10:15:30
2025-11-13 10:15:30,158 [INFO] Applying EMA strategy to 5 stocks.
2025-11-13 10:15:45,043 [INFO] Checking trade setups at 2025-11-13 10:15:45
2025-11-13 10:15:45,043 [INFO] Applying EMA strategy to 5 stocks.
2025-11-13 10:15:59,142 [INFO] Checking trade setups at 2025-11-13 10:15:59
2025-11-13 10:15:59,142 [INFO] Applying EMA strategy to 5 stocks.
2025-11-13 10:16:14,010 [INFO] Checking trade setups at 2025-11-13 10:16:14
2025-11-13 10:16:14,010 [INFO] Applying EMA strategy to 5 stocks.
2025-11-13 10:16:27,302 [INFO] Checking trade setups at 2025-11-13 10:16:27
2025-11-13 10:16:27,302 [INFO] Applying EMA strategy to 5 stocks.
2025-11-13 10:16:40,925 [INFO] Checking trade setups at 2025-11-13 10:16:40
2025-11-13 10:16:40,925 [INFO] Applying EMA strategy to 5 stocks.
2025-11-13 10:16:54,449 [INFO] Checking trade setups at 2025-11-13 10:16:54
2025-11-13 10:16:54,449 [INFO] Applying EMA strategy to 5 stocks.
2025-11-13 10:17:08,875 [INFO] Checking trade setups at 2025-11-13 10:17:08
2025-11-13 10:17:08,875 [INFO] Applying EMA strategy to 5 stocks.
2025-11-13 10:17:23,492 [INFO] Checking trade setups at 2025-11-13 10:17:23
2025-11-13 10:17:23,492 [INFO] Applying EMA strategy to 5 stocks.
2025-11-13 10:17:37,249 [INFO] Checking trade setups at 2025-11-13 10:17:37
2025-11-13 10:17:37,250 [INFO] Applying EMA strategy to 5 stocks.
2025-11-13 10:17:51,803 [INFO] Checking trade setups at 2025-11-13 10:17:51
2025-11-13 10:17:51,803 [INFO] Applying EMA strategy to 5 stocks.
2025-11-13 10:18:06,378 [INFO] Checking trade setups at 2025-11-13 10:18:06
2025-11-13 10:18:06,378 [INFO] Applying EMA strategy to 5 stocks.
2025-11-13 10:18:20,178 [INFO] Checking trade setups at 2025-11-13 10:18:20
2025-11-13 10:18:20,178 [INFO] Applying EMA strategy to 5 stocks.
2025-11-13 10:18:35,916 [INFO] Checking trade setups at 2025-11-13 10:18:35
2025-11-13 10:18:35,916 [INFO] Applying EMA strategy to 5 stocks.
2025-11-13 10:18:50,189 [INFO] Checking trade setups at 2025-11-13 10:18:50
2025-11-13 10:18:50,189 [INFO] Applying EMA strategy to 5 stocks.
2025-11-13 10:19:04,299 [INFO] Checking trade setups at 2025-11-13 10:19:04
2025-11-13 10:19:04,299 [INFO] Applying EMA strategy to 5 stocks.
2025-11-13 10:19:18,222 [INFO] Checking trade setups at 2025-11-13 10:19:18
2025-11-13 10:19:18,222 [INFO] Applying EMA strategy to 5 stocks.
2025-11-13 10:19:32,135 [INFO] Checking trade setups at 2025-11-13 10:19:32
2025-11-13 10:19:32,135 [INFO] Applying EMA strategy to 5 stocks.
2025-11-13 10:19:45,772 [INFO] Checking trade setups at 2025-11-13 10:19:45
2025-11-13 10:19:45,772 [INFO] Applying EMA strategy to 5 stocks.
2025-11-13 10:20:01,118 [INFO] Checking trade setups at 2025-11-13 10:20:01
2025-11-13 10:20:01,118 [INFO] Applying EMA strategy to 5 stocks.
2025-11-13 10:20:14,847 [INFO] Checking trade setups at 2025-11-13 10:20:14
2025-11-13 10:20:14,847 [INFO] Applying EMA strategy to 5 stocks.
2025-11-13 10:20:28,529 [INFO] Checking trade setups at 2025-11-13 10:20:28
2025-11-13 10:20:28,529 [INFO] Applying EMA strategy to 5 stocks.
2025-11-13 10:20:42,700 [INFO] Checking trade setups at 2025-11-13 10:20:42
2025-11-13 10:20:42,700 [INFO] Applying EMA strategy to 5 stocks.
2025-11-13 10:20:56,625 [INFO] Checking trade setups at 2025-11-13 10:20:56
2025-11-13 10:20:56,627 [INFO] Applying EMA strategy to 5 stocks.
2025-11-13 10:21:14,049 [INFO] Checking trade setups at 2025-11-13 10:21:14
2025-11-13 10:21:14,049 [INFO] Applying EMA strategy to 5 stocks.
2025-11-13 10:21:27,971 [INFO] Checking trade setups at 2025-11-13 10:21:27
2025-11-13 10:21:27,971 [INFO] Applying EMA strategy to 5 stocks.
2025-11-13 10:21:41,572 [INFO] Checking trade setups at 2025-11-13 10:21:41
2025-11-13 10:21:41,572 [INFO] Applying EMA strategy to 5 stocks.
2025-11-13 10:21:56,043 [INFO] Checking trade setups at 2025-11-13 10:21:56
2025-11-13 10:21:56,043 [INFO] Applying EMA strategy to 5 stocks.
2025-11-13 10:22:10,052 [INFO] Checking trade setups at 2025-11-13 10:22:10
2025-11-13 10:22:10,052 [INFO] Applying EMA strategy to 5 stocks.
2025-11-13 10:22:25,109 [INFO] Checking trade setups at 2025-11-13 10:22:25
2025-11-13 10:22:25,109 [INFO] Applying EMA strategy to 5 stocks.
2025-11-13 10:22:38,832 [INFO] Checking trade setups at 2025-11-13 10:22:38
2025-11-13 10:22:38,832 [INFO] Applying EMA strategy to 5 stocks.
2025-11-13 10:22:52,752 [INFO] Checking trade setups at 2025-11-13 10:22:52
2025-11-13 10:22:52,752 [INFO] Applying EMA strategy to 5 stocks.
2025-11-13 10:23:06,992 [INFO] Checking trade setups at 2025-11-13 10:23:06
2025-11-13 10:23:06,992 [INFO] Applying EMA strategy to 5 stocks.
2025-11-13 10:23:21,422 [INFO] Checking trade setups at 2025-11-13 10:23:21
2025-11-13 10:23:21,422 [INFO] Applying EMA strategy to 5 stocks.
2025-11-13 10:23:35,354 [INFO] Checking trade setups at 2025-11-13 10:23:35
2025-11-13 10:23:35,354 [INFO] Applying EMA strategy to 5 stocks.
2025-11-13 10:23:48,651 [INFO] Checking trade setups at 2025-11-13 10:23:48
2025-11-13 10:23:48,651 [INFO] Applying EMA strategy to 5 stocks.
2025-11-13 10:24:03,211 [INFO] Checking trade setups at 2025-11-13 10:24:03
2025-11-13 10:24:03,211 [INFO] Applying EMA strategy to 5 stocks.
2025-11-13 10:24:17,326 [INFO] Checking trade setups at 2025-11-13 10:24:17
2025-11-13 10:24:17,326 [INFO] Applying EMA strategy to 5 stocks.
2025-11-13 10:24:31,875 [INFO] Checking trade setups at 2025-11-13 10:24:31
2025-11-13 10:24:31,875 [INFO] Applying EMA strategy to 5 stocks.
2025-11-13 10:24:47,126 [INFO] Checking trade setups at 2025-11-13 10:24:47
2025-11-13 10:24:47,126 [INFO] Applying EMA strategy to 5 stocks.
2025-11-13 10:25:00,950 [INFO] Checking trade setups at 2025-11-13 10:25:00
2025-11-13 10:25:00,950 [INFO] Applying EMA strategy to 5 stocks.
2025-11-13 10:25:16,018 [INFO] Checking trade setups at 2025-11-13 10:25:16
2025-11-13 10:25:16,018 [INFO] Applying EMA strategy to 5 stocks.
2025-11-13 10:25:31,172 [INFO] Checking trade setups at 2025-11-13 10:25:31
2025-11-13 10:25:31,173 [INFO] Applying EMA strategy to 5 stocks.
2025-11-13 10:25:44,785 [INFO] Checking trade setups at 2025-11-13 10:25:44
2025-11-13 10:25:44,785 [INFO] Applying EMA strategy to 5 stocks.
2025-11-13 10:25:58,605 [INFO] Checking trade setups at 2025-11-13 10:25:58
2025-11-13 10:25:58,605 [INFO] Applying EMA strategy to 5 stocks.
2025-11-13 10:26:13,258 [INFO] Checking trade setups at 2025-11-13 10:26:13
2025-11-13 10:26:13,258 [INFO] Applying EMA strategy to 5 stocks.
2025-11-13 10:26:26,878 [INFO] Checking trade setups at 2025-11-13 10:26:26
2025-11-13 10:26:26,878 [INFO] Applying EMA strategy to 5 stocks.
2025-11-13 10:26:40,599 [INFO] Checking trade setups at 2025-11-13 10:26:40
2025-11-13 10:26:40,599 [INFO] Applying EMA strategy to 5 stocks.
2025-11-13 10:26:54,116 [INFO] Checking trade setups at 2025-11-13 10:26:54
2025-11-13 10:26:54,116 [INFO] Applying EMA strategy to 5 stocks.
2025-11-13 10:27:08,033 [INFO] Checking trade setups at 2025-11-13 10:27:08
2025-11-13 10:27:08,033 [INFO] Applying EMA strategy to 5 stocks.
2025-11-13 10:27:21,669 [INFO] Checking trade setups at 2025-11-13 10:27:21
2025-11-13 10:27:21,669 [INFO] Applying EMA strategy to 5 stocks.
2025-11-13 10:27:35,376 [INFO] Checking trade setups at 2025-11-13 10:27:35
2025-11-13 10:27:35,376 [INFO] Applying EMA strategy to 5 stocks.
2025-11-13 10:27:49,509 [INFO] Checking trade setups at 2025-11-13 10:27:49
2025-11-13 10:27:49,509 [INFO] Applying EMA strategy to 5 stocks.
2025-11-13 10:28:03,872 [INFO] Checking trade setups at 2025-11-13 10:28:03
2025-11-13 10:28:03,872 [INFO] Applying EMA strategy to 5 stocks.
2025-11-13 10:28:17,974 [INFO] Checking trade setups at 2025-11-13 10:28:17
2025-11-13 10:28:17,975 [INFO] Applying EMA strategy to 5 stocks.
2025-11-13 10:28:31,599 [INFO] Checking trade setups at 2025-11-13 10:28:31
2025-11-13 10:28:31,599 [INFO] Applying EMA strategy to 5 stocks.
2025-11-13 10:28:45,927 [INFO] Checking trade setups at 2025-11-13 10:28:45
2025-11-13 10:28:45,927 [INFO] Applying EMA strategy to 5 stocks.
2025-11-13 10:29:00,476 [INFO] Checking trade setups at 2025-11-13 10:29:00
2025-11-13 10:29:00,476 [INFO] Applying EMA strategy to 5 stocks.
2025-11-13 10:29:13,782 [INFO] Checking trade setups at 2025-11-13 10:29:13
2025-11-13 10:29:13,782 [INFO] Applying EMA strategy to 5 stocks.
2025-11-13 10:29:27,100 [INFO] Checking trade setups at 2025-11-13 10:29:27
2025-11-13 10:29:27,100 [INFO] Applying EMA strategy to 5 stocks.
2025-11-13 10:29:40,826 [INFO] Checking trade setups at 2025-11-13 10:29:40
2025-11-13 10:29:40,826 [INFO] Applying EMA strategy to 5 stocks.
2025-11-13 10:29:54,131 [INFO] Checking trade setups at 2025-11-13 10:29:54
2025-11-13 10:29:54,131 [INFO] Applying EMA strategy to 5 stocks.
2025-11-13 10:30:08,298 [INFO] Checking trade setups at 2025-11-13 10:30:08
2025-11-13 10:30:08,298 [INFO] Applying EMA strategy to 5 stocks.
2025-11-13 10:30:21,795 [INFO] Checking trade setups at 2025-11-13 10:30:21
2025-11-13 10:30:21,795 [INFO] Applying EMA strategy to 5 stocks.
2025-11-13 10:30:35,105 [INFO] Checking trade setups at 2025-11-13 10:30:35
2025-11-13 10:30:35,106 [INFO] Applying EMA strategy to 5 stocks.
2025-11-13 10:30:48,523 [INFO] Checking trade setups at 2025-11-13 10:30:48
2025-11-13 10:30:48,523 [INFO] Applying EMA strategy to 5 stocks.
2025-11-13 10:31:02,230 [INFO] Checking trade setups at 2025-11-13 10:31:02
2025-11-13 10:31:02,230 [INFO] Applying EMA strategy to 5 stocks.
2025-11-13 10:31:15,544 [INFO] Checking trade setups at 2025-11-13 10:31:15
2025-11-13 10:31:15,544 [INFO] Applying EMA strategy to 5 stocks.
2025-11-13 10:31:28,753 [INFO] Checking trade setups at 2025-11-13 10:31:28
2025-11-13 10:31:28,755 [INFO] Applying EMA strategy to 5 stocks.
2025-11-13 10:31:42,476 [INFO] Checking trade setups at 2025-11-13 10:31:42
2025-11-13 10:31:42,476 [INFO] Applying EMA strategy to 5 stocks.
2025-11-13 10:31:56,622 [INFO] Checking trade setups at 2025-11-13 10:31:56
2025-11-13 10:31:56,622 [INFO] Applying EMA strategy to 5 stocks.
2025-11-13 10:32:10,633 [INFO] Checking trade setups at 2025-11-13 10:32:10
2025-11-13 10:32:10,633 [INFO] Applying EMA strategy to 5 stocks.
2025-11-13 10:32:23,752 [INFO] Checking trade setups at 2025-11-13 10:32:23
2025-11-13 10:32:23,752 [INFO] Applying EMA strategy to 5 stocks.
2025-11-13 10:32:37,373 [INFO] Checking trade setups at 2025-11-13 10:32:37
2025-11-13 10:32:37,373 [INFO] Applying EMA strategy to 5 stocks.
2025-11-13 10:32:50,895 [INFO] Checking trade setups at 2025-11-13 10:32:50
2025-11-13 10:32:50,899 [INFO] Applying EMA strategy to 5 stocks.
2025-11-13 10:33:06,239 [INFO] Checking trade setups at 2025-11-13 10:33:06
2025-11-13 10:33:06,239 [INFO] Applying EMA strategy to 5 stocks.
2025-11-13 10:33:20,605 [INFO] Checking trade setups at 2025-11-13 10:33:20
2025-11-13 10:33:20,605 [INFO] Applying EMA strategy to 5 stocks.
2025-11-13 10:33:34,506 [INFO] Checking trade setups at 2025-11-13 10:33:34
2025-11-13 10:33:34,506 [INFO] Applying EMA strategy to 5 stocks.
2025-11-13 10:33:48,555 [INFO] Checking trade setups at 2025-11-13 10:33:48
2025-11-13 10:33:48,555 [INFO] Applying EMA strategy to 5 stocks.
2025-11-13 10:34:02,155 [INFO] Checking trade setups at 2025-11-13 10:34:02
2025-11-13 10:34:02,155 [INFO] Applying EMA strategy to 5 stocks.
2025-11-13 10:34:16,417 [INFO] Checking trade setups at 2025-11-13 10:34:16
2025-11-13 10:34:16,417 [INFO] Applying EMA strategy to 5 stocks.
2025-11-13 10:34:32,365 [INFO] Checking trade setups at 2025-11-13 10:34:32
2025-11-13 10:34:32,365 [INFO] Applying EMA strategy to 5 stocks.
2025-11-13 10:34:45,572 [INFO] Checking trade setups at 2025-11-13 10:34:45
2025-11-13 10:34:45,572 [INFO] Applying EMA strategy to 5 stocks.
2025-11-13 10:34:59,294 [INFO] Checking trade setups at 2025-11-13 10:34:59
2025-11-13 10:34:59,294 [INFO] Applying EMA strategy to 5 stocks.
2025-11-13 10:35:12,816 [INFO] Checking trade setups at 2025-11-13 10:35:12
2025-11-13 10:35:12,816 [INFO] Applying EMA strategy to 5 stocks.
2025-11-13 10:35:26,124 [INFO] Checking trade setups at 2025-11-13 10:35:26
2025-11-13 10:35:26,124 [INFO] Applying EMA strategy to 5 stocks.
2025-11-13 10:35:39,474 [INFO] Checking trade setups at 2025-11-13 10:35:39
2025-11-13 10:35:39,474 [INFO] Applying EMA strategy to 5 stocks.
2025-11-13 10:35:52,750 [INFO] Checking trade setups at 2025-11-13 10:35:52
2025-11-13 10:35:52,750 [INFO] Applying EMA strategy to 5 stocks.
2025-11-13 10:36:06,079 [INFO] Checking trade setups at 2025-11-13 10:36:06
2025-11-13 10:36:06,079 [INFO] Applying EMA strategy to 5 stocks.
2025-11-13 10:36:19,707 [INFO] Checking trade setups at 2025-11-13 10:36:19
2025-11-13 10:36:19,707 [INFO] Applying EMA strategy to 5 stocks.
2025-11-13 10:36:33,429 [INFO] Checking trade setups at 2025-11-13 10:36:33
2025-11-13 10:36:33,429 [INFO] Applying EMA strategy to 5 stocks.
2025-11-13 10:36:46,680 [INFO] Checking trade setups at 2025-11-13 10:36:46
2025-11-13 10:36:46,680 [INFO] Applying EMA strategy to 5 stocks.
2025-11-13 10:37:00,036 [INFO] Checking trade setups at 2025-11-13 10:37:00
2025-11-13 10:37:00,036 [INFO] Applying EMA strategy to 5 stocks.
2025-11-13 10:37:14,366 [INFO] Checking trade setups at 2025-11-13 10:37:14
2025-11-13 10:37:14,366 [INFO] Applying EMA strategy to 5 stocks.
2025-11-13 10:37:29,625 [INFO] Checking trade setups at 2025-11-13 10:37:29
2025-11-13 10:37:29,625 [INFO] Applying EMA strategy to 5 stocks.
2025-11-13 10:37:42,836 [INFO] Checking trade setups at 2025-11-13 10:37:42
2025-11-13 10:37:42,836 [INFO] Applying EMA strategy to 5 stocks.
2025-11-13 10:37:56,152 [INFO] Checking trade setups at 2025-11-13 10:37:56
2025-11-13 10:37:56,152 [INFO] Applying EMA strategy to 5 stocks.
2025-11-13 10:38:09,776 [INFO] Checking trade setups at 2025-11-13 10:38:09
2025-11-13 10:38:09,776 [INFO] Applying EMA strategy to 5 stocks.
2025-11-13 10:38:23,184 [INFO] Checking trade setups at 2025-11-13 10:38:23
2025-11-13 10:38:23,184 [INFO] Applying EMA strategy to 5 stocks.
2025-11-13 10:38:37,210 [INFO] Checking trade setups at 2025-11-13 10:38:37
2025-11-13 10:38:37,210 [INFO] Applying EMA strategy to 5 stocks.
2025-11-13 10:38:50,830 [INFO] Checking trade setups at 2025-11-13 10:38:50
2025-11-13 10:38:50,830 [INFO] Applying EMA strategy to 5 stocks.
2025-11-13 10:39:04,444 [INFO] Checking trade setups at 2025-11-13 10:39:04
2025-11-13 10:39:04,444 [INFO] Applying EMA strategy to 5 stocks.
2025-11-13 10:39:17,660 [INFO] Checking trade setups at 2025-11-13 10:39:17
2025-11-13 10:39:17,668 [INFO] Applying EMA strategy to 5 stocks.
2025-11-13 10:39:31,395 [INFO] Checking trade setups at 2025-11-13 10:39:31
2025-11-13 10:39:31,395 [INFO] Applying EMA strategy to 5 stocks.
2025-11-13 10:39:44,660 [INFO] Checking trade setups at 2025-11-13 10:39:44
2025-11-13 10:39:44,660 [INFO] Applying EMA strategy to 5 stocks.
2025-11-13 10:39:57,808 [INFO] Checking trade setups at 2025-11-13 10:39:57
2025-11-13 10:39:57,808 [INFO] Applying EMA strategy to 5 stocks.
2025-11-13 10:40:13,064 [INFO] Checking trade setups at 2025-11-13 10:40:13
2025-11-13 10:40:13,064 [INFO] Applying EMA strategy to 5 stocks.
2025-11-13 10:40:16,580 [INFO] Executing trade for NSE:ELGIEQUIP-EQ: {'timestamp': '2025-11-13 10:40', 'action': 'SELL', 'entry_price': 499.45, 'stop_loss': 500.6, 'target': 495.9999999999999}
2025-11-13 10:40:16,582 [INFO] after SL after filtering the final SL:1.15, final_target:496.0, qty:86
2025-11-13 10:40:16,616 [INFO] Max trades reached. Skipping new orders.
2025-11-13 10:40:26,626 [INFO] Checking trade setups at 2025-11-13 10:40:26
2025-11-13 10:40:26,626 [INFO] Applying EMA strategy to 5 stocks.
2025-11-13 10:40:39,808 [INFO] Checking trade setups at 2025-11-13 10:40:39
2025-11-13 10:40:39,808 [INFO] Applying EMA strategy to 5 stocks.
2025-11-13 10:40:53,319 [INFO] Checking trade setups at 2025-11-13 10:40:53
2025-11-13 10:40:53,319 [INFO] Applying EMA strategy to 5 stocks.
2025-11-13 10:41:06,926 [INFO] Checking trade setups at 2025-11-13 10:41:06
2025-11-13 10:41:06,926 [INFO] Applying EMA strategy to 5 stocks.
2025-11-13 10:41:20,479 [INFO] Checking trade setups at 2025-11-13 10:41:20
2025-11-13 10:41:20,479 [INFO] Applying EMA strategy to 5 stocks.
2025-11-13 10:41:34,010 [INFO] Checking trade setups at 2025-11-13 10:41:34
2025-11-13 10:41:34,010 [INFO] Applying EMA strategy to 5 stocks.
2025-11-13 10:41:47,381 [INFO] Checking trade setups at 2025-11-13 10:41:47
2025-11-13 10:41:47,381 [INFO] Applying EMA strategy to 5 stocks.
2025-11-13 10:42:02,633 [INFO] Checking trade setups at 2025-11-13 10:42:02
2025-11-13 10:42:02,633 [INFO] Applying EMA strategy to 5 stocks.
2025-11-13 10:42:16,253 [INFO] Checking trade setups at 2025-11-13 10:42:16
2025-11-13 10:42:16,254 [INFO] Applying EMA strategy to 5 stocks.
2025-11-13 10:42:30,690 [INFO] Checking trade setups at 2025-11-13 10:42:30
2025-11-13 10:42:30,690 [INFO] Applying EMA strategy to 5 stocks.
2025-11-13 10:42:43,813 [INFO] Checking trade setups at 2025-11-13 10:42:43
2025-11-13 10:42:43,813 [INFO] Applying EMA strategy to 5 stocks.
2025-11-13 10:42:57,545 [INFO] Checking trade setups at 2025-11-13 10:42:57
2025-11-13 10:42:57,545 [INFO] Applying EMA strategy to 5 stocks.
2025-11-13 10:43:11,797 [INFO] Checking trade setups at 2025-11-13 10:43:11
2025-11-13 10:43:11,798 [INFO] Applying EMA strategy to 5 stocks.
2025-11-13 10:43:25,183 [INFO] Checking trade setups at 2025-11-13 10:43:25
2025-11-13 10:43:25,183 [INFO] Applying EMA strategy to 5 stocks.
2025-11-13 10:43:38,411 [INFO] Checking trade setups at 2025-11-13 10:43:38
2025-11-13 10:43:38,411 [INFO] Applying EMA strategy to 5 stocks.
2025-11-13 10:43:52,122 [INFO] Checking trade setups at 2025-11-13 10:43:52
2025-11-13 10:43:52,122 [INFO] Applying EMA strategy to 5 stocks.
2025-11-13 10:44:05,424 [INFO] Checking trade setups at 2025-11-13 10:44:05
2025-11-13 10:44:05,424 [INFO] Applying EMA strategy to 5 stocks.
2025-11-13 10:44:19,031 [INFO] Checking trade setups at 2025-11-13 10:44:19
2025-11-13 10:44:19,031 [INFO] Applying EMA strategy to 5 stocks.
2025-11-13 10:44:32,875 [INFO] Checking trade setups at 2025-11-13 10:44:32
2025-11-13 10:44:32,875 [INFO] Applying EMA strategy to 5 stocks.
2025-11-13 10:44:46,480 [INFO] Checking trade setups at 2025-11-13 10:44:46
2025-11-13 10:44:46,480 [INFO] Applying EMA strategy to 5 stocks.
2025-11-13 10:45:01,445 [INFO] Checking trade setups at 2025-11-13 10:45:01
2025-11-13 10:45:01,445 [INFO] Applying EMA strategy to 5 stocks.
2025-11-13 10:45:14,846 [INFO] Checking trade setups at 2025-11-13 10:45:14
2025-11-13 10:45:14,846 [INFO] Applying EMA strategy to 5 stocks.
2025-11-13 10:45:27,970 [INFO] Checking trade setups at 2025-11-13 10:45:27
2025-11-13 10:45:27,970 [INFO] Applying EMA strategy to 5 stocks.
2025-11-13 10:45:41,590 [INFO] Checking trade setups at 2025-11-13 10:45:41
2025-11-13 10:45:41,590 [INFO] Applying EMA strategy to 5 stocks.
2025-11-13 10:45:55,830 [INFO] Checking trade setups at 2025-11-13 10:45:55
2025-11-13 10:45:55,830 [INFO] Applying EMA strategy to 5 stocks.
2025-11-13 10:46:10,347 [INFO] Checking trade setups at 2025-11-13 10:46:10
2025-11-13 10:46:10,347 [INFO] Applying EMA strategy to 5 stocks.
2025-11-13 10:46:23,453 [INFO] Checking trade setups at 2025-11-13 10:46:23
2025-11-13 10:46:23,453 [INFO] Applying EMA strategy to 5 stocks.
2025-11-13 10:46:36,915 [INFO] Checking trade setups at 2025-11-13 10:46:36
2025-11-13 10:46:36,915 [INFO] Applying EMA strategy to 5 stocks.
2025-11-13 10:46:52,437 [INFO] Checking trade setups at 2025-11-13 10:46:52
2025-11-13 10:46:52,437 [INFO] Applying EMA strategy to 5 stocks.
2025-11-13 10:47:05,643 [INFO] Checking trade setups at 2025-11-13 10:47:05
2025-11-13 10:47:05,643 [INFO] Applying EMA strategy to 5 stocks.
2025-11-13 10:47:20,294 [INFO] Checking trade setups at 2025-11-13 10:47:20
2025-11-13 10:47:20,294 [INFO] Applying EMA strategy to 5 stocks.
2025-11-13 10:47:34,724 [INFO] Checking trade setups at 2025-11-13 10:47:34
2025-11-13 10:47:34,724 [INFO] Applying EMA strategy to 5 stocks.
2025-11-13 10:47:48,045 [INFO] Checking trade setups at 2025-11-13 10:47:48
2025-11-13 10:47:48,045 [INFO] Applying EMA strategy to 5 stocks.
2025-11-13 10:48:01,516 [INFO] Checking trade setups at 2025-11-13 10:48:01
2025-11-13 10:48:01,516 [INFO] Applying EMA strategy to 5 stocks.
2025-11-13 10:48:14,665 [INFO] Checking trade setups at 2025-11-13 10:48:14
2025-11-13 10:48:14,665 [INFO] Applying EMA strategy to 5 stocks.
2025-11-13 10:48:28,396 [INFO] Checking trade setups at 2025-11-13 10:48:28
2025-11-13 10:48:28,396 [INFO] Applying EMA strategy to 5 stocks.
2025-11-13 10:48:42,834 [INFO] Checking trade setups at 2025-11-13 10:48:42
2025-11-13 10:48:42,837 [INFO] Applying EMA strategy to 5 stocks.
2025-11-13 10:48:56,234 [INFO] Checking trade setups at 2025-11-13 10:48:56
2025-11-13 10:48:56,234 [INFO] Applying EMA strategy to 5 stocks.
2025-11-13 10:49:10,061 [INFO] Checking trade setups at 2025-11-13 10:49:10
2025-11-13 10:49:10,061 [INFO] Applying EMA strategy to 5 stocks.
2025-11-13 10:49:23,590 [INFO] Checking trade setups at 2025-11-13 10:49:23
2025-11-13 10:49:23,590 [INFO] Applying EMA strategy to 5 stocks.
2025-11-13 10:49:37,403 [INFO] Checking trade setups at 2025-11-13 10:49:37
2025-11-13 10:49:37,403 [INFO] Applying EMA strategy to 5 stocks.
2025-11-13 10:49:50,945 [INFO] Checking trade setups at 2025-11-13 10:49:50
2025-11-13 10:49:50,945 [INFO] Applying EMA strategy to 5 stocks.
2025-11-13 10:50:04,037 [INFO] Checking trade setups at 2025-11-13 10:50:04
2025-11-13 10:50:04,037 [INFO] Applying EMA strategy to 5 stocks.
2025-11-13 10:50:18,172 [INFO] Checking trade setups at 2025-11-13 10:50:18
2025-11-13 10:50:18,172 [INFO] Applying EMA strategy to 5 stocks.
2025-11-13 10:50:31,786 [INFO] Checking trade setups at 2025-11-13 10:50:31
2025-11-13 10:50:31,786 [INFO] Applying EMA strategy to 5 stocks.
2025-11-13 10:50:44,990 [INFO] Checking trade setups at 2025-11-13 10:50:44
2025-11-13 10:50:44,990 [INFO] Applying EMA strategy to 5 stocks.
2025-11-13 10:50:59,640 [INFO] Checking trade setups at 2025-11-13 10:50:59
2025-11-13 10:50:59,640 [INFO] Applying EMA strategy to 5 stocks.
2025-11-13 10:51:12,954 [INFO] Checking trade setups at 2025-11-13 10:51:12
2025-11-13 10:51:12,959 [INFO] Applying EMA strategy to 5 stocks.
2025-11-13 10:51:26,162 [INFO] Checking trade setups at 2025-11-13 10:51:26
2025-11-13 10:51:26,162 [INFO] Applying EMA strategy to 5 stocks.
2025-11-13 10:51:39,684 [INFO] Checking trade setups at 2025-11-13 10:51:39
2025-11-13 10:51:39,686 [INFO] Applying EMA strategy to 5 stocks.
2025-11-13 10:51:53,804 [INFO] Checking trade setups at 2025-11-13 10:51:53
2025-11-13 10:51:53,804 [INFO] Applying EMA strategy to 5 stocks.
2025-11-13 10:52:07,021 [INFO] Checking trade setups at 2025-11-13 10:52:07
2025-11-13 10:52:07,021 [INFO] Applying EMA strategy to 5 stocks.
2025-11-13 10:52:20,844 [INFO] Checking trade setups at 2025-11-13 10:52:20
2025-11-13 10:52:20,844 [INFO] Applying EMA strategy to 5 stocks.
2025-11-13 10:52:34,371 [INFO] Checking trade setups at 2025-11-13 10:52:34
2025-11-13 10:52:34,371 [INFO] Applying EMA strategy to 5 stocks.
2025-11-13 10:52:48,306 [INFO] Checking trade setups at 2025-11-13 10:52:48
2025-11-13 10:52:48,306 [INFO] Applying EMA strategy to 5 stocks.
2025-11-13 10:53:02,006 [INFO] Checking trade setups at 2025-11-13 10:53:02
2025-11-13 10:53:02,006 [INFO] Applying EMA strategy to 5 stocks.
2025-11-13 10:53:15,835 [INFO] Checking trade setups at 2025-11-13 10:53:15
2025-11-13 10:53:15,835 [INFO] Applying EMA strategy to 5 stocks.
2025-11-13 10:53:30,293 [INFO] Checking trade setups at 2025-11-13 10:53:30
2025-11-13 10:53:30,293 [INFO] Applying EMA strategy to 5 stocks.
2025-11-13 10:53:44,167 [INFO] Checking trade setups at 2025-11-13 10:53:44
2025-11-13 10:53:44,167 [INFO] Applying EMA strategy to 5 stocks.
2025-11-13 10:53:57,224 [INFO] Checking trade setups at 2025-11-13 10:53:57
2025-11-13 10:53:57,224 [INFO] Applying EMA strategy to 5 stocks.
2025-11-13 10:54:10,586 [INFO] Checking trade setups at 2025-11-13 10:54:10
2025-11-13 10:54:10,586 [INFO] Applying EMA strategy to 5 stocks.
2025-11-13 10:54:23,842 [INFO] Checking trade setups at 2025-11-13 10:54:23
2025-11-13 10:54:23,842 [INFO] Applying EMA strategy to 5 stocks.
2025-11-13 10:54:37,190 [INFO] Checking trade setups at 2025-11-13 10:54:37
2025-11-13 10:54:37,190 [INFO] Applying EMA strategy to 5 stocks.
2025-11-13 10:54:51,683 [INFO] Checking trade setups at 2025-11-13 10:54:51
2025-11-13 10:54:51,683 [INFO] Applying EMA strategy to 5 stocks.
2025-11-13 10:55:07,552 [INFO] Checking trade setups at 2025-11-13 10:55:07
2025-11-13 10:55:07,552 [INFO] Applying EMA strategy to 5 stocks.
2025-11-13 10:55:23,455 [INFO] Checking trade setups at 2025-11-13 10:55:23
2025-11-13 10:55:23,455 [INFO] Applying EMA strategy to 5 stocks.
2025-11-13 10:55:37,151 [INFO] Checking trade setups at 2025-11-13 10:55:37
2025-11-13 10:55:37,151 [INFO] Applying EMA strategy to 5 stocks.
2025-11-13 10:55:50,579 [INFO] Checking trade setups at 2025-11-13 10:55:50
2025-11-13 10:55:50,579 [INFO] Applying EMA strategy to 5 stocks.
2025-11-13 10:56:04,395 [INFO] Checking trade setups at 2025-11-13 10:56:04
2025-11-13 10:56:04,395 [INFO] Applying EMA strategy to 5 stocks.
2025-11-13 10:56:17,501 [INFO] Checking trade setups at 2025-11-13 10:56:17
2025-11-13 10:56:17,501 [INFO] Applying EMA strategy to 5 stocks.
2025-11-13 10:56:31,219 [INFO] Checking trade setups at 2025-11-13 10:56:31
2025-11-13 10:56:31,219 [INFO] Applying EMA strategy to 5 stocks.
2025-11-13 10:56:44,327 [INFO] Checking trade setups at 2025-11-13 10:56:44
2025-11-13 10:56:44,327 [INFO] Applying EMA strategy to 5 stocks.
2025-11-13 10:56:57,681 [INFO] Checking trade setups at 2025-11-13 10:56:57
2025-11-13 10:56:57,681 [INFO] Applying EMA strategy to 5 stocks.
2025-11-13 10:57:10,967 [INFO] Checking trade setups at 2025-11-13 10:57:10
2025-11-13 10:57:10,967 [INFO] Applying EMA strategy to 5 stocks.
2025-11-13 10:57:27,350 [INFO] Checking trade setups at 2025-11-13 10:57:27
2025-11-13 10:57:27,351 [INFO] Applying EMA strategy to 5 stocks.
2025-11-13 10:57:40,648 [INFO] Checking trade setups at 2025-11-13 10:57:40
2025-11-13 10:57:40,648 [INFO] Applying EMA strategy to 5 stocks.
2025-11-13 10:57:54,224 [INFO] Checking trade setups at 2025-11-13 10:57:54
2025-11-13 10:57:54,226 [INFO] Applying EMA strategy to 5 stocks.
2025-11-13 10:58:07,972 [INFO] Checking trade setups at 2025-11-13 10:58:07
2025-11-13 10:58:07,972 [INFO] Applying EMA strategy to 5 stocks.
2025-11-13 10:58:21,611 [INFO] Checking trade setups at 2025-11-13 10:58:21
2025-11-13 10:58:21,611 [INFO] Applying EMA strategy to 5 stocks.
2025-11-13 10:58:34,919 [INFO] Checking trade setups at 2025-11-13 10:58:34
2025-11-13 10:58:34,921 [INFO] Applying EMA strategy to 5 stocks.
2025-11-13 10:58:48,752 [INFO] Checking trade setups at 2025-11-13 10:58:48
2025-11-13 10:58:48,752 [INFO] Applying EMA strategy to 5 stocks.
2025-11-13 10:59:02,364 [INFO] Checking trade setups at 2025-11-13 10:59:02
2025-11-13 10:59:02,364 [INFO] Applying EMA strategy to 5 stocks.
2025-11-13 10:59:16,090 [INFO] Checking trade setups at 2025-11-13 10:59:16
2025-11-13 10:59:16,090 [INFO] Applying EMA strategy to 5 stocks.
2025-11-13 10:59:31,345 [INFO] Checking trade setups at 2025-11-13 10:59:31
2025-11-13 10:59:31,345 [INFO] Applying EMA strategy to 5 stocks.
2025-11-13 10:59:45,069 [INFO] Checking trade setups at 2025-11-13 10:59:45
2025-11-13 10:59:45,069 [INFO] Applying EMA strategy to 5 stocks.
2025-11-13 10:59:59,207 [INFO] Checking trade setups at 2025-11-13 10:59:59
2025-11-13 10:59:59,207 [INFO] Applying EMA strategy to 5 stocks.
2025-11-13 11:00:14,659 [INFO] Checking trade setups at 2025-11-13 11:00:14
2025-11-13 11:00:14,659 [INFO] Applying EMA strategy to 5 stocks.
2025-11-13 11:00:28,283 [INFO] Checking trade setups at 2025-11-13 11:00:28
2025-11-13 11:00:28,283 [INFO] Applying EMA strategy to 5 stocks.
2025-11-13 11:00:41,697 [INFO] Checking trade setups at 2025-11-13 11:00:41
2025-11-13 11:00:41,697 [INFO] Applying EMA strategy to 5 stocks.
2025-11-13 11:00:55,319 [INFO] Checking trade setups at 2025-11-13 11:00:55
2025-11-13 11:00:55,319 [INFO] Applying EMA strategy to 5 stocks.
2025-11-13 11:01:08,834 [INFO] Checking trade setups at 2025-11-13 11:01:08
2025-11-13 11:01:08,834 [INFO] Applying EMA strategy to 5 stocks.
2025-11-13 11:01:23,270 [INFO] Checking trade setups at 2025-11-13 11:01:23
2025-11-13 11:01:23,270 [INFO] Applying EMA strategy to 5 stocks.
2025-11-13 11:01:38,229 [INFO] Checking trade setups at 2025-11-13 11:01:38
2025-11-13 11:01:38,229 [INFO] Applying EMA strategy to 5 stocks.
2025-11-13 11:01:52,447 [INFO] Checking trade setups at 2025-11-13 11:01:52
2025-11-13 11:01:52,448 [INFO] Applying EMA strategy to 5 stocks.
2025-11-13 11:02:06,181 [INFO] Checking trade setups at 2025-11-13 11:02:06
2025-11-13 11:02:06,181 [INFO] Applying EMA strategy to 5 stocks.
2025-11-13 11:02:20,746 [INFO] Checking trade setups at 2025-11-13 11:02:20
2025-11-13 11:02:20,746 [INFO] Applying EMA strategy to 5 stocks.
2025-11-13 11:02:34,858 [INFO] Checking trade setups at 2025-11-13 11:02:34
2025-11-13 11:02:34,858 [INFO] Applying EMA strategy to 5 stocks.
2025-11-13 11:02:48,823 [INFO] Checking trade setups at 2025-11-13 11:02:48
2025-11-13 11:02:48,823 [INFO] Applying EMA strategy to 5 stocks.
2025-11-13 11:03:03,118 [INFO] Checking trade setups at 2025-11-13 11:03:03
2025-11-13 11:03:03,118 [INFO] Applying EMA strategy to 5 stocks.
2025-11-13 11:03:17,094 [INFO] Checking trade setups at 2025-11-13 11:03:17
2025-11-13 11:03:17,100 [INFO] Applying EMA strategy to 5 stocks.
2025-11-13 11:03:31,142 [INFO] Checking trade setups at 2025-11-13 11:03:31
2025-11-13 11:03:31,142 [INFO] Applying EMA strategy to 5 stocks.
2025-11-13 11:03:44,776 [INFO] Checking trade setups at 2025-11-13 11:03:44
2025-11-13 11:03:44,776 [INFO] Applying EMA strategy to 5 stocks.
2025-11-13 11:03:58,417 [INFO] Checking trade setups at 2025-11-13 11:03:58
2025-11-13 11:03:58,417 [INFO] Applying EMA strategy to 5 stocks.
2025-11-13 11:04:13,675 [INFO] Checking trade setups at 2025-11-13 11:04:13
2025-11-13 11:04:13,676 [INFO] Applying EMA strategy to 5 stocks.
2025-11-13 11:04:26,896 [INFO] Checking trade setups at 2025-11-13 11:04:26
2025-11-13 11:04:26,899 [INFO] Applying EMA strategy to 5 stocks.
2025-11-13 11:04:40,397 [INFO] Checking trade setups at 2025-11-13 11:04:40
2025-11-13 11:04:40,397 [INFO] Applying EMA strategy to 5 stocks.
2025-11-13 11:04:56,279 [INFO] Checking trade setups at 2025-11-13 11:04:56
2025-11-13 11:04:56,281 [INFO] Applying EMA strategy to 5 stocks.
2025-11-13 11:05:10,003 [INFO] Checking trade setups at 2025-11-13 11:05:10
2025-11-13 11:05:10,003 [INFO] Applying EMA strategy to 5 stocks.
2025-11-13 11:05:23,820 [INFO] Checking trade setups at 2025-11-13 11:05:23
2025-11-13 11:05:23,820 [INFO] Applying EMA strategy to 5 stocks.
2025-11-13 11:05:37,744 [INFO] Checking trade setups at 2025-11-13 11:05:37
2025-11-13 11:05:37,744 [INFO] Applying EMA strategy to 5 stocks.
2025-11-13 11:05:51,216 [INFO] Checking trade setups at 2025-11-13 11:05:51
2025-11-13 11:05:51,216 [INFO] Applying EMA strategy to 5 stocks.
2025-11-13 11:06:05,218 [INFO] Checking trade setups at 2025-11-13 11:06:05
2025-11-13 11:06:05,218 [INFO] Applying EMA strategy to 5 stocks.
2025-11-13 11:06:19,123 [INFO] Checking trade setups at 2025-11-13 11:06:19
2025-11-13 11:06:19,123 [INFO] Applying EMA strategy to 5 stocks.
2025-11-13 11:06:33,363 [INFO] Checking trade setups at 2025-11-13 11:06:33
2025-11-13 11:06:33,363 [INFO] Applying EMA strategy to 5 stocks.
2025-11-13 11:06:47,022 [INFO] Checking trade setups at 2025-11-13 11:06:47
2025-11-13 11:06:47,022 [INFO] Applying EMA strategy to 5 stocks.
2025-11-13 11:07:00,854 [INFO] Checking trade setups at 2025-11-13 11:07:00
2025-11-13 11:07:00,854 [INFO] Applying EMA strategy to 5 stocks.
2025-11-13 11:07:14,605 [INFO] Checking trade setups at 2025-11-13 11:07:14
2025-11-13 11:07:14,605 [INFO] Applying EMA strategy to 5 stocks.
2025-11-13 11:07:28,992 [INFO] Checking trade setups at 2025-11-13 11:07:28
2025-11-13 11:07:28,992 [INFO] Applying EMA strategy to 5 stocks.
2025-11-13 11:07:42,674 [INFO] Checking trade setups at 2025-11-13 11:07:42
2025-11-13 11:07:42,674 [INFO] Applying EMA strategy to 5 stocks.
2025-11-13 11:07:59,280 [INFO] Checking trade setups at 2025-11-13 11:07:59
2025-11-13 11:07:59,280 [INFO] Applying EMA strategy to 5 stocks.
2025-11-13 11:08:13,984 [INFO] Checking trade setups at 2025-11-13 11:08:13
2025-11-13 11:08:13,984 [INFO] Applying EMA strategy to 5 stocks.
2025-11-13 11:08:28,041 [INFO] Checking trade setups at 2025-11-13 11:08:28
2025-11-13 11:08:28,041 [INFO] Applying EMA strategy to 5 stocks.
2025-11-13 11:08:41,677 [INFO] Checking trade setups at 2025-11-13 11:08:41
2025-11-13 11:08:41,677 [INFO] Applying EMA strategy to 5 stocks.
2025-11-13 11:08:55,405 [INFO] Checking trade setups at 2025-11-13 11:08:55
2025-11-13 11:08:55,415 [INFO] Applying EMA strategy to 5 stocks.
2025-11-13 11:09:09,380 [INFO] Checking trade setups at 2025-11-13 11:09:09
2025-11-13 11:09:09,380 [INFO] Applying EMA strategy to 5 stocks.
2025-11-13 11:09:23,760 [INFO] Checking trade setups at 2025-11-13 11:09:23
2025-11-13 11:09:23,760 [INFO] Applying EMA strategy to 5 stocks.
2025-11-13 11:09:37,678 [INFO] Checking trade setups at 2025-11-13 11:09:37
2025-11-13 11:09:37,678 [INFO] Applying EMA strategy to 5 stocks.
2025-11-13 11:09:52,548 [INFO] Checking trade setups at 2025-11-13 11:09:52
2025-11-13 11:09:52,548 [INFO] Applying EMA strategy to 5 stocks.
2025-11-13 11:10:05,949 [INFO] Checking trade setups at 2025-11-13 11:10:05
2025-11-13 11:10:05,950 [INFO] Applying EMA strategy to 5 stocks.
2025-11-13 11:10:09,153 [INFO] Executing trade for NSE:HONASA-EQ: {'timestamp': '2025-11-13 11:10', 'action': 'SELL', 'entry_price': 296.4, 'stop_loss': 297.7, 'target': 292.49999999999994}
2025-11-13 11:10:09,153 [INFO] after SL after filtering the final SL:1.3, final_target:292.5, qty:76
2025-11-13 11:10:09,162 [INFO] NSE:HONASA-EQ already traded today. Skipping.
2025-11-13 11:10:20,073 [INFO] Checking trade setups at 2025-11-13 11:10:20
2025-11-13 11:10:20,073 [INFO] Applying EMA strategy to 5 stocks.
2025-11-13 11:10:34,723 [INFO] Checking trade setups at 2025-11-13 11:10:34
2025-11-13 11:10:34,723 [INFO] Applying EMA strategy to 5 stocks.
2025-11-13 11:10:48,441 [INFO] Checking trade setups at 2025-11-13 11:10:48
2025-11-13 11:10:48,441 [INFO] Applying EMA strategy to 5 stocks.
2025-11-13 11:11:02,774 [INFO] Checking trade setups at 2025-11-13 11:11:02
2025-11-13 11:11:02,774 [INFO] Applying EMA strategy to 5 stocks.
2025-11-13 11:11:16,885 [INFO] Checking trade setups at 2025-11-13 11:11:16
2025-11-13 11:11:16,888 [INFO] Applying EMA strategy to 5 stocks.
2025-11-13 11:11:30,527 [INFO] Checking trade setups at 2025-11-13 11:11:30
2025-11-13 11:11:30,527 [INFO] Applying EMA strategy to 5 stocks.
2025-11-13 11:11:45,688 [INFO] Checking trade setups at 2025-11-13 11:11:45
2025-11-13 11:11:45,688 [INFO] Applying EMA strategy to 5 stocks.
2025-11-13 11:12:00,839 [INFO] Checking trade setups at 2025-11-13 11:12:00
2025-11-13 11:12:00,839 [INFO] Applying EMA strategy to 5 stocks.
2025-11-13 11:12:15,085 [INFO] Checking trade setups at 2025-11-13 11:12:15
2025-11-13 11:12:15,085 [INFO] Applying EMA strategy to 5 stocks.
2025-11-13 11:12:28,487 [INFO] Checking trade setups at 2025-11-13 11:12:28
2025-11-13 11:12:28,487 [INFO] Applying EMA strategy to 5 stocks.
2025-11-13 11:12:42,003 [INFO] Checking trade setups at 2025-11-13 11:12:42
2025-11-13 11:12:42,003 [INFO] Applying EMA strategy to 5 stocks.
2025-11-13 11:12:55,621 [INFO] Checking trade setups at 2025-11-13 11:12:55
2025-11-13 11:12:55,621 [INFO] Applying EMA strategy to 5 stocks.
2025-11-13 11:13:09,556 [INFO] Checking trade setups at 2025-11-13 11:13:09
2025-11-13 11:13:09,556 [INFO] Applying EMA strategy to 5 stocks.
2025-11-13 11:13:23,465 [INFO] Checking trade setups at 2025-11-13 11:13:23
2025-11-13 11:13:23,466 [INFO] Applying EMA strategy to 5 stocks.
2025-11-13 11:13:36,754 [INFO] Checking trade setups at 2025-11-13 11:13:36
2025-11-13 11:13:36,754 [INFO] Applying EMA strategy to 5 stocks.
2025-11-13 11:13:51,545 [INFO] Checking trade setups at 2025-11-13 11:13:51
2025-11-13 11:13:51,545 [INFO] Applying EMA strategy to 5 stocks.
2025-11-13 11:14:04,733 [INFO] Checking trade setups at 2025-11-13 11:14:04
2025-11-13 11:14:04,733 [INFO] Applying EMA strategy to 5 stocks.
2025-11-13 11:14:19,303 [INFO] Checking trade setups at 2025-11-13 11:14:19
2025-11-13 11:14:19,303 [INFO] Applying EMA strategy to 5 stocks.
2025-11-13 11:14:33,040 [INFO] Checking trade setups at 2025-11-13 11:14:33
2025-11-13 11:14:33,041 [INFO] Applying EMA strategy to 5 stocks.
2025-11-13 11:14:47,072 [INFO] Checking trade setups at 2025-11-13 11:14:47
2025-11-13 11:14:47,073 [INFO] Applying EMA strategy to 5 stocks.
2025-11-13 11:15:00,554 [INFO] Checking trade setups at 2025-11-13 11:15:00
2025-11-13 11:15:00,554 [INFO] Applying EMA strategy to 5 stocks.
2025-11-13 11:15:14,422 [INFO] Checking trade setups at 2025-11-13 11:15:14
2025-11-13 11:15:14,424 [INFO] Applying EMA strategy to 5 stocks.
2025-11-13 11:15:28,209 [INFO] Checking trade setups at 2025-11-13 11:15:28
2025-11-13 11:15:28,209 [INFO] Applying EMA strategy to 5 stocks.
2025-11-13 11:15:41,831 [INFO] Checking trade setups at 2025-11-13 11:15:41
2025-11-13 11:15:41,831 [INFO] Applying EMA strategy to 5 stocks.
2025-11-13 11:15:55,971 [INFO] Checking trade setups at 2025-11-13 11:15:55
2025-11-13 11:15:55,971 [INFO] Applying EMA strategy to 5 stocks.
2025-11-13 11:16:09,741 [INFO] Checking trade setups at 2025-11-13 11:16:09
2025-11-13 11:16:09,741 [INFO] Applying EMA strategy to 5 stocks.
2025-11-13 11:16:23,303 [INFO] Checking trade setups at 2025-11-13 11:16:23
2025-11-13 11:16:23,303 [INFO] Applying EMA strategy to 5 stocks.
2025-11-13 11:16:37,017 [INFO] Checking trade setups at 2025-11-13 11:16:37
2025-11-13 11:16:37,018 [INFO] Applying EMA strategy to 5 stocks.
2025-11-13 11:16:50,647 [INFO] Checking trade setups at 2025-11-13 11:16:50
2025-11-13 11:16:50,647 [INFO] Applying EMA strategy to 5 stocks.
2025-11-13 11:17:04,577 [INFO] Checking trade setups at 2025-11-13 11:17:04
2025-11-13 11:17:04,578 [INFO] Applying EMA strategy to 5 stocks.
2025-11-13 11:17:18,290 [INFO] Checking trade setups at 2025-11-13 11:17:18
2025-11-13 11:17:18,290 [INFO] Applying EMA strategy to 5 stocks.
2025-11-13 11:17:32,270 [INFO] Checking trade setups at 2025-11-13 11:17:32
2025-11-13 11:17:32,270 [INFO] Applying EMA strategy to 5 stocks.
2025-11-13 11:17:48,219 [INFO] Checking trade setups at 2025-11-13 11:17:48
2025-11-13 11:17:48,220 [INFO] Applying EMA strategy to 5 stocks.
2025-11-13 11:18:02,015 [INFO] Checking trade setups at 2025-11-13 11:18:02
2025-11-13 11:18:02,015 [INFO] Applying EMA strategy to 5 stocks.
2025-11-13 11:18:16,162 [INFO] Checking trade setups at 2025-11-13 11:18:16
2025-11-13 11:18:16,162 [INFO] Applying EMA strategy to 5 stocks.
2025-11-13 11:18:30,332 [INFO] Checking trade setups at 2025-11-13 11:18:30
2025-11-13 11:18:30,333 [INFO] Applying EMA strategy to 5 stocks.
2025-11-13 11:18:44,183 [INFO] Checking trade setups at 2025-11-13 11:18:44
2025-11-13 11:18:44,183 [INFO] Applying EMA strategy to 5 stocks.
2025-11-13 11:18:57,991 [INFO] Checking trade setups at 2025-11-13 11:18:57
2025-11-13 11:18:57,993 [INFO] Applying EMA strategy to 5 stocks.
2025-11-13 11:19:11,863 [INFO] Checking trade setups at 2025-11-13 11:19:11
2025-11-13 11:19:11,863 [INFO] Applying EMA strategy to 5 stocks.
2025-11-13 11:19:25,689 [INFO] Checking trade setups at 2025-11-13 11:19:25
2025-11-13 11:19:25,689 [INFO] Applying EMA strategy to 5 stocks.
2025-11-13 11:19:39,408 [INFO] Checking trade setups at 2025-11-13 11:19:39
2025-11-13 11:19:39,408 [INFO] Applying EMA strategy to 5 stocks.
2025-11-13 11:19:55,032 [INFO] Checking trade setups at 2025-11-13 11:19:55
2025-11-13 11:19:55,032 [INFO] Applying EMA strategy to 5 stocks.
2025-11-13 11:20:08,514 [INFO] Checking trade setups at 2025-11-13 11:20:08
2025-11-13 11:20:08,515 [INFO] Applying EMA strategy to 5 stocks.
2025-11-13 11:20:22,514 [INFO] Checking trade setups at 2025-11-13 11:20:22
2025-11-13 11:20:22,514 [INFO] Applying EMA strategy to 5 stocks.
2025-11-13 11:20:36,145 [INFO] Checking trade setups at 2025-11-13 11:20:36
2025-11-13 11:20:36,145 [INFO] Applying EMA strategy to 5 stocks.
2025-11-13 11:20:49,370 [INFO] Checking trade setups at 2025-11-13 11:20:49
2025-11-13 11:20:49,370 [INFO] Applying EMA strategy to 5 stocks.
2025-11-13 11:21:03,274 [INFO] Checking trade setups at 2025-11-13 11:21:03
2025-11-13 11:21:03,274 [INFO] Applying EMA strategy to 5 stocks.
2025-11-13 11:21:16,483 [INFO] Checking trade setups at 2025-11-13 11:21:16
2025-11-13 11:21:16,483 [INFO] Applying EMA strategy to 5 stocks.
2025-11-13 11:21:30,629 [INFO] Checking trade setups at 2025-11-13 11:21:30
2025-11-13 11:21:30,629 [INFO] Applying EMA strategy to 5 stocks.
2025-11-13 11:21:43,930 [INFO] Checking trade setups at 2025-11-13 11:21:43
2025-11-13 11:21:43,930 [INFO] Applying EMA strategy to 5 stocks.
2025-11-13 11:21:57,451 [INFO] Checking trade setups at 2025-11-13 11:21:57
2025-11-13 11:21:57,451 [INFO] Applying EMA strategy to 5 stocks.
2025-11-13 11:22:10,674 [INFO] Checking trade setups at 2025-11-13 11:22:10
2025-11-13 11:22:10,674 [INFO] Applying EMA strategy to 5 stocks.
2025-11-13 11:22:24,067 [INFO] Checking trade setups at 2025-11-13 11:22:24
2025-11-13 11:22:24,068 [INFO] Applying EMA strategy to 5 stocks.
2025-11-13 11:22:25,330 [INFO] Executing trade for NSE:ASIANPAINT-EQ: {'timestamp': '2025-11-13 11:20', 'action': 'SELL', 'entry_price': 2869.9, 'stop_loss': 2877.9, 'target': 2845.9}
2025-11-13 11:22:25,330 [INFO] after SL after filtering the final SL:8.0, final_target:2845.9, qty:12
2025-11-13 11:22:25,339 [INFO] Max trades reached. Skipping new orders.
2025-11-13 11:22:37,384 [INFO] Checking trade setups at 2025-11-13 11:22:37
2025-11-13 11:22:37,384 [INFO] Applying EMA strategy to 5 stocks.
2025-11-13 11:22:51,919 [INFO] Checking trade setups at 2025-11-13 11:22:51
2025-11-13 11:22:51,919 [INFO] Applying EMA strategy to 5 stocks.
2025-11-13 11:23:05,950 [INFO] Checking trade setups at 2025-11-13 11:23:05
2025-11-13 11:23:05,950 [INFO] Applying EMA strategy to 5 stocks.
2025-11-13 11:23:19,376 [INFO] Checking trade setups at 2025-11-13 11:23:19
2025-11-13 11:23:19,376 [INFO] Applying EMA strategy to 5 stocks.
2025-11-13 11:23:33,289 [INFO] Checking trade setups at 2025-11-13 11:23:33
2025-11-13 11:23:33,289 [INFO] Applying EMA strategy to 5 stocks.
2025-11-13 11:23:48,460 [INFO] Checking trade setups at 2025-11-13 11:23:48
2025-11-13 11:23:48,460 [INFO] Applying EMA strategy to 5 stocks.
2025-11-13 11:24:01,995 [INFO] Checking trade setups at 2025-11-13 11:24:01
2025-11-13 11:24:01,996 [INFO] Applying EMA strategy to 5 stocks.
2025-11-13 11:24:15,707 [INFO] Checking trade setups at 2025-11-13 11:24:15
2025-11-13 11:24:15,707 [INFO] Applying EMA strategy to 5 stocks.
2025-11-13 11:24:29,078 [INFO] Checking trade setups at 2025-11-13 11:24:29
2025-11-13 11:24:29,078 [INFO] Applying EMA strategy to 5 stocks.
2025-11-13 11:24:42,640 [INFO] Checking trade setups at 2025-11-13 11:24:42
2025-11-13 11:24:42,640 [INFO] Applying EMA strategy to 5 stocks.
2025-11-13 11:24:55,926 [INFO] Checking trade setups at 2025-11-13 11:24:55
2025-11-13 11:24:55,926 [INFO] Applying EMA strategy to 5 stocks.
2025-11-13 11:25:09,012 [INFO] Checking trade setups at 2025-11-13 11:25:09
2025-11-13 11:25:09,012 [INFO] Applying EMA strategy to 5 stocks.
2025-11-13 11:25:22,908 [INFO] Checking trade setups at 2025-11-13 11:25:22
2025-11-13 11:25:22,908 [INFO] Applying EMA strategy to 5 stocks.
2025-11-13 11:25:36,374 [INFO] Checking trade setups at 2025-11-13 11:25:36
2025-11-13 11:25:36,374 [INFO] Applying EMA strategy to 5 stocks.
2025-11-13 11:25:51,998 [INFO] Checking trade setups at 2025-11-13 11:25:51
2025-11-13 11:25:51,998 [INFO] Applying EMA strategy to 5 stocks.
2025-11-13 11:26:05,277 [INFO] Checking trade setups at 2025-11-13 11:26:05
2025-11-13 11:26:05,278 [INFO] Applying EMA strategy to 5 stocks.
2025-11-13 11:26:18,720 [INFO] Checking trade setups at 2025-11-13 11:26:18
2025-11-13 11:26:18,720 [INFO] Applying EMA strategy to 5 stocks.
2025-11-13 11:26:32,330 [INFO] Checking trade setups at 2025-11-13 11:26:32
2025-11-13 11:26:32,330 [INFO] Applying EMA strategy to 5 stocks.
2025-11-13 11:26:46,773 [INFO] Checking trade setups at 2025-11-13 11:26:46
2025-11-13 11:26:46,774 [INFO] Applying EMA strategy to 5 stocks.
2025-11-13 11:27:00,555 [INFO] Checking trade setups at 2025-11-13 11:27:00
2025-11-13 11:27:00,555 [INFO] Applying EMA strategy to 5 stocks.
2025-11-13 11:27:14,220 [INFO] Checking trade setups at 2025-11-13 11:27:14
2025-11-13 11:27:14,220 [INFO] Applying EMA strategy to 5 stocks.
2025-11-13 11:27:27,520 [INFO] Checking trade setups at 2025-11-13 11:27:27
2025-11-13 11:27:27,520 [INFO] Applying EMA strategy to 5 stocks.
2025-11-13 11:27:41,921 [INFO] Checking trade setups at 2025-11-13 11:27:41
2025-11-13 11:27:41,921 [INFO] Applying EMA strategy to 5 stocks.
2025-11-13 11:27:55,348 [INFO] Checking trade setups at 2025-11-13 11:27:55
2025-11-13 11:27:55,348 [INFO] Applying EMA strategy to 5 stocks.
2025-11-13 11:28:09,159 [INFO] Checking trade setups at 2025-11-13 11:28:09
2025-11-13 11:28:09,159 [INFO] Applying EMA strategy to 5 stocks.
2025-11-13 11:28:22,926 [INFO] Checking trade setups at 2025-11-13 11:28:22
2025-11-13 11:28:22,926 [INFO] Applying EMA strategy to 5 stocks.
2025-11-13 11:28:37,350 [INFO] Checking trade setups at 2025-11-13 11:28:37
2025-11-13 11:28:37,350 [INFO] Applying EMA strategy to 5 stocks.
2025-11-13 11:28:50,837 [INFO] Checking trade setups at 2025-11-13 11:28:50
2025-11-13 11:28:50,837 [INFO] Applying EMA strategy to 5 stocks.
2025-11-13 11:29:04,055 [INFO] Checking trade setups at 2025-11-13 11:29:04
2025-11-13 11:29:04,055 [INFO] Applying EMA strategy to 5 stocks.
2025-11-13 11:29:17,448 [INFO] Checking trade setups at 2025-11-13 11:29:17
2025-11-13 11:29:17,449 [INFO] Applying EMA strategy to 5 stocks.
2025-11-13 11:29:30,271 [INFO] Checking trade setups at 2025-11-13 11:29:30
2025-11-13 11:29:30,271 [INFO] Applying EMA strategy to 5 stocks.
2025-11-13 11:29:43,559 [INFO] Checking trade setups at 2025-11-13 11:29:43
2025-11-13 11:29:43,559 [INFO] Applying EMA strategy to 5 stocks.
2025-11-13 11:29:56,485 [INFO] Checking trade setups at 2025-11-13 11:29:56
2025-11-13 11:29:56,485 [INFO] Applying EMA strategy to 5 stocks.
2025-11-13 11:30:09,786 [INFO] Checking trade setups at 2025-11-13 11:30:09
2025-11-13 11:30:09,786 [INFO] Applying EMA strategy to 5 stocks.
2025-11-13 11:30:22,784 [INFO] Checking trade setups at 2025-11-13 11:30:22
2025-11-13 11:30:22,784 [INFO] Applying EMA strategy to 5 stocks.
2025-11-13 11:30:36,314 [INFO] Checking trade setups at 2025-11-13 11:30:36
2025-11-13 11:30:36,314 [INFO] Applying EMA strategy to 5 stocks.
2025-11-13 11:30:49,651 [INFO] Checking trade setups at 2025-11-13 11:30:49
2025-11-13 11:30:49,651 [INFO] Applying EMA strategy to 5 stocks.
2025-11-13 11:31:02,889 [INFO] Checking trade setups at 2025-11-13 11:31:02
2025-11-13 11:31:02,889 [INFO] Applying EMA strategy to 5 stocks.
2025-11-13 11:31:15,793 [INFO] Checking trade setups at 2025-11-13 11:31:15
2025-11-13 11:31:15,793 [INFO] Applying EMA strategy to 5 stocks.
2025-11-13 11:31:18,335 [INFO] Executing trade for NSE:HONASA-EQ: {'timestamp': '2025-11-13 11:30', 'action': 'SELL', 'entry_price': 298.65, 'stop_loss': 300, 'target': 294.5999999999999}
2025-11-13 11:31:18,335 [INFO] after SL after filtering the final SL:1.35, final_target:294.6, qty:74
2025-11-13 11:31:18,344 [INFO] NSE:HONASA-EQ already traded today. Skipping.
2025-11-13 11:31:29,824 [INFO] Checking trade setups at 2025-11-13 11:31:29
2025-11-13 11:31:29,824 [INFO] Applying EMA strategy to 5 stocks.
2025-11-13 11:31:42,812 [INFO] Checking trade setups at 2025-11-13 11:31:42
2025-11-13 11:31:42,812 [INFO] Applying EMA strategy to 5 stocks.
2025-11-13 11:31:56,066 [INFO] Checking trade setups at 2025-11-13 11:31:56
2025-11-13 11:31:56,066 [INFO] Applying EMA strategy to 5 stocks.
2025-11-13 11:32:08,956 [INFO] Checking trade setups at 2025-11-13 11:32:08
2025-11-13 11:32:08,956 [INFO] Applying EMA strategy to 5 stocks.
2025-11-13 11:32:22,282 [INFO] Checking trade setups at 2025-11-13 11:32:22
2025-11-13 11:32:22,282 [INFO] Applying EMA strategy to 5 stocks.
2025-11-13 11:32:36,462 [INFO] Checking trade setups at 2025-11-13 11:32:36
2025-11-13 11:32:36,462 [INFO] Applying EMA strategy to 5 stocks.
2025-11-13 11:32:50,030 [INFO] Checking trade setups at 2025-11-13 11:32:50
2025-11-13 11:32:50,030 [INFO] Applying EMA strategy to 5 stocks.
2025-11-13 11:33:03,460 [INFO] Checking trade setups at 2025-11-13 11:33:03
2025-11-13 11:33:03,461 [INFO] Applying EMA strategy to 5 stocks.
2025-11-13 11:33:16,781 [INFO] Checking trade setups at 2025-11-13 11:33:16
2025-11-13 11:33:16,781 [INFO] Applying EMA strategy to 5 stocks.
2025-11-13 11:33:30,854 [INFO] Checking trade setups at 2025-11-13 11:33:30
2025-11-13 11:33:30,854 [INFO] Applying EMA strategy to 5 stocks.
2025-11-13 11:33:43,807 [INFO] Checking trade setups at 2025-11-13 11:33:43
2025-11-13 11:33:43,807 [INFO] Applying EMA strategy to 5 stocks.
2025-11-13 11:33:56,899 [INFO] Checking trade setups at 2025-11-13 11:33:56
2025-11-13 11:33:56,899 [INFO] Applying EMA strategy to 5 stocks.
2025-11-13 11:34:10,041 [INFO] Checking trade setups at 2025-11-13 11:34:10
2025-11-13 11:34:10,041 [INFO] Applying EMA strategy to 5 stocks.
2025-11-13 11:34:22,984 [INFO] Checking trade setups at 2025-11-13 11:34:22
2025-11-13 11:34:22,984 [INFO] Applying EMA strategy to 5 stocks.
2025-11-13 11:34:35,925 [INFO] Checking trade setups at 2025-11-13 11:34:35
2025-11-13 11:34:35,925 [INFO] Applying EMA strategy to 5 stocks.
2025-11-13 11:34:49,105 [INFO] Checking trade setups at 2025-11-13 11:34:49
2025-11-13 11:34:49,105 [INFO] Applying EMA strategy to 5 stocks.
2025-11-13 11:35:02,603 [INFO] Checking trade setups at 2025-11-13 11:35:02
2025-11-13 11:35:02,603 [INFO] Applying EMA strategy to 5 stocks.
2025-11-13 11:35:15,722 [INFO] Checking trade setups at 2025-11-13 11:35:15
2025-11-13 11:35:15,722 [INFO] Applying EMA strategy to 5 stocks.
2025-11-13 11:35:28,620 [INFO] Checking trade setups at 2025-11-13 11:35:28
2025-11-13 11:35:28,620 [INFO] Applying EMA strategy to 5 stocks.
2025-11-13 11:35:42,145 [INFO] Checking trade setups at 2025-11-13 11:35:42
2025-11-13 11:35:42,145 [INFO] Applying EMA strategy to 5 stocks.
2025-11-13 11:35:55,573 [INFO] Checking trade setups at 2025-11-13 11:35:55
2025-11-13 11:35:55,573 [INFO] Applying EMA strategy to 5 stocks.
2025-11-13 11:36:08,364 [INFO] Checking trade setups at 2025-11-13 11:36:08
2025-11-13 11:36:08,364 [INFO] Applying EMA strategy to 5 stocks.
2025-11-13 11:36:22,550 [INFO] Checking trade setups at 2025-11-13 11:36:22
2025-11-13 11:36:22,550 [INFO] Applying EMA strategy to 5 stocks.
2025-11-13 11:36:35,592 [INFO] Checking trade setups at 2025-11-13 11:36:35
2025-11-13 11:36:35,592 [INFO] Applying EMA strategy to 5 stocks.
2025-11-13 11:36:49,295 [INFO] Checking trade setups at 2025-11-13 11:36:49
2025-11-13 11:36:49,295 [INFO] Applying EMA strategy to 5 stocks.
2025-11-13 11:37:02,519 [INFO] Checking trade setups at 2025-11-13 11:37:02
2025-11-13 11:37:02,519 [INFO] Applying EMA strategy to 5 stocks.
2025-11-13 11:37:15,280 [INFO] Checking trade setups at 2025-11-13 11:37:15
2025-11-13 11:37:15,281 [INFO] Applying EMA strategy to 5 stocks.
2025-11-13 11:37:28,450 [INFO] Checking trade setups at 2025-11-13 11:37:28
2025-11-13 11:37:28,450 [INFO] Applying EMA strategy to 5 stocks.
2025-11-13 11:37:41,704 [INFO] Checking trade setups at 2025-11-13 11:37:41
2025-11-13 11:37:41,704 [INFO] Applying EMA strategy to 5 stocks.
2025-11-13 11:37:54,989 [INFO] Checking trade setups at 2025-11-13 11:37:54
2025-11-13 11:37:54,989 [INFO] Applying EMA strategy to 5 stocks.
2025-11-13 11:38:07,941 [INFO] Checking trade setups at 2025-11-13 11:38:07
2025-11-13 11:38:07,941 [INFO] Applying EMA strategy to 5 stocks.
2025-11-13 11:38:21,248 [INFO] Checking trade setups at 2025-11-13 11:38:21
2025-11-13 11:38:21,248 [INFO] Applying EMA strategy to 5 stocks.
2025-11-13 11:38:34,957 [INFO] Checking trade setups at 2025-11-13 11:38:34
2025-11-13 11:38:34,957 [INFO] Applying EMA strategy to 5 stocks.
2025-11-13 11:38:49,489 [INFO] Checking trade setups at 2025-11-13 11:38:49
2025-11-13 11:38:49,489 [INFO] Applying EMA strategy to 5 stocks.
2025-11-13 11:39:03,203 [INFO] Checking trade setups at 2025-11-13 11:39:03
2025-11-13 11:39:03,203 [INFO] Applying EMA strategy to 5 stocks.
2025-11-13 11:39:16,125 [INFO] Checking trade setups at 2025-11-13 11:39:16
2025-11-13 11:39:16,125 [INFO] Applying EMA strategy to 5 stocks.
2025-11-13 11:39:29,615 [INFO] Checking trade setups at 2025-11-13 11:39:29
2025-11-13 11:39:29,615 [INFO] Applying EMA strategy to 5 stocks.
2025-11-13 11:39:43,177 [INFO] Checking trade setups at 2025-11-13 11:39:43
2025-11-13 11:39:43,177 [INFO] Applying EMA strategy to 5 stocks.
2025-11-13 11:39:55,955 [INFO] Checking trade setups at 2025-11-13 11:39:55
2025-11-13 11:39:55,955 [INFO] Applying EMA strategy to 5 stocks.
2025-11-13 11:40:08,810 [INFO] Checking trade setups at 2025-11-13 11:40:08
2025-11-13 11:40:08,810 [INFO] Applying EMA strategy to 5 stocks.
2025-11-13 11:40:21,855 [INFO] Checking trade setups at 2025-11-13 11:40:21
2025-11-13 11:40:21,855 [INFO] Applying EMA strategy to 5 stocks.
2025-11-13 11:40:35,080 [INFO] Checking trade setups at 2025-11-13 11:40:35
2025-11-13 11:40:35,081 [INFO] Applying EMA strategy to 5 stocks.
2025-11-13 11:40:48,579 [INFO] Checking trade setups at 2025-11-13 11:40:48
2025-11-13 11:40:48,579 [INFO] Applying EMA strategy to 5 stocks.
2025-11-13 11:41:01,768 [INFO] Checking trade setups at 2025-11-13 11:41:01
2025-11-13 11:41:01,768 [INFO] Applying EMA strategy to 5 stocks.
2025-11-13 11:41:15,715 [INFO] Checking trade setups at 2025-11-13 11:41:15
2025-11-13 11:41:15,715 [INFO] Applying EMA strategy to 5 stocks.
2025-11-13 11:41:28,713 [INFO] Checking trade setups at 2025-11-13 11:41:28
2025-11-13 11:41:28,713 [INFO] Applying EMA strategy to 5 stocks.
2025-11-13 11:41:41,936 [INFO] Checking trade setups at 2025-11-13 11:41:41
2025-11-13 11:41:41,937 [INFO] Applying EMA strategy to 5 stocks.
2025-11-13 11:41:54,896 [INFO] Checking trade setups at 2025-11-13 11:41:54
2025-11-13 11:41:54,896 [INFO] Applying EMA strategy to 5 stocks.
2025-11-13 11:42:08,129 [INFO] Checking trade setups at 2025-11-13 11:42:08
2025-11-13 11:42:08,129 [INFO] Applying EMA strategy to 5 stocks.
2025-11-13 11:42:21,126 [INFO] Checking trade setups at 2025-11-13 11:42:21
2025-11-13 11:42:21,126 [INFO] Applying EMA strategy to 5 stocks.
2025-11-13 11:42:34,365 [INFO] Checking trade setups at 2025-11-13 11:42:34
2025-11-13 11:42:34,365 [INFO] Applying EMA strategy to 5 stocks.
2025-11-13 11:42:48,090 [INFO] Checking trade setups at 2025-11-13 11:42:48
2025-11-13 11:42:48,091 [INFO] Applying EMA strategy to 5 stocks.
2025-11-13 11:43:01,008 [INFO] Checking trade setups at 2025-11-13 11:43:01
2025-11-13 11:43:01,008 [INFO] Applying EMA strategy to 5 stocks.
2025-11-13 11:43:14,630 [INFO] Checking trade setups at 2025-11-13 11:43:14
2025-11-13 11:43:14,630 [INFO] Applying EMA strategy to 5 stocks.
2025-11-13 11:43:27,518 [INFO] Checking trade setups at 2025-11-13 11:43:27
2025-11-13 11:43:27,518 [INFO] Applying EMA strategy to 5 stocks.
2025-11-13 11:43:28,163 [INFO] Executing trade for NSE:DATAPATTNS-EQ: {'timestamp': '2025-11-13 11:40', 'action': 'SELL', 'entry_price': 2918.2, 'stop_loss': 2929, 'target': 2885.7999999999993}
2025-11-13 11:43:28,163 [INFO] after SL after filtering the final SL:10.8, final_target:2885.8, qty:9
2025-11-13 11:43:28,167 [INFO] Max trades reached. Skipping new orders.
2025-11-13 11:43:41,557 [INFO] Checking trade setups at 2025-11-13 11:43:41
2025-11-13 11:43:41,557 [INFO] Applying EMA strategy to 5 stocks.
2025-11-13 11:43:55,722 [INFO] Checking trade setups at 2025-11-13 11:43:55
2025-11-13 11:43:55,722 [INFO] Applying EMA strategy to 5 stocks.
2025-11-13 11:44:08,779 [INFO] Checking trade setups at 2025-11-13 11:44:08
2025-11-13 11:44:08,779 [INFO] Applying EMA strategy to 5 stocks.
2025-11-13 11:44:21,899 [INFO] Checking trade setups at 2025-11-13 11:44:21
2025-11-13 11:44:21,899 [INFO] Applying EMA strategy to 5 stocks.
2025-11-13 11:44:35,118 [INFO] Checking trade setups at 2025-11-13 11:44:35
2025-11-13 11:44:35,118 [INFO] Applying EMA strategy to 5 stocks.
2025-11-13 11:44:48,116 [INFO] Checking trade setups at 2025-11-13 11:44:48
2025-11-13 11:44:48,116 [INFO] Applying EMA strategy to 5 stocks.
2025-11-13 11:45:01,237 [INFO] Checking trade setups at 2025-11-13 11:45:01
2025-11-13 11:45:01,237 [INFO] Applying EMA strategy to 5 stocks.
2025-11-13 11:45:14,720 [INFO] Checking trade setups at 2025-11-13 11:45:14
2025-11-13 11:45:14,720 [INFO] Applying EMA strategy to 5 stocks.
2025-11-13 11:45:27,910 [INFO] Checking trade setups at 2025-11-13 11:45:27
2025-11-13 11:45:27,910 [INFO] Applying EMA strategy to 5 stocks.
2025-11-13 11:45:40,865 [INFO] Checking trade setups at 2025-11-13 11:45:40
2025-11-13 11:45:40,865 [INFO] Applying EMA strategy to 5 stocks.
2025-11-13 11:45:54,101 [INFO] Checking trade setups at 2025-11-13 11:45:54
2025-11-13 11:45:54,101 [INFO] Applying EMA strategy to 5 stocks.
2025-11-13 11:46:06,878 [INFO] Checking trade setups at 2025-11-13 11:46:06
2025-11-13 11:46:06,878 [INFO] Applying EMA strategy to 5 stocks.
2025-11-13 11:46:20,187 [INFO] Checking trade setups at 2025-11-13 11:46:20
2025-11-13 11:46:20,187 [INFO] Applying EMA strategy to 5 stocks.
2025-11-13 11:46:33,539 [INFO] Checking trade setups at 2025-11-13 11:46:33
2025-11-13 11:46:33,539 [INFO] Applying EMA strategy to 5 stocks.
2025-11-13 11:46:47,521 [INFO] Checking trade setups at 2025-11-13 11:46:47
2025-11-13 11:46:47,521 [INFO] Applying EMA strategy to 5 stocks.
2025-11-13 11:47:00,733 [INFO] Checking trade setups at 2025-11-13 11:47:00
2025-11-13 11:47:00,733 [INFO] Applying EMA strategy to 5 stocks.
2025-11-13 11:47:14,563 [INFO] Checking trade setups at 2025-11-13 11:47:14
2025-11-13 11:47:14,563 [INFO] Applying EMA strategy to 5 stocks.
2025-11-13 11:47:27,494 [INFO] Checking trade setups at 2025-11-13 11:47:27
2025-11-13 11:47:27,494 [INFO] Applying EMA strategy to 5 stocks.
2025-11-13 11:47:41,575 [INFO] Checking trade setups at 2025-11-13 11:47:41
2025-11-13 11:47:41,575 [INFO] Applying EMA strategy to 5 stocks.
2025-11-13 11:47:54,699 [INFO] Checking trade setups at 2025-11-13 11:47:54
2025-11-13 11:47:54,699 [INFO] Applying EMA strategy to 5 stocks.
2025-11-13 11:48:07,690 [INFO] Checking trade setups at 2025-11-13 11:48:07
2025-11-13 11:48:07,690 [INFO] Applying EMA strategy to 5 stocks.
2025-11-13 11:48:20,839 [INFO] Checking trade setups at 2025-11-13 11:48:20
2025-11-13 11:48:20,840 [INFO] Applying EMA strategy to 5 stocks.
2025-11-13 11:48:34,966 [INFO] Checking trade setups at 2025-11-13 11:48:34
2025-11-13 11:48:34,966 [INFO] Applying EMA strategy to 5 stocks.
2025-11-13 11:48:49,048 [INFO] Checking trade setups at 2025-11-13 11:48:49
2025-11-13 11:48:49,048 [INFO] Applying EMA strategy to 5 stocks.
2025-11-13 11:49:01,863 [INFO] Checking trade setups at 2025-11-13 11:49:01
2025-11-13 11:49:01,863 [INFO] Applying EMA strategy to 5 stocks.
2025-11-13 11:49:15,350 [INFO] Checking trade setups at 2025-11-13 11:49:15
2025-11-13 11:49:15,350 [INFO] Applying EMA strategy to 5 stocks.
2025-11-13 11:49:29,401 [INFO] Checking trade setups at 2025-11-13 11:49:29
2025-11-13 11:49:29,401 [INFO] Applying EMA strategy to 5 stocks.
2025-11-13 11:49:42,596 [INFO] Checking trade setups at 2025-11-13 11:49:42
2025-11-13 11:49:42,596 [INFO] Applying EMA strategy to 5 stocks.
2025-11-13 11:49:56,096 [INFO] Checking trade setups at 2025-11-13 11:49:56
2025-11-13 11:49:56,096 [INFO] Applying EMA strategy to 5 stocks.
2025-11-13 11:50:09,699 [INFO] Checking trade setups at 2025-11-13 11:50:09
2025-11-13 11:50:09,699 [INFO] Applying EMA strategy to 5 stocks.
2025-11-13 11:50:22,649 [INFO] Checking trade setups at 2025-11-13 11:50:22
2025-11-13 11:50:22,649 [INFO] Applying EMA strategy to 5 stocks.
2025-11-13 11:50:37,158 [INFO] Checking trade setups at 2025-11-13 11:50:37
2025-11-13 11:50:37,158 [INFO] Applying EMA strategy to 5 stocks.
2025-11-13 11:50:50,728 [INFO] Checking trade setups at 2025-11-13 11:50:50
2025-11-13 11:50:50,728 [INFO] Applying EMA strategy to 5 stocks.
2025-11-13 11:51:03,933 [INFO] Checking trade setups at 2025-11-13 11:51:03
2025-11-13 11:51:03,933 [INFO] Applying EMA strategy to 5 stocks.
2025-11-13 11:51:16,993 [INFO] Checking trade setups at 2025-11-13 11:51:16
2025-11-13 11:51:16,993 [INFO] Applying EMA strategy to 5 stocks.
2025-11-13 11:51:30,153 [INFO] Checking trade setups at 2025-11-13 11:51:30
2025-11-13 11:51:30,153 [INFO] Applying EMA strategy to 5 stocks.
2025-11-13 11:51:43,248 [INFO] Checking trade setups at 2025-11-13 11:51:43
2025-11-13 11:51:43,248 [INFO] Applying EMA strategy to 5 stocks.
2025-11-13 11:51:56,500 [INFO] Checking trade setups at 2025-11-13 11:51:56
2025-11-13 11:51:56,500 [INFO] Applying EMA strategy to 5 stocks.
2025-11-13 11:52:10,540 [INFO] Checking trade setups at 2025-11-13 11:52:10
2025-11-13 11:52:10,540 [INFO] Applying EMA strategy to 5 stocks.
2025-11-13 11:52:23,748 [INFO] Checking trade setups at 2025-11-13 11:52:23
2025-11-13 11:52:23,748 [INFO] Applying EMA strategy to 5 stocks.
2025-11-13 11:52:37,106 [INFO] Checking trade setups at 2025-11-13 11:52:37
2025-11-13 11:52:37,106 [INFO] Applying EMA strategy to 5 stocks.
2025-11-13 11:52:50,693 [INFO] Checking trade setups at 2025-11-13 11:52:50
2025-11-13 11:52:50,693 [INFO] Applying EMA strategy to 5 stocks.
2025-11-13 11:53:03,969 [INFO] Checking trade setups at 2025-11-13 11:53:03
2025-11-13 11:53:03,969 [INFO] Applying EMA strategy to 5 stocks.
2025-11-13 11:53:16,900 [INFO] Checking trade setups at 2025-11-13 11:53:16
2025-11-13 11:53:16,900 [INFO] Applying EMA strategy to 5 stocks.
2025-11-13 11:53:30,064 [INFO] Checking trade setups at 2025-11-13 11:53:30
2025-11-13 11:53:30,064 [INFO] Applying EMA strategy to 5 stocks.
2025-11-13 11:53:43,604 [INFO] Checking trade setups at 2025-11-13 11:53:43
2025-11-13 11:53:43,604 [INFO] Applying EMA strategy to 5 stocks.
2025-11-13 11:53:56,692 [INFO] Checking trade setups at 2025-11-13 11:53:56
2025-11-13 11:53:56,692 [INFO] Applying EMA strategy to 5 stocks.
2025-11-13 11:54:09,669 [INFO] Checking trade setups at 2025-11-13 11:54:09
2025-11-13 11:54:09,669 [INFO] Applying EMA strategy to 5 stocks.
2025-11-13 11:54:22,607 [INFO] Checking trade setups at 2025-11-13 11:54:22
2025-11-13 11:54:22,607 [INFO] Applying EMA strategy to 5 stocks.
2025-11-13 11:54:35,754 [INFO] Checking trade setups at 2025-11-13 11:54:35
2025-11-13 11:54:35,754 [INFO] Applying EMA strategy to 5 stocks.
2025-11-13 11:54:48,886 [INFO] Checking trade setups at 2025-11-13 11:54:48
2025-11-13 11:54:48,886 [INFO] Applying EMA strategy to 5 stocks.
2025-11-13 11:55:02,376 [INFO] Checking trade setups at 2025-11-13 11:55:02
2025-11-13 11:55:02,376 [INFO] Applying EMA strategy to 5 stocks.
2025-11-13 11:55:16,309 [INFO] Checking trade setups at 2025-11-13 11:55:16
2025-11-13 11:55:16,309 [INFO] Applying EMA strategy to 5 stocks.
2025-11-13 11:55:29,144 [INFO] Checking trade setups at 2025-11-13 11:55:29
2025-11-13 11:55:29,144 [INFO] Applying EMA strategy to 5 stocks.
2025-11-13 11:55:42,209 [INFO] Checking trade setups at 2025-11-13 11:55:42
2025-11-13 11:55:42,209 [INFO] Applying EMA strategy to 5 stocks.
2025-11-13 11:55:55,598 [INFO] Checking trade setups at 2025-11-13 11:55:55
2025-11-13 11:55:55,598 [INFO] Applying EMA strategy to 5 stocks.
2025-11-13 11:56:08,648 [INFO] Checking trade setups at 2025-11-13 11:56:08
2025-11-13 11:56:08,648 [INFO] Applying EMA strategy to 5 stocks.
2025-11-13 11:56:21,580 [INFO] Checking trade setups at 2025-11-13 11:56:21
2025-11-13 11:56:21,580 [INFO] Applying EMA strategy to 5 stocks.
2025-11-13 11:56:34,983 [INFO] Checking trade setups at 2025-11-13 11:56:34
2025-11-13 11:56:34,983 [INFO] Applying EMA strategy to 5 stocks.
2025-11-13 11:56:48,424 [INFO] Checking trade setups at 2025-11-13 11:56:48
2025-11-13 11:56:48,424 [INFO] Applying EMA strategy to 5 stocks.
2025-11-13 11:57:01,656 [INFO] Checking trade setups at 2025-11-13 11:57:01
2025-11-13 11:57:01,656 [INFO] Applying EMA strategy to 5 stocks.
2025-11-13 11:57:14,959 [INFO] Checking trade setups at 2025-11-13 11:57:14
2025-11-13 11:57:14,959 [INFO] Applying EMA strategy to 5 stocks.
2025-11-13 11:57:28,201 [INFO] Checking trade setups at 2025-11-13 11:57:28
2025-11-13 11:57:28,201 [INFO] Applying EMA strategy to 5 stocks.
2025-11-13 11:57:42,621 [INFO] Checking trade setups at 2025-11-13 11:57:42
2025-11-13 11:57:42,621 [INFO] Applying EMA strategy to 5 stocks.
2025-11-13 11:57:56,036 [INFO] Checking trade setups at 2025-11-13 11:57:56
2025-11-13 11:57:56,037 [INFO] Applying EMA strategy to 5 stocks.
2025-11-13 11:58:08,968 [INFO] Checking trade setups at 2025-11-13 11:58:08
2025-11-13 11:58:08,968 [INFO] Applying EMA strategy to 5 stocks.
2025-11-13 11:58:22,191 [INFO] Checking trade setups at 2025-11-13 11:58:22
2025-11-13 11:58:22,191 [INFO] Applying EMA strategy to 5 stocks.
2025-11-13 11:58:35,248 [INFO] Checking trade setups at 2025-11-13 11:58:35
2025-11-13 11:58:35,248 [INFO] Applying EMA strategy to 5 stocks.
2025-11-13 11:58:48,642 [INFO] Checking trade setups at 2025-11-13 11:58:48
2025-11-13 11:58:48,642 [INFO] Applying EMA strategy to 5 stocks.
2025-11-13 11:59:01,855 [INFO] Checking trade setups at 2025-11-13 11:59:01
2025-11-13 11:59:01,855 [INFO] Applying EMA strategy to 5 stocks.
2025-11-13 11:59:15,140 [INFO] Checking trade setups at 2025-11-13 11:59:15
2025-11-13 11:59:15,140 [INFO] Applying EMA strategy to 5 stocks.
2025-11-13 11:59:28,022 [INFO] Checking trade setups at 2025-11-13 11:59:28
2025-11-13 11:59:28,022 [INFO] Applying EMA strategy to 5 stocks.
2025-11-13 11:59:41,296 [INFO] Checking trade setups at 2025-11-13 11:59:41
2025-11-13 11:59:41,296 [INFO] Applying EMA strategy to 5 stocks.
2025-11-13 11:59:54,639 [INFO] Checking trade setups at 2025-11-13 11:59:54
2025-11-13 11:59:54,639 [INFO] Applying EMA strategy to 5 stocks.
2025-11-13 12:00:08,919 [INFO] Checking trade setups at 2025-11-13 12:00:08
2025-11-13 12:00:08,919 [INFO] Applying EMA strategy to 5 stocks.
2025-11-13 12:00:22,601 [INFO] Checking trade setups at 2025-11-13 12:00:22
2025-11-13 12:00:22,601 [INFO] Applying EMA strategy to 5 stocks.
2025-11-13 12:00:36,108 [INFO] Checking trade setups at 2025-11-13 12:00:36
2025-11-13 12:00:36,108 [INFO] Applying EMA strategy to 5 stocks.
2025-11-13 12:00:49,078 [INFO] Checking trade setups at 2025-11-13 12:00:49
2025-11-13 12:00:49,078 [INFO] Applying EMA strategy to 5 stocks.
2025-11-13 12:01:02,284 [INFO] Checking trade setups at 2025-11-13 12:01:02
2025-11-13 12:01:02,284 [INFO] Applying EMA strategy to 5 stocks.
2025-11-13 12:01:15,889 [INFO] Checking trade setups at 2025-11-13 12:01:15
2025-11-13 12:01:15,889 [INFO] Applying EMA strategy to 5 stocks.
2025-11-13 12:01:28,932 [INFO] Checking trade setups at 2025-11-13 12:01:28
2025-11-13 12:01:28,932 [INFO] Applying EMA strategy to 5 stocks.
2025-11-13 12:01:42,477 [INFO] Checking trade setups at 2025-11-13 12:01:42
2025-11-13 12:01:42,477 [INFO] Applying EMA strategy to 5 stocks.
2025-11-13 12:01:55,835 [INFO] Checking trade setups at 2025-11-13 12:01:55
2025-11-13 12:01:55,835 [INFO] Applying EMA strategy to 5 stocks.
2025-11-13 12:02:08,891 [INFO] Checking trade setups at 2025-11-13 12:02:08
2025-11-13 12:02:08,891 [INFO] Applying EMA strategy to 5 stocks.
2025-11-13 12:02:21,967 [INFO] Checking trade setups at 2025-11-13 12:02:21
2025-11-13 12:02:21,967 [INFO] Applying EMA strategy to 5 stocks.
2025-11-13 12:02:35,103 [INFO] Checking trade setups at 2025-11-13 12:02:35
2025-11-13 12:02:35,103 [INFO] Applying EMA strategy to 5 stocks.
2025-11-13 12:02:48,181 [INFO] Checking trade setups at 2025-11-13 12:02:48
2025-11-13 12:02:48,181 [INFO] Applying EMA strategy to 5 stocks.
2025-11-13 12:03:01,375 [INFO] Checking trade setups at 2025-11-13 12:03:01
2025-11-13 12:03:01,375 [INFO] Applying EMA strategy to 5 stocks.
2025-11-13 12:03:14,702 [INFO] Checking trade setups at 2025-11-13 12:03:14
2025-11-13 12:03:14,702 [INFO] Applying EMA strategy to 5 stocks.
2025-11-13 12:03:28,327 [INFO] Checking trade setups at 2025-11-13 12:03:28
2025-11-13 12:03:28,327 [INFO] Applying EMA strategy to 5 stocks.
2025-11-13 12:03:41,634 [INFO] Checking trade setups at 2025-11-13 12:03:41
2025-11-13 12:03:41,634 [INFO] Applying EMA strategy to 5 stocks.
2025-11-13 12:03:54,812 [INFO] Checking trade setups at 2025-11-13 12:03:54
2025-11-13 12:03:54,812 [INFO] Applying EMA strategy to 5 stocks.
2025-11-13 12:04:08,319 [INFO] Checking trade setups at 2025-11-13 12:04:08
2025-11-13 12:04:08,319 [INFO] Applying EMA strategy to 5 stocks.
2025-11-13 12:04:21,557 [INFO] Checking trade setups at 2025-11-13 12:04:21
2025-11-13 12:04:21,557 [INFO] Applying EMA strategy to 5 stocks.
2025-11-13 12:04:35,011 [INFO] Checking trade setups at 2025-11-13 12:04:35
2025-11-13 12:04:35,011 [INFO] Applying EMA strategy to 5 stocks.
2025-11-13 12:04:48,494 [INFO] Checking trade setups at 2025-11-13 12:04:48
2025-11-13 12:04:48,494 [INFO] Applying EMA strategy to 5 stocks.
2025-11-13 12:05:03,510 [INFO] Checking trade setups at 2025-11-13 12:05:03
2025-11-13 12:05:03,510 [INFO] Applying EMA strategy to 5 stocks.
2025-11-13 12:05:16,739 [INFO] Checking trade setups at 2025-11-13 12:05:16
2025-11-13 12:05:16,739 [INFO] Applying EMA strategy to 5 stocks.
2025-11-13 12:05:30,289 [INFO] Checking trade setups at 2025-11-13 12:05:30
2025-11-13 12:05:30,289 [INFO] Applying EMA strategy to 5 stocks.
2025-11-13 12:05:44,817 [INFO] Checking trade setups at 2025-11-13 12:05:44
2025-11-13 12:05:44,817 [INFO] Applying EMA strategy to 5 stocks.
2025-11-13 12:05:57,785 [INFO] Checking trade setups at 2025-11-13 12:05:57
2025-11-13 12:05:57,785 [INFO] Applying EMA strategy to 5 stocks.
2025-11-13 12:06:11,542 [INFO] Checking trade setups at 2025-11-13 12:06:11
2025-11-13 12:06:11,542 [INFO] Applying EMA strategy to 5 stocks.
2025-11-13 12:06:24,712 [INFO] Checking trade setups at 2025-11-13 12:06:24
2025-11-13 12:06:24,712 [INFO] Applying EMA strategy to 5 stocks.
2025-11-13 12:06:38,056 [INFO] Checking trade setups at 2025-11-13 12:06:38
2025-11-13 12:06:38,056 [INFO] Applying EMA strategy to 5 stocks.
2025-11-13 12:06:51,482 [INFO] Checking trade setups at 2025-11-13 12:06:51
2025-11-13 12:06:51,482 [INFO] Applying EMA strategy to 5 stocks.
2025-11-13 12:07:05,432 [INFO] Checking trade setups at 2025-11-13 12:07:05
2025-11-13 12:07:05,432 [INFO] Applying EMA strategy to 5 stocks.
2025-11-13 12:07:18,709 [INFO] Checking trade setups at 2025-11-13 12:07:18
2025-11-13 12:07:18,709 [INFO] Applying EMA strategy to 5 stocks.
2025-11-13 12:07:31,762 [INFO] Checking trade setups at 2025-11-13 12:07:31
2025-11-13 12:07:31,762 [INFO] Applying EMA strategy to 5 stocks.
2025-11-13 12:07:45,677 [INFO] Checking trade setups at 2025-11-13 12:07:45
2025-11-13 12:07:45,677 [INFO] Applying EMA strategy to 5 stocks.
2025-11-13 12:07:58,876 [INFO] Checking trade setups at 2025-11-13 12:07:58
2025-11-13 12:07:58,876 [INFO] Applying EMA strategy to 5 stocks.
2025-11-13 12:08:11,709 [INFO] Checking trade setups at 2025-11-13 12:08:11
2025-11-13 12:08:11,709 [INFO] Applying EMA strategy to 5 stocks.
2025-11-13 12:08:25,100 [INFO] Checking trade setups at 2025-11-13 12:08:25
2025-11-13 12:08:25,100 [INFO] Applying EMA strategy to 5 stocks.
2025-11-13 12:08:38,942 [INFO] Checking trade setups at 2025-11-13 12:08:38
2025-11-13 12:08:38,942 [INFO] Applying EMA strategy to 5 stocks.
2025-11-13 12:08:52,078 [INFO] Checking trade setups at 2025-11-13 12:08:52
2025-11-13 12:08:52,078 [INFO] Applying EMA strategy to 5 stocks.
2025-11-13 12:09:05,374 [INFO] Checking trade setups at 2025-11-13 12:09:05
2025-11-13 12:09:05,374 [INFO] Applying EMA strategy to 5 stocks.
2025-11-13 12:09:18,782 [INFO] Checking trade setups at 2025-11-13 12:09:18
2025-11-13 12:09:18,782 [INFO] Applying EMA strategy to 5 stocks.
2025-11-13 12:09:32,706 [INFO] Checking trade setups at 2025-11-13 12:09:32
2025-11-13 12:09:32,706 [INFO] Applying EMA strategy to 5 stocks.
2025-11-13 12:09:46,246 [INFO] Checking trade setups at 2025-11-13 12:09:46
2025-11-13 12:09:46,246 [INFO] Applying EMA strategy to 5 stocks.
2025-11-13 12:09:59,756 [INFO] Checking trade setups at 2025-11-13 12:09:59
2025-11-13 12:09:59,756 [INFO] Applying EMA strategy to 5 stocks.
2025-11-13 12:10:12,917 [INFO] Checking trade setups at 2025-11-13 12:10:12
2025-11-13 12:10:12,917 [INFO] Applying EMA strategy to 5 stocks.
2025-11-13 12:10:27,031 [INFO] Checking trade setups at 2025-11-13 12:10:27
2025-11-13 12:10:27,031 [INFO] Applying EMA strategy to 5 stocks.
2025-11-13 12:10:41,475 [INFO] Checking trade setups at 2025-11-13 12:10:41
2025-11-13 12:10:41,475 [INFO] Applying EMA strategy to 5 stocks.
2025-11-13 12:10:54,831 [INFO] Checking trade setups at 2025-11-13 12:10:54
2025-11-13 12:10:54,831 [INFO] Applying EMA strategy to 5 stocks.
2025-11-13 12:11:08,789 [INFO] Checking trade setups at 2025-11-13 12:11:08
2025-11-13 12:11:08,789 [INFO] Applying EMA strategy to 5 stocks.
2025-11-13 12:11:21,858 [INFO] Checking trade setups at 2025-11-13 12:11:21
2025-11-13 12:11:21,858 [INFO] Applying EMA strategy to 5 stocks.
2025-11-13 12:11:35,509 [INFO] Checking trade setups at 2025-11-13 12:11:35
2025-11-13 12:11:35,509 [INFO] Applying EMA strategy to 5 stocks.
2025-11-13 12:11:48,653 [INFO] Checking trade setups at 2025-11-13 12:11:48
2025-11-13 12:11:48,653 [INFO] Applying EMA strategy to 5 stocks.
2025-11-13 12:12:01,668 [INFO] Checking trade setups at 2025-11-13 12:12:01
2025-11-13 12:12:01,668 [INFO] Applying EMA strategy to 5 stocks.
2025-11-13 12:12:15,223 [INFO] Checking trade setups at 2025-11-13 12:12:15
2025-11-13 12:12:15,223 [INFO] Applying EMA strategy to 5 stocks.
2025-11-13 12:12:28,561 [INFO] Checking trade setups at 2025-11-13 12:12:28
2025-11-13 12:12:28,561 [INFO] Applying EMA strategy to 5 stocks.
2025-11-13 12:12:42,464 [INFO] Checking trade setups at 2025-11-13 12:12:42
2025-11-13 12:12:42,464 [INFO] Applying EMA strategy to 5 stocks.
2025-11-13 12:12:56,539 [INFO] Checking trade setups at 2025-11-13 12:12:56
2025-11-13 12:12:56,539 [INFO] Applying EMA strategy to 5 stocks.
2025-11-13 12:13:09,730 [INFO] Checking trade setups at 2025-11-13 12:13:09
2025-11-13 12:13:09,730 [INFO] Applying EMA strategy to 5 stocks.
2025-11-13 12:13:23,025 [INFO] Checking trade setups at 2025-11-13 12:13:23
2025-11-13 12:13:23,025 [INFO] Applying EMA strategy to 5 stocks.
2025-11-13 12:13:36,412 [INFO] Checking trade setups at 2025-11-13 12:13:36
2025-11-13 12:13:36,412 [INFO] Applying EMA strategy to 5 stocks.
2025-11-13 12:13:50,073 [INFO] Checking trade setups at 2025-11-13 12:13:50
2025-11-13 12:13:50,073 [INFO] Applying EMA strategy to 5 stocks.
2025-11-13 12:14:04,177 [INFO] Checking trade setups at 2025-11-13 12:14:04
2025-11-13 12:14:04,177 [INFO] Applying EMA strategy to 5 stocks.
2025-11-13 12:14:19,283 [INFO] Checking trade setups at 2025-11-13 12:14:19
2025-11-13 12:14:19,283 [INFO] Applying EMA strategy to 5 stocks.
2025-11-13 12:14:32,507 [INFO] Checking trade setups at 2025-11-13 12:14:32
2025-11-13 12:14:32,507 [INFO] Applying EMA strategy to 5 stocks.
2025-11-13 12:14:46,992 [INFO] Checking trade setups at 2025-11-13 12:14:46
2025-11-13 12:14:46,992 [INFO] Applying EMA strategy to 5 stocks.
2025-11-13 12:15:00,602 [INFO] Checking trade setups at 2025-11-13 12:15:00
2025-11-13 12:15:00,602 [INFO] Applying EMA strategy to 5 stocks.
2025-11-13 12:15:13,871 [INFO] Checking trade setups at 2025-11-13 12:15:13
2025-11-13 12:15:13,871 [INFO] Applying EMA strategy to 5 stocks.
2025-11-13 12:15:27,736 [INFO] Checking trade setups at 2025-11-13 12:15:27
2025-11-13 12:15:27,736 [INFO] Applying EMA strategy to 5 stocks.
2025-11-13 12:15:41,518 [INFO] Checking trade setups at 2025-11-13 12:15:41
2025-11-13 12:15:41,518 [INFO] Applying EMA strategy to 5 stocks.
2025-11-13 12:15:55,164 [INFO] Checking trade setups at 2025-11-13 12:15:55
2025-11-13 12:15:55,164 [INFO] Applying EMA strategy to 5 stocks.
2025-11-13 12:16:08,183 [INFO] Checking trade setups at 2025-11-13 12:16:08
2025-11-13 12:16:08,183 [INFO] Applying EMA strategy to 5 stocks.
2025-11-13 12:16:22,493 [INFO] Checking trade setups at 2025-11-13 12:16:22
2025-11-13 12:16:22,493 [INFO] Applying EMA strategy to 5 stocks.
2025-11-13 12:16:36,475 [INFO] Checking trade setups at 2025-11-13 12:16:36
2025-11-13 12:16:36,475 [INFO] Applying EMA strategy to 5 stocks.
2025-11-13 12:16:50,788 [INFO] Checking trade setups at 2025-11-13 12:16:50
2025-11-13 12:16:50,788 [INFO] Applying EMA strategy to 5 stocks.
2025-11-13 12:17:04,098 [INFO] Checking trade setups at 2025-11-13 12:17:04
2025-11-13 12:17:04,098 [INFO] Applying EMA strategy to 5 stocks.
2025-11-13 12:17:18,368 [INFO] Checking trade setups at 2025-11-13 12:17:18
2025-11-13 12:17:18,368 [INFO] Applying EMA strategy to 5 stocks.
2025-11-13 12:17:32,237 [INFO] Checking trade setups at 2025-11-13 12:17:32
2025-11-13 12:17:32,237 [INFO] Applying EMA strategy to 5 stocks.
2025-11-13 12:17:46,207 [INFO] Checking trade setups at 2025-11-13 12:17:46
2025-11-13 12:17:46,207 [INFO] Applying EMA strategy to 5 stocks.
2025-11-13 12:18:00,028 [INFO] Checking trade setups at 2025-11-13 12:18:00
2025-11-13 12:18:00,028 [INFO] Applying EMA strategy to 5 stocks.
2025-11-13 12:18:13,967 [INFO] Checking trade setups at 2025-11-13 12:18:13
2025-11-13 12:18:13,967 [INFO] Applying EMA strategy to 5 stocks.
2025-11-13 12:18:29,216 [INFO] Checking trade setups at 2025-11-13 12:18:29
2025-11-13 12:18:29,216 [INFO] Applying EMA strategy to 5 stocks.
2025-11-13 12:18:44,004 [INFO] Checking trade setups at 2025-11-13 12:18:44
2025-11-13 12:18:44,004 [INFO] Applying EMA strategy to 5 stocks.
2025-11-13 12:18:58,206 [INFO] Checking trade setups at 2025-11-13 12:18:58
2025-11-13 12:18:58,206 [INFO] Applying EMA strategy to 5 stocks.
2025-11-13 12:19:12,694 [INFO] Checking trade setups at 2025-11-13 12:19:12
2025-11-13 12:19:12,694 [INFO] Applying EMA strategy to 5 stocks.
2025-11-13 12:19:26,084 [INFO] Checking trade setups at 2025-11-13 12:19:26
2025-11-13 12:19:26,084 [INFO] Applying EMA strategy to 5 stocks.
2025-11-13 12:19:39,241 [INFO] Checking trade setups at 2025-11-13 12:19:39
2025-11-13 12:19:39,241 [INFO] Applying EMA strategy to 5 stocks.
2025-11-13 12:19:52,467 [INFO] Checking trade setups at 2025-11-13 12:19:52
2025-11-13 12:19:52,467 [INFO] Applying EMA strategy to 5 stocks.
2025-11-13 12:20:05,874 [INFO] Checking trade setups at 2025-11-13 12:20:05
2025-11-13 12:20:05,874 [INFO] Applying EMA strategy to 5 stocks.
2025-11-13 12:20:19,357 [INFO] Checking trade setups at 2025-11-13 12:20:19
2025-11-13 12:20:19,357 [INFO] Applying EMA strategy to 5 stocks.
2025-11-13 12:20:33,441 [INFO] Checking trade setups at 2025-11-13 12:20:33
2025-11-13 12:20:33,441 [INFO] Applying EMA strategy to 5 stocks.
2025-11-13 12:20:48,110 [INFO] Checking trade setups at 2025-11-13 12:20:48
2025-11-13 12:20:48,110 [INFO] Applying EMA strategy to 5 stocks.
2025-11-13 12:21:02,048 [INFO] Checking trade setups at 2025-11-13 12:21:02
2025-11-13 12:21:02,048 [INFO] Applying EMA strategy to 5 stocks.
2025-11-13 12:21:15,516 [INFO] Checking trade setups at 2025-11-13 12:21:15
2025-11-13 12:21:15,516 [INFO] Applying EMA strategy to 5 stocks.
2025-11-13 12:21:29,135 [INFO] Checking trade setups at 2025-11-13 12:21:29
2025-11-13 12:21:29,135 [INFO] Applying EMA strategy to 5 stocks.
2025-11-13 12:21:42,243 [INFO] Checking trade setups at 2025-11-13 12:21:42
2025-11-13 12:21:42,243 [INFO] Applying EMA strategy to 5 stocks.
2025-11-13 12:21:56,683 [INFO] Checking trade setups at 2025-11-13 12:21:56
2025-11-13 12:21:56,683 [INFO] Applying EMA strategy to 5 stocks.
2025-11-13 12:22:10,569 [INFO] Checking trade setups at 2025-11-13 12:22:10
2025-11-13 12:22:10,570 [INFO] Applying EMA strategy to 5 stocks.
2025-11-13 12:22:24,244 [INFO] Checking trade setups at 2025-11-13 12:22:24
2025-11-13 12:22:24,244 [INFO] Applying EMA strategy to 5 stocks.
2025-11-13 12:22:38,226 [INFO] Checking trade setups at 2025-11-13 12:22:38
2025-11-13 12:22:38,226 [INFO] Applying EMA strategy to 5 stocks.
2025-11-13 12:22:52,015 [INFO] Checking trade setups at 2025-11-13 12:22:52
2025-11-13 12:22:52,015 [INFO] Applying EMA strategy to 5 stocks.
2025-11-13 12:23:06,049 [INFO] Checking trade setups at 2025-11-13 12:23:06
2025-11-13 12:23:06,049 [INFO] Applying EMA strategy to 5 stocks.
2025-11-13 12:23:20,893 [INFO] Checking trade setups at 2025-11-13 12:23:20
2025-11-13 12:23:20,893 [INFO] Applying EMA strategy to 5 stocks.
2025-11-13 12:23:34,797 [INFO] Checking trade setups at 2025-11-13 12:23:34
2025-11-13 12:23:34,797 [INFO] Applying EMA strategy to 5 stocks.
2025-11-13 12:23:48,901 [INFO] Checking trade setups at 2025-11-13 12:23:48
2025-11-13 12:23:48,901 [INFO] Applying EMA strategy to 5 stocks.
2025-11-13 12:24:05,251 [INFO] Checking trade setups at 2025-11-13 12:24:05
2025-11-13 12:24:05,251 [INFO] Applying EMA strategy to 5 stocks.
2025-11-13 12:24:19,643 [INFO] Checking trade setups at 2025-11-13 12:24:19
2025-11-13 12:24:19,643 [INFO] Applying EMA strategy to 5 stocks.
2025-11-13 12:24:33,100 [INFO] Checking trade setups at 2025-11-13 12:24:33
2025-11-13 12:24:33,100 [INFO] Applying EMA strategy to 5 stocks.
2025-11-13 12:24:46,972 [INFO] Checking trade setups at 2025-11-13 12:24:46
2025-11-13 12:24:46,972 [INFO] Applying EMA strategy to 5 stocks.
2025-11-13 12:25:00,297 [INFO] Checking trade setups at 2025-11-13 12:25:00
2025-11-13 12:25:00,297 [INFO] Applying EMA strategy to 5 stocks.
2025-11-13 12:25:17,330 [INFO] Checking trade setups at 2025-11-13 12:25:17
2025-11-13 12:25:17,330 [INFO] Applying EMA strategy to 5 stocks.
2025-11-13 12:25:31,082 [INFO] Checking trade setups at 2025-11-13 12:25:31
2025-11-13 12:25:31,082 [INFO] Applying EMA strategy to 5 stocks.
2025-11-13 12:25:44,237 [INFO] Checking trade setups at 2025-11-13 12:25:44
2025-11-13 12:25:44,237 [INFO] Applying EMA strategy to 5 stocks.
2025-11-13 12:25:56,457 [INFO] Executing trade for NSE:ELGIEQUIP-EQ: {'timestamp': '2025-11-13 12:25', 'action': 'SELL', 'entry_price': 495.6, 'stop_loss': 496.95, 'target': 491.5500000000001}
2025-11-13 12:25:56,459 [INFO] after SL after filtering the final SL:1.35, final_target:491.55, qty:74
2025-11-13 12:25:56,476 [INFO] Max trades reached. Skipping new orders.
2025-11-13 12:26:06,483 [INFO] Checking trade setups at 2025-11-13 12:26:06
2025-11-13 12:26:06,484 [INFO] Applying EMA strategy to 5 stocks.
2025-11-13 12:26:23,749 [INFO] Checking trade setups at 2025-11-13 12:26:23
2025-11-13 12:26:23,749 [INFO] Applying EMA strategy to 5 stocks.
2025-11-13 12:26:40,585 [INFO] Checking trade setups at 2025-11-13 12:26:40
2025-11-13 12:26:40,585 [INFO] Applying EMA strategy to 5 stocks.
2025-11-13 12:26:41,347 [INFO] Executing trade for NSE:DATAPATTNS-EQ: {'timestamp': '2025-11-13 12:25', 'action': 'SELL', 'entry_price': 2985.9, 'stop_loss': 3015, 'target': 2898.6000000000004}
2025-11-13 12:26:41,349 [INFO] after SL after filtering the final SL:29.1, final_target:2898.6, qty:3
2025-11-13 12:26:41,349 [INFO] Max trades reached. Skipping new orders.
2025-11-13 12:26:54,830 [INFO] Checking trade setups at 2025-11-13 12:26:54
2025-11-13 12:26:54,830 [INFO] Applying EMA strategy to 5 stocks.
2025-11-13 12:27:09,268 [INFO] Checking trade setups at 2025-11-13 12:27:09
2025-11-13 12:27:09,268 [INFO] Applying EMA strategy to 5 stocks.
2025-11-13 12:27:23,251 [INFO] Checking trade setups at 2025-11-13 12:27:23
2025-11-13 12:27:23,251 [INFO] Applying EMA strategy to 5 stocks.
2025-11-13 12:27:36,555 [INFO] Checking trade setups at 2025-11-13 12:27:36
2025-11-13 12:27:36,555 [INFO] Applying EMA strategy to 5 stocks.
2025-11-13 12:27:50,373 [INFO] Checking trade setups at 2025-11-13 12:27:50
2025-11-13 12:27:50,373 [INFO] Applying EMA strategy to 5 stocks.
2025-11-13 12:28:05,078 [INFO] Checking trade setups at 2025-11-13 12:28:05
2025-11-13 12:28:05,078 [INFO] Applying EMA strategy to 5 stocks.
2025-11-13 12:28:19,076 [INFO] Checking trade setups at 2025-11-13 12:28:19
2025-11-13 12:28:19,076 [INFO] Applying EMA strategy to 5 stocks.
2025-11-13 12:28:32,745 [INFO] Checking trade setups at 2025-11-13 12:28:32
2025-11-13 12:28:32,745 [INFO] Applying EMA strategy to 5 stocks.
2025-11-13 12:28:47,087 [INFO] Checking trade setups at 2025-11-13 12:28:47
2025-11-13 12:28:47,087 [INFO] Applying EMA strategy to 5 stocks.
2025-11-13 12:29:04,625 [INFO] Checking trade setups at 2025-11-13 12:29:04
2025-11-13 12:29:04,625 [INFO] Applying EMA strategy to 5 stocks.
2025-11-13 12:29:19,470 [INFO] Checking trade setups at 2025-11-13 12:29:19
2025-11-13 12:29:19,470 [INFO] Applying EMA strategy to 5 stocks.
2025-11-13 12:29:33,121 [INFO] Checking trade setups at 2025-11-13 12:29:33
2025-11-13 12:29:33,121 [INFO] Applying EMA strategy to 5 stocks.
2025-11-13 12:29:46,505 [INFO] Checking trade setups at 2025-11-13 12:29:46
2025-11-13 12:29:46,505 [INFO] Applying EMA strategy to 5 stocks.
2025-11-13 12:30:00,170 [INFO] Checking trade setups at 2025-11-13 12:30:00
2025-11-13 12:30:00,170 [INFO] Applying EMA strategy to 5 stocks.
2025-11-13 12:30:13,391 [INFO] Checking trade setups at 2025-11-13 12:30:13
2025-11-13 12:30:13,391 [INFO] Applying EMA strategy to 5 stocks.
2025-11-13 12:30:27,110 [INFO] Checking trade setups at 2025-11-13 12:30:27
2025-11-13 12:30:27,110 [INFO] Applying EMA strategy to 5 stocks.
2025-11-13 12:30:40,176 [INFO] Checking trade setups at 2025-11-13 12:30:40
2025-11-13 12:30:40,176 [INFO] Applying EMA strategy to 5 stocks.
2025-11-13 12:30:53,573 [INFO] Checking trade setups at 2025-11-13 12:30:53
2025-11-13 12:30:53,573 [INFO] Applying EMA strategy to 5 stocks.
2025-11-13 12:31:07,700 [INFO] Checking trade setups at 2025-11-13 12:31:07
2025-11-13 12:31:07,700 [INFO] Applying EMA strategy to 5 stocks.
2025-11-13 12:31:22,434 [INFO] Checking trade setups at 2025-11-13 12:31:22
2025-11-13 12:31:22,434 [INFO] Applying EMA strategy to 5 stocks.
2025-11-13 12:31:40,996 [INFO] Checking trade setups at 2025-11-13 12:31:40
2025-11-13 12:31:40,996 [INFO] Applying EMA strategy to 5 stocks.
2025-11-13 12:31:56,316 [INFO] Checking trade setups at 2025-11-13 12:31:56
2025-11-13 12:31:56,316 [INFO] Applying EMA strategy to 5 stocks.
2025-11-13 12:32:11,310 [INFO] Checking trade setups at 2025-11-13 12:32:11
2025-11-13 12:32:11,310 [INFO] Applying EMA strategy to 5 stocks.
2025-11-13 12:32:25,052 [INFO] Checking trade setups at 2025-11-13 12:32:25
2025-11-13 12:32:25,052 [INFO] Applying EMA strategy to 5 stocks.
2025-11-13 12:32:39,442 [INFO] Checking trade setups at 2025-11-13 12:32:39
2025-11-13 12:32:39,442 [INFO] Applying EMA strategy to 5 stocks.
2025-11-13 12:32:55,726 [INFO] Checking trade setups at 2025-11-13 12:32:55
2025-11-13 12:32:55,726 [INFO] Applying EMA strategy to 5 stocks.
2025-11-13 12:33:09,108 [INFO] Checking trade setups at 2025-11-13 12:33:09
2025-11-13 12:33:09,109 [INFO] Applying EMA strategy to 5 stocks.
2025-11-13 12:33:23,438 [INFO] Checking trade setups at 2025-11-13 12:33:23
2025-11-13 12:33:23,439 [INFO] Applying EMA strategy to 5 stocks.
2025-11-13 12:33:36,867 [INFO] Checking trade setups at 2025-11-13 12:33:36
2025-11-13 12:33:36,867 [INFO] Applying EMA strategy to 5 stocks.
2025-11-13 12:33:50,790 [INFO] Checking trade setups at 2025-11-13 12:33:50
2025-11-13 12:33:50,790 [INFO] Applying EMA strategy to 5 stocks.
2025-11-13 12:34:04,890 [INFO] Checking trade setups at 2025-11-13 12:34:04
2025-11-13 12:34:04,890 [INFO] Applying EMA strategy to 5 stocks.
2025-11-13 12:34:18,102 [INFO] Checking trade setups at 2025-11-13 12:34:18
2025-11-13 12:34:18,102 [INFO] Applying EMA strategy to 5 stocks.
2025-11-13 12:34:31,898 [INFO] Checking trade setups at 2025-11-13 12:34:31
2025-11-13 12:34:31,898 [INFO] Applying EMA strategy to 5 stocks.
2025-11-13 12:34:45,321 [INFO] Checking trade setups at 2025-11-13 12:34:45
2025-11-13 12:34:45,321 [INFO] Applying EMA strategy to 5 stocks.
2025-11-13 12:34:59,608 [INFO] Checking trade setups at 2025-11-13 12:34:59
2025-11-13 12:34:59,608 [INFO] Applying EMA strategy to 5 stocks.
2025-11-13 12:35:14,953 [INFO] Checking trade setups at 2025-11-13 12:35:14
2025-11-13 12:35:14,953 [INFO] Applying EMA strategy to 5 stocks.
2025-11-13 12:35:34,037 [INFO] Checking trade setups at 2025-11-13 12:35:34
2025-11-13 12:35:34,037 [INFO] Applying EMA strategy to 5 stocks.
2025-11-13 12:35:48,008 [INFO] Checking trade setups at 2025-11-13 12:35:48
2025-11-13 12:35:48,008 [INFO] Applying EMA strategy to 5 stocks.
2025-11-13 12:36:01,343 [INFO] Checking trade setups at 2025-11-13 12:36:01
2025-11-13 12:36:01,343 [INFO] Applying EMA strategy to 5 stocks.
2025-11-13 12:36:14,609 [INFO] Checking trade setups at 2025-11-13 12:36:14
2025-11-13 12:36:14,609 [INFO] Applying EMA strategy to 5 stocks.
2025-11-13 12:36:28,682 [INFO] Checking trade setups at 2025-11-13 12:36:28
2025-11-13 12:36:28,682 [INFO] Applying EMA strategy to 5 stocks.
2025-11-13 12:36:42,556 [INFO] Checking trade setups at 2025-11-13 12:36:42
2025-11-13 12:36:42,556 [INFO] Applying EMA strategy to 5 stocks.
2025-11-13 12:36:56,966 [INFO] Checking trade setups at 2025-11-13 12:36:56
2025-11-13 12:36:56,966 [INFO] Applying EMA strategy to 5 stocks.
2025-11-13 12:37:10,329 [INFO] Checking trade setups at 2025-11-13 12:37:10
2025-11-13 12:37:10,329 [INFO] Applying EMA strategy to 5 stocks.
2025-11-13 12:37:23,253 [INFO] Checking trade setups at 2025-11-13 12:37:23
2025-11-13 12:37:23,253 [INFO] Applying EMA strategy to 5 stocks.
2025-11-13 12:37:36,857 [INFO] Checking trade setups at 2025-11-13 12:37:36
2025-11-13 12:37:36,857 [INFO] Applying EMA strategy to 5 stocks.
2025-11-13 12:37:50,666 [INFO] Checking trade setups at 2025-11-13 12:37:50
2025-11-13 12:37:50,666 [INFO] Applying EMA strategy to 5 stocks.
2025-11-13 12:38:04,470 [INFO] Checking trade setups at 2025-11-13 12:38:04
2025-11-13 12:38:04,470 [INFO] Applying EMA strategy to 5 stocks.
2025-11-13 12:38:05,223 [INFO] Executing trade for NSE:DATAPATTNS-EQ: {'timestamp': '2025-11-13 12:35', 'action': 'SELL', 'entry_price': 3005, 'stop_loss': 3025.9, 'target': 2942.2999999999997}
2025-11-13 12:38:05,223 [INFO] after SL after filtering the final SL:20.9, final_target:2942.3, qty:4
2025-11-13 12:38:05,231 [INFO] Max trades reached. Skipping new orders.
2025-11-13 12:38:17,978 [INFO] Checking trade setups at 2025-11-13 12:38:17
2025-11-13 12:38:17,978 [INFO] Applying EMA strategy to 5 stocks.
2025-11-13 12:38:31,507 [INFO] Checking trade setups at 2025-11-13 12:38:31
2025-11-13 12:38:31,508 [INFO] Applying EMA strategy to 5 stocks.
2025-11-13 12:38:45,105 [INFO] Checking trade setups at 2025-11-13 12:38:45
2025-11-13 12:38:45,105 [INFO] Applying EMA strategy to 5 stocks.
2025-11-13 12:39:06,291 [INFO] Checking trade setups at 2025-11-13 12:39:06
2025-11-13 12:39:06,291 [INFO] Applying EMA strategy to 5 stocks.
2025-11-13 12:39:19,560 [INFO] Checking trade setups at 2025-11-13 12:39:19
2025-11-13 12:39:19,560 [INFO] Applying EMA strategy to 5 stocks.
2025-11-13 12:39:33,674 [INFO] Checking trade setups at 2025-11-13 12:39:33
2025-11-13 12:39:33,674 [INFO] Applying EMA strategy to 5 stocks.
2025-11-13 12:39:47,711 [INFO] Checking trade setups at 2025-11-13 12:39:47
2025-11-13 12:39:47,711 [INFO] Applying EMA strategy to 5 stocks.
2025-11-13 12:40:01,238 [INFO] Checking trade setups at 2025-11-13 12:40:01
2025-11-13 12:40:01,238 [INFO] Applying EMA strategy to 5 stocks.
2025-11-13 12:40:22,608 [INFO] Checking trade setups at 2025-11-13 12:40:22
2025-11-13 12:40:22,608 [INFO] Applying EMA strategy to 5 stocks.
2025-11-13 12:40:40,448 [INFO] Checking trade setups at 2025-11-13 12:40:40
2025-11-13 12:40:40,448 [INFO] Applying EMA strategy to 5 stocks.
2025-11-13 12:40:53,934 [INFO] Checking trade setups at 2025-11-13 12:40:53
2025-11-13 12:40:53,934 [INFO] Applying EMA strategy to 5 stocks.
2025-11-13 12:41:07,513 [INFO] Checking trade setups at 2025-11-13 12:41:07
2025-11-13 12:41:07,513 [INFO] Applying EMA strategy to 5 stocks.
2025-11-13 12:41:20,437 [INFO] Checking trade setups at 2025-11-13 12:41:20
2025-11-13 12:41:20,437 [INFO] Applying EMA strategy to 5 stocks.
2025-11-13 12:41:33,956 [INFO] Checking trade setups at 2025-11-13 12:41:33
2025-11-13 12:41:33,956 [INFO] Applying EMA strategy to 5 stocks.
2025-11-13 12:41:47,430 [INFO] Checking trade setups at 2025-11-13 12:41:47
2025-11-13 12:41:47,430 [INFO] Applying EMA strategy to 5 stocks.
2025-11-13 12:42:01,513 [INFO] Checking trade setups at 2025-11-13 12:42:01
2025-11-13 12:42:01,513 [INFO] Applying EMA strategy to 5 stocks.
2025-11-13 12:42:14,884 [INFO] Checking trade setups at 2025-11-13 12:42:14
2025-11-13 12:42:14,884 [INFO] Applying EMA strategy to 5 stocks.
2025-11-13 12:42:28,668 [INFO] Checking trade setups at 2025-11-13 12:42:28
2025-11-13 12:42:28,668 [INFO] Applying EMA strategy to 5 stocks.
2025-11-13 12:42:42,438 [INFO] Checking trade setups at 2025-11-13 12:42:42
2025-11-13 12:42:42,438 [INFO] Applying EMA strategy to 5 stocks.
2025-11-13 12:42:55,930 [INFO] Checking trade setups at 2025-11-13 12:42:55
2025-11-13 12:42:55,930 [INFO] Applying EMA strategy to 5 stocks.
2025-11-13 12:43:09,086 [INFO] Checking trade setups at 2025-11-13 12:43:09
2025-11-13 12:43:09,086 [INFO] Applying EMA strategy to 5 stocks.
2025-11-13 12:43:23,644 [INFO] Checking trade setups at 2025-11-13 12:43:23
2025-11-13 12:43:23,644 [INFO] Applying EMA strategy to 5 stocks.
2025-11-13 12:43:37,354 [INFO] Checking trade setups at 2025-11-13 12:43:37
2025-11-13 12:43:37,354 [INFO] Applying EMA strategy to 5 stocks.
2025-11-13 12:43:50,387 [INFO] Checking trade setups at 2025-11-13 12:43:50
2025-11-13 12:43:50,387 [INFO] Applying EMA strategy to 5 stocks.
2025-11-13 12:44:03,482 [INFO] Checking trade setups at 2025-11-13 12:44:03
2025-11-13 12:44:03,482 [INFO] Applying EMA strategy to 5 stocks.
2025-11-13 12:44:17,640 [INFO] Checking trade setups at 2025-11-13 12:44:17
2025-11-13 12:44:17,640 [INFO] Applying EMA strategy to 5 stocks.
2025-11-13 12:44:31,076 [INFO] Checking trade setups at 2025-11-13 12:44:31
2025-11-13 12:44:31,076 [INFO] Applying EMA strategy to 5 stocks.
2025-11-13 12:44:43,806 [INFO] Checking trade setups at 2025-11-13 12:44:43
2025-11-13 12:44:43,806 [INFO] Applying EMA strategy to 5 stocks.
2025-11-13 12:44:56,944 [INFO] Checking trade setups at 2025-11-13 12:44:56
2025-11-13 12:44:56,944 [INFO] Applying EMA strategy to 5 stocks.
2025-11-13 12:45:11,130 [INFO] Checking trade setups at 2025-11-13 12:45:11
2025-11-13 12:45:11,130 [INFO] Applying EMA strategy to 5 stocks.
2025-11-13 12:45:24,468 [INFO] Checking trade setups at 2025-11-13 12:45:24
2025-11-13 12:45:24,468 [INFO] Applying EMA strategy to 5 stocks.
2025-11-13 12:45:37,719 [INFO] Checking trade setups at 2025-11-13 12:45:37
2025-11-13 12:45:37,719 [INFO] Applying EMA strategy to 5 stocks.
2025-11-13 12:45:50,948 [INFO] Checking trade setups at 2025-11-13 12:45:50
2025-11-13 12:45:50,948 [INFO] Applying EMA strategy to 5 stocks.
2025-11-13 12:46:03,980 [INFO] Checking trade setups at 2025-11-13 12:46:03
2025-11-13 12:46:03,980 [INFO] Applying EMA strategy to 5 stocks.
2025-11-13 12:46:17,705 [INFO] Checking trade setups at 2025-11-13 12:46:17
2025-11-13 12:46:17,705 [INFO] Applying EMA strategy to 5 stocks.
2025-11-13 12:46:30,986 [INFO] Checking trade setups at 2025-11-13 12:46:30
2025-11-13 12:46:30,986 [INFO] Applying EMA strategy to 5 stocks.
2025-11-13 12:46:44,331 [INFO] Checking trade setups at 2025-11-13 12:46:44
2025-11-13 12:46:44,333 [INFO] Applying EMA strategy to 5 stocks.
2025-11-13 12:46:58,505 [INFO] Checking trade setups at 2025-11-13 12:46:58
2025-11-13 12:46:58,505 [INFO] Applying EMA strategy to 5 stocks.
2025-11-13 12:47:12,560 [INFO] Checking trade setups at 2025-11-13 12:47:12
2025-11-13 12:47:12,560 [INFO] Applying EMA strategy to 5 stocks.
2025-11-13 12:47:27,097 [INFO] Checking trade setups at 2025-11-13 12:47:27
2025-11-13 12:47:27,097 [INFO] Applying EMA strategy to 5 stocks.
2025-11-13 12:47:41,272 [INFO] Checking trade setups at 2025-11-13 12:47:41
2025-11-13 12:47:41,272 [INFO] Applying EMA strategy to 5 stocks.
2025-11-13 12:47:55,157 [INFO] Checking trade setups at 2025-11-13 12:47:55
2025-11-13 12:47:55,157 [INFO] Applying EMA strategy to 5 stocks.
2025-11-13 12:48:08,621 [INFO] Checking trade setups at 2025-11-13 12:48:08
2025-11-13 12:48:08,621 [INFO] Applying EMA strategy to 5 stocks.
2025-11-13 12:48:21,930 [INFO] Checking trade setups at 2025-11-13 12:48:21
2025-11-13 12:48:21,930 [INFO] Applying EMA strategy to 5 stocks.
2025-11-13 12:48:36,301 [INFO] Checking trade setups at 2025-11-13 12:48:36
2025-11-13 12:48:36,301 [INFO] Applying EMA strategy to 5 stocks.
2025-11-13 12:48:50,194 [INFO] Checking trade setups at 2025-11-13 12:48:50
2025-11-13 12:48:50,194 [INFO] Applying EMA strategy to 5 stocks.
2025-11-13 12:49:03,719 [INFO] Checking trade setups at 2025-11-13 12:49:03
2025-11-13 12:49:03,719 [INFO] Applying EMA strategy to 5 stocks.
2025-11-13 12:49:17,841 [INFO] Checking trade setups at 2025-11-13 12:49:17
2025-11-13 12:49:17,843 [INFO] Applying EMA strategy to 5 stocks.
2025-11-13 12:49:31,703 [INFO] Checking trade setups at 2025-11-13 12:49:31
2025-11-13 12:49:31,703 [INFO] Applying EMA strategy to 5 stocks.
2025-11-13 12:49:46,422 [INFO] Checking trade setups at 2025-11-13 12:49:46
2025-11-13 12:49:46,422 [INFO] Applying EMA strategy to 5 stocks.
2025-11-13 12:50:01,491 [INFO] Checking trade setups at 2025-11-13 12:50:01
2025-11-13 12:50:01,491 [INFO] Applying EMA strategy to 5 stocks.
2025-11-13 12:50:14,878 [INFO] Checking trade setups at 2025-11-13 12:50:14
2025-11-13 12:50:14,878 [INFO] Applying EMA strategy to 5 stocks.
2025-11-13 12:50:29,341 [INFO] Checking trade setups at 2025-11-13 12:50:29
2025-11-13 12:50:29,346 [INFO] Applying EMA strategy to 5 stocks.
2025-11-13 12:50:42,831 [INFO] Checking trade setups at 2025-11-13 12:50:42
2025-11-13 12:50:42,831 [INFO] Applying EMA strategy to 5 stocks.
2025-11-13 12:50:59,167 [INFO] Checking trade setups at 2025-11-13 12:50:59
2025-11-13 12:50:59,167 [INFO] Applying EMA strategy to 5 stocks.
2025-11-13 12:51:13,495 [INFO] Checking trade setups at 2025-11-13 12:51:13
2025-11-13 12:51:13,496 [INFO] Applying EMA strategy to 5 stocks.
2025-11-13 12:51:27,398 [INFO] Checking trade setups at 2025-11-13 12:51:27
2025-11-13 12:51:27,398 [INFO] Applying EMA strategy to 5 stocks.
2025-11-13 12:51:41,419 [INFO] Checking trade setups at 2025-11-13 12:51:41
2025-11-13 12:51:41,419 [INFO] Applying EMA strategy to 5 stocks.
2025-11-13 12:51:55,649 [INFO] Checking trade setups at 2025-11-13 12:51:55
2025-11-13 12:51:55,649 [INFO] Applying EMA strategy to 5 stocks.
2025-11-13 12:52:10,094 [INFO] Checking trade setups at 2025-11-13 12:52:10
2025-11-13 12:52:10,094 [INFO] Applying EMA strategy to 5 stocks.
2025-11-13 12:52:24,431 [INFO] Checking trade setups at 2025-11-13 12:52:24
2025-11-13 12:52:24,431 [INFO] Applying EMA strategy to 5 stocks.
2025-11-13 12:52:37,854 [INFO] Checking trade setups at 2025-11-13 12:52:37
2025-11-13 12:52:37,854 [INFO] Applying EMA strategy to 5 stocks.
2025-11-13 12:52:52,272 [INFO] Checking trade setups at 2025-11-13 12:52:52
2025-11-13 12:52:52,272 [INFO] Applying EMA strategy to 5 stocks.
2025-11-13 12:53:07,339 [INFO] Checking trade setups at 2025-11-13 12:53:07
2025-11-13 12:53:07,339 [INFO] Applying EMA strategy to 5 stocks.
2025-11-13 12:53:21,104 [INFO] Checking trade setups at 2025-11-13 12:53:21
2025-11-13 12:53:21,104 [INFO] Applying EMA strategy to 5 stocks.
2025-11-13 12:53:35,191 [INFO] Checking trade setups at 2025-11-13 12:53:35
2025-11-13 12:53:35,193 [INFO] Applying EMA strategy to 5 stocks.
2025-11-13 12:53:49,418 [INFO] Checking trade setups at 2025-11-13 12:53:49
2025-11-13 12:53:49,418 [INFO] Applying EMA strategy to 5 stocks.
2025-11-13 12:54:05,815 [INFO] Checking trade setups at 2025-11-13 12:54:05
2025-11-13 12:54:05,815 [INFO] Applying EMA strategy to 5 stocks.
2025-11-13 12:54:19,947 [INFO] Checking trade setups at 2025-11-13 12:54:19
2025-11-13 12:54:19,948 [INFO] Applying EMA strategy to 5 stocks.
2025-11-13 12:54:33,874 [INFO] Checking trade setups at 2025-11-13 12:54:33
2025-11-13 12:54:33,874 [INFO] Applying EMA strategy to 5 stocks.
2025-11-13 12:54:47,595 [INFO] Checking trade setups at 2025-11-13 12:54:47
2025-11-13 12:54:47,595 [INFO] Applying EMA strategy to 5 stocks.
2025-11-13 12:55:01,847 [INFO] Checking trade setups at 2025-11-13 12:55:01
2025-11-13 12:55:01,849 [INFO] Applying EMA strategy to 5 stocks.
2025-11-13 12:55:15,741 [INFO] Checking trade setups at 2025-11-13 12:55:15
2025-11-13 12:55:15,741 [INFO] Applying EMA strategy to 5 stocks.
2025-11-13 12:55:30,285 [INFO] Checking trade setups at 2025-11-13 12:55:30
2025-11-13 12:55:30,285 [INFO] Applying EMA strategy to 5 stocks.
2025-11-13 12:55:44,537 [INFO] Checking trade setups at 2025-11-13 12:55:44
2025-11-13 12:55:44,537 [INFO] Applying EMA strategy to 5 stocks.
2025-11-13 12:55:58,991 [INFO] Checking trade setups at 2025-11-13 12:55:58
2025-11-13 12:55:58,991 [INFO] Applying EMA strategy to 5 stocks.
2025-11-13 12:56:12,689 [INFO] Checking trade setups at 2025-11-13 12:56:12
2025-11-13 12:56:12,689 [INFO] Applying EMA strategy to 5 stocks.
2025-11-13 12:56:27,525 [INFO] Checking trade setups at 2025-11-13 12:56:27
2025-11-13 12:56:27,525 [INFO] Applying EMA strategy to 5 stocks.
2025-11-13 12:56:41,566 [INFO] Checking trade setups at 2025-11-13 12:56:41
2025-11-13 12:56:41,566 [INFO] Applying EMA strategy to 5 stocks.
2025-11-13 12:56:55,514 [INFO] Checking trade setups at 2025-11-13 12:56:55
2025-11-13 12:56:55,514 [INFO] Applying EMA strategy to 5 stocks.
2025-11-13 12:57:08,704 [INFO] Checking trade setups at 2025-11-13 12:57:08
2025-11-13 12:57:08,704 [INFO] Applying EMA strategy to 5 stocks.
2025-11-13 12:57:23,147 [INFO] Checking trade setups at 2025-11-13 12:57:23
2025-11-13 12:57:23,147 [INFO] Applying EMA strategy to 5 stocks.
2025-11-13 12:57:37,601 [INFO] Checking trade setups at 2025-11-13 12:57:37
2025-11-13 12:57:37,601 [INFO] Applying EMA strategy to 5 stocks.
2025-11-13 12:57:53,037 [INFO] Checking trade setups at 2025-11-13 12:57:53
2025-11-13 12:57:53,037 [INFO] Applying EMA strategy to 5 stocks.
2025-11-13 12:58:08,098 [INFO] Checking trade setups at 2025-11-13 12:58:08
2025-11-13 12:58:08,098 [INFO] Applying EMA strategy to 5 stocks.
2025-11-13 12:58:21,619 [INFO] Checking trade setups at 2025-11-13 12:58:21
2025-11-13 12:58:21,619 [INFO] Applying EMA strategy to 5 stocks.
2025-11-13 12:58:36,353 [INFO] Checking trade setups at 2025-11-13 12:58:36
2025-11-13 12:58:36,353 [INFO] Applying EMA strategy to 5 stocks.
2025-11-13 12:58:53,046 [INFO] Checking trade setups at 2025-11-13 12:58:53
2025-11-13 12:58:53,046 [INFO] Applying EMA strategy to 5 stocks.
2025-11-13 12:59:07,076 [INFO] Checking trade setups at 2025-11-13 12:59:07
2025-11-13 12:59:07,076 [INFO] Applying EMA strategy to 5 stocks.
2025-11-13 12:59:23,066 [INFO] Checking trade setups at 2025-11-13 12:59:23
2025-11-13 12:59:23,066 [INFO] Applying EMA strategy to 5 stocks.
2025-11-13 12:59:37,180 [INFO] Checking trade setups at 2025-11-13 12:59:37
2025-11-13 12:59:37,180 [INFO] Applying EMA strategy to 5 stocks.
2025-11-13 12:59:51,139 [INFO] Checking trade setups at 2025-11-13 12:59:51
2025-11-13 12:59:51,139 [INFO] Applying EMA strategy to 5 stocks.
2025-11-13 13:00:05,033 [INFO] Checking trade setups at 2025-11-13 13:00:05
2025-11-13 13:00:05,033 [INFO] Applying EMA strategy to 5 stocks.
2025-11-13 13:00:19,231 [INFO] Checking trade setups at 2025-11-13 13:00:19
2025-11-13 13:00:19,231 [INFO] Applying EMA strategy to 5 stocks.
2025-11-13 13:00:34,643 [INFO] Checking trade setups at 2025-11-13 13:00:34
2025-11-13 13:00:34,643 [INFO] Applying EMA strategy to 5 stocks.
2025-11-13 13:00:48,666 [INFO] Checking trade setups at 2025-11-13 13:00:48
2025-11-13 13:00:48,666 [INFO] Applying EMA strategy to 5 stocks.
2025-11-13 13:01:03,123 [INFO] Checking trade setups at 2025-11-13 13:01:03
2025-11-13 13:01:03,123 [INFO] Applying EMA strategy to 5 stocks.
2025-11-13 13:01:17,227 [INFO] Checking trade setups at 2025-11-13 13:01:17
2025-11-13 13:01:17,229 [INFO] Applying EMA strategy to 5 stocks.
2025-11-13 13:01:33,926 [INFO] Checking trade setups at 2025-11-13 13:01:33
2025-11-13 13:01:33,926 [INFO] Applying EMA strategy to 5 stocks.
2025-11-13 13:01:47,147 [INFO] Checking trade setups at 2025-11-13 13:01:47
2025-11-13 13:01:47,147 [INFO] Applying EMA strategy to 5 stocks.
2025-11-13 13:02:00,756 [INFO] Checking trade setups at 2025-11-13 13:02:00
2025-11-13 13:02:00,756 [INFO] Applying EMA strategy to 5 stocks.
2025-11-13 13:02:15,293 [INFO] Checking trade setups at 2025-11-13 13:02:15
2025-11-13 13:02:15,293 [INFO] Applying EMA strategy to 5 stocks.
2025-11-13 13:02:28,820 [INFO] Checking trade setups at 2025-11-13 13:02:28
2025-11-13 13:02:28,820 [INFO] Applying EMA strategy to 5 stocks.
2025-11-13 13:02:42,872 [INFO] Checking trade setups at 2025-11-13 13:02:42
2025-11-13 13:02:42,872 [INFO] Applying EMA strategy to 5 stocks.
2025-11-13 13:02:56,770 [INFO] Checking trade setups at 2025-11-13 13:02:56
2025-11-13 13:02:56,770 [INFO] Applying EMA strategy to 5 stocks.
2025-11-13 13:03:11,125 [INFO] Checking trade setups at 2025-11-13 13:03:11
2025-11-13 13:03:11,125 [INFO] Applying EMA strategy to 5 stocks.
2025-11-13 13:03:25,029 [INFO] Checking trade setups at 2025-11-13 13:03:25
2025-11-13 13:03:25,029 [INFO] Applying EMA strategy to 5 stocks.
2025-11-13 13:03:39,681 [INFO] Checking trade setups at 2025-11-13 13:03:39
2025-11-13 13:03:39,681 [INFO] Applying EMA strategy to 5 stocks.
2025-11-13 13:03:54,322 [INFO] Checking trade setups at 2025-11-13 13:03:54
2025-11-13 13:03:54,322 [INFO] Applying EMA strategy to 5 stocks.
2025-11-13 13:04:08,250 [INFO] Checking trade setups at 2025-11-13 13:04:08
2025-11-13 13:04:08,250 [INFO] Applying EMA strategy to 5 stocks.
2025-11-13 13:04:22,500 [INFO] Checking trade setups at 2025-11-13 13:04:22
2025-11-13 13:04:22,500 [INFO] Applying EMA strategy to 5 stocks.
2025-11-13 13:04:36,423 [INFO] Checking trade setups at 2025-11-13 13:04:36
2025-11-13 13:04:36,423 [INFO] Applying EMA strategy to 5 stocks.
2025-11-13 13:04:50,342 [INFO] Checking trade setups at 2025-11-13 13:04:50
2025-11-13 13:04:50,342 [INFO] Applying EMA strategy to 5 stocks.
2025-11-13 13:05:03,964 [INFO] Checking trade setups at 2025-11-13 13:05:03
2025-11-13 13:05:03,964 [INFO] Applying EMA strategy to 5 stocks.
2025-11-13 13:05:17,674 [INFO] Checking trade setups at 2025-11-13 13:05:17
2025-11-13 13:05:17,674 [INFO] Applying EMA strategy to 5 stocks.
2025-11-13 13:05:33,682 [INFO] Checking trade setups at 2025-11-13 13:05:33
2025-11-13 13:05:33,684 [INFO] Applying EMA strategy to 5 stocks.
2025-11-13 13:05:35,417 [INFO] Executing trade for NSE:ASIANPAINT-EQ: {'timestamp': '2025-11-13 13:05', 'action': 'SELL', 'entry_price': 2875, 'stop_loss': 2884, 'target': 2848}
2025-11-13 13:05:35,417 [INFO] after SL after filtering the final SL:9, final_target:2848, qty:11
2025-11-13 13:05:35,434 [INFO] Max trades reached. Skipping new orders.
2025-11-13 13:05:47,577 [INFO] Checking trade setups at 2025-11-13 13:05:47
2025-11-13 13:05:47,577 [INFO] Applying EMA strategy to 5 stocks.
2025-11-13 13:06:02,367 [INFO] Checking trade setups at 2025-11-13 13:06:02
2025-11-13 13:06:02,368 [INFO] Applying EMA strategy to 5 stocks.
2025-11-13 13:06:16,556 [INFO] Checking trade setups at 2025-11-13 13:06:16
2025-11-13 13:06:16,556 [INFO] Applying EMA strategy to 5 stocks.
2025-11-13 13:06:30,648 [INFO] Checking trade setups at 2025-11-13 13:06:30
2025-11-13 13:06:30,648 [INFO] Applying EMA strategy to 5 stocks.
2025-11-13 13:06:44,613 [INFO] Checking trade setups at 2025-11-13 13:06:44
2025-11-13 13:06:44,613 [INFO] Applying EMA strategy to 5 stocks.
2025-11-13 13:06:58,240 [INFO] Checking trade setups at 2025-11-13 13:06:58
2025-11-13 13:06:58,240 [INFO] Applying EMA strategy to 5 stocks.
2025-11-13 13:07:11,769 [INFO] Checking trade setups at 2025-11-13 13:07:11
2025-11-13 13:07:11,769 [INFO] Applying EMA strategy to 5 stocks.
2025-11-13 13:07:25,691 [INFO] Checking trade setups at 2025-11-13 13:07:25
2025-11-13 13:07:25,691 [INFO] Applying EMA strategy to 5 stocks.
2025-11-13 13:07:40,224 [INFO] Checking trade setups at 2025-11-13 13:07:40
2025-11-13 13:07:40,224 [INFO] Applying EMA strategy to 5 stocks.
2025-11-13 13:07:55,553 [INFO] Checking trade setups at 2025-11-13 13:07:55
2025-11-13 13:07:55,553 [INFO] Applying EMA strategy to 5 stocks.
2025-11-13 13:08:09,315 [INFO] Checking trade setups at 2025-11-13 13:08:09
2025-11-13 13:08:09,315 [INFO] Applying EMA strategy to 5 stocks.
2025-11-13 13:08:23,747 [INFO] Checking trade setups at 2025-11-13 13:08:23
2025-11-13 13:08:23,747 [INFO] Applying EMA strategy to 5 stocks.
2025-11-13 13:08:37,264 [INFO] Checking trade setups at 2025-11-13 13:08:37
2025-11-13 13:08:37,265 [INFO] Applying EMA strategy to 5 stocks.
2025-11-13 13:08:52,081 [INFO] Checking trade setups at 2025-11-13 13:08:52
2025-11-13 13:08:52,081 [INFO] Applying EMA strategy to 5 stocks.
2025-11-13 13:09:05,859 [INFO] Checking trade setups at 2025-11-13 13:09:05
2025-11-13 13:09:05,859 [INFO] Applying EMA strategy to 5 stocks.
2025-11-13 13:09:19,896 [INFO] Checking trade setups at 2025-11-13 13:09:19
2025-11-13 13:09:19,896 [INFO] Applying EMA strategy to 5 stocks.
2025-11-13 13:09:35,935 [INFO] Checking trade setups at 2025-11-13 13:09:35
2025-11-13 13:09:35,935 [INFO] Applying EMA strategy to 5 stocks.
2025-11-13 13:09:50,169 [INFO] Checking trade setups at 2025-11-13 13:09:50
2025-11-13 13:09:50,169 [INFO] Applying EMA strategy to 5 stocks.
2025-11-13 13:10:04,710 [INFO] Checking trade setups at 2025-11-13 13:10:04
2025-11-13 13:10:04,710 [INFO] Applying EMA strategy to 5 stocks.
2025-11-13 13:10:18,847 [INFO] Checking trade setups at 2025-11-13 13:10:18
2025-11-13 13:10:18,847 [INFO] Applying EMA strategy to 5 stocks.
2025-11-13 13:10:32,774 [INFO] Checking trade setups at 2025-11-13 13:10:32
2025-11-13 13:10:32,774 [INFO] Applying EMA strategy to 5 stocks.
2025-11-13 13:10:47,010 [INFO] Checking trade setups at 2025-11-13 13:10:47
2025-11-13 13:10:47,010 [INFO] Applying EMA strategy to 5 stocks.
2025-11-13 13:11:01,982 [INFO] Checking trade setups at 2025-11-13 13:11:01
2025-11-13 13:11:01,983 [INFO] Applying EMA strategy to 5 stocks.
2025-11-13 13:11:15,671 [INFO] Checking trade setups at 2025-11-13 13:11:15
2025-11-13 13:11:15,671 [INFO] Applying EMA strategy to 5 stocks.
2025-11-13 13:11:29,511 [INFO] Checking trade setups at 2025-11-13 13:11:29
2025-11-13 13:11:29,511 [INFO] Applying EMA strategy to 5 stocks.
2025-11-13 13:11:42,929 [INFO] Checking trade setups at 2025-11-13 13:11:42
2025-11-13 13:11:42,929 [INFO] Applying EMA strategy to 5 stocks.
2025-11-13 13:11:57,212 [INFO] Checking trade setups at 2025-11-13 13:11:57
2025-11-13 13:11:57,212 [INFO] Applying EMA strategy to 5 stocks.
2025-11-13 13:12:10,462 [INFO] Checking trade setups at 2025-11-13 13:12:10
2025-11-13 13:12:10,462 [INFO] Applying EMA strategy to 5 stocks.
2025-11-13 13:12:24,286 [INFO] Checking trade setups at 2025-11-13 13:12:24
2025-11-13 13:12:24,287 [INFO] Applying EMA strategy to 5 stocks.
2025-11-13 13:12:38,031 [INFO] Checking trade setups at 2025-11-13 13:12:38
2025-11-13 13:12:38,031 [INFO] Applying EMA strategy to 5 stocks.
2025-11-13 13:12:51,731 [INFO] Checking trade setups at 2025-11-13 13:12:51
2025-11-13 13:12:51,731 [INFO] Applying EMA strategy to 5 stocks.
2025-11-13 13:13:06,782 [INFO] Checking trade setups at 2025-11-13 13:13:06
2025-11-13 13:13:06,782 [INFO] Applying EMA strategy to 5 stocks.
2025-11-13 13:13:20,521 [INFO] Checking trade setups at 2025-11-13 13:13:20
2025-11-13 13:13:20,521 [INFO] Applying EMA strategy to 5 stocks.
2025-11-13 13:13:34,845 [INFO] Checking trade setups at 2025-11-13 13:13:34
2025-11-13 13:13:34,845 [INFO] Applying EMA strategy to 5 stocks.
2025-11-13 13:13:48,799 [INFO] Checking trade setups at 2025-11-13 13:13:48
2025-11-13 13:13:48,799 [INFO] Applying EMA strategy to 5 stocks.
2025-11-13 13:14:02,498 [INFO] Checking trade setups at 2025-11-13 13:14:02
2025-11-13 13:14:02,498 [INFO] Applying EMA strategy to 5 stocks.
2025-11-13 13:14:15,801 [INFO] Checking trade setups at 2025-11-13 13:14:15
2025-11-13 13:14:15,801 [INFO] Applying EMA strategy to 5 stocks.
2025-11-13 13:14:29,661 [INFO] Checking trade setups at 2025-11-13 13:14:29
2025-11-13 13:14:29,661 [INFO] Applying EMA strategy to 5 stocks.
2025-11-13 13:14:43,565 [INFO] Checking trade setups at 2025-11-13 13:14:43
2025-11-13 13:14:43,565 [INFO] Applying EMA strategy to 5 stocks.
2025-11-13 13:14:58,102 [INFO] Checking trade setups at 2025-11-13 13:14:58
2025-11-13 13:14:58,102 [INFO] Applying EMA strategy to 5 stocks.
2025-11-13 13:15:13,470 [INFO] Checking trade setups at 2025-11-13 13:15:13
2025-11-13 13:15:13,470 [INFO] Applying EMA strategy to 5 stocks.
2025-11-13 13:15:27,390 [INFO] Checking trade setups at 2025-11-13 13:15:27
2025-11-13 13:15:27,390 [INFO] Applying EMA strategy to 5 stocks.
2025-11-13 13:15:43,165 [INFO] Checking trade setups at 2025-11-13 13:15:43
2025-11-13 13:15:43,165 [INFO] Applying EMA strategy to 5 stocks.
2025-11-13 13:15:56,673 [INFO] Checking trade setups at 2025-11-13 13:15:56
2025-11-13 13:15:56,673 [INFO] Applying EMA strategy to 5 stocks.
2025-11-13 13:16:12,033 [INFO] Checking trade setups at 2025-11-13 13:16:12
2025-11-13 13:16:12,033 [INFO] Applying EMA strategy to 5 stocks.
2025-11-13 13:16:25,666 [INFO] Checking trade setups at 2025-11-13 13:16:25
2025-11-13 13:16:25,666 [INFO] Applying EMA strategy to 5 stocks.
2025-11-13 13:16:40,802 [INFO] Checking trade setups at 2025-11-13 13:16:40
2025-11-13 13:16:40,803 [INFO] Applying EMA strategy to 5 stocks.
2025-11-13 13:16:55,757 [INFO] Checking trade setups at 2025-11-13 13:16:55
2025-11-13 13:16:55,757 [INFO] Applying EMA strategy to 5 stocks.
2025-11-13 13:17:09,896 [INFO] Checking trade setups at 2025-11-13 13:17:09
2025-11-13 13:17:09,896 [INFO] Applying EMA strategy to 5 stocks.
2025-11-13 13:17:25,721 [INFO] Checking trade setups at 2025-11-13 13:17:25
2025-11-13 13:17:25,721 [INFO] Applying EMA strategy to 5 stocks.
2025-11-13 13:17:39,690 [INFO] Checking trade setups at 2025-11-13 13:17:39
2025-11-13 13:17:39,690 [INFO] Applying EMA strategy to 5 stocks.
2025-11-13 13:17:43,546 [INFO] Executing trade for NSE:ELGIEQUIP-EQ: {'timestamp': '2025-11-13 13:15', 'action': 'SELL', 'entry_price': 504.85, 'stop_loss': 506.5, 'target': 499.9000000000001}
2025-11-13 13:17:43,548 [INFO] after SL after filtering the final SL:1.65, final_target:499.9, qty:60
2025-11-13 13:17:43,563 [INFO] Max trades reached. Skipping new orders.
2025-11-13 13:17:53,569 [INFO] Checking trade setups at 2025-11-13 13:17:53
2025-11-13 13:17:53,569 [INFO] Applying EMA strategy to 5 stocks.
2025-11-13 13:18:08,383 [INFO] Checking trade setups at 2025-11-13 13:18:08
2025-11-13 13:18:08,383 [INFO] Applying EMA strategy to 5 stocks.
2025-11-13 13:18:22,003 [INFO] Checking trade setups at 2025-11-13 13:18:22
2025-11-13 13:18:22,003 [INFO] Applying EMA strategy to 5 stocks.
2025-11-13 13:18:37,395 [INFO] Checking trade setups at 2025-11-13 13:18:37
2025-11-13 13:18:37,398 [INFO] Applying EMA strategy to 5 stocks.
2025-11-13 13:18:51,296 [INFO] Checking trade setups at 2025-11-13 13:18:51
2025-11-13 13:18:51,297 [INFO] Applying EMA strategy to 5 stocks.
2025-11-13 13:19:06,634 [INFO] Checking trade setups at 2025-11-13 13:19:06
2025-11-13 13:19:06,634 [INFO] Applying EMA strategy to 5 stocks.
2025-11-13 13:19:20,172 [INFO] Checking trade setups at 2025-11-13 13:19:20
2025-11-13 13:19:20,172 [INFO] Applying EMA strategy to 5 stocks.
2025-11-13 13:19:34,255 [INFO] Checking trade setups at 2025-11-13 13:19:34
2025-11-13 13:19:34,255 [INFO] Applying EMA strategy to 5 stocks.
2025-11-13 13:19:48,209 [INFO] Checking trade setups at 2025-11-13 13:19:48
2025-11-13 13:19:48,210 [INFO] Applying EMA strategy to 5 stocks.
2025-11-13 13:20:03,461 [INFO] Checking trade setups at 2025-11-13 13:20:03
2025-11-13 13:20:03,461 [INFO] Applying EMA strategy to 5 stocks.
2025-11-13 13:20:17,815 [INFO] Checking trade setups at 2025-11-13 13:20:17
2025-11-13 13:20:17,815 [INFO] Applying EMA strategy to 5 stocks.
2025-11-13 13:20:31,535 [INFO] Checking trade setups at 2025-11-13 13:20:31
2025-11-13 13:20:31,535 [INFO] Applying EMA strategy to 5 stocks.
2025-11-13 13:20:46,995 [INFO] Checking trade setups at 2025-11-13 13:20:46
2025-11-13 13:20:46,995 [INFO] Applying EMA strategy to 5 stocks.
2025-11-13 13:21:00,299 [INFO] Checking trade setups at 2025-11-13 13:21:00
2025-11-13 13:21:00,299 [INFO] Applying EMA strategy to 5 stocks.
2025-11-13 13:21:13,839 [INFO] Checking trade setups at 2025-11-13 13:21:13
2025-11-13 13:21:13,841 [INFO] Applying EMA strategy to 5 stocks.
2025-11-13 13:21:27,848 [INFO] Checking trade setups at 2025-11-13 13:21:27
2025-11-13 13:21:27,848 [INFO] Applying EMA strategy to 5 stocks.
2025-11-13 13:21:42,825 [INFO] Checking trade setups at 2025-11-13 13:21:42
2025-11-13 13:21:42,825 [INFO] Applying EMA strategy to 5 stocks.
2025-11-13 13:21:57,540 [INFO] Checking trade setups at 2025-11-13 13:21:57
2025-11-13 13:21:57,540 [INFO] Applying EMA strategy to 5 stocks.
2025-11-13 13:22:12,587 [INFO] Checking trade setups at 2025-11-13 13:22:12
2025-11-13 13:22:12,588 [INFO] Applying EMA strategy to 5 stocks.
2025-11-13 13:22:27,665 [INFO] Checking trade setups at 2025-11-13 13:22:27
2025-11-13 13:22:27,665 [INFO] Applying EMA strategy to 5 stocks.
2025-11-13 13:22:41,775 [INFO] Checking trade setups at 2025-11-13 13:22:41
2025-11-13 13:22:41,776 [INFO] Applying EMA strategy to 5 stocks.
2025-11-13 13:22:56,836 [INFO] Checking trade setups at 2025-11-13 13:22:56
2025-11-13 13:22:56,836 [INFO] Applying EMA strategy to 5 stocks.
2025-11-13 13:23:10,658 [INFO] Checking trade setups at 2025-11-13 13:23:10
2025-11-13 13:23:10,658 [INFO] Applying EMA strategy to 5 stocks.
2025-11-13 13:23:12,158 [INFO] Executing trade for NSE:ASIANPAINT-EQ: {'timestamp': '2025-11-13 13:20', 'action': 'SELL', 'entry_price': 2875.5, 'stop_loss': 2877.7, 'target': 2868.9000000000005}
2025-11-13 13:23:12,158 [INFO] after SL after filtering the final SL:2.2, final_target:2868.9, qty:45
2025-11-13 13:23:12,174 [INFO] Max trades reached. Skipping new orders.
2025-11-13 13:23:25,035 [INFO] Checking trade setups at 2025-11-13 13:23:25
2025-11-13 13:23:25,035 [INFO] Applying EMA strategy to 5 stocks.
2025-11-13 13:23:38,822 [INFO] Checking trade setups at 2025-11-13 13:23:38
2025-11-13 13:23:38,822 [INFO] Applying EMA strategy to 5 stocks.
2025-11-13 13:23:52,847 [INFO] Checking trade setups at 2025-11-13 13:23:52
2025-11-13 13:23:52,847 [INFO] Applying EMA strategy to 5 stocks.
2025-11-13 13:24:06,166 [INFO] Checking trade setups at 2025-11-13 13:24:06
2025-11-13 13:24:06,166 [INFO] Applying EMA strategy to 5 stocks.
2025-11-13 13:24:21,574 [INFO] Checking trade setups at 2025-11-13 13:24:21
2025-11-13 13:24:21,574 [INFO] Applying EMA strategy to 5 stocks.
2025-11-13 13:24:35,248 [INFO] Checking trade setups at 2025-11-13 13:24:35
2025-11-13 13:24:35,248 [INFO] Applying EMA strategy to 5 stocks.
2025-11-13 13:24:49,057 [INFO] Checking trade setups at 2025-11-13 13:24:49
2025-11-13 13:24:49,057 [INFO] Applying EMA strategy to 5 stocks.
2025-11-13 13:25:02,994 [INFO] Checking trade setups at 2025-11-13 13:25:02
2025-11-13 13:25:02,994 [INFO] Applying EMA strategy to 5 stocks.
2025-11-13 13:25:17,679 [INFO] Checking trade setups at 2025-11-13 13:25:17
2025-11-13 13:25:17,681 [INFO] Applying EMA strategy to 5 stocks.
2025-11-13 13:25:31,255 [INFO] Checking trade setups at 2025-11-13 13:25:31
2025-11-13 13:25:31,255 [INFO] Applying EMA strategy to 5 stocks.
2025-11-13 13:25:45,084 [INFO] Checking trade setups at 2025-11-13 13:25:45
2025-11-13 13:25:45,084 [INFO] Applying EMA strategy to 5 stocks.
2025-11-13 13:25:59,430 [INFO] Checking trade setups at 2025-11-13 13:25:59
2025-11-13 13:25:59,430 [INFO] Applying EMA strategy to 5 stocks.
2025-11-13 13:26:13,352 [INFO] Checking trade setups at 2025-11-13 13:26:13
2025-11-13 13:26:13,354 [INFO] Applying EMA strategy to 5 stocks.
2025-11-13 13:26:26,757 [INFO] Checking trade setups at 2025-11-13 13:26:26
2025-11-13 13:26:26,757 [INFO] Applying EMA strategy to 5 stocks.
2025-11-13 13:26:40,599 [INFO] Checking trade setups at 2025-11-13 13:26:40
2025-11-13 13:26:40,600 [INFO] Applying EMA strategy to 5 stocks.
2025-11-13 13:26:54,505 [INFO] Checking trade setups at 2025-11-13 13:26:54
2025-11-13 13:26:54,507 [INFO] Applying EMA strategy to 5 stocks.
2025-11-13 13:27:08,700 [INFO] Checking trade setups at 2025-11-13 13:27:08
2025-11-13 13:27:08,701 [INFO] Applying EMA strategy to 5 stocks.
2025-11-13 13:27:22,672 [INFO] Checking trade setups at 2025-11-13 13:27:22
2025-11-13 13:27:22,672 [INFO] Applying EMA strategy to 5 stocks.
2025-11-13 13:27:36,860 [INFO] Checking trade setups at 2025-11-13 13:27:36
2025-11-13 13:27:36,860 [INFO] Applying EMA strategy to 5 stocks.
2025-11-13 13:27:50,321 [INFO] Checking trade setups at 2025-11-13 13:27:50
2025-11-13 13:27:50,321 [INFO] Applying EMA strategy to 5 stocks.
2025-11-13 13:28:04,656 [INFO] Checking trade setups at 2025-11-13 13:28:04
2025-11-13 13:28:04,656 [INFO] Applying EMA strategy to 5 stocks.
2025-11-13 13:28:18,803 [INFO] Checking trade setups at 2025-11-13 13:28:18
2025-11-13 13:28:18,803 [INFO] Applying EMA strategy to 5 stocks.
2025-11-13 13:28:34,701 [INFO] Checking trade setups at 2025-11-13 13:28:34
2025-11-13 13:28:34,701 [INFO] Applying EMA strategy to 5 stocks.
2025-11-13 13:28:48,601 [INFO] Checking trade setups at 2025-11-13 13:28:48
2025-11-13 13:28:48,601 [INFO] Applying EMA strategy to 5 stocks.
2025-11-13 13:29:03,356 [INFO] Checking trade setups at 2025-11-13 13:29:03
2025-11-13 13:29:03,356 [INFO] Applying EMA strategy to 5 stocks.
2025-11-13 13:29:18,816 [INFO] Checking trade setups at 2025-11-13 13:29:18
2025-11-13 13:29:18,816 [INFO] Applying EMA strategy to 5 stocks.
2025-11-13 13:29:33,227 [INFO] Checking trade setups at 2025-11-13 13:29:33
2025-11-13 13:29:33,227 [INFO] Applying EMA strategy to 5 stocks.
2025-11-13 13:29:49,237 [INFO] Checking trade setups at 2025-11-13 13:29:49
2025-11-13 13:29:49,237 [INFO] Applying EMA strategy to 5 stocks.
2025-11-13 13:30:04,181 [INFO] Checking trade setups at 2025-11-13 13:30:04
2025-11-13 13:30:04,181 [INFO] Applying EMA strategy to 5 stocks.
2025-11-13 13:30:18,248 [INFO] Checking trade setups at 2025-11-13 13:30:18
2025-11-13 13:30:18,248 [INFO] Applying EMA strategy to 5 stocks.
2025-11-13 13:30:32,223 [INFO] Checking trade setups at 2025-11-13 13:30:32
2025-11-13 13:30:32,223 [INFO] Applying EMA strategy to 5 stocks.
2025-11-13 13:30:47,184 [INFO] Checking trade setups at 2025-11-13 13:30:47
2025-11-13 13:30:47,185 [INFO] Applying EMA strategy to 5 stocks.
2025-11-13 13:31:00,790 [INFO] Checking trade setups at 2025-11-13 13:31:00
2025-11-13 13:31:00,790 [INFO] Applying EMA strategy to 5 stocks.
2025-11-13 13:31:16,273 [INFO] Checking trade setups at 2025-11-13 13:31:16
2025-11-13 13:31:16,273 [INFO] Applying EMA strategy to 5 stocks.
2025-11-13 13:31:32,545 [INFO] Checking trade setups at 2025-11-13 13:31:32
2025-11-13 13:31:32,546 [INFO] Applying EMA strategy to 5 stocks.
2025-11-13 13:31:48,214 [INFO] Checking trade setups at 2025-11-13 13:31:48
2025-11-13 13:31:48,214 [INFO] Applying EMA strategy to 5 stocks.
2025-11-13 13:32:02,766 [INFO] Checking trade setups at 2025-11-13 13:32:02
2025-11-13 13:32:02,766 [INFO] Applying EMA strategy to 5 stocks.
2025-11-13 13:32:16,781 [INFO] Checking trade setups at 2025-11-13 13:32:16
2025-11-13 13:32:16,781 [INFO] Applying EMA strategy to 5 stocks.
2025-11-13 13:32:30,504 [INFO] Checking trade setups at 2025-11-13 13:32:30
2025-11-13 13:32:30,504 [INFO] Applying EMA strategy to 5 stocks.
2025-11-13 13:32:45,354 [INFO] Checking trade setups at 2025-11-13 13:32:45
2025-11-13 13:32:45,354 [INFO] Applying EMA strategy to 5 stocks.
2025-11-13 13:32:59,591 [INFO] Checking trade setups at 2025-11-13 13:32:59
2025-11-13 13:32:59,595 [INFO] Applying EMA strategy to 5 stocks.
2025-11-13 13:33:14,138 [INFO] Checking trade setups at 2025-11-13 13:33:14
2025-11-13 13:33:14,138 [INFO] Applying EMA strategy to 5 stocks.
2025-11-13 13:33:28,984 [INFO] Checking trade setups at 2025-11-13 13:33:28
2025-11-13 13:33:28,984 [INFO] Applying EMA strategy to 5 stocks.
2025-11-13 13:33:43,109 [INFO] Checking trade setups at 2025-11-13 13:33:43
2025-11-13 13:33:43,109 [INFO] Applying EMA strategy to 5 stocks.
2025-11-13 13:33:56,829 [INFO] Checking trade setups at 2025-11-13 13:33:56
2025-11-13 13:33:56,829 [INFO] Applying EMA strategy to 5 stocks.
2025-11-13 13:34:11,060 [INFO] Checking trade setups at 2025-11-13 13:34:11
2025-11-13 13:34:11,060 [INFO] Applying EMA strategy to 5 stocks.
2025-11-13 13:34:24,692 [INFO] Checking trade setups at 2025-11-13 13:34:24
2025-11-13 13:34:24,693 [INFO] Applying EMA strategy to 5 stocks.
2025-11-13 13:34:39,526 [INFO] Checking trade setups at 2025-11-13 13:34:39
2025-11-13 13:34:39,527 [INFO] Applying EMA strategy to 5 stocks.
2025-11-13 13:34:53,325 [INFO] Checking trade setups at 2025-11-13 13:34:53
2025-11-13 13:34:53,327 [INFO] Applying EMA strategy to 5 stocks.
2025-11-13 13:35:09,120 [INFO] Checking trade setups at 2025-11-13 13:35:09
2025-11-13 13:35:09,121 [INFO] Applying EMA strategy to 5 stocks.
2025-11-13 13:35:22,717 [INFO] Checking trade setups at 2025-11-13 13:35:22
2025-11-13 13:35:22,717 [INFO] Applying EMA strategy to 5 stocks.
2025-11-13 13:35:38,406 [INFO] Checking trade setups at 2025-11-13 13:35:38
2025-11-13 13:35:38,406 [INFO] Applying EMA strategy to 5 stocks.
2025-11-13 13:35:53,462 [INFO] Checking trade setups at 2025-11-13 13:35:53
2025-11-13 13:35:53,463 [INFO] Applying EMA strategy to 5 stocks.
2025-11-13 13:36:07,505 [INFO] Checking trade setups at 2025-11-13 13:36:07
2025-11-13 13:36:07,505 [INFO] Applying EMA strategy to 5 stocks.
2025-11-13 13:36:21,636 [INFO] Checking trade setups at 2025-11-13 13:36:21
2025-11-13 13:36:21,636 [INFO] Applying EMA strategy to 5 stocks.
2025-11-13 13:36:35,038 [INFO] Checking trade setups at 2025-11-13 13:36:35
2025-11-13 13:36:35,038 [INFO] Applying EMA strategy to 5 stocks.
2025-11-13 13:36:49,085 [INFO] Checking trade setups at 2025-11-13 13:36:49
2025-11-13 13:36:49,085 [INFO] Applying EMA strategy to 5 stocks.
2025-11-13 13:37:03,003 [INFO] Checking trade setups at 2025-11-13 13:37:03
2025-11-13 13:37:03,003 [INFO] Applying EMA strategy to 5 stocks.
2025-11-13 13:37:17,236 [INFO] Checking trade setups at 2025-11-13 13:37:17
2025-11-13 13:37:17,236 [INFO] Applying EMA strategy to 5 stocks.
2025-11-13 13:37:32,999 [INFO] Checking trade setups at 2025-11-13 13:37:32
2025-11-13 13:37:32,999 [INFO] Applying EMA strategy to 5 stocks.
2025-11-13 13:37:47,545 [INFO] Checking trade setups at 2025-11-13 13:37:47
2025-11-13 13:37:47,545 [INFO] Applying EMA strategy to 5 stocks.
2025-11-13 13:38:02,077 [INFO] Checking trade setups at 2025-11-13 13:38:02
2025-11-13 13:38:02,077 [INFO] Applying EMA strategy to 5 stocks.
2025-11-13 13:38:16,305 [INFO] Checking trade setups at 2025-11-13 13:38:16
2025-11-13 13:38:16,305 [INFO] Applying EMA strategy to 5 stocks.
2025-11-13 13:38:30,245 [INFO] Checking trade setups at 2025-11-13 13:38:30
2025-11-13 13:38:30,245 [INFO] Applying EMA strategy to 5 stocks.
2025-11-13 13:38:43,450 [INFO] Checking trade setups at 2025-11-13 13:38:43
2025-11-13 13:38:43,450 [INFO] Applying EMA strategy to 5 stocks.
2025-11-13 13:38:57,786 [INFO] Checking trade setups at 2025-11-13 13:38:57
2025-11-13 13:38:57,786 [INFO] Applying EMA strategy to 5 stocks.
2025-11-13 13:39:11,618 [INFO] Checking trade setups at 2025-11-13 13:39:11
2025-11-13 13:39:11,618 [INFO] Applying EMA strategy to 5 stocks.
2025-11-13 13:39:25,472 [INFO] Checking trade setups at 2025-11-13 13:39:25
2025-11-13 13:39:25,472 [INFO] Applying EMA strategy to 5 stocks.
2025-11-13 13:39:39,263 [INFO] Checking trade setups at 2025-11-13 13:39:39
2025-11-13 13:39:39,263 [INFO] Applying EMA strategy to 5 stocks.
2025-11-13 13:39:53,197 [INFO] Checking trade setups at 2025-11-13 13:39:53
2025-11-13 13:39:53,197 [INFO] Applying EMA strategy to 5 stocks.
2025-11-13 13:40:06,601 [INFO] Checking trade setups at 2025-11-13 13:40:06
2025-11-13 13:40:06,602 [INFO] Applying EMA strategy to 5 stocks.
2025-11-13 13:40:23,103 [INFO] Checking trade setups at 2025-11-13 13:40:23
2025-11-13 13:40:23,103 [INFO] Applying EMA strategy to 5 stocks.
2025-11-13 13:40:36,608 [INFO] Checking trade setups at 2025-11-13 13:40:36
2025-11-13 13:40:36,608 [INFO] Applying EMA strategy to 5 stocks.
2025-11-13 13:40:51,656 [INFO] Checking trade setups at 2025-11-13 13:40:51
2025-11-13 13:40:51,657 [INFO] Applying EMA strategy to 5 stocks.
2025-11-13 13:41:05,103 [INFO] Checking trade setups at 2025-11-13 13:41:05
2025-11-13 13:41:05,103 [INFO] Applying EMA strategy to 5 stocks.
2025-11-13 13:41:18,448 [INFO] Checking trade setups at 2025-11-13 13:41:18
2025-11-13 13:41:18,450 [INFO] Applying EMA strategy to 5 stocks.
2025-11-13 13:41:32,212 [INFO] Checking trade setups at 2025-11-13 13:41:32
2025-11-13 13:41:32,212 [INFO] Applying EMA strategy to 5 stocks.
2025-11-13 13:41:46,705 [INFO] Checking trade setups at 2025-11-13 13:41:46
2025-11-13 13:41:46,705 [INFO] Applying EMA strategy to 5 stocks.
2025-11-13 13:42:00,168 [INFO] Checking trade setups at 2025-11-13 13:42:00
2025-11-13 13:42:00,168 [INFO] Applying EMA strategy to 5 stocks.
2025-11-13 13:42:13,937 [INFO] Checking trade setups at 2025-11-13 13:42:13
2025-11-13 13:42:13,937 [INFO] Applying EMA strategy to 5 stocks.
2025-11-13 13:42:28,344 [INFO] Checking trade setups at 2025-11-13 13:42:28
2025-11-13 13:42:28,344 [INFO] Applying EMA strategy to 5 stocks.
2025-11-13 13:42:42,372 [INFO] Checking trade setups at 2025-11-13 13:42:42
2025-11-13 13:42:42,372 [INFO] Applying EMA strategy to 5 stocks.
2025-11-13 13:42:56,184 [INFO] Checking trade setups at 2025-11-13 13:42:56
2025-11-13 13:42:56,184 [INFO] Applying EMA strategy to 5 stocks.
2025-11-13 13:43:10,948 [INFO] Checking trade setups at 2025-11-13 13:43:10
2025-11-13 13:43:10,948 [INFO] Applying EMA strategy to 5 stocks.
2025-11-13 13:43:24,144 [INFO] Checking trade setups at 2025-11-13 13:43:24
2025-11-13 13:43:24,144 [INFO] Applying EMA strategy to 5 stocks.
2025-11-13 13:43:38,493 [INFO] Checking trade setups at 2025-11-13 13:43:38
2025-11-13 13:43:38,493 [INFO] Applying EMA strategy to 5 stocks.
2025-11-13 13:43:51,885 [INFO] Checking trade setups at 2025-11-13 13:43:51
2025-11-13 13:43:51,885 [INFO] Applying EMA strategy to 5 stocks.
2025-11-13 13:44:06,452 [INFO] Checking trade setups at 2025-11-13 13:44:06
2025-11-13 13:44:06,452 [INFO] Applying EMA strategy to 5 stocks.
2025-11-13 13:44:20,569 [INFO] Checking trade setups at 2025-11-13 13:44:20
2025-11-13 13:44:20,569 [INFO] Applying EMA strategy to 5 stocks.
2025-11-13 13:44:34,498 [INFO] Checking trade setups at 2025-11-13 13:44:34
2025-11-13 13:44:34,499 [INFO] Applying EMA strategy to 5 stocks.
2025-11-13 13:44:49,144 [INFO] Checking trade setups at 2025-11-13 13:44:49
2025-11-13 13:44:49,144 [INFO] Applying EMA strategy to 5 stocks.
2025-11-13 13:45:03,377 [INFO] Checking trade setups at 2025-11-13 13:45:03
2025-11-13 13:45:03,377 [INFO] Applying EMA strategy to 5 stocks.
2025-11-13 13:45:17,603 [INFO] Checking trade setups at 2025-11-13 13:45:17
2025-11-13 13:45:17,603 [INFO] Applying EMA strategy to 5 stocks.
2025-11-13 13:45:31,123 [INFO] Checking trade setups at 2025-11-13 13:45:31
2025-11-13 13:45:31,123 [INFO] Applying EMA strategy to 5 stocks.
2025-11-13 13:45:44,635 [INFO] Checking trade setups at 2025-11-13 13:45:44
2025-11-13 13:45:44,635 [INFO] Applying EMA strategy to 5 stocks.
2025-11-13 13:45:57,953 [INFO] Checking trade setups at 2025-11-13 13:45:57
2025-11-13 13:45:57,953 [INFO] Applying EMA strategy to 5 stocks.
2025-11-13 13:46:12,231 [INFO] Checking trade setups at 2025-11-13 13:46:12
2025-11-13 13:46:12,231 [INFO] Applying EMA strategy to 5 stocks.
2025-11-13 13:46:26,725 [INFO] Checking trade setups at 2025-11-13 13:46:26
2025-11-13 13:46:26,725 [INFO] Applying EMA strategy to 5 stocks.
2025-11-13 13:46:40,522 [INFO] Checking trade setups at 2025-11-13 13:46:40
2025-11-13 13:46:40,522 [INFO] Applying EMA strategy to 5 stocks.
2025-11-13 13:46:54,704 [INFO] Checking trade setups at 2025-11-13 13:46:54
2025-11-13 13:46:54,705 [INFO] Applying EMA strategy to 5 stocks.
2025-11-13 13:47:08,737 [INFO] Checking trade setups at 2025-11-13 13:47:08
2025-11-13 13:47:08,738 [INFO] Applying EMA strategy to 5 stocks.
2025-11-13 13:47:22,818 [INFO] Checking trade setups at 2025-11-13 13:47:22
2025-11-13 13:47:22,818 [INFO] Applying EMA strategy to 5 stocks.
2025-11-13 13:47:36,972 [INFO] Checking trade setups at 2025-11-13 13:47:36
2025-11-13 13:47:36,972 [INFO] Applying EMA strategy to 5 stocks.
2025-11-13 13:47:50,689 [INFO] Checking trade setups at 2025-11-13 13:47:50
2025-11-13 13:47:50,689 [INFO] Applying EMA strategy to 5 stocks.
2025-11-13 13:48:06,159 [INFO] Checking trade setups at 2025-11-13 13:48:06
2025-11-13 13:48:06,159 [INFO] Applying EMA strategy to 5 stocks.
2025-11-13 13:48:19,779 [INFO] Checking trade setups at 2025-11-13 13:48:19
2025-11-13 13:48:19,780 [INFO] Applying EMA strategy to 5 stocks.
2025-11-13 13:48:34,134 [INFO] Checking trade setups at 2025-11-13 13:48:34
2025-11-13 13:48:34,134 [INFO] Applying EMA strategy to 5 stocks.
2025-11-13 13:48:47,937 [INFO] Checking trade setups at 2025-11-13 13:48:47
2025-11-13 13:48:47,937 [INFO] Applying EMA strategy to 5 stocks.
2025-11-13 13:49:02,639 [INFO] Checking trade setups at 2025-11-13 13:49:02
2025-11-13 13:49:02,639 [INFO] Applying EMA strategy to 5 stocks.
2025-11-13 13:49:15,996 [INFO] Checking trade setups at 2025-11-13 13:49:15
2025-11-13 13:49:15,996 [INFO] Applying EMA strategy to 5 stocks.
2025-11-13 13:49:30,690 [INFO] Checking trade setups at 2025-11-13 13:49:30
2025-11-13 13:49:30,690 [INFO] Applying EMA strategy to 5 stocks.
2025-11-13 13:49:45,182 [INFO] Checking trade setups at 2025-11-13 13:49:45
2025-11-13 13:49:45,182 [INFO] Applying EMA strategy to 5 stocks.
2025-11-13 13:49:59,120 [INFO] Checking trade setups at 2025-11-13 13:49:59
2025-11-13 13:49:59,121 [INFO] Applying EMA strategy to 5 stocks.
2025-11-13 13:50:14,175 [INFO] Checking trade setups at 2025-11-13 13:50:14
2025-11-13 13:50:14,175 [INFO] Applying EMA strategy to 5 stocks.
2025-11-13 13:50:16,150 [INFO] Executing trade for NSE:TATASTEEL-EQ: {'timestamp': '2025-11-13 13:50', 'action': 'SELL', 'entry_price': 178.7, 'stop_loss': 179, 'target': 177.79999999999995}
2025-11-13 13:50:16,157 [INFO] after SL after filtering the final SL:0.51, final_target:177.17, qty:196
2025-11-13 13:50:16,197 [INFO] Max trades reached. Skipping new orders.
2025-11-13 13:50:27,789 [INFO] Checking trade setups at 2025-11-13 13:50:27
2025-11-13 13:50:27,789 [INFO] Applying EMA strategy to 5 stocks.
2025-11-13 13:50:41,102 [INFO] Checking trade setups at 2025-11-13 13:50:41
2025-11-13 13:50:41,104 [INFO] Applying EMA strategy to 5 stocks.
2025-11-13 13:51:00,656 [INFO] Checking trade setups at 2025-11-13 13:51:00
2025-11-13 13:51:00,657 [INFO] Applying EMA strategy to 5 stocks.
2025-11-13 13:51:15,504 [INFO] Checking trade setups at 2025-11-13 13:51:15
2025-11-13 13:51:15,504 [INFO] Applying EMA strategy to 5 stocks.
2025-11-13 13:51:29,593 [INFO] Checking trade setups at 2025-11-13 13:51:29
2025-11-13 13:51:29,593 [INFO] Applying EMA strategy to 5 stocks.
2025-11-13 13:51:44,696 [INFO] Checking trade setups at 2025-11-13 13:51:44
2025-11-13 13:51:44,696 [INFO] Applying EMA strategy to 5 stocks.
2025-11-13 13:51:58,509 [INFO] Checking trade setups at 2025-11-13 13:51:58
2025-11-13 13:51:58,509 [INFO] Applying EMA strategy to 5 stocks.
2025-11-13 13:52:13,256 [INFO] Checking trade setups at 2025-11-13 13:52:13
2025-11-13 13:52:13,256 [INFO] Applying EMA strategy to 5 stocks.
2025-11-13 13:52:27,390 [INFO] Checking trade setups at 2025-11-13 13:52:27
2025-11-13 13:52:27,390 [INFO] Applying EMA strategy to 5 stocks.
2025-11-13 13:52:41,418 [INFO] Checking trade setups at 2025-11-13 13:52:41
2025-11-13 13:52:41,418 [INFO] Applying EMA strategy to 5 stocks.
2025-11-13 13:52:54,733 [INFO] Checking trade setups at 2025-11-13 13:52:54
2025-11-13 13:52:54,733 [INFO] Applying EMA strategy to 5 stocks.
2025-11-13 13:53:08,978 [INFO] Checking trade setups at 2025-11-13 13:53:08
2025-11-13 13:53:08,978 [INFO] Applying EMA strategy to 5 stocks.
2025-11-13 13:53:22,477 [INFO] Checking trade setups at 2025-11-13 13:53:22
2025-11-13 13:53:22,478 [INFO] Applying EMA strategy to 5 stocks.
2025-11-13 13:53:36,309 [INFO] Checking trade setups at 2025-11-13 13:53:36
2025-11-13 13:53:36,309 [INFO] Applying EMA strategy to 5 stocks.
2025-11-13 13:53:49,926 [INFO] Checking trade setups at 2025-11-13 13:53:49
2025-11-13 13:53:49,926 [INFO] Applying EMA strategy to 5 stocks.
2025-11-13 13:54:05,613 [INFO] Checking trade setups at 2025-11-13 13:54:05
2025-11-13 13:54:05,613 [INFO] Applying EMA strategy to 5 stocks.
2025-11-13 13:54:20,144 [INFO] Checking trade setups at 2025-11-13 13:54:20
2025-11-13 13:54:20,145 [INFO] Applying EMA strategy to 5 stocks.
2025-11-13 13:54:33,867 [INFO] Checking trade setups at 2025-11-13 13:54:33
2025-11-13 13:54:33,867 [INFO] Applying EMA strategy to 5 stocks.
2025-11-13 13:54:48,708 [INFO] Checking trade setups at 2025-11-13 13:54:48
2025-11-13 13:54:48,708 [INFO] Applying EMA strategy to 5 stocks.
2025-11-13 13:55:03,259 [INFO] Checking trade setups at 2025-11-13 13:55:03
2025-11-13 13:55:03,261 [INFO] Applying EMA strategy to 5 stocks.
2025-11-13 13:55:17,999 [INFO] Checking trade setups at 2025-11-13 13:55:17
2025-11-13 13:55:17,999 [INFO] Applying EMA strategy to 5 stocks.
2025-11-13 13:55:32,947 [INFO] Checking trade setups at 2025-11-13 13:55:32
2025-11-13 13:55:32,948 [INFO] Applying EMA strategy to 5 stocks.
2025-11-13 13:55:50,556 [INFO] Checking trade setups at 2025-11-13 13:55:50
2025-11-13 13:55:50,558 [INFO] Applying EMA strategy to 5 stocks.
2025-11-13 13:56:05,506 [INFO] Checking trade setups at 2025-11-13 13:56:05
2025-11-13 13:56:05,507 [INFO] Applying EMA strategy to 5 stocks.
2025-11-13 13:56:19,163 [INFO] Checking trade setups at 2025-11-13 13:56:19
2025-11-13 13:56:19,163 [INFO] Applying EMA strategy to 5 stocks.
2025-11-13 13:56:33,266 [INFO] Checking trade setups at 2025-11-13 13:56:33
2025-11-13 13:56:33,266 [INFO] Applying EMA strategy to 5 stocks.
2025-11-13 13:56:46,795 [INFO] Checking trade setups at 2025-11-13 13:56:46
2025-11-13 13:56:46,795 [INFO] Applying EMA strategy to 5 stocks.
2025-11-13 13:57:00,304 [INFO] Checking trade setups at 2025-11-13 13:57:00
2025-11-13 13:57:00,304 [INFO] Applying EMA strategy to 5 stocks.
2025-11-13 13:57:13,827 [INFO] Checking trade setups at 2025-11-13 13:57:13
2025-11-13 13:57:13,827 [INFO] Applying EMA strategy to 5 stocks.
2025-11-13 13:57:28,149 [INFO] Checking trade setups at 2025-11-13 13:57:28
2025-11-13 13:57:28,149 [INFO] Applying EMA strategy to 5 stocks.
2025-11-13 13:57:41,975 [INFO] Checking trade setups at 2025-11-13 13:57:41
2025-11-13 13:57:41,975 [INFO] Applying EMA strategy to 5 stocks.
2025-11-13 13:57:55,864 [INFO] Checking trade setups at 2025-11-13 13:57:55
2025-11-13 13:57:55,864 [INFO] Applying EMA strategy to 5 stocks.
2025-11-13 13:58:09,830 [INFO] Checking trade setups at 2025-11-13 13:58:09
2025-11-13 13:58:09,830 [INFO] Applying EMA strategy to 5 stocks.
2025-11-13 13:58:23,495 [INFO] Checking trade setups at 2025-11-13 13:58:23
2025-11-13 13:58:23,495 [INFO] Applying EMA strategy to 5 stocks.
2025-11-13 13:58:37,691 [INFO] Checking trade setups at 2025-11-13 13:58:37
2025-11-13 13:58:37,692 [INFO] Applying EMA strategy to 5 stocks.
2025-11-13 13:58:52,323 [INFO] Checking trade setups at 2025-11-13 13:58:52
2025-11-13 13:58:52,323 [INFO] Applying EMA strategy to 5 stocks.
2025-11-13 13:59:06,045 [INFO] Checking trade setups at 2025-11-13 13:59:06
2025-11-13 13:59:06,045 [INFO] Applying EMA strategy to 5 stocks.
2025-11-13 13:59:20,791 [INFO] Checking trade setups at 2025-11-13 13:59:20
2025-11-13 13:59:20,792 [INFO] Applying EMA strategy to 5 stocks.
2025-11-13 13:59:35,331 [INFO] Checking trade setups at 2025-11-13 13:59:35
2025-11-13 13:59:35,331 [INFO] Applying EMA strategy to 5 stocks.
2025-11-13 13:59:49,292 [INFO] Checking trade setups at 2025-11-13 13:59:49
2025-11-13 13:59:49,292 [INFO] Applying EMA strategy to 5 stocks.
2025-11-13 14:00:03,086 [INFO] Checking trade setups at 2025-11-13 14:00:03
2025-11-13 14:00:03,086 [INFO] Applying EMA strategy to 5 stocks.
2025-11-13 14:00:20,314 [INFO] Checking trade setups at 2025-11-13 14:00:20
2025-11-13 14:00:20,314 [INFO] Applying EMA strategy to 5 stocks.
2025-11-13 14:00:34,956 [INFO] Checking trade setups at 2025-11-13 14:00:34
2025-11-13 14:00:34,956 [INFO] Applying EMA strategy to 5 stocks.
2025-11-13 14:00:48,795 [INFO] Checking trade setups at 2025-11-13 14:00:48
2025-11-13 14:00:48,796 [INFO] Applying EMA strategy to 5 stocks.
2025-11-13 14:01:03,094 [INFO] Checking trade setups at 2025-11-13 14:01:03
2025-11-13 14:01:03,094 [INFO] Applying EMA strategy to 5 stocks.
2025-11-13 14:01:18,140 [INFO] Checking trade setups at 2025-11-13 14:01:18
2025-11-13 14:01:18,140 [INFO] Applying EMA strategy to 5 stocks.
2025-11-13 14:01:31,682 [INFO] Checking trade setups at 2025-11-13 14:01:31
2025-11-13 14:01:31,682 [INFO] Applying EMA strategy to 5 stocks.
2025-11-13 14:01:46,026 [INFO] Checking trade setups at 2025-11-13 14:01:46
2025-11-13 14:01:46,026 [INFO] Applying EMA strategy to 5 stocks.
2025-11-13 14:01:59,419 [INFO] Checking trade setups at 2025-11-13 14:01:59
2025-11-13 14:01:59,419 [INFO] Applying EMA strategy to 5 stocks.
2025-11-13 14:02:13,444 [INFO] Checking trade setups at 2025-11-13 14:02:13
2025-11-13 14:02:13,444 [INFO] Applying EMA strategy to 5 stocks.
2025-11-13 14:02:27,371 [INFO] Checking trade setups at 2025-11-13 14:02:27
2025-11-13 14:02:27,371 [INFO] Applying EMA strategy to 5 stocks.
2025-11-13 14:02:41,302 [INFO] Checking trade setups at 2025-11-13 14:02:41
2025-11-13 14:02:41,302 [INFO] Applying EMA strategy to 5 stocks.
2025-11-13 14:02:56,249 [INFO] Checking trade setups at 2025-11-13 14:02:56
2025-11-13 14:02:56,249 [INFO] Applying EMA strategy to 5 stocks.
2025-11-13 14:03:11,229 [INFO] Checking trade setups at 2025-11-13 14:03:11
2025-11-13 14:03:11,229 [INFO] Applying EMA strategy to 5 stocks.
2025-11-13 14:03:24,819 [INFO] Checking trade setups at 2025-11-13 14:03:24
2025-11-13 14:03:24,821 [INFO] Applying EMA strategy to 5 stocks.
2025-11-13 14:03:39,166 [INFO] Checking trade setups at 2025-11-13 14:03:39
2025-11-13 14:03:39,166 [INFO] Applying EMA strategy to 5 stocks.
2025-11-13 14:03:52,575 [INFO] Checking trade setups at 2025-11-13 14:03:52
2025-11-13 14:03:52,575 [INFO] Applying EMA strategy to 5 stocks.
2025-11-13 14:04:07,321 [INFO] Checking trade setups at 2025-11-13 14:04:07
2025-11-13 14:04:07,321 [INFO] Applying EMA strategy to 5 stocks.
2025-11-13 14:04:21,557 [INFO] Checking trade setups at 2025-11-13 14:04:21
2025-11-13 14:04:21,557 [INFO] Applying EMA strategy to 5 stocks.
2025-11-13 14:04:35,911 [INFO] Checking trade setups at 2025-11-13 14:04:35
2025-11-13 14:04:35,911 [INFO] Applying EMA strategy to 5 stocks.
2025-11-13 14:04:51,253 [INFO] Checking trade setups at 2025-11-13 14:04:51
2025-11-13 14:04:51,253 [INFO] Applying EMA strategy to 5 stocks.
2025-11-13 14:05:06,403 [INFO] Checking trade setups at 2025-11-13 14:05:06
2025-11-13 14:05:06,403 [INFO] Applying EMA strategy to 5 stocks.
2025-11-13 14:05:19,720 [INFO] Checking trade setups at 2025-11-13 14:05:19
2025-11-13 14:05:19,720 [INFO] Applying EMA strategy to 5 stocks.
2025-11-13 14:05:34,004 [INFO] Checking trade setups at 2025-11-13 14:05:34
2025-11-13 14:05:34,004 [INFO] Applying EMA strategy to 5 stocks.
2025-11-13 14:05:48,252 [INFO] Checking trade setups at 2025-11-13 14:05:48
2025-11-13 14:05:48,252 [INFO] Applying EMA strategy to 5 stocks.
2025-11-13 14:06:06,424 [INFO] Checking trade setups at 2025-11-13 14:06:06
2025-11-13 14:06:06,424 [INFO] Applying EMA strategy to 5 stocks.
2025-11-13 14:06:20,444 [INFO] Checking trade setups at 2025-11-13 14:06:20
2025-11-13 14:06:20,444 [INFO] Applying EMA strategy to 5 stocks.
2025-11-13 14:06:34,676 [INFO] Checking trade setups at 2025-11-13 14:06:34
2025-11-13 14:06:34,676 [INFO] Applying EMA strategy to 5 stocks.
2025-11-13 14:06:48,612 [INFO] Checking trade setups at 2025-11-13 14:06:48
2025-11-13 14:06:48,612 [INFO] Applying EMA strategy to 5 stocks.
2025-11-13 14:07:03,053 [INFO] Checking trade setups at 2025-11-13 14:07:03
2025-11-13 14:07:03,053 [INFO] Applying EMA strategy to 5 stocks.
2025-11-13 14:07:16,563 [INFO] Checking trade setups at 2025-11-13 14:07:16
2025-11-13 14:07:16,563 [INFO] Applying EMA strategy to 5 stocks.
2025-11-13 14:07:30,507 [INFO] Checking trade setups at 2025-11-13 14:07:30
2025-11-13 14:07:30,507 [INFO] Applying EMA strategy to 5 stocks.
2025-11-13 14:07:45,152 [INFO] Checking trade setups at 2025-11-13 14:07:45
2025-11-13 14:07:45,153 [INFO] Applying EMA strategy to 5 stocks.
2025-11-13 14:07:59,071 [INFO] Checking trade setups at 2025-11-13 14:07:59
2025-11-13 14:07:59,071 [INFO] Applying EMA strategy to 5 stocks.
2025-11-13 14:08:13,186 [INFO] Checking trade setups at 2025-11-13 14:08:13
2025-11-13 14:08:13,186 [INFO] Applying EMA strategy to 5 stocks.
2025-11-13 14:08:27,247 [INFO] Checking trade setups at 2025-11-13 14:08:27
2025-11-13 14:08:27,248 [INFO] Applying EMA strategy to 5 stocks.
2025-11-13 14:08:41,664 [INFO] Checking trade setups at 2025-11-13 14:08:41
2025-11-13 14:08:41,664 [INFO] Applying EMA strategy to 5 stocks.
2025-11-13 14:08:55,174 [INFO] Checking trade setups at 2025-11-13 14:08:55
2025-11-13 14:08:55,174 [INFO] Applying EMA strategy to 5 stocks.
2025-11-13 14:09:09,839 [INFO] Checking trade setups at 2025-11-13 14:09:09
2025-11-13 14:09:09,839 [INFO] Applying EMA strategy to 5 stocks.
2025-11-13 14:09:25,551 [INFO] Checking trade setups at 2025-11-13 14:09:25
2025-11-13 14:09:25,552 [INFO] Applying EMA strategy to 5 stocks.
2025-11-13 14:09:40,289 [INFO] Checking trade setups at 2025-11-13 14:09:40
2025-11-13 14:09:40,289 [INFO] Applying EMA strategy to 5 stocks.
2025-11-13 14:09:55,314 [INFO] Checking trade setups at 2025-11-13 14:09:55
2025-11-13 14:09:55,314 [INFO] Applying EMA strategy to 5 stocks.
2025-11-13 14:10:08,711 [INFO] Checking trade setups at 2025-11-13 14:10:08
2025-11-13 14:10:08,711 [INFO] Applying EMA strategy to 5 stocks.
2025-11-13 14:10:23,572 [INFO] Checking trade setups at 2025-11-13 14:10:23
2025-11-13 14:10:23,572 [INFO] Applying EMA strategy to 5 stocks.
2025-11-13 14:10:37,581 [INFO] Checking trade setups at 2025-11-13 14:10:37
2025-11-13 14:10:37,581 [INFO] Applying EMA strategy to 5 stocks.
2025-11-13 14:10:52,742 [INFO] Checking trade setups at 2025-11-13 14:10:52
2025-11-13 14:10:52,742 [INFO] Applying EMA strategy to 5 stocks.
2025-11-13 14:11:06,782 [INFO] Checking trade setups at 2025-11-13 14:11:06
2025-11-13 14:11:06,782 [INFO] Applying EMA strategy to 5 stocks.
2025-11-13 14:11:20,380 [INFO] Checking trade setups at 2025-11-13 14:11:20
2025-11-13 14:11:20,380 [INFO] Applying EMA strategy to 5 stocks.
2025-11-13 14:11:34,727 [INFO] Checking trade setups at 2025-11-13 14:11:34
2025-11-13 14:11:34,727 [INFO] Applying EMA strategy to 5 stocks.
2025-11-13 14:11:48,158 [INFO] Checking trade setups at 2025-11-13 14:11:48
2025-11-13 14:11:48,158 [INFO] Applying EMA strategy to 5 stocks.
2025-11-13 14:12:01,764 [INFO] Checking trade setups at 2025-11-13 14:12:01
2025-11-13 14:12:01,764 [INFO] Applying EMA strategy to 5 stocks.
2025-11-13 14:12:16,003 [INFO] Checking trade setups at 2025-11-13 14:12:16
2025-11-13 14:12:16,003 [INFO] Applying EMA strategy to 5 stocks.
2025-11-13 14:12:30,631 [INFO] Checking trade setups at 2025-11-13 14:12:30
2025-11-13 14:12:30,631 [INFO] Applying EMA strategy to 5 stocks.
2025-11-13 14:12:44,463 [INFO] Checking trade setups at 2025-11-13 14:12:44
2025-11-13 14:12:44,463 [INFO] Applying EMA strategy to 5 stocks.
2025-11-13 14:12:57,765 [INFO] Checking trade setups at 2025-11-13 14:12:57
2025-11-13 14:12:57,765 [INFO] Applying EMA strategy to 5 stocks.
2025-11-13 14:13:12,518 [INFO] Checking trade setups at 2025-11-13 14:13:12
2025-11-13 14:13:12,518 [INFO] Applying EMA strategy to 5 stocks.
2025-11-13 14:13:26,236 [INFO] Checking trade setups at 2025-11-13 14:13:26
2025-11-13 14:13:26,236 [INFO] Applying EMA strategy to 5 stocks.
2025-11-13 14:13:39,555 [INFO] Checking trade setups at 2025-11-13 14:13:39
2025-11-13 14:13:39,555 [INFO] Applying EMA strategy to 5 stocks.
2025-11-13 14:13:54,569 [INFO] Checking trade setups at 2025-11-13 14:13:54
2025-11-13 14:13:54,569 [INFO] Applying EMA strategy to 5 stocks.
2025-11-13 14:14:08,120 [INFO] Checking trade setups at 2025-11-13 14:14:08
2025-11-13 14:14:08,120 [INFO] Applying EMA strategy to 5 stocks.
2025-11-13 14:14:21,742 [INFO] Checking trade setups at 2025-11-13 14:14:21
2025-11-13 14:14:21,742 [INFO] Applying EMA strategy to 5 stocks.
2025-11-13 14:14:35,566 [INFO] Checking trade setups at 2025-11-13 14:14:35
2025-11-13 14:14:35,566 [INFO] Applying EMA strategy to 5 stocks.
2025-11-13 14:14:49,737 [INFO] Checking trade setups at 2025-11-13 14:14:49
2025-11-13 14:14:49,737 [INFO] Applying EMA strategy to 5 stocks.
2025-11-13 14:15:04,666 [INFO] Checking trade setups at 2025-11-13 14:15:04
2025-11-13 14:15:04,666 [INFO] Applying EMA strategy to 5 stocks.
2025-11-13 14:15:18,811 [INFO] Checking trade setups at 2025-11-13 14:15:18
2025-11-13 14:15:18,811 [INFO] Applying EMA strategy to 5 stocks.
2025-11-13 14:15:32,603 [INFO] Checking trade setups at 2025-11-13 14:15:32
2025-11-13 14:15:32,603 [INFO] Applying EMA strategy to 5 stocks.
2025-11-13 14:15:46,235 [INFO] Checking trade setups at 2025-11-13 14:15:46
2025-11-13 14:15:46,235 [INFO] Applying EMA strategy to 5 stocks.
2025-11-13 14:16:00,256 [INFO] Checking trade setups at 2025-11-13 14:16:00
2025-11-13 14:16:00,256 [INFO] Applying EMA strategy to 5 stocks.
2025-11-13 14:16:13,973 [INFO] Checking trade setups at 2025-11-13 14:16:13
2025-11-13 14:16:13,973 [INFO] Applying EMA strategy to 5 stocks.
2025-11-13 14:16:27,498 [INFO] Checking trade setups at 2025-11-13 14:16:27
2025-11-13 14:16:27,498 [INFO] Applying EMA strategy to 5 stocks.
2025-11-13 14:16:42,559 [INFO] Checking trade setups at 2025-11-13 14:16:42
2025-11-13 14:16:42,559 [INFO] Applying EMA strategy to 5 stocks.
2025-11-13 14:16:55,968 [INFO] Checking trade setups at 2025-11-13 14:16:55
2025-11-13 14:16:55,968 [INFO] Applying EMA strategy to 5 stocks.
2025-11-13 14:17:10,743 [INFO] Checking trade setups at 2025-11-13 14:17:10
2025-11-13 14:17:10,743 [INFO] Applying EMA strategy to 5 stocks.
2025-11-13 14:17:24,130 [INFO] Checking trade setups at 2025-11-13 14:17:24
2025-11-13 14:17:24,134 [INFO] Applying EMA strategy to 5 stocks.
2025-11-13 14:17:37,650 [INFO] Checking trade setups at 2025-11-13 14:17:37
2025-11-13 14:17:37,650 [INFO] Applying EMA strategy to 5 stocks.
2025-11-13 14:17:51,468 [INFO] Checking trade setups at 2025-11-13 14:17:51
2025-11-13 14:17:51,468 [INFO] Applying EMA strategy to 5 stocks.
2025-11-13 14:18:06,421 [INFO] Checking trade setups at 2025-11-13 14:18:06
2025-11-13 14:18:06,421 [INFO] Applying EMA strategy to 5 stocks.
2025-11-13 14:18:20,452 [INFO] Checking trade setups at 2025-11-13 14:18:20
2025-11-13 14:18:20,452 [INFO] Applying EMA strategy to 5 stocks.
2025-11-13 14:18:34,692 [INFO] Checking trade setups at 2025-11-13 14:18:34
2025-11-13 14:18:34,692 [INFO] Applying EMA strategy to 5 stocks.
2025-11-13 14:18:48,200 [INFO] Checking trade setups at 2025-11-13 14:18:48
2025-11-13 14:18:48,200 [INFO] Applying EMA strategy to 5 stocks.
2025-11-13 14:19:04,175 [INFO] Checking trade setups at 2025-11-13 14:19:04
2025-11-13 14:19:04,177 [INFO] Applying EMA strategy to 5 stocks.
2025-11-13 14:19:18,695 [INFO] Checking trade setups at 2025-11-13 14:19:18
2025-11-13 14:19:18,695 [INFO] Applying EMA strategy to 5 stocks.
2025-11-13 14:19:34,216 [INFO] Checking trade setups at 2025-11-13 14:19:34
2025-11-13 14:19:34,216 [INFO] Applying EMA strategy to 5 stocks.
2025-11-13 14:19:48,925 [INFO] Checking trade setups at 2025-11-13 14:19:48
2025-11-13 14:19:48,928 [INFO] Applying EMA strategy to 5 stocks.
2025-11-13 14:20:02,751 [INFO] Checking trade setups at 2025-11-13 14:20:02
2025-11-13 14:20:02,751 [INFO] Applying EMA strategy to 5 stocks.
2025-11-13 14:20:16,455 [INFO] Checking trade setups at 2025-11-13 14:20:16
2025-11-13 14:20:16,455 [INFO] Applying EMA strategy to 5 stocks.
2025-11-13 14:20:30,837 [INFO] Checking trade setups at 2025-11-13 14:20:30
2025-11-13 14:20:30,837 [INFO] Applying EMA strategy to 5 stocks.
2025-11-13 14:20:44,438 [INFO] Checking trade setups at 2025-11-13 14:20:44
2025-11-13 14:20:44,438 [INFO] Applying EMA strategy to 5 stocks.
2025-11-13 14:20:57,834 [INFO] Checking trade setups at 2025-11-13 14:20:57
2025-11-13 14:20:57,834 [INFO] Applying EMA strategy to 5 stocks.
2025-11-13 14:21:11,364 [INFO] Checking trade setups at 2025-11-13 14:21:11
2025-11-13 14:21:11,364 [INFO] Applying EMA strategy to 5 stocks.
2025-11-13 14:21:24,567 [INFO] Checking trade setups at 2025-11-13 14:21:24
2025-11-13 14:21:24,567 [INFO] Applying EMA strategy to 5 stocks.
2025-11-13 14:21:41,354 [INFO] Checking trade setups at 2025-11-13 14:21:41
2025-11-13 14:21:41,354 [INFO] Applying EMA strategy to 5 stocks.
2025-11-13 14:21:55,180 [INFO] Checking trade setups at 2025-11-13 14:21:55
2025-11-13 14:21:55,180 [INFO] Applying EMA strategy to 5 stocks.
2025-11-13 14:22:09,943 [INFO] Checking trade setups at 2025-11-13 14:22:09
2025-11-13 14:22:09,943 [INFO] Applying EMA strategy to 5 stocks.
2025-11-13 14:22:23,754 [INFO] Checking trade setups at 2025-11-13 14:22:23
2025-11-13 14:22:23,756 [INFO] Applying EMA strategy to 5 stocks.
2025-11-13 14:22:37,789 [INFO] Checking trade setups at 2025-11-13 14:22:37
2025-11-13 14:22:37,791 [INFO] Applying EMA strategy to 5 stocks.
2025-11-13 14:22:51,811 [INFO] Checking trade setups at 2025-11-13 14:22:51
2025-11-13 14:22:51,811 [INFO] Applying EMA strategy to 5 stocks.
2025-11-13 14:23:05,429 [INFO] Checking trade setups at 2025-11-13 14:23:05
2025-11-13 14:23:05,429 [INFO] Applying EMA strategy to 5 stocks.
2025-11-13 14:23:20,493 [INFO] Checking trade setups at 2025-11-13 14:23:20
2025-11-13 14:23:20,493 [INFO] Applying EMA strategy to 5 stocks.
2025-11-13 14:23:34,325 [INFO] Checking trade setups at 2025-11-13 14:23:34
2025-11-13 14:23:34,325 [INFO] Applying EMA strategy to 5 stocks.
2025-11-13 14:23:48,242 [INFO] Checking trade setups at 2025-11-13 14:23:48
2025-11-13 14:23:48,242 [INFO] Applying EMA strategy to 5 stocks.
2025-11-13 14:24:01,855 [INFO] Checking trade setups at 2025-11-13 14:24:01
2025-11-13 14:24:01,855 [INFO] Applying EMA strategy to 5 stocks.
2025-11-13 14:24:15,083 [INFO] Checking trade setups at 2025-11-13 14:24:15
2025-11-13 14:24:15,083 [INFO] Applying EMA strategy to 5 stocks.
2025-11-13 14:24:28,784 [INFO] Checking trade setups at 2025-11-13 14:24:28
2025-11-13 14:24:28,784 [INFO] Applying EMA strategy to 5 stocks.
2025-11-13 14:24:42,409 [INFO] Checking trade setups at 2025-11-13 14:24:42
2025-11-13 14:24:42,409 [INFO] Applying EMA strategy to 5 stocks.
2025-11-13 14:24:57,360 [INFO] Checking trade setups at 2025-11-13 14:24:57
2025-11-13 14:24:57,360 [INFO] Applying EMA strategy to 5 stocks.
2025-11-13 14:25:12,214 [INFO] Checking trade setups at 2025-11-13 14:25:12
2025-11-13 14:25:12,214 [INFO] Applying EMA strategy to 5 stocks.
2025-11-13 14:25:25,428 [INFO] Checking trade setups at 2025-11-13 14:25:25
2025-11-13 14:25:25,428 [INFO] Applying EMA strategy to 5 stocks.
2025-11-13 14:25:39,049 [INFO] Checking trade setups at 2025-11-13 14:25:39
2025-11-13 14:25:39,049 [INFO] Applying EMA strategy to 5 stocks.
2025-11-13 14:25:53,269 [INFO] Checking trade setups at 2025-11-13 14:25:53
2025-11-13 14:25:53,269 [INFO] Applying EMA strategy to 5 stocks.
2025-11-13 14:26:06,583 [INFO] Checking trade setups at 2025-11-13 14:26:06
2025-11-13 14:26:06,583 [INFO] Applying EMA strategy to 5 stocks.
2025-11-13 14:26:20,689 [INFO] Checking trade setups at 2025-11-13 14:26:20
2025-11-13 14:26:20,689 [INFO] Applying EMA strategy to 5 stocks.
2025-11-13 14:26:34,240 [INFO] Checking trade setups at 2025-11-13 14:26:34
2025-11-13 14:26:34,240 [INFO] Applying EMA strategy to 5 stocks.
2025-11-13 14:26:47,854 [INFO] Checking trade setups at 2025-11-13 14:26:47
2025-11-13 14:26:47,854 [INFO] Applying EMA strategy to 5 stocks.
2025-11-13 14:27:01,372 [INFO] Checking trade setups at 2025-11-13 14:27:01
2025-11-13 14:27:01,372 [INFO] Applying EMA strategy to 5 stocks.
2025-11-13 14:27:15,930 [INFO] Checking trade setups at 2025-11-13 14:27:15
2025-11-13 14:27:15,930 [INFO] Applying EMA strategy to 5 stocks.
2025-11-13 14:27:29,235 [INFO] Checking trade setups at 2025-11-13 14:27:29
2025-11-13 14:27:29,235 [INFO] Applying EMA strategy to 5 stocks.
2025-11-13 14:27:42,549 [INFO] Checking trade setups at 2025-11-13 14:27:42
2025-11-13 14:27:42,549 [INFO] Applying EMA strategy to 5 stocks.
2025-11-13 14:27:56,048 [INFO] Checking trade setups at 2025-11-13 14:27:56
2025-11-13 14:27:56,048 [INFO] Applying EMA strategy to 5 stocks.
2025-11-13 14:28:09,877 [INFO] Checking trade setups at 2025-11-13 14:28:09
2025-11-13 14:28:09,877 [INFO] Applying EMA strategy to 5 stocks.
2025-11-13 14:28:23,502 [INFO] Checking trade setups at 2025-11-13 14:28:23
2025-11-13 14:28:23,502 [INFO] Applying EMA strategy to 5 stocks.
2025-11-13 14:28:37,524 [INFO] Checking trade setups at 2025-11-13 14:28:37
2025-11-13 14:28:37,525 [INFO] Applying EMA strategy to 5 stocks.
2025-11-13 14:28:52,063 [INFO] Checking trade setups at 2025-11-13 14:28:52
2025-11-13 14:28:52,063 [INFO] Applying EMA strategy to 5 stocks.
2025-11-13 14:29:05,172 [INFO] Checking trade setups at 2025-11-13 14:29:05
2025-11-13 14:29:05,172 [INFO] Applying EMA strategy to 5 stocks.
2025-11-13 14:29:19,104 [INFO] Checking trade setups at 2025-11-13 14:29:19
2025-11-13 14:29:19,104 [INFO] Applying EMA strategy to 5 stocks.
2025-11-13 14:29:33,439 [INFO] Checking trade setups at 2025-11-13 14:29:33
2025-11-13 14:29:33,439 [INFO] Applying EMA strategy to 5 stocks.
2025-11-13 14:29:48,937 [INFO] Checking trade setups at 2025-11-13 14:29:48
2025-11-13 14:29:48,937 [INFO] Applying EMA strategy to 5 stocks.
2025-11-13 14:30:03,236 [INFO] Checking trade setups at 2025-11-13 14:30:03
2025-11-13 14:30:03,236 [INFO] Applying EMA strategy to 5 stocks.
2025-11-13 14:30:17,703 [INFO] Checking trade setups at 2025-11-13 14:30:17
2025-11-13 14:30:17,703 [INFO] Applying EMA strategy to 5 stocks.
2025-11-13 14:30:31,796 [INFO] Checking trade setups at 2025-11-13 14:30:31
2025-11-13 14:30:31,797 [INFO] Applying EMA strategy to 5 stocks.
2025-11-13 14:30:46,051 [INFO] Checking trade setups at 2025-11-13 14:30:46
2025-11-13 14:30:46,051 [INFO] Applying EMA strategy to 5 stocks.
2025-11-13 14:30:59,869 [INFO] Checking trade setups at 2025-11-13 14:30:59
2025-11-13 14:30:59,869 [INFO] Applying EMA strategy to 5 stocks.
2025-11-13 14:31:15,048 [INFO] Checking trade setups at 2025-11-13 14:31:15
2025-11-13 14:31:15,048 [INFO] Applying EMA strategy to 5 stocks.
2025-11-13 14:31:28,650 [INFO] Checking trade setups at 2025-11-13 14:31:28
2025-11-13 14:31:28,650 [INFO] Applying EMA strategy to 5 stocks.
2025-11-13 14:31:44,037 [INFO] Checking trade setups at 2025-11-13 14:31:44
2025-11-13 14:31:44,037 [INFO] Applying EMA strategy to 5 stocks.
2025-11-13 14:31:57,428 [INFO] Checking trade setups at 2025-11-13 14:31:57
2025-11-13 14:31:57,428 [INFO] Applying EMA strategy to 5 stocks.
2025-11-13 14:32:10,932 [INFO] Checking trade setups at 2025-11-13 14:32:10
2025-11-13 14:32:10,932 [INFO] Applying EMA strategy to 5 stocks.
2025-11-13 14:32:24,768 [INFO] Checking trade setups at 2025-11-13 14:32:24
2025-11-13 14:32:24,768 [INFO] Applying EMA strategy to 5 stocks.
2025-11-13 14:32:39,101 [INFO] Checking trade setups at 2025-11-13 14:32:39
2025-11-13 14:32:39,109 [INFO] Applying EMA strategy to 5 stocks.
2025-11-13 14:32:52,925 [INFO] Checking trade setups at 2025-11-13 14:32:52
2025-11-13 14:32:52,925 [INFO] Applying EMA strategy to 5 stocks.
2025-11-13 14:33:06,747 [INFO] Checking trade setups at 2025-11-13 14:33:06
2025-11-13 14:33:06,747 [INFO] Applying EMA strategy to 5 stocks.
2025-11-13 14:33:19,950 [INFO] Checking trade setups at 2025-11-13 14:33:19
2025-11-13 14:33:19,950 [INFO] Applying EMA strategy to 5 stocks.
2025-11-13 14:33:33,910 [INFO] Checking trade setups at 2025-11-13 14:33:33
2025-11-13 14:33:33,910 [INFO] Applying EMA strategy to 5 stocks.
2025-11-13 14:33:47,608 [INFO] Checking trade setups at 2025-11-13 14:33:47
2025-11-13 14:33:47,608 [INFO] Applying EMA strategy to 5 stocks.
2025-11-13 14:34:01,735 [INFO] Checking trade setups at 2025-11-13 14:34:01
2025-11-13 14:34:01,735 [INFO] Applying EMA strategy to 5 stocks.
2025-11-13 14:34:15,147 [INFO] Checking trade setups at 2025-11-13 14:34:15
2025-11-13 14:34:15,147 [INFO] Applying EMA strategy to 5 stocks.
2025-11-13 14:34:28,674 [INFO] Checking trade setups at 2025-11-13 14:34:28
2025-11-13 14:34:28,674 [INFO] Applying EMA strategy to 5 stocks.
2025-11-13 14:34:42,287 [INFO] Checking trade setups at 2025-11-13 14:34:42
2025-11-13 14:34:42,288 [INFO] Applying EMA strategy to 5 stocks.
2025-11-13 14:34:56,010 [INFO] Checking trade setups at 2025-11-13 14:34:56
2025-11-13 14:34:56,010 [INFO] Applying EMA strategy to 5 stocks.
2025-11-13 14:35:09,223 [INFO] Checking trade setups at 2025-11-13 14:35:09
2025-11-13 14:35:09,223 [INFO] Applying EMA strategy to 5 stocks.
2025-11-13 14:35:22,666 [INFO] Checking trade setups at 2025-11-13 14:35:22
2025-11-13 14:35:22,667 [INFO] Applying EMA strategy to 5 stocks.
2025-11-13 14:35:24,670 [INFO] Executing trade for NSE:TATASTEEL-EQ: {'timestamp': '2025-11-13 14:35', 'action': 'SELL', 'entry_price': 177.78, 'stop_loss': 178, 'target': 177.12}
2025-11-13 14:35:24,670 [INFO] after SL after filtering the final SL:0.51, final_target:176.25, qty:196
2025-11-13 14:35:24,679 [INFO] Max trades reached. Skipping new orders.
2025-11-13 14:35:36,262 [INFO] Checking trade setups at 2025-11-13 14:35:36
2025-11-13 14:35:36,262 [INFO] Applying EMA strategy to 5 stocks.
2025-11-13 14:35:49,778 [INFO] Checking trade setups at 2025-11-13 14:35:49
2025-11-13 14:35:49,778 [INFO] Applying EMA strategy to 5 stocks.
2025-11-13 14:36:03,187 [INFO] Checking trade setups at 2025-11-13 14:36:03
2025-11-13 14:36:03,187 [INFO] Applying EMA strategy to 5 stocks.
2025-11-13 14:36:16,302 [INFO] Checking trade setups at 2025-11-13 14:36:16
2025-11-13 14:36:16,302 [INFO] Applying EMA strategy to 5 stocks.
2025-11-13 14:36:30,014 [INFO] Checking trade setups at 2025-11-13 14:36:30
2025-11-13 14:36:30,014 [INFO] Applying EMA strategy to 5 stocks.
2025-11-13 14:36:44,975 [INFO] Checking trade setups at 2025-11-13 14:36:44
2025-11-13 14:36:44,975 [INFO] Applying EMA strategy to 5 stocks.
2025-11-13 14:36:58,180 [INFO] Checking trade setups at 2025-11-13 14:36:58
2025-11-13 14:36:58,180 [INFO] Applying EMA strategy to 5 stocks.
2025-11-13 14:37:14,878 [INFO] Checking trade setups at 2025-11-13 14:37:14
2025-11-13 14:37:14,878 [INFO] Applying EMA strategy to 5 stocks.
2025-11-13 14:37:28,083 [INFO] Checking trade setups at 2025-11-13 14:37:28
2025-11-13 14:37:28,083 [INFO] Applying EMA strategy to 5 stocks.
2025-11-13 14:37:43,394 [INFO] Checking trade setups at 2025-11-13 14:37:43
2025-11-13 14:37:43,394 [INFO] Applying EMA strategy to 5 stocks.
2025-11-13 14:37:57,160 [INFO] Checking trade setups at 2025-11-13 14:37:57
2025-11-13 14:37:57,160 [INFO] Applying EMA strategy to 5 stocks.
2025-11-13 14:38:10,431 [INFO] Checking trade setups at 2025-11-13 14:38:10
2025-11-13 14:38:10,431 [INFO] Applying EMA strategy to 5 stocks.
2025-11-13 14:38:23,799 [INFO] Checking trade setups at 2025-11-13 14:38:23
2025-11-13 14:38:23,799 [INFO] Applying EMA strategy to 5 stocks.
2025-11-13 14:38:37,309 [INFO] Checking trade setups at 2025-11-13 14:38:37
2025-11-13 14:38:37,309 [INFO] Applying EMA strategy to 5 stocks.
2025-11-13 14:38:50,411 [INFO] Checking trade setups at 2025-11-13 14:38:50
2025-11-13 14:38:50,412 [INFO] Applying EMA strategy to 5 stocks.
2025-11-13 14:39:04,034 [INFO] Checking trade setups at 2025-11-13 14:39:04
2025-11-13 14:39:04,034 [INFO] Applying EMA strategy to 5 stocks.
2025-11-13 14:39:17,147 [INFO] Checking trade setups at 2025-11-13 14:39:17
2025-11-13 14:39:17,147 [INFO] Applying EMA strategy to 5 stocks.
2025-11-13 14:39:31,076 [INFO] Checking trade setups at 2025-11-13 14:39:31
2025-11-13 14:39:31,076 [INFO] Applying EMA strategy to 5 stocks.
2025-11-13 14:39:46,219 [INFO] Checking trade setups at 2025-11-13 14:39:46
2025-11-13 14:39:46,221 [INFO] Applying EMA strategy to 5 stocks.
2025-11-13 14:40:00,458 [INFO] Checking trade setups at 2025-11-13 14:40:00
2025-11-13 14:40:00,458 [INFO] Applying EMA strategy to 5 stocks.
2025-11-13 14:40:13,872 [INFO] Checking trade setups at 2025-11-13 14:40:13
2025-11-13 14:40:13,874 [INFO] Applying EMA strategy to 5 stocks.
2025-11-13 14:40:27,801 [INFO] Checking trade setups at 2025-11-13 14:40:27
2025-11-13 14:40:27,801 [INFO] Applying EMA strategy to 5 stocks.
2025-11-13 14:40:41,638 [INFO] Checking trade setups at 2025-11-13 14:40:41
2025-11-13 14:40:41,638 [INFO] Applying EMA strategy to 5 stocks.
2025-11-13 14:40:56,062 [INFO] Checking trade setups at 2025-11-13 14:40:56
2025-11-13 14:40:56,062 [INFO] Applying EMA strategy to 5 stocks.
2025-11-13 14:41:09,371 [INFO] Checking trade setups at 2025-11-13 14:41:09
2025-11-13 14:41:09,371 [INFO] Applying EMA strategy to 5 stocks.
2025-11-13 14:41:23,607 [INFO] Checking trade setups at 2025-11-13 14:41:23
2025-11-13 14:41:23,607 [INFO] Applying EMA strategy to 5 stocks.
2025-11-13 14:41:37,455 [INFO] Checking trade setups at 2025-11-13 14:41:37
2025-11-13 14:41:37,457 [INFO] Applying EMA strategy to 5 stocks.
2025-11-13 14:41:50,905 [INFO] Checking trade setups at 2025-11-13 14:41:50
2025-11-13 14:41:50,905 [INFO] Applying EMA strategy to 5 stocks.
2025-11-13 14:42:04,572 [INFO] Checking trade setups at 2025-11-13 14:42:04
2025-11-13 14:42:04,572 [INFO] Applying EMA strategy to 5 stocks.
2025-11-13 14:42:19,113 [INFO] Checking trade setups at 2025-11-13 14:42:19
2025-11-13 14:42:19,113 [INFO] Applying EMA strategy to 5 stocks.
2025-11-13 14:42:32,626 [INFO] Checking trade setups at 2025-11-13 14:42:32
2025-11-13 14:42:32,627 [INFO] Applying EMA strategy to 5 stocks.
2025-11-13 14:42:46,251 [INFO] Checking trade setups at 2025-11-13 14:42:46
2025-11-13 14:42:46,251 [INFO] Applying EMA strategy to 5 stocks.
2025-11-13 14:43:01,740 [INFO] Checking trade setups at 2025-11-13 14:43:01
2025-11-13 14:43:01,742 [INFO] Applying EMA strategy to 5 stocks.
2025-11-13 14:43:15,941 [INFO] Checking trade setups at 2025-11-13 14:43:15
2025-11-13 14:43:15,941 [INFO] Applying EMA strategy to 5 stocks.
2025-11-13 14:43:31,204 [INFO] Checking trade setups at 2025-11-13 14:43:31
2025-11-13 14:43:31,204 [INFO] Applying EMA strategy to 5 stocks.
2025-11-13 14:43:44,721 [INFO] Checking trade setups at 2025-11-13 14:43:44
2025-11-13 14:43:44,725 [INFO] Applying EMA strategy to 5 stocks.
2025-11-13 14:44:00,283 [INFO] Checking trade setups at 2025-11-13 14:44:00
2025-11-13 14:44:00,283 [INFO] Applying EMA strategy to 5 stocks.
2025-11-13 14:44:14,318 [INFO] Checking trade setups at 2025-11-13 14:44:14
2025-11-13 14:44:14,318 [INFO] Applying EMA strategy to 5 stocks.
2025-11-13 14:44:27,947 [INFO] Checking trade setups at 2025-11-13 14:44:27
2025-11-13 14:44:27,947 [INFO] Applying EMA strategy to 5 stocks.
2025-11-13 14:44:42,580 [INFO] Checking trade setups at 2025-11-13 14:44:42
2025-11-13 14:44:42,580 [INFO] Applying EMA strategy to 5 stocks.
2025-11-13 14:44:55,899 [INFO] Checking trade setups at 2025-11-13 14:44:55
2025-11-13 14:44:55,899 [INFO] Applying EMA strategy to 5 stocks.
2025-11-13 14:45:09,237 [INFO] Checking trade setups at 2025-11-13 14:45:09
2025-11-13 14:45:09,237 [INFO] Applying EMA strategy to 5 stocks.
2025-11-13 14:45:22,617 [INFO] Checking trade setups at 2025-11-13 14:45:22
2025-11-13 14:45:22,617 [INFO] Applying EMA strategy to 5 stocks.
2025-11-13 14:45:36,669 [INFO] Checking trade setups at 2025-11-13 14:45:36
2025-11-13 14:45:36,669 [INFO] Applying EMA strategy to 5 stocks.
2025-11-13 14:45:50,985 [INFO] Checking trade setups at 2025-11-13 14:45:50
2025-11-13 14:45:50,985 [INFO] Applying EMA strategy to 5 stocks.
2025-11-13 14:46:04,619 [INFO] Checking trade setups at 2025-11-13 14:46:04
2025-11-13 14:46:04,619 [INFO] Applying EMA strategy to 5 stocks.
2025-11-13 14:46:17,914 [INFO] Checking trade setups at 2025-11-13 14:46:17
2025-11-13 14:46:17,914 [INFO] Applying EMA strategy to 5 stocks.
2025-11-13 14:46:32,150 [INFO] Checking trade setups at 2025-11-13 14:46:32
2025-11-13 14:46:32,150 [INFO] Applying EMA strategy to 5 stocks.
2025-11-13 14:46:45,681 [INFO] Checking trade setups at 2025-11-13 14:46:45
2025-11-13 14:46:45,681 [INFO] Applying EMA strategy to 5 stocks.
2025-11-13 14:46:58,778 [INFO] Checking trade setups at 2025-11-13 14:46:58
2025-11-13 14:46:58,778 [INFO] Applying EMA strategy to 5 stocks.
2025-11-13 14:47:12,089 [INFO] Checking trade setups at 2025-11-13 14:47:12
2025-11-13 14:47:12,089 [INFO] Applying EMA strategy to 5 stocks.
2025-11-13 14:47:25,396 [INFO] Checking trade setups at 2025-11-13 14:47:25
2025-11-13 14:47:25,397 [INFO] Applying EMA strategy to 5 stocks.
2025-11-13 14:47:39,440 [INFO] Checking trade setups at 2025-11-13 14:47:39
2025-11-13 14:47:39,440 [INFO] Applying EMA strategy to 5 stocks.
2025-11-13 14:47:52,744 [INFO] Checking trade setups at 2025-11-13 14:47:52
2025-11-13 14:47:52,744 [INFO] Applying EMA strategy to 5 stocks.
2025-11-13 14:48:06,394 [INFO] Checking trade setups at 2025-11-13 14:48:06
2025-11-13 14:48:06,394 [INFO] Applying EMA strategy to 5 stocks.
2025-11-13 14:48:19,772 [INFO] Checking trade setups at 2025-11-13 14:48:19
2025-11-13 14:48:19,772 [INFO] Applying EMA strategy to 5 stocks.
2025-11-13 14:48:34,728 [INFO] Checking trade setups at 2025-11-13 14:48:34
2025-11-13 14:48:34,728 [INFO] Applying EMA strategy to 5 stocks.
2025-11-13 14:48:47,940 [INFO] Checking trade setups at 2025-11-13 14:48:47
2025-11-13 14:48:47,940 [INFO] Applying EMA strategy to 5 stocks.
2025-11-13 14:49:01,256 [INFO] Checking trade setups at 2025-11-13 14:49:01
2025-11-13 14:49:01,256 [INFO] Applying EMA strategy to 5 stocks.
2025-11-13 14:49:15,691 [INFO] Checking trade setups at 2025-11-13 14:49:15
2025-11-13 14:49:15,691 [INFO] Applying EMA strategy to 5 stocks.
2025-11-13 14:49:29,232 [INFO] Checking trade setups at 2025-11-13 14:49:29
2025-11-13 14:49:29,233 [INFO] Applying EMA strategy to 5 stocks.
2025-11-13 14:49:42,619 [INFO] Checking trade setups at 2025-11-13 14:49:42
2025-11-13 14:49:42,619 [INFO] Applying EMA strategy to 5 stocks.
2025-11-13 14:49:56,352 [INFO] Checking trade setups at 2025-11-13 14:49:56
2025-11-13 14:49:56,352 [INFO] Applying EMA strategy to 5 stocks.
2025-11-13 14:50:09,752 [INFO] Checking trade setups at 2025-11-13 14:50:09
2025-11-13 14:50:09,752 [INFO] Applying EMA strategy to 5 stocks.
2025-11-13 14:50:24,629 [INFO] Checking trade setups at 2025-11-13 14:50:24
2025-11-13 14:50:24,629 [INFO] Applying EMA strategy to 5 stocks.
2025-11-13 14:50:37,711 [INFO] Checking trade setups at 2025-11-13 14:50:37
2025-11-13 14:50:37,711 [INFO] Applying EMA strategy to 5 stocks.
2025-11-13 14:50:51,031 [INFO] Checking trade setups at 2025-11-13 14:50:51
2025-11-13 14:50:51,031 [INFO] Applying EMA strategy to 5 stocks.
2025-11-13 14:51:05,421 [INFO] Checking trade setups at 2025-11-13 14:51:05
2025-11-13 14:51:05,421 [INFO] Applying EMA strategy to 5 stocks.
2025-11-13 14:51:18,989 [INFO] Checking trade setups at 2025-11-13 14:51:18
2025-11-13 14:51:18,989 [INFO] Applying EMA strategy to 5 stocks.
2025-11-13 14:51:32,501 [INFO] Checking trade setups at 2025-11-13 14:51:32
2025-11-13 14:51:32,501 [INFO] Applying EMA strategy to 5 stocks.
2025-11-13 14:51:46,126 [INFO] Checking trade setups at 2025-11-13 14:51:46
2025-11-13 14:51:46,126 [INFO] Applying EMA strategy to 5 stocks.
2025-11-13 14:51:59,737 [INFO] Checking trade setups at 2025-11-13 14:51:59
2025-11-13 14:51:59,739 [INFO] Applying EMA strategy to 5 stocks.
2025-11-13 14:52:13,152 [INFO] Checking trade setups at 2025-11-13 14:52:13
2025-11-13 14:52:13,152 [INFO] Applying EMA strategy to 5 stocks.
2025-11-13 14:52:26,465 [INFO] Checking trade setups at 2025-11-13 14:52:26
2025-11-13 14:52:26,465 [INFO] Applying EMA strategy to 5 stocks.
2025-11-13 14:52:39,672 [INFO] Checking trade setups at 2025-11-13 14:52:39
2025-11-13 14:52:39,672 [INFO] Applying EMA strategy to 5 stocks.
2025-11-13 14:52:53,087 [INFO] Checking trade setups at 2025-11-13 14:52:53
2025-11-13 14:52:53,087 [INFO] Applying EMA strategy to 5 stocks.
2025-11-13 14:53:06,203 [INFO] Checking trade setups at 2025-11-13 14:53:06
2025-11-13 14:53:06,203 [INFO] Applying EMA strategy to 5 stocks.
2025-11-13 14:53:19,614 [INFO] Checking trade setups at 2025-11-13 14:53:19
2025-11-13 14:53:19,614 [INFO] Applying EMA strategy to 5 stocks.
2025-11-13 14:53:33,334 [INFO] Checking trade setups at 2025-11-13 14:53:33
2025-11-13 14:53:33,334 [INFO] Applying EMA strategy to 5 stocks.
2025-11-13 14:53:47,813 [INFO] Checking trade setups at 2025-11-13 14:53:47
2025-11-13 14:53:47,813 [INFO] Applying EMA strategy to 5 stocks.
2025-11-13 14:54:01,192 [INFO] Checking trade setups at 2025-11-13 14:54:01
2025-11-13 14:54:01,192 [INFO] Applying EMA strategy to 5 stocks.
2025-11-13 14:54:14,737 [INFO] Checking trade setups at 2025-11-13 14:54:14
2025-11-13 14:54:14,737 [INFO] Applying EMA strategy to 5 stocks.
2025-11-13 14:54:28,086 [INFO] Checking trade setups at 2025-11-13 14:54:28
2025-11-13 14:54:28,086 [INFO] Applying EMA strategy to 5 stocks.
2025-11-13 14:54:42,465 [INFO] Checking trade setups at 2025-11-13 14:54:42
2025-11-13 14:54:42,465 [INFO] Applying EMA strategy to 5 stocks.
2025-11-13 14:54:55,874 [INFO] Checking trade setups at 2025-11-13 14:54:55
2025-11-13 14:54:55,874 [INFO] Applying EMA strategy to 5 stocks.
2025-11-13 14:55:09,297 [INFO] Checking trade setups at 2025-11-13 14:55:09
2025-11-13 14:55:09,297 [INFO] Applying EMA strategy to 5 stocks.
2025-11-13 14:55:22,733 [INFO] Checking trade setups at 2025-11-13 14:55:22
2025-11-13 14:55:22,733 [INFO] Applying EMA strategy to 5 stocks.
2025-11-13 14:55:36,023 [INFO] Checking trade setups at 2025-11-13 14:55:36
2025-11-13 14:55:36,023 [INFO] Applying EMA strategy to 5 stocks.
2025-11-13 14:55:49,278 [INFO] Checking trade setups at 2025-11-13 14:55:49
2025-11-13 14:55:49,278 [INFO] Applying EMA strategy to 5 stocks.
2025-11-13 14:56:04,704 [INFO] Checking trade setups at 2025-11-13 14:56:04
2025-11-13 14:56:04,704 [INFO] Applying EMA strategy to 5 stocks.
2025-11-13 14:56:18,592 [INFO] Checking trade setups at 2025-11-13 14:56:18
2025-11-13 14:56:18,592 [INFO] Applying EMA strategy to 5 stocks.
2025-11-13 14:56:33,779 [INFO] Checking trade setups at 2025-11-13 14:56:33
2025-11-13 14:56:33,779 [INFO] Applying EMA strategy to 5 stocks.
2025-11-13 14:56:48,219 [INFO] Checking trade setups at 2025-11-13 14:56:48
2025-11-13 14:56:48,219 [INFO] Applying EMA strategy to 5 stocks.
2025-11-13 14:57:04,942 [INFO] Checking trade setups at 2025-11-13 14:57:04
2025-11-13 14:57:04,942 [INFO] Applying EMA strategy to 5 stocks.
2025-11-13 14:57:19,545 [INFO] Checking trade setups at 2025-11-13 14:57:19
2025-11-13 14:57:19,545 [INFO] Applying EMA strategy to 5 stocks.
2025-11-13 14:57:34,099 [INFO] Checking trade setups at 2025-11-13 14:57:34
2025-11-13 14:57:34,100 [INFO] Applying EMA strategy to 5 stocks.
2025-11-13 14:57:48,456 [INFO] Checking trade setups at 2025-11-13 14:57:48
2025-11-13 14:57:48,456 [INFO] Applying EMA strategy to 5 stocks.
2025-11-13 14:58:01,746 [INFO] Checking trade setups at 2025-11-13 14:58:01
2025-11-13 14:58:01,747 [INFO] Applying EMA strategy to 5 stocks.
2025-11-13 14:58:16,895 [INFO] Checking trade setups at 2025-11-13 14:58:16
2025-11-13 14:58:16,895 [INFO] Applying EMA strategy to 5 stocks.
2025-11-13 14:58:30,612 [INFO] Checking trade setups at 2025-11-13 14:58:30
2025-11-13 14:58:30,612 [INFO] Applying EMA strategy to 5 stocks.
2025-11-13 14:58:44,537 [INFO] Checking trade setups at 2025-11-13 14:58:44
2025-11-13 14:58:44,537 [INFO] Applying EMA strategy to 5 stocks.
2025-11-13 14:58:57,660 [INFO] Checking trade setups at 2025-11-13 14:58:57
2025-11-13 14:58:57,660 [INFO] Applying EMA strategy to 5 stocks.
2025-11-13 14:59:11,495 [INFO] Checking trade setups at 2025-11-13 14:59:11
2025-11-13 14:59:11,495 [INFO] Applying EMA strategy to 5 stocks.
2025-11-13 14:59:24,790 [INFO] Checking trade setups at 2025-11-13 14:59:24
2025-11-13 14:59:24,790 [INFO] Applying EMA strategy to 5 stocks.
2025-11-13 14:59:38,923 [INFO] Checking trade setups at 2025-11-13 14:59:38
2025-11-13 14:59:38,923 [INFO] Applying EMA strategy to 5 stocks.
2025-11-13 14:59:52,226 [INFO] Checking trade setups at 2025-11-13 14:59:52
2025-11-13 14:59:52,226 [INFO] Applying EMA strategy to 5 stocks.
2025-11-13 15:00:06,679 [INFO] Market closed. Sleeping for 60 seconds.
2025-11-13 15:01:06,680 [INFO] Market closed. Sleeping for 60 seconds.
2025-11-13 15:02:06,682 [INFO] Market closed. Sleeping for 60 seconds.
2025-11-13 15:03:06,686 [INFO] file filtered_stocks.csv deleted successfully
2025-11-13 15:03:06,690 [INFO] file filtered_stocks.json deleted successfully
2025-11-13 15:03:06,694 [INFO] file gapup_data.csv deleted successfully
2025-11-13 15:03:06,694 [INFO] file gapup_data.json does not exist
2025-11-13 15:03:06,694 [INFO] file trades.txt deleted successfully
2025-11-13 15:03:06,699 [INFO] file GapUp_stocks.json deleted successfully
2025-11-13 15:03:06,701 [INFO] file tamo.txt deleted successfully
2025-11-13 15:03:06,701 [INFO] Market closed for the day. Exiting...
